[Licensing::Module] Trying to connect to existing licensing client channel...
Built from '6000.3/staging' branch; Version is '6000.3.0f1 (d1870ce95baf) revision 13731596'; Using compiler version '194234433'; Build Type 'Release'
[Licensing::IpcConnector] Successfully connected to: "LicenseClient-Julien" at "2026-01-10T15:08:11.4457867Z"
OS: 'Windows 10  (10.0.19045) 64bit Professional' Language: 'fr' Physical Memory: 32716 MB
BatchMode: 1, IsHumanControllingUs: 0, StartBugReporterOnCrash: 0, Is64bit: 1
Date: 2026-01-10T15:08:11Z

COMMAND LINE ARGUMENTS:
D:\Unity\6000.3.0f1\Editor\Unity.exe
-adb2
-batchMode
-noUpm
-name
AssetImportWorker7
-projectPath
D:/GitProjects/PokemonHomeMade/PokemonHomeMade2D
-logFile
Logs/AssetImportWorker7.log
-srvPort
55696
-job-worker-count
5
-background-job-worker-count
8
-gc-helper-count
1
-name
AssetImport
Successfully changed project path to: D:/GitProjects/PokemonHomeMade/PokemonHomeMade2D
D:/GitProjects/PokemonHomeMade/PokemonHomeMade2D
[UnityMemory] Configuration Parameters - Can be set up in boot.config
    "memorysetup-temp-allocator-size-nav-mesh-worker=65536"
    "memorysetup-temp-allocator-size-audio-worker=65536"
    "memorysetup-temp-allocator-size-gfx=262144"
    "memorysetup-allocator-temp-initial-block-size-main=262144"
    "memorysetup-allocator-temp-initial-block-size-worker=262144"
    "memorysetup-temp-allocator-size-background-worker=32768"
    "memorysetup-temp-allocator-size-job-worker=262144"
    "memorysetup-temp-allocator-size-preload-manager=33554432"
    "memorysetup-temp-allocator-size-gi-baking-worker=262144"
    "memorysetup-temp-allocator-size-gi-baking-worker=262144"
    "memorysetup-temp-allocator-size-gi-baking-worker=262144"
    "memorysetup-temp-allocator-size-gi-baking-worker=262144"
    "memorysetup-temp-allocator-size-gi-baking-worker=262144"
    "memorysetup-bucket-allocator-granularity=16"
    "memorysetup-bucket-allocator-bucket-count=8"
    "memorysetup-bucket-allocator-block-size=33554432"
    "memorysetup-bucket-allocator-block-count=8"
    "memorysetup-main-allocator-block-size=16777216"
    "memorysetup-thread-allocator-block-size=16777216"
    "memorysetup-gfx-main-allocator-block-size=16777216"
    "memorysetup-gfx-thread-allocator-block-size=16777216"
    "memorysetup-cache-allocator-block-size=4194304"
    "memorysetup-typetree-allocator-block-size=2097152"
    "memorysetup-profiler-bucket-allocator-granularity=16"
    "memorysetup-profiler-bucket-allocator-bucket-count=8"
    "memorysetup-profiler-bucket-allocator-block-size=33554432"
    "memorysetup-profiler-bucket-allocator-block-count=8"
    "memorysetup-profiler-allocator-block-size=16777216"
    "memorysetup-profiler-editor-allocator-block-size=1048576"
    "memorysetup-temp-allocator-size-main=16777216"
    "memorysetup-job-temp-allocator-block-size=2097152"
    "memorysetup-job-temp-allocator-block-size-background=1048576"
    "memorysetup-job-temp-allocator-reduction-small-platforms=262144"
    "memorysetup-temp-allocator-size-cloud-worker=32768"
Player connection [24836]  Target information:

Player connection [24836]  * "[IP] 192.168.1.99 [Port] 0 [Flags] 2 [Guid] 3790304933 [EditorId] 3790304933 [Version] 1048832 [Id] WindowsEditor(7,Julien) [Debug] 1 [PackageName] WindowsEditor [ProjectName] Editor" 

Player connection [24836] Host joined multi-casting on [225.0.0.222:54997]...
Player connection [24836] Host joined alternative multi-casting on [225.0.0.222:34997]...
JobSystem: Creating JobQueue using job-worker-count value 5
Input System module state changed to: Initialized.
[Physics::Module] Initialized fallback backend.
[Physics::Module] Id: 0xdecafbad
Library Redirect Path: Library/
[Physics::Module] Selected backend.
[Physics::Module] Name: PhysX
[Physics::Module] Id: 0xf2b8ea05
[Physics::Module] SDK Version: 4.1.2
[Physics::Module] Integration Version: 1.0.0
[Physics::Module] Threading Mode: Multi-Threaded
Refreshing native plugins compatible for Editor in 5.22 ms, found 4 plugins.
Preloading 0 native plugins for Editor in 0.00 ms.
Initialize engine version: 6000.3.0f1 (d1870ce95baf)
[Subsystems] Discovering subsystems at path D:/Unity/6000.3.0f1/Editor/Data/Resources/UnitySubsystems
[Subsystems] Discovering subsystems at path D:/GitProjects/PokemonHomeMade/PokemonHomeMade2D/Assets
GfxDevice: creating device client; kGfxThreadingModeNonThreaded
Direct3D:
    Version:  Direct3D 11.0 [level 11.1]
    Renderer: NVIDIA GeForce RTX 2070 SUPER (ID=0x1e84)
    Vendor:   NVIDIA
    VRAM:     7989 MB
    Driver:   32.0.15.8180
Initialize mono
Mono path[0] = 'D:/Unity/6000.3.0f1/Editor/Data/Managed'
Mono path[1] = 'D:/Unity/6000.3.0f1/Editor/Data/MonoBleedingEdge/lib/mono/unityjit-win32'
Mono config path = 'D:/Unity/6000.3.0f1/Editor/Data/MonoBleedingEdge/etc'
Using monoOptions --debugger-agent=transport=dt_socket,embedding=1,server=y,suspend=n,address=127.0.0.1:56612
Begin MonoManager ReloadAssembly
Registering precompiled unity dll's ...
Register platform support module: D:/Unity/6000.3.0f1/Editor/Data/PlaybackEngines/WebGLSupport/UnityEditor.WebGL.Extensions.dll
Register platform support module: D:/Unity/6000.3.0f1/Editor/Data/PlaybackEngines/WindowsStandaloneSupport/UnityEditor.WindowsStandalone.Extensions.dll
Registered in 0.002189 seconds.
[Licensing::Client] Handshaking with LicensingClient:
  Version:                 1.17.4+4293ba1
  Session Id:              8125f8ff528a4254a2d8cea3824bd817
  Correlation Id:          c713ceac18fc57bf60b5f07c6f8c5f57
  External correlation Id: 5349617687170665116
  Machine Id:              xqqLuAXBL5pu09ROvVKQKL94Qik=
[Licensing::Module] Successfully connected to LicensingClient on channel: "LicenseClient-Julien" (connect: 0.00s, validation: 0.00s, handshake: 1.17s)
[Licensing::IpcConnector] Successfully connected to: "LicenseClient-Julien-notifications" at "2026-01-10T15:08:12.6148707Z"
[Licensing::Module] Licensing Background thread has ended after 1.17s
- Loaded All Assemblies, in  0.564 seconds
Native extension for WindowsStandalone target not found
Native extension for WebGL target not found
Mono: successfully reloaded assembly
- Finished resetting the current domain, in  0.493 seconds
Domain Reload Profiling: 1056ms
	BeginReloadAssembly (212ms)
		ExecutionOrderSort (0ms)
		DisableScriptedObjects (0ms)
		BackupInstance (0ms)
		ReleaseScriptingObjects (0ms)
		CreateAndSetChildDomain (1ms)
	RebuildCommonClasses (51ms)
	RebuildNativeTypeToScriptingClass (19ms)
	initialDomainReloadingComplete (57ms)
	LoadAllAssembliesAndSetupDomain (223ms)
		LoadAssemblies (211ms)
		RebuildTransferFunctionScriptingTraits (0ms)
		AnalyzeDomain (219ms)
			TypeCache.Refresh (217ms)
				TypeCache.ScanAssembly (198ms)
			BuildScriptInfoCaches (0ms)
			ResolveRequiredComponents (1ms)
	FinalizeReload (493ms)
		ReleaseScriptCaches (0ms)
		RebuildScriptCaches (0ms)
		SetupLoadedEditorAssemblies (437ms)
			LogAssemblyErrors (0ms)
			InitializePlatformSupportModulesInManaged (60ms)
			SetLoadedEditorAssemblies (5ms)
			BeforeProcessingInitializeOnLoad (109ms)
			ProcessInitializeOnLoadAttributes (173ms)
			ProcessInitializeOnLoadMethodAttributes (90ms)
			AfterProcessingInitializeOnLoad (0ms)
			EditorAssembliesLoaded (0ms)
		ExecutionOrderSort2 (0ms)
		AwakeInstancesAfterBackupRestoration (0ms)
========================================================================
Worker process is ready to serve import requests
Import Worker Mode flag is 0x00
Begin MonoManager ReloadAssembly
[Licensing::Client] Successfully resolved entitlement details
[Licensing::Module] License group:
  Id: 9071004324030-UnityPersXXXX
  Product: Unity Personal
  Type: Assigned
  Expiration: Unlimited
- Loaded All Assemblies, in  1.065 seconds
Refreshing native plugins compatible for Editor in 1.94 ms, found 4 plugins.
Native extension for WindowsStandalone target not found
Native extension for WebGL target not found
Package Manager log level set to [2]
[Package Manager] Failed to launch server process. Reason: Unity was launched with the -noUpm command-line argument
[Package Manager] Unable to send message (not connected to server process).
[Package Manager] Cannot connect to Unity Package Manager local server
Mono: successfully reloaded assembly
- Finished resetting the current domain, in  1.152 seconds
Domain Reload Profiling: 2216ms
	BeginReloadAssembly (265ms)
		ExecutionOrderSort (0ms)
		DisableScriptedObjects (6ms)
		BackupInstance (0ms)
		ReleaseScriptingObjects (0ms)
		CreateAndSetChildDomain (41ms)
	RebuildCommonClasses (48ms)
	RebuildNativeTypeToScriptingClass (18ms)
	initialDomainReloadingComplete (47ms)
	LoadAllAssembliesAndSetupDomain (685ms)
		LoadAssemblies (539ms)
		RebuildTransferFunctionScriptingTraits (0ms)
		AnalyzeDomain (315ms)
			TypeCache.Refresh (229ms)
				TypeCache.ScanAssembly (210ms)
			BuildScriptInfoCaches (69ms)
			ResolveRequiredComponents (13ms)
	FinalizeReload (1153ms)
		ReleaseScriptCaches (0ms)
		RebuildScriptCaches (0ms)
		SetupLoadedEditorAssemblies (985ms)
			LogAssemblyErrors (0ms)
			InitializePlatformSupportModulesInManaged (2ms)
			SetLoadedEditorAssemblies (10ms)
			BeforeProcessingInitializeOnLoad (286ms)
			ProcessInitializeOnLoadAttributes (528ms)
			ProcessInitializeOnLoadMethodAttributes (156ms)
			AfterProcessingInitializeOnLoad (3ms)
			EditorAssembliesLoaded (0ms)
		ExecutionOrderSort2 (0ms)
		AwakeInstancesAfterBackupRestoration (7ms)
Launched and connected shader compiler UnityShaderCompiler.exe after 0.01 seconds
Refreshing native plugins compatible for Editor in 2.00 ms, found 4 plugins.
Preloading 0 native plugins for Editor in 0.00 ms.
Unloading 16 Unused Serialized files (Serialized files now loaded: 0)
Unloading 6871 unused Assets / (4.8 MB). Loaded Objects now: 7688.
Memory consumption went from 154.1 MB to 149.3 MB.
Total: 11.698500 ms (FindLiveObjects: 1.053200 ms CreateObjectMapping: 0.366000 ms MarkObjects: 7.703600 ms  DeleteObjects: 2.574000 ms)

========================================================================
Received Import Request.
  Time since last request: 16120.195275 seconds.
  path: Assets/Graphisms/Characters/MainCharacter01/Animations/Char01_Idle_Left.anim
  artifactKey: Guid(a32a3fa705eaa1945b968be5b5077461) Importer(2089858483,b0f066a214c2f5e87bad3c948f4d605d)
Start importing Assets/Graphisms/Characters/MainCharacter01/Animations/Char01_Idle_Left.anim using Guid(a32a3fa705eaa1945b968be5b5077461) Importer(2089858483,b0f066a214c2f5e87bad3c948f4d605d) (ScriptedImporter) -> (artifact id: 'fb40064b9ac8909789153dda6b5ba09d') in 0.1311601 seconds
Number of updated asset objects reloaded before import = 0Number of asset objects unloaded after import = 1

========================================================================
Received Import Request.
  Time since last request: 0.000027 seconds.
  path: Assets/Graphisms/Characters/MainCharacter01/Animations/Char01_Idle_Right.anim
  artifactKey: Guid(189dbd6dec0e7414ea6c5955ee00c5e2) Importer(2089858483,b0f066a214c2f5e87bad3c948f4d605d)
Start importing Assets/Graphisms/Characters/MainCharacter01/Animations/Char01_Idle_Right.anim using Guid(189dbd6dec0e7414ea6c5955ee00c5e2) Importer(2089858483,b0f066a214c2f5e87bad3c948f4d605d) (ScriptedImporter) -> (artifact id: 'f1b37c36e8e7c406a635d23b5d8c73b7') in 0.008618 seconds
Number of updated asset objects reloaded before import = 0Number of asset objects unloaded after import = 1

========================================================================
Received Prepare
Begin MonoManager ReloadAssembly
[Licensing::Client] Successfully resolved entitlement details
- Loaded All Assemblies, in  1.051 seconds
Refreshing native plugins compatible for Editor in 2.38 ms, found 4 plugins.
Native extension for WindowsStandalone target not found
Native extension for WebGL target not found
[Package Manager] Failed to launch server process. Reason: Unity was launched with the -noUpm command-line argument
[Package Manager] Unable to send message (not connected to server process).
[Package Manager] Cannot connect to Unity Package Manager local server
Mono: successfully reloaded assembly
- Finished resetting the current domain, in  1.213 seconds
Domain Reload Profiling: 2268ms
	BeginReloadAssembly (344ms)
		ExecutionOrderSort (0ms)
		DisableScriptedObjects (18ms)
		BackupInstance (0ms)
		ReleaseScriptingObjects (0ms)
		CreateAndSetChildDomain (82ms)
	RebuildCommonClasses (47ms)
	RebuildNativeTypeToScriptingClass (16ms)
	initialDomainReloadingComplete (31ms)
	LoadAllAssembliesAndSetupDomain (615ms)
		LoadAssemblies (557ms)
		RebuildTransferFunctionScriptingTraits (0ms)
		AnalyzeDomain (234ms)
			TypeCache.Refresh (8ms)
				TypeCache.ScanAssembly (0ms)
			BuildScriptInfoCaches (209ms)
			ResolveRequiredComponents (12ms)
	FinalizeReload (1214ms)
		ReleaseScriptCaches (0ms)
		RebuildScriptCaches (0ms)
		SetupLoadedEditorAssemblies (1005ms)
			LogAssemblyErrors (0ms)
			InitializePlatformSupportModulesInManaged (2ms)
			SetLoadedEditorAssemblies (9ms)
			BeforeProcessingInitializeOnLoad (326ms)
			ProcessInitializeOnLoadAttributes (547ms)
			ProcessInitializeOnLoadMethodAttributes (114ms)
			AfterProcessingInitializeOnLoad (6ms)
			EditorAssembliesLoaded (0ms)
		ExecutionOrderSort2 (0ms)
		AwakeInstancesAfterBackupRestoration (25ms)
Refreshing native plugins compatible for Editor in 2.44 ms, found 4 plugins.
Preloading 0 native plugins for Editor in 0.00 ms.
Unloading 16 Unused Serialized files (Serialized files now loaded: 0)
Unloading 6869 unused Assets / (4.8 MB). Loaded Objects now: 7694.
Memory consumption went from 155.6 MB to 150.8 MB.
Total: 14.395700 ms (FindLiveObjects: 1.171800 ms CreateObjectMapping: 1.053400 ms MarkObjects: 8.561900 ms  DeleteObjects: 3.606600 ms)

Prepare: number of updated asset objects reloaded= 0
========================================================================
Received Prepare
Begin MonoManager ReloadAssembly
- Loaded All Assemblies, in  1.086 seconds
Refreshing native plugins compatible for Editor in 2.12 ms, found 4 plugins.
Native extension for WindowsStandalone target not found
Native extension for WebGL target not found
[Package Manager] Failed to launch server process. Reason: Unity was launched with the -noUpm command-line argument
[Package Manager] Unable to send message (not connected to server process).
[Package Manager] Cannot connect to Unity Package Manager local server
Mono: successfully reloaded assembly
- Finished resetting the current domain, in  1.360 seconds
Domain Reload Profiling: 2453ms
	BeginReloadAssembly (340ms)
		ExecutionOrderSort (0ms)
		DisableScriptedObjects (18ms)
		BackupInstance (0ms)
		ReleaseScriptingObjects (0ms)
		CreateAndSetChildDomain (73ms)
	RebuildCommonClasses (59ms)
	RebuildNativeTypeToScriptingClass (18ms)
	initialDomainReloadingComplete (34ms)
	LoadAllAssembliesAndSetupDomain (641ms)
		LoadAssemblies (582ms)
		RebuildTransferFunctionScriptingTraits (0ms)
		AnalyzeDomain (246ms)
			TypeCache.Refresh (10ms)
				TypeCache.ScanAssembly (0ms)
			BuildScriptInfoCaches (217ms)
			ResolveRequiredComponents (14ms)
	FinalizeReload (1360ms)
		ReleaseScriptCaches (0ms)
		RebuildScriptCaches (0ms)
		SetupLoadedEditorAssemblies (1149ms)
			LogAssemblyErrors (0ms)
			InitializePlatformSupportModulesInManaged (3ms)
			SetLoadedEditorAssemblies (10ms)
			BeforeProcessingInitializeOnLoad (376ms)
			ProcessInitializeOnLoadAttributes (635ms)
			ProcessInitializeOnLoadMethodAttributes (122ms)
			AfterProcessingInitializeOnLoad (3ms)
			EditorAssembliesLoaded (1ms)
		ExecutionOrderSort2 (0ms)
		AwakeInstancesAfterBackupRestoration (20ms)
Refreshing native plugins compatible for Editor in 2.34 ms, found 4 plugins.
Preloading 0 native plugins for Editor in 0.00 ms.
Unloading 16 Unused Serialized files (Serialized files now loaded: 0)
Unloading 6869 unused Assets / (4.7 MB). Loaded Objects now: 7697.
Memory consumption went from 155.7 MB to 151.0 MB.
Total: 12.948700 ms (FindLiveObjects: 1.155100 ms CreateObjectMapping: 0.367800 ms MarkObjects: 7.701100 ms  DeleteObjects: 3.722500 ms)

Prepare: number of updated asset objects reloaded= 0
========================================================================
Received Prepare
Begin MonoManager ReloadAssembly
[Licensing::Client] Successfully resolved entitlement details
- Loaded All Assemblies, in  1.082 seconds
Refreshing native plugins compatible for Editor in 2.48 ms, found 4 plugins.
Native extension for WindowsStandalone target not found
Native extension for WebGL target not found
[Package Manager] Failed to launch server process. Reason: Unity was launched with the -noUpm command-line argument
[Package Manager] Unable to send message (not connected to server process).
[Package Manager] Cannot connect to Unity Package Manager local server
Mono: successfully reloaded assembly
- Finished resetting the current domain, in  1.399 seconds
Domain Reload Profiling: 2483ms
	BeginReloadAssembly (341ms)
		ExecutionOrderSort (0ms)
		DisableScriptedObjects (22ms)
		BackupInstance (0ms)
		ReleaseScriptingObjects (0ms)
		CreateAndSetChildDomain (71ms)
	RebuildCommonClasses (53ms)
	RebuildNativeTypeToScriptingClass (17ms)
	initialDomainReloadingComplete (35ms)
	LoadAllAssembliesAndSetupDomain (637ms)
		LoadAssemblies (569ms)
		RebuildTransferFunctionScriptingTraits (0ms)
		AnalyzeDomain (245ms)
			TypeCache.Refresh (9ms)
				TypeCache.ScanAssembly (0ms)
			BuildScriptInfoCaches (218ms)
			ResolveRequiredComponents (11ms)
	FinalizeReload (1400ms)
		ReleaseScriptCaches (0ms)
		RebuildScriptCaches (0ms)
		SetupLoadedEditorAssemblies (1148ms)
			LogAssemblyErrors (0ms)
			InitializePlatformSupportModulesInManaged (3ms)
			SetLoadedEditorAssemblies (11ms)
			BeforeProcessingInitializeOnLoad (393ms)
			ProcessInitializeOnLoadAttributes (613ms)
			ProcessInitializeOnLoadMethodAttributes (125ms)
			AfterProcessingInitializeOnLoad (3ms)
			EditorAssembliesLoaded (0ms)
		ExecutionOrderSort2 (0ms)
		AwakeInstancesAfterBackupRestoration (25ms)
Refreshing native plugins compatible for Editor in 5.02 ms, found 4 plugins.
Preloading 0 native plugins for Editor in 0.00 ms.
Unloading 16 Unused Serialized files (Serialized files now loaded: 0)
Unloading 6869 unused Assets / (4.3 MB). Loaded Objects now: 7700.
Memory consumption went from 155.7 MB to 151.4 MB.
Total: 11.767600 ms (FindLiveObjects: 1.222000 ms CreateObjectMapping: 0.777400 ms MarkObjects: 6.534100 ms  DeleteObjects: 3.232300 ms)

Prepare: number of updated asset objects reloaded= 0
========================================================================
Received Prepare
Begin MonoManager ReloadAssembly
[Licensing::Client] Successfully resolved entitlement details
- Loaded All Assemblies, in  1.062 seconds
Refreshing native plugins compatible for Editor in 2.19 ms, found 4 plugins.
Native extension for WindowsStandalone target not found
Native extension for WebGL target not found
[Package Manager] Failed to launch server process. Reason: Unity was launched with the -noUpm command-line argument
[Package Manager] Unable to send message (not connected to server process).
[Package Manager] Cannot connect to Unity Package Manager local server
Mono: successfully reloaded assembly
- Finished resetting the current domain, in  1.221 seconds
Domain Reload Profiling: 2285ms
	BeginReloadAssembly (322ms)
		ExecutionOrderSort (0ms)
		DisableScriptedObjects (18ms)
		BackupInstance (0ms)
		ReleaseScriptingObjects (0ms)
		CreateAndSetChildDomain (68ms)
	RebuildCommonClasses (48ms)
	RebuildNativeTypeToScriptingClass (22ms)
	initialDomainReloadingComplete (36ms)
	LoadAllAssembliesAndSetupDomain (636ms)
		LoadAssemblies (553ms)
		RebuildTransferFunctionScriptingTraits (0ms)
		AnalyzeDomain (257ms)
			TypeCache.Refresh (13ms)
				TypeCache.ScanAssembly (0ms)
			BuildScriptInfoCaches (225ms)
			ResolveRequiredComponents (15ms)
	FinalizeReload (1221ms)
		ReleaseScriptCaches (0ms)
		RebuildScriptCaches (0ms)
		SetupLoadedEditorAssemblies (1018ms)
			LogAssemblyErrors (0ms)
			InitializePlatformSupportModulesInManaged (2ms)
			SetLoadedEditorAssemblies (11ms)
			BeforeProcessingInitializeOnLoad (323ms)
			ProcessInitializeOnLoadAttributes (561ms)
			ProcessInitializeOnLoadMethodAttributes (118ms)
			AfterProcessingInitializeOnLoad (3ms)
			EditorAssembliesLoaded (0ms)
		ExecutionOrderSort2 (0ms)
		AwakeInstancesAfterBackupRestoration (22ms)
Refreshing native plugins compatible for Editor in 2.16 ms, found 4 plugins.
Preloading 0 native plugins for Editor in 0.00 ms.
Unloading 16 Unused Serialized files (Serialized files now loaded: 0)
Unloading 6869 unused Assets / (4.8 MB). Loaded Objects now: 7703.
Memory consumption went from 155.8 MB to 151.0 MB.
Total: 12.327300 ms (FindLiveObjects: 1.284100 ms CreateObjectMapping: 0.371600 ms MarkObjects: 6.936700 ms  DeleteObjects: 3.732800 ms)

Prepare: number of updated asset objects reloaded= 0
========================================================================
Received Prepare
Begin MonoManager ReloadAssembly
[Licensing::Client] Successfully resolved entitlement details
- Loaded All Assemblies, in  1.051 seconds
Refreshing native plugins compatible for Editor in 2.00 ms, found 4 plugins.
Native extension for WindowsStandalone target not found
Native extension for WebGL target not found
[Package Manager] Failed to launch server process. Reason: Unity was launched with the -noUpm command-line argument
[Package Manager] Unable to send message (not connected to server process).
[Package Manager] Cannot connect to Unity Package Manager local server
Mono: successfully reloaded assembly
- Finished resetting the current domain, in  1.267 seconds
Domain Reload Profiling: 2322ms
	BeginReloadAssembly (337ms)
		ExecutionOrderSort (0ms)
		DisableScriptedObjects (24ms)
		BackupInstance (0ms)
		ReleaseScriptingObjects (0ms)
		CreateAndSetChildDomain (73ms)
	RebuildCommonClasses (46ms)
	RebuildNativeTypeToScriptingClass (17ms)
	initialDomainReloadingComplete (32ms)
	LoadAllAssembliesAndSetupDomain (623ms)
		LoadAssemblies (562ms)
		RebuildTransferFunctionScriptingTraits (0ms)
		AnalyzeDomain (236ms)
			TypeCache.Refresh (9ms)
				TypeCache.ScanAssembly (0ms)
			BuildScriptInfoCaches (209ms)
			ResolveRequiredComponents (13ms)
	FinalizeReload (1268ms)
		ReleaseScriptCaches (0ms)
		RebuildScriptCaches (0ms)
		SetupLoadedEditorAssemblies (1044ms)
			LogAssemblyErrors (0ms)
			InitializePlatformSupportModulesInManaged (2ms)
			SetLoadedEditorAssemblies (12ms)
			BeforeProcessingInitializeOnLoad (324ms)
			ProcessInitializeOnLoadAttributes (578ms)
			ProcessInitializeOnLoadMethodAttributes (122ms)
			AfterProcessingInitializeOnLoad (4ms)
			EditorAssembliesLoaded (1ms)
		ExecutionOrderSort2 (0ms)
		AwakeInstancesAfterBackupRestoration (23ms)
Refreshing native plugins compatible for Editor in 2.43 ms, found 4 plugins.
Preloading 0 native plugins for Editor in 0.00 ms.
Unloading 16 Unused Serialized files (Serialized files now loaded: 0)
Unloading 6869 unused Assets / (4.2 MB). Loaded Objects now: 7706.
Memory consumption went from 155.8 MB to 151.5 MB.
Total: 12.738700 ms (FindLiveObjects: 1.222400 ms CreateObjectMapping: 0.453300 ms MarkObjects: 8.163700 ms  DeleteObjects: 2.897400 ms)

Prepare: number of updated asset objects reloaded= 0
========================================================================
Received Prepare
Begin MonoManager ReloadAssembly
- Loaded All Assemblies, in  1.044 seconds
Refreshing native plugins compatible for Editor in 2.96 ms, found 4 plugins.
Native extension for WindowsStandalone target not found
Native extension for WebGL target not found
[Package Manager] Failed to launch server process. Reason: Unity was launched with the -noUpm command-line argument
[Package Manager] Unable to send message (not connected to server process).
[Package Manager] Cannot connect to Unity Package Manager local server
Mono: successfully reloaded assembly
- Finished resetting the current domain, in  1.320 seconds
Domain Reload Profiling: 2365ms
	BeginReloadAssembly (340ms)
		ExecutionOrderSort (0ms)
		DisableScriptedObjects (20ms)
		BackupInstance (0ms)
		ReleaseScriptingObjects (0ms)
		CreateAndSetChildDomain (69ms)
	RebuildCommonClasses (47ms)
	RebuildNativeTypeToScriptingClass (17ms)
	initialDomainReloadingComplete (29ms)
	LoadAllAssembliesAndSetupDomain (612ms)
		LoadAssemblies (551ms)
		RebuildTransferFunctionScriptingTraits (0ms)
		AnalyzeDomain (247ms)
			TypeCache.Refresh (10ms)
				TypeCache.ScanAssembly (0ms)
			BuildScriptInfoCaches (216ms)
			ResolveRequiredComponents (16ms)
	FinalizeReload (1321ms)
		ReleaseScriptCaches (0ms)
		RebuildScriptCaches (0ms)
		SetupLoadedEditorAssemblies (1116ms)
			LogAssemblyErrors (0ms)
			InitializePlatformSupportModulesInManaged (2ms)
			SetLoadedEditorAssemblies (10ms)
			BeforeProcessingInitializeOnLoad (367ms)
			ProcessInitializeOnLoadAttributes (614ms)
			ProcessInitializeOnLoadMethodAttributes (118ms)
			AfterProcessingInitializeOnLoad (3ms)
			EditorAssembliesLoaded (0ms)
		ExecutionOrderSort2 (0ms)
		AwakeInstancesAfterBackupRestoration (21ms)
Refreshing native plugins compatible for Editor in 2.22 ms, found 4 plugins.
Preloading 0 native plugins for Editor in 0.00 ms.
Unloading 16 Unused Serialized files (Serialized files now loaded: 0)
Unloading 6869 unused Assets / (4.4 MB). Loaded Objects now: 7709.
Memory consumption went from 155.9 MB to 151.4 MB.
Total: 14.443600 ms (FindLiveObjects: 1.173600 ms CreateObjectMapping: 0.434100 ms MarkObjects: 9.509900 ms  DeleteObjects: 3.324200 ms)

Prepare: number of updated asset objects reloaded= 0
========================================================================
Received Prepare
Refreshing native plugins compatible for Editor in 2.22 ms, found 4 plugins.
Preloading 0 native plugins for Editor in 0.00 ms.
Unloading 16 Unused Serialized files (Serialized files now loaded: 0)
Unloading 6859 unused Assets / (4.4 MB). Loaded Objects now: 7709.
Memory consumption went from 156.0 MB to 151.6 MB.
Total: 13.097300 ms (FindLiveObjects: 1.218200 ms CreateObjectMapping: 0.396300 ms MarkObjects: 8.254900 ms  DeleteObjects: 3.226100 ms)

Prepare: number of updated asset objects reloaded= 0
========================================================================
Received Prepare
Begin MonoManager ReloadAssembly
[Licensing::Client] Successfully resolved entitlement details
- Loaded All Assemblies, in  1.094 seconds
Refreshing native plugins compatible for Editor in 1.88 ms, found 4 plugins.
Native extension for WindowsStandalone target not found
Native extension for WebGL target not found
[Package Manager] Failed to launch server process. Reason: Unity was launched with the -noUpm command-line argument
[Package Manager] Unable to send message (not connected to server process).
[Package Manager] Cannot connect to Unity Package Manager local server
Mono: successfully reloaded assembly
- Finished resetting the current domain, in  1.150 seconds
Domain Reload Profiling: 2248ms
	BeginReloadAssembly (349ms)
		ExecutionOrderSort (0ms)
		DisableScriptedObjects (19ms)
		BackupInstance (0ms)
		ReleaseScriptingObjects (0ms)
		CreateAndSetChildDomain (71ms)
	RebuildCommonClasses (52ms)
	RebuildNativeTypeToScriptingClass (17ms)
	initialDomainReloadingComplete (35ms)
	LoadAllAssembliesAndSetupDomain (645ms)
		LoadAssemblies (568ms)
		RebuildTransferFunctionScriptingTraits (0ms)
		AnalyzeDomain (271ms)
			TypeCache.Refresh (12ms)
				TypeCache.ScanAssembly (0ms)
			BuildScriptInfoCaches (238ms)
			ResolveRequiredComponents (15ms)
	FinalizeReload (1150ms)
		ReleaseScriptCaches (0ms)
		RebuildScriptCaches (0ms)
		SetupLoadedEditorAssemblies (953ms)
			LogAssemblyErrors (0ms)
			InitializePlatformSupportModulesInManaged (2ms)
			SetLoadedEditorAssemblies (9ms)
			BeforeProcessingInitializeOnLoad (312ms)
			ProcessInitializeOnLoadAttributes (517ms)
			ProcessInitializeOnLoadMethodAttributes (109ms)
			AfterProcessingInitializeOnLoad (3ms)
			EditorAssembliesLoaded (0ms)
		ExecutionOrderSort2 (0ms)
		AwakeInstancesAfterBackupRestoration (20ms)
Refreshing native plugins compatible for Editor in 2.12 ms, found 4 plugins.
Preloading 0 native plugins for Editor in 0.00 ms.
Unloading 16 Unused Serialized files (Serialized files now loaded: 0)
Unloading 6869 unused Assets / (4.3 MB). Loaded Objects now: 7712.
Memory consumption went from 155.9 MB to 151.6 MB.
Total: 13.184100 ms (FindLiveObjects: 1.325900 ms CreateObjectMapping: 0.371000 ms MarkObjects: 8.658500 ms  DeleteObjects: 2.826700 ms)

Prepare: number of updated asset objects reloaded= 0
========================================================================
Received Prepare
Begin MonoManager ReloadAssembly
- Loaded All Assemblies, in  1.090 seconds
Refreshing native plugins compatible for Editor in 2.07 ms, found 4 plugins.
Native extension for WindowsStandalone target not found
Native extension for WebGL target not found
[Package Manager] Failed to launch server process. Reason: Unity was launched with the -noUpm command-line argument
[Package Manager] Unable to send message (not connected to server process).
[Package Manager] Cannot connect to Unity Package Manager local server
Mono: successfully reloaded assembly
- Finished resetting the current domain, in  1.318 seconds
Domain Reload Profiling: 2413ms
	BeginReloadAssembly (340ms)
		ExecutionOrderSort (0ms)
		DisableScriptedObjects (21ms)
		BackupInstance (0ms)
		ReleaseScriptingObjects (0ms)
		CreateAndSetChildDomain (69ms)
	RebuildCommonClasses (54ms)
	RebuildNativeTypeToScriptingClass (17ms)
	initialDomainReloadingComplete (31ms)
	LoadAllAssembliesAndSetupDomain (652ms)
		LoadAssemblies (577ms)
		RebuildTransferFunctionScriptingTraits (0ms)
		AnalyzeDomain (257ms)
			TypeCache.Refresh (12ms)
				TypeCache.ScanAssembly (0ms)
			BuildScriptInfoCaches (225ms)
			ResolveRequiredComponents (15ms)
	FinalizeReload (1319ms)
		ReleaseScriptCaches (0ms)
		RebuildScriptCaches (0ms)
		SetupLoadedEditorAssemblies (1100ms)
			LogAssemblyErrors (0ms)
			InitializePlatformSupportModulesInManaged (3ms)
			SetLoadedEditorAssemblies (9ms)
			BeforeProcessingInitializeOnLoad (367ms)
			ProcessInitializeOnLoadAttributes (596ms)
			ProcessInitializeOnLoadMethodAttributes (121ms)
			AfterProcessingInitializeOnLoad (3ms)
			EditorAssembliesLoaded (0ms)
		ExecutionOrderSort2 (0ms)
		AwakeInstancesAfterBackupRestoration (20ms)
Refreshing native plugins compatible for Editor in 2.34 ms, found 4 plugins.
Preloading 0 native plugins for Editor in 0.00 ms.
Unloading 16 Unused Serialized files (Serialized files now loaded: 0)
Unloading 6869 unused Assets / (4.3 MB). Loaded Objects now: 7715.
Memory consumption went from 156.0 MB to 151.6 MB.
Total: 15.469400 ms (FindLiveObjects: 2.317900 ms CreateObjectMapping: 2.223800 ms MarkObjects: 7.969500 ms  DeleteObjects: 2.956400 ms)

Prepare: number of updated asset objects reloaded= 0
========================================================================
Received Prepare
Begin MonoManager ReloadAssembly
- Loaded All Assemblies, in  1.048 seconds
Refreshing native plugins compatible for Editor in 1.91 ms, found 4 plugins.
Native extension for WindowsStandalone target not found
Native extension for WebGL target not found
[Package Manager] Failed to launch server process. Reason: Unity was launched with the -noUpm command-line argument
[Package Manager] Unable to send message (not connected to server process).
[Package Manager] Cannot connect to Unity Package Manager local server
Mono: successfully reloaded assembly
- Finished resetting the current domain, in  1.233 seconds
Domain Reload Profiling: 2285ms
	BeginReloadAssembly (324ms)
		ExecutionOrderSort (0ms)
		DisableScriptedObjects (17ms)
		BackupInstance (0ms)
		ReleaseScriptingObjects (0ms)
		CreateAndSetChildDomain (71ms)
	RebuildCommonClasses (48ms)
	RebuildNativeTypeToScriptingClass (18ms)
	initialDomainReloadingComplete (30ms)
	LoadAllAssembliesAndSetupDomain (631ms)
		LoadAssemblies (558ms)
		RebuildTransferFunctionScriptingTraits (0ms)
		AnalyzeDomain (245ms)
			TypeCache.Refresh (8ms)
				TypeCache.ScanAssembly (0ms)
			BuildScriptInfoCaches (219ms)
			ResolveRequiredComponents (13ms)
	FinalizeReload (1234ms)
		ReleaseScriptCaches (0ms)
		RebuildScriptCaches (0ms)
		SetupLoadedEditorAssemblies (1017ms)
			LogAssemblyErrors (0ms)
			InitializePlatformSupportModulesInManaged (2ms)
			SetLoadedEditorAssemblies (8ms)
			BeforeProcessingInitializeOnLoad (314ms)
			ProcessInitializeOnLoadAttributes (579ms)
			ProcessInitializeOnLoadMethodAttributes (110ms)
			AfterProcessingInitializeOnLoad (3ms)
			EditorAssembliesLoaded (0ms)
		ExecutionOrderSort2 (0ms)
		AwakeInstancesAfterBackupRestoration (23ms)
Refreshing native plugins compatible for Editor in 2.17 ms, found 4 plugins.
Preloading 0 native plugins for Editor in 0.00 ms.
Unloading 16 Unused Serialized files (Serialized files now loaded: 0)
Unloading 6869 unused Assets / (4.2 MB). Loaded Objects now: 7718.
Memory consumption went from 156.0 MB to 151.8 MB.
Total: 12.301900 ms (FindLiveObjects: 1.079400 ms CreateObjectMapping: 0.396900 ms MarkObjects: 7.998900 ms  DeleteObjects: 2.824800 ms)

Prepare: number of updated asset objects reloaded= 0
========================================================================
Received Prepare
Begin MonoManager ReloadAssembly
[Licensing::Client] Successfully resolved entitlement details
- Loaded All Assemblies, in  1.100 seconds
Refreshing native plugins compatible for Editor in 2.19 ms, found 4 plugins.
Native extension for WindowsStandalone target not found
Native extension for WebGL target not found
[Package Manager] Failed to launch server process. Reason: Unity was launched with the -noUpm command-line argument
[Package Manager] Unable to send message (not connected to server process).
[Package Manager] Cannot connect to Unity Package Manager local server
Mono: successfully reloaded assembly
- Finished resetting the current domain, in  1.253 seconds
Domain Reload Profiling: 2355ms
	BeginReloadAssembly (350ms)
		ExecutionOrderSort (0ms)
		DisableScriptedObjects (19ms)
		BackupInstance (0ms)
		ReleaseScriptingObjects (0ms)
		CreateAndSetChildDomain (72ms)
	RebuildCommonClasses (49ms)
	RebuildNativeTypeToScriptingClass (19ms)
	initialDomainReloadingComplete (31ms)
	LoadAllAssembliesAndSetupDomain (652ms)
		LoadAssemblies (584ms)
		RebuildTransferFunctionScriptingTraits (0ms)
		AnalyzeDomain (252ms)
			TypeCache.Refresh (8ms)
				TypeCache.ScanAssembly (0ms)
			BuildScriptInfoCaches (227ms)
			ResolveRequiredComponents (12ms)
	FinalizeReload (1254ms)
		ReleaseScriptCaches (0ms)
		RebuildScriptCaches (0ms)
		SetupLoadedEditorAssemblies (1036ms)
			LogAssemblyErrors (0ms)
			InitializePlatformSupportModulesInManaged (2ms)
			SetLoadedEditorAssemblies (14ms)
			BeforeProcessingInitializeOnLoad (366ms)
			ProcessInitializeOnLoadAttributes (549ms)
			ProcessInitializeOnLoadMethodAttributes (102ms)
			AfterProcessingInitializeOnLoad (3ms)
			EditorAssembliesLoaded (0ms)
		ExecutionOrderSort2 (0ms)
		AwakeInstancesAfterBackupRestoration (17ms)
Refreshing native plugins compatible for Editor in 2.19 ms, found 4 plugins.
Preloading 0 native plugins for Editor in 0.00 ms.
Unloading 16 Unused Serialized files (Serialized files now loaded: 0)
Unloading 6869 unused Assets / (4.2 MB). Loaded Objects now: 7721.
Memory consumption went from 156.0 MB to 151.8 MB.
Total: 9.542400 ms (FindLiveObjects: 1.095900 ms CreateObjectMapping: 0.393900 ms MarkObjects: 5.683200 ms  DeleteObjects: 2.368100 ms)

Prepare: number of updated asset objects reloaded= 0
========================================================================
Received Prepare
Begin MonoManager ReloadAssembly
[Licensing::Client] Successfully resolved entitlement details
- Loaded All Assemblies, in  1.095 seconds
Refreshing native plugins compatible for Editor in 1.99 ms, found 4 plugins.
Native extension for WindowsStandalone target not found
Native extension for WebGL target not found
[Package Manager] Failed to launch server process. Reason: Unity was launched with the -noUpm command-line argument
[Package Manager] Unable to send message (not connected to server process).
[Package Manager] Cannot connect to Unity Package Manager local server
Mono: successfully reloaded assembly
- Finished resetting the current domain, in  1.254 seconds
Domain Reload Profiling: 2353ms
	BeginReloadAssembly (345ms)
		ExecutionOrderSort (0ms)
		DisableScriptedObjects (21ms)
		BackupInstance (0ms)
		ReleaseScriptingObjects (0ms)
		CreateAndSetChildDomain (69ms)
	RebuildCommonClasses (48ms)
	RebuildNativeTypeToScriptingClass (19ms)
	initialDomainReloadingComplete (32ms)
	LoadAllAssembliesAndSetupDomain (654ms)
		LoadAssemblies (581ms)
		RebuildTransferFunctionScriptingTraits (0ms)
		AnalyzeDomain (264ms)
			TypeCache.Refresh (10ms)
				TypeCache.ScanAssembly (0ms)
			BuildScriptInfoCaches (235ms)
			ResolveRequiredComponents (14ms)
	FinalizeReload (1254ms)
		ReleaseScriptCaches (0ms)
		RebuildScriptCaches (0ms)
		SetupLoadedEditorAssemblies (1037ms)
			LogAssemblyErrors (0ms)
			InitializePlatformSupportModulesInManaged (2ms)
			SetLoadedEditorAssemblies (11ms)
			BeforeProcessingInitializeOnLoad (346ms)
			ProcessInitializeOnLoadAttributes (554ms)
			ProcessInitializeOnLoadMethodAttributes (120ms)
			AfterProcessingInitializeOnLoad (3ms)
			EditorAssembliesLoaded (0ms)
		ExecutionOrderSort2 (0ms)
		AwakeInstancesAfterBackupRestoration (25ms)
Refreshing native plugins compatible for Editor in 2.55 ms, found 4 plugins.
Preloading 0 native plugins for Editor in 0.00 ms.
Unloading 16 Unused Serialized files (Serialized files now loaded: 0)
Unloading 6869 unused Assets / (4.5 MB). Loaded Objects now: 7724.
Memory consumption went from 156.1 MB to 151.6 MB.
Total: 16.085300 ms (FindLiveObjects: 1.184400 ms CreateObjectMapping: 0.835600 ms MarkObjects: 9.972900 ms  DeleteObjects: 4.090000 ms)

Prepare: number of updated asset objects reloaded= 0
========================================================================
Received Prepare
Begin MonoManager ReloadAssembly
[Licensing::Client] Successfully resolved entitlement details
- Loaded All Assemblies, in  1.428 seconds
Refreshing native plugins compatible for Editor in 3.19 ms, found 4 plugins.
Native extension for WindowsStandalone target not found
Native extension for WebGL target not found
[Package Manager] Failed to launch server process. Reason: Unity was launched with the -noUpm command-line argument
[Package Manager] Unable to send message (not connected to server process).
[Package Manager] Cannot connect to Unity Package Manager local server
Mono: successfully reloaded assembly
- Finished resetting the current domain, in  1.558 seconds
Domain Reload Profiling: 2990ms
	BeginReloadAssembly (456ms)
		ExecutionOrderSort (0ms)
		DisableScriptedObjects (28ms)
		BackupInstance (0ms)
		ReleaseScriptingObjects (0ms)
		CreateAndSetChildDomain (93ms)
	RebuildCommonClasses (63ms)
	RebuildNativeTypeToScriptingClass (23ms)
	initialDomainReloadingComplete (42ms)
	LoadAllAssembliesAndSetupDomain (847ms)
		LoadAssemblies (778ms)
		RebuildTransferFunctionScriptingTraits (0ms)
		AnalyzeDomain (324ms)
			TypeCache.Refresh (11ms)
				TypeCache.ScanAssembly (0ms)
			BuildScriptInfoCaches (292ms)
			ResolveRequiredComponents (15ms)
	FinalizeReload (1559ms)
		ReleaseScriptCaches (0ms)
		RebuildScriptCaches (0ms)
		SetupLoadedEditorAssemblies (1306ms)
			LogAssemblyErrors (0ms)
			InitializePlatformSupportModulesInManaged (3ms)
			SetLoadedEditorAssemblies (10ms)
			BeforeProcessingInitializeOnLoad (395ms)
			ProcessInitializeOnLoadAttributes (753ms)
			ProcessInitializeOnLoadMethodAttributes (139ms)
			AfterProcessingInitializeOnLoad (5ms)
			EditorAssembliesLoaded (1ms)
		ExecutionOrderSort2 (0ms)
		AwakeInstancesAfterBackupRestoration (25ms)
Refreshing native plugins compatible for Editor in 2.74 ms, found 4 plugins.
Preloading 0 native plugins for Editor in 0.00 ms.
Unloading 16 Unused Serialized files (Serialized files now loaded: 0)
Unloading 6869 unused Assets / (4.7 MB). Loaded Objects now: 7727.
Memory consumption went from 156.1 MB to 151.5 MB.
Total: 17.036900 ms (FindLiveObjects: 1.476900 ms CreateObjectMapping: 0.984700 ms MarkObjects: 10.936200 ms  DeleteObjects: 3.637600 ms)

Prepare: number of updated asset objects reloaded= 0
========================================================================
Received Prepare
Begin MonoManager ReloadAssembly
[Licensing::Client] Successfully resolved entitlement details
- Loaded All Assemblies, in  1.087 seconds
Refreshing native plugins compatible for Editor in 2.32 ms, found 4 plugins.
Native extension for WindowsStandalone target not found
Native extension for WebGL target not found
[Package Manager] Failed to launch server process. Reason: Unity was launched with the -noUpm command-line argument
[Package Manager] Unable to send message (not connected to server process).
[Package Manager] Cannot connect to Unity Package Manager local server
Mono: successfully reloaded assembly
- Finished resetting the current domain, in  1.581 seconds
Domain Reload Profiling: 2670ms
	BeginReloadAssembly (341ms)
		ExecutionOrderSort (0ms)
		DisableScriptedObjects (19ms)
		BackupInstance (0ms)
		ReleaseScriptingObjects (0ms)
		CreateAndSetChildDomain (76ms)
	RebuildCommonClasses (50ms)
	RebuildNativeTypeToScriptingClass (18ms)
	initialDomainReloadingComplete (31ms)
	LoadAllAssembliesAndSetupDomain (648ms)
		LoadAssemblies (577ms)
		RebuildTransferFunctionScriptingTraits (0ms)
		AnalyzeDomain (252ms)
			TypeCache.Refresh (9ms)
				TypeCache.ScanAssembly (0ms)
			BuildScriptInfoCaches (224ms)
			ResolveRequiredComponents (15ms)
	FinalizeReload (1582ms)
		ReleaseScriptCaches (0ms)
		RebuildScriptCaches (0ms)
		SetupLoadedEditorAssemblies (1303ms)
			LogAssemblyErrors (0ms)
			InitializePlatformSupportModulesInManaged (3ms)
			SetLoadedEditorAssemblies (11ms)
			BeforeProcessingInitializeOnLoad (391ms)
			ProcessInitializeOnLoadAttributes (722ms)
			ProcessInitializeOnLoadMethodAttributes (165ms)
			AfterProcessingInitializeOnLoad (10ms)
			EditorAssembliesLoaded (1ms)
		ExecutionOrderSort2 (0ms)
		AwakeInstancesAfterBackupRestoration (41ms)
Refreshing native plugins compatible for Editor in 7.35 ms, found 4 plugins.
Preloading 0 native plugins for Editor in 0.00 ms.
Unloading 16 Unused Serialized files (Serialized files now loaded: 0)
Unloading 6869 unused Assets / (4.2 MB). Loaded Objects now: 7730.
Memory consumption went from 156.2 MB to 152.0 MB.
Total: 21.264900 ms (FindLiveObjects: 1.669100 ms CreateObjectMapping: 1.440600 ms MarkObjects: 12.492700 ms  DeleteObjects: 5.660500 ms)

Prepare: number of updated asset objects reloaded= 0
========================================================================
Received Prepare
Begin MonoManager ReloadAssembly
[Licensing::Client] Successfully resolved entitlement details
- Loaded All Assemblies, in  1.107 seconds
Refreshing native plugins compatible for Editor in 2.62 ms, found 4 plugins.
Native extension for WindowsStandalone target not found
Native extension for WebGL target not found
[Package Manager] Failed to launch server process. Reason: Unity was launched with the -noUpm command-line argument
[Package Manager] Unable to send message (not connected to server process).
[Package Manager] Cannot connect to Unity Package Manager local server
Mono: successfully reloaded assembly
- Finished resetting the current domain, in  1.297 seconds
Domain Reload Profiling: 2409ms
	BeginReloadAssembly (346ms)
		ExecutionOrderSort (0ms)
		DisableScriptedObjects (22ms)
		BackupInstance (0ms)
		ReleaseScriptingObjects (0ms)
		CreateAndSetChildDomain (71ms)
	RebuildCommonClasses (49ms)
	RebuildNativeTypeToScriptingClass (18ms)
	initialDomainReloadingComplete (35ms)
	LoadAllAssembliesAndSetupDomain (663ms)
		LoadAssemblies (592ms)
		RebuildTransferFunctionScriptingTraits (0ms)
		AnalyzeDomain (257ms)
			TypeCache.Refresh (9ms)
				TypeCache.ScanAssembly (0ms)
			BuildScriptInfoCaches (223ms)
			ResolveRequiredComponents (20ms)
	FinalizeReload (1298ms)
		ReleaseScriptCaches (0ms)
		RebuildScriptCaches (0ms)
		SetupLoadedEditorAssemblies (1071ms)
			LogAssemblyErrors (0ms)
			InitializePlatformSupportModulesInManaged (3ms)
			SetLoadedEditorAssemblies (10ms)
			BeforeProcessingInitializeOnLoad (346ms)
			ProcessInitializeOnLoadAttributes (596ms)
			ProcessInitializeOnLoadMethodAttributes (112ms)
			AfterProcessingInitializeOnLoad (5ms)
			EditorAssembliesLoaded (1ms)
		ExecutionOrderSort2 (0ms)
		AwakeInstancesAfterBackupRestoration (21ms)
Refreshing native plugins compatible for Editor in 2.07 ms, found 4 plugins.
Preloading 0 native plugins for Editor in 0.00 ms.
Unloading 16 Unused Serialized files (Serialized files now loaded: 0)
Unloading 6869 unused Assets / (4.4 MB). Loaded Objects now: 7733.
Memory consumption went from 156.2 MB to 151.9 MB.
Total: 14.715900 ms (FindLiveObjects: 1.268400 ms CreateObjectMapping: 0.807400 ms MarkObjects: 9.516500 ms  DeleteObjects: 3.121900 ms)

Prepare: number of updated asset objects reloaded= 0
========================================================================
Received Prepare
Begin MonoManager ReloadAssembly
- Loaded All Assemblies, in  1.089 seconds
Refreshing native plugins compatible for Editor in 2.42 ms, found 4 plugins.
Native extension for WindowsStandalone target not found
Native extension for WebGL target not found
[Package Manager] Failed to launch server process. Reason: Unity was launched with the -noUpm command-line argument
[Package Manager] Unable to send message (not connected to server process).
[Package Manager] Cannot connect to Unity Package Manager local server
Mono: successfully reloaded assembly
- Finished resetting the current domain, in  1.253 seconds
Domain Reload Profiling: 2347ms
	BeginReloadAssembly (328ms)
		ExecutionOrderSort (0ms)
		DisableScriptedObjects (19ms)
		BackupInstance (0ms)
		ReleaseScriptingObjects (0ms)
		CreateAndSetChildDomain (66ms)
	RebuildCommonClasses (47ms)
	RebuildNativeTypeToScriptingClass (19ms)
	initialDomainReloadingComplete (29ms)
	LoadAllAssembliesAndSetupDomain (672ms)
		LoadAssemblies (582ms)
		RebuildTransferFunctionScriptingTraits (0ms)
		AnalyzeDomain (264ms)
			TypeCache.Refresh (9ms)
				TypeCache.ScanAssembly (0ms)
			BuildScriptInfoCaches (237ms)
			ResolveRequiredComponents (12ms)
	FinalizeReload (1253ms)
		ReleaseScriptCaches (0ms)
		RebuildScriptCaches (0ms)
		SetupLoadedEditorAssemblies (1046ms)
			LogAssemblyErrors (0ms)
			InitializePlatformSupportModulesInManaged (3ms)
			SetLoadedEditorAssemblies (11ms)
			BeforeProcessingInitializeOnLoad (339ms)
			ProcessInitializeOnLoadAttributes (575ms)
			ProcessInitializeOnLoadMethodAttributes (111ms)
			AfterProcessingInitializeOnLoad (7ms)
			EditorAssembliesLoaded (0ms)
		ExecutionOrderSort2 (0ms)
		AwakeInstancesAfterBackupRestoration (22ms)
Refreshing native plugins compatible for Editor in 4.38 ms, found 4 plugins.
Preloading 0 native plugins for Editor in 0.00 ms.
Unloading 16 Unused Serialized files (Serialized files now loaded: 0)
Unloading 6869 unused Assets / (4.1 MB). Loaded Objects now: 7736.
Memory consumption went from 156.3 MB to 152.1 MB.
Total: 11.985600 ms (FindLiveObjects: 1.235300 ms CreateObjectMapping: 0.848900 ms MarkObjects: 7.226100 ms  DeleteObjects: 2.673500 ms)

Prepare: number of updated asset objects reloaded= 0
========================================================================
Received Prepare
Begin MonoManager ReloadAssembly
[Licensing::Client] Successfully resolved entitlement details
- Loaded All Assemblies, in  1.122 seconds
Refreshing native plugins compatible for Editor in 4.20 ms, found 4 plugins.
Native extension for WindowsStandalone target not found
Native extension for WebGL target not found
[Package Manager] Failed to launch server process. Reason: Unity was launched with the -noUpm command-line argument
[Package Manager] Unable to send message (not connected to server process).
[Package Manager] Cannot connect to Unity Package Manager local server
Mono: successfully reloaded assembly
- Finished resetting the current domain, in  1.333 seconds
Domain Reload Profiling: 2456ms
	BeginReloadAssembly (343ms)
		ExecutionOrderSort (0ms)
		DisableScriptedObjects (21ms)
		BackupInstance (0ms)
		ReleaseScriptingObjects (0ms)
		CreateAndSetChildDomain (68ms)
	RebuildCommonClasses (50ms)
	RebuildNativeTypeToScriptingClass (19ms)
	initialDomainReloadingComplete (34ms)
	LoadAllAssembliesAndSetupDomain (677ms)
		LoadAssemblies (603ms)
		RebuildTransferFunctionScriptingTraits (0ms)
		AnalyzeDomain (264ms)
			TypeCache.Refresh (10ms)
				TypeCache.ScanAssembly (0ms)
			BuildScriptInfoCaches (235ms)
			ResolveRequiredComponents (15ms)
	FinalizeReload (1333ms)
		ReleaseScriptCaches (0ms)
		RebuildScriptCaches (0ms)
		SetupLoadedEditorAssemblies (1117ms)
			LogAssemblyErrors (0ms)
			InitializePlatformSupportModulesInManaged (3ms)
			SetLoadedEditorAssemblies (10ms)
			BeforeProcessingInitializeOnLoad (374ms)
			ProcessInitializeOnLoadAttributes (601ms)
			ProcessInitializeOnLoadMethodAttributes (125ms)
			AfterProcessingInitializeOnLoad (4ms)
			EditorAssembliesLoaded (1ms)
		ExecutionOrderSort2 (0ms)
		AwakeInstancesAfterBackupRestoration (22ms)
Refreshing native plugins compatible for Editor in 2.63 ms, found 4 plugins.
Preloading 0 native plugins for Editor in 0.00 ms.
Unloading 16 Unused Serialized files (Serialized files now loaded: 0)
Unloading 6869 unused Assets / (4.4 MB). Loaded Objects now: 7739.
Memory consumption went from 156.3 MB to 151.9 MB.
Total: 15.258500 ms (FindLiveObjects: 1.193000 ms CreateObjectMapping: 0.912300 ms MarkObjects: 9.579200 ms  DeleteObjects: 3.572100 ms)

Prepare: number of updated asset objects reloaded= 0
========================================================================
Received Prepare
Begin MonoManager ReloadAssembly
[Licensing::Client] Successfully resolved entitlement details
- Loaded All Assemblies, in  1.278 seconds
Refreshing native plugins compatible for Editor in 2.08 ms, found 4 plugins.
Native extension for WindowsStandalone target not found
Native extension for WebGL target not found
[Package Manager] Failed to launch server process. Reason: Unity was launched with the -noUpm command-line argument
[Package Manager] Unable to send message (not connected to server process).
[Package Manager] Cannot connect to Unity Package Manager local server
Mono: successfully reloaded assembly
- Finished resetting the current domain, in  1.328 seconds
Domain Reload Profiling: 2609ms
	BeginReloadAssembly (428ms)
		ExecutionOrderSort (0ms)
		DisableScriptedObjects (25ms)
		BackupInstance (0ms)
		ReleaseScriptingObjects (0ms)
		CreateAndSetChildDomain (90ms)
	RebuildCommonClasses (58ms)
	RebuildNativeTypeToScriptingClass (22ms)
	initialDomainReloadingComplete (42ms)
	LoadAllAssembliesAndSetupDomain (730ms)
		LoadAssemblies (705ms)
		RebuildTransferFunctionScriptingTraits (0ms)
		AnalyzeDomain (261ms)
			TypeCache.Refresh (11ms)
				TypeCache.ScanAssembly (0ms)
			BuildScriptInfoCaches (232ms)
			ResolveRequiredComponents (14ms)
	FinalizeReload (1329ms)
		ReleaseScriptCaches (0ms)
		RebuildScriptCaches (0ms)
		SetupLoadedEditorAssemblies (1115ms)
			LogAssemblyErrors (0ms)
			InitializePlatformSupportModulesInManaged (3ms)
			SetLoadedEditorAssemblies (10ms)
			BeforeProcessingInitializeOnLoad (341ms)
			ProcessInitializeOnLoadAttributes (628ms)
			ProcessInitializeOnLoadMethodAttributes (129ms)
			AfterProcessingInitializeOnLoad (3ms)
			EditorAssembliesLoaded (0ms)
		ExecutionOrderSort2 (0ms)
		AwakeInstancesAfterBackupRestoration (21ms)
Refreshing native plugins compatible for Editor in 2.85 ms, found 4 plugins.
Preloading 0 native plugins for Editor in 0.00 ms.
Unloading 16 Unused Serialized files (Serialized files now loaded: 0)
Unloading 6869 unused Assets / (4.3 MB). Loaded Objects now: 7742.
Memory consumption went from 156.4 MB to 152.1 MB.
Total: 11.149400 ms (FindLiveObjects: 1.151900 ms CreateObjectMapping: 0.465400 ms MarkObjects: 6.565000 ms  DeleteObjects: 2.965300 ms)

Prepare: number of updated asset objects reloaded= 0
========================================================================
Received Prepare
Begin MonoManager ReloadAssembly
[Licensing::Client] Successfully resolved entitlement details
- Loaded All Assemblies, in  1.202 seconds
Refreshing native plugins compatible for Editor in 2.42 ms, found 4 plugins.
Native extension for WindowsStandalone target not found
Native extension for WebGL target not found
[Package Manager] Failed to launch server process. Reason: Unity was launched with the -noUpm command-line argument
[Package Manager] Unable to send message (not connected to server process).
[Package Manager] Cannot connect to Unity Package Manager local server
Mono: successfully reloaded assembly
- Finished resetting the current domain, in  1.342 seconds
Domain Reload Profiling: 2547ms
	BeginReloadAssembly (416ms)
		ExecutionOrderSort (0ms)
		DisableScriptedObjects (24ms)
		BackupInstance (0ms)
		ReleaseScriptingObjects (0ms)
		CreateAndSetChildDomain (79ms)
	RebuildCommonClasses (55ms)
	RebuildNativeTypeToScriptingClass (20ms)
	initialDomainReloadingComplete (35ms)
	LoadAllAssembliesAndSetupDomain (679ms)
		LoadAssemblies (651ms)
		RebuildTransferFunctionScriptingTraits (0ms)
		AnalyzeDomain (265ms)
			TypeCache.Refresh (11ms)
				TypeCache.ScanAssembly (0ms)
			BuildScriptInfoCaches (236ms)
			ResolveRequiredComponents (13ms)
	FinalizeReload (1342ms)
		ReleaseScriptCaches (0ms)
		RebuildScriptCaches (0ms)
		SetupLoadedEditorAssemblies (1111ms)
			LogAssemblyErrors (0ms)
			InitializePlatformSupportModulesInManaged (3ms)
			SetLoadedEditorAssemblies (15ms)
			BeforeProcessingInitializeOnLoad (364ms)
			ProcessInitializeOnLoadAttributes (598ms)
			ProcessInitializeOnLoadMethodAttributes (127ms)
			AfterProcessingInitializeOnLoad (4ms)
			EditorAssembliesLoaded (1ms)
		ExecutionOrderSort2 (0ms)
		AwakeInstancesAfterBackupRestoration (23ms)
Refreshing native plugins compatible for Editor in 2.82 ms, found 4 plugins.
Preloading 0 native plugins for Editor in 0.00 ms.
Unloading 16 Unused Serialized files (Serialized files now loaded: 0)
Unloading 6869 unused Assets / (4.5 MB). Loaded Objects now: 7745.
Memory consumption went from 158.4 MB to 153.9 MB.
Total: 13.934300 ms (FindLiveObjects: 1.919500 ms CreateObjectMapping: 1.442700 ms MarkObjects: 7.691300 ms  DeleteObjects: 2.878900 ms)

Prepare: number of updated asset objects reloaded= 0
========================================================================
Received Prepare
Begin MonoManager ReloadAssembly
[Licensing::Client] Successfully resolved entitlement details
- Loaded All Assemblies, in  1.137 seconds
Refreshing native plugins compatible for Editor in 1.95 ms, found 4 plugins.
Native extension for WindowsStandalone target not found
Native extension for WebGL target not found
[Package Manager] Failed to launch server process. Reason: Unity was launched with the -noUpm command-line argument
[Package Manager] Unable to send message (not connected to server process).
[Package Manager] Cannot connect to Unity Package Manager local server
Mono: successfully reloaded assembly
- Finished resetting the current domain, in  1.283 seconds
Domain Reload Profiling: 2425ms
	BeginReloadAssembly (335ms)
		ExecutionOrderSort (0ms)
		DisableScriptedObjects (19ms)
		BackupInstance (0ms)
		ReleaseScriptingObjects (0ms)
		CreateAndSetChildDomain (63ms)
	RebuildCommonClasses (47ms)
	RebuildNativeTypeToScriptingClass (17ms)
	initialDomainReloadingComplete (34ms)
	LoadAllAssembliesAndSetupDomain (708ms)
		LoadAssemblies (622ms)
		RebuildTransferFunctionScriptingTraits (0ms)
		AnalyzeDomain (269ms)
			TypeCache.Refresh (10ms)
				TypeCache.ScanAssembly (0ms)
			BuildScriptInfoCaches (240ms)
			ResolveRequiredComponents (14ms)
	FinalizeReload (1283ms)
		ReleaseScriptCaches (0ms)
		RebuildScriptCaches (0ms)
		SetupLoadedEditorAssemblies (1068ms)
			LogAssemblyErrors (0ms)
			InitializePlatformSupportModulesInManaged (3ms)
			SetLoadedEditorAssemblies (13ms)
			BeforeProcessingInitializeOnLoad (343ms)
			ProcessInitializeOnLoadAttributes (577ms)
			ProcessInitializeOnLoadMethodAttributes (128ms)
			AfterProcessingInitializeOnLoad (4ms)
			EditorAssembliesLoaded (0ms)
		ExecutionOrderSort2 (0ms)
		AwakeInstancesAfterBackupRestoration (22ms)
Refreshing native plugins compatible for Editor in 3.27 ms, found 4 plugins.
Preloading 0 native plugins for Editor in 0.00 ms.
Unloading 16 Unused Serialized files (Serialized files now loaded: 0)
Unloading 6869 unused Assets / (4.0 MB). Loaded Objects now: 7748.
Memory consumption went from 158.4 MB to 154.5 MB.
Total: 13.383300 ms (FindLiveObjects: 1.470800 ms CreateObjectMapping: 0.682300 ms MarkObjects: 8.209100 ms  DeleteObjects: 3.019300 ms)

Prepare: number of updated asset objects reloaded= 0
========================================================================
Received Prepare
Begin MonoManager ReloadAssembly
[Licensing::Client] Successfully resolved entitlement details
- Loaded All Assemblies, in  1.132 seconds
Refreshing native plugins compatible for Editor in 2.95 ms, found 4 plugins.
Native extension for WindowsStandalone target not found
Native extension for WebGL target not found
[Package Manager] Failed to launch server process. Reason: Unity was launched with the -noUpm command-line argument
[Package Manager] Unable to send message (not connected to server process).
[Package Manager] Cannot connect to Unity Package Manager local server
Mono: successfully reloaded assembly
- Finished resetting the current domain, in  1.329 seconds
Domain Reload Profiling: 2468ms
	BeginReloadAssembly (346ms)
		ExecutionOrderSort (0ms)
		DisableScriptedObjects (19ms)
		BackupInstance (0ms)
		ReleaseScriptingObjects (0ms)
		CreateAndSetChildDomain (69ms)
	RebuildCommonClasses (48ms)
	RebuildNativeTypeToScriptingClass (19ms)
	initialDomainReloadingComplete (33ms)
	LoadAllAssembliesAndSetupDomain (693ms)
		LoadAssemblies (614ms)
		RebuildTransferFunctionScriptingTraits (0ms)
		AnalyzeDomain (258ms)
			TypeCache.Refresh (8ms)
				TypeCache.ScanAssembly (0ms)
			BuildScriptInfoCaches (232ms)
			ResolveRequiredComponents (14ms)
	FinalizeReload (1330ms)
		ReleaseScriptCaches (0ms)
		RebuildScriptCaches (0ms)
		SetupLoadedEditorAssemblies (1095ms)
			LogAssemblyErrors (0ms)
			InitializePlatformSupportModulesInManaged (2ms)
			SetLoadedEditorAssemblies (12ms)
			BeforeProcessingInitializeOnLoad (350ms)
			ProcessInitializeOnLoadAttributes (591ms)
			ProcessInitializeOnLoadMethodAttributes (134ms)
			AfterProcessingInitializeOnLoad (4ms)
			EditorAssembliesLoaded (1ms)
		ExecutionOrderSort2 (0ms)
		AwakeInstancesAfterBackupRestoration (22ms)
Refreshing native plugins compatible for Editor in 2.48 ms, found 4 plugins.
Preloading 0 native plugins for Editor in 0.00 ms.
Unloading 16 Unused Serialized files (Serialized files now loaded: 0)
Unloading 6869 unused Assets / (4.4 MB). Loaded Objects now: 7751.
Memory consumption went from 158.5 MB to 154.1 MB.
Total: 17.942400 ms (FindLiveObjects: 1.275400 ms CreateObjectMapping: 0.576200 ms MarkObjects: 12.869200 ms  DeleteObjects: 3.219700 ms)

Prepare: number of updated asset objects reloaded= 0
========================================================================
Received Prepare
Begin MonoManager ReloadAssembly
[Licensing::Client] Successfully resolved entitlement details
- Loaded All Assemblies, in  1.166 seconds
Refreshing native plugins compatible for Editor in 2.17 ms, found 4 plugins.
Native extension for WindowsStandalone target not found
Native extension for WebGL target not found
[Package Manager] Failed to launch server process. Reason: Unity was launched with the -noUpm command-line argument
[Package Manager] Unable to send message (not connected to server process).
[Package Manager] Cannot connect to Unity Package Manager local server
Mono: successfully reloaded assembly
- Finished resetting the current domain, in  1.274 seconds
Domain Reload Profiling: 2443ms
	BeginReloadAssembly (372ms)
		ExecutionOrderSort (0ms)
		DisableScriptedObjects (23ms)
		BackupInstance (0ms)
		ReleaseScriptingObjects (1ms)
		CreateAndSetChildDomain (75ms)
	RebuildCommonClasses (53ms)
	RebuildNativeTypeToScriptingClass (20ms)
	initialDomainReloadingComplete (39ms)
	LoadAllAssembliesAndSetupDomain (683ms)
		LoadAssemblies (616ms)
		RebuildTransferFunctionScriptingTraits (0ms)
		AnalyzeDomain (267ms)
			TypeCache.Refresh (9ms)
				TypeCache.ScanAssembly (0ms)
			BuildScriptInfoCaches (237ms)
			ResolveRequiredComponents (15ms)
	FinalizeReload (1275ms)
		ReleaseScriptCaches (0ms)
		RebuildScriptCaches (0ms)
		SetupLoadedEditorAssemblies (1066ms)
			LogAssemblyErrors (0ms)
			InitializePlatformSupportModulesInManaged (3ms)
			SetLoadedEditorAssemblies (7ms)
			BeforeProcessingInitializeOnLoad (339ms)
			ProcessInitializeOnLoadAttributes (592ms)
			ProcessInitializeOnLoadMethodAttributes (119ms)
			AfterProcessingInitializeOnLoad (5ms)
			EditorAssembliesLoaded (1ms)
		ExecutionOrderSort2 (0ms)
		AwakeInstancesAfterBackupRestoration (18ms)
Refreshing native plugins compatible for Editor in 3.20 ms, found 4 plugins.
Preloading 0 native plugins for Editor in 0.00 ms.
Unloading 16 Unused Serialized files (Serialized files now loaded: 0)
Unloading 6869 unused Assets / (4.2 MB). Loaded Objects now: 7754.
Memory consumption went from 158.5 MB to 154.2 MB.
Total: 13.382000 ms (FindLiveObjects: 1.090900 ms CreateObjectMapping: 0.427000 ms MarkObjects: 8.234700 ms  DeleteObjects: 3.627900 ms)

Prepare: number of updated asset objects reloaded= 0
========================================================================
Received Prepare
Begin MonoManager ReloadAssembly
[Licensing::Client] Successfully resolved entitlement details
- Loaded All Assemblies, in  0.987 seconds
Refreshing native plugins compatible for Editor in 2.70 ms, found 4 plugins.
Native extension for WindowsStandalone target not found
Native extension for WebGL target not found
[Package Manager] Failed to launch server process. Reason: Unity was launched with the -noUpm command-line argument
[Package Manager] Unable to send message (not connected to server process).
[Package Manager] Cannot connect to Unity Package Manager local server
Mono: successfully reloaded assembly
- Finished resetting the current domain, in  1.140 seconds
Domain Reload Profiling: 2130ms
	BeginReloadAssembly (303ms)
		ExecutionOrderSort (0ms)
		DisableScriptedObjects (18ms)
		BackupInstance (0ms)
		ReleaseScriptingObjects (0ms)
		CreateAndSetChildDomain (62ms)
	RebuildCommonClasses (50ms)
	RebuildNativeTypeToScriptingClass (18ms)
	initialDomainReloadingComplete (30ms)
	LoadAllAssembliesAndSetupDomain (589ms)
		LoadAssemblies (522ms)
		RebuildTransferFunctionScriptingTraits (0ms)
		AnalyzeDomain (228ms)
			TypeCache.Refresh (8ms)
				TypeCache.ScanAssembly (0ms)
			BuildScriptInfoCaches (203ms)
			ResolveRequiredComponents (12ms)
	FinalizeReload (1140ms)
		ReleaseScriptCaches (0ms)
		RebuildScriptCaches (0ms)
		SetupLoadedEditorAssemblies (948ms)
			LogAssemblyErrors (0ms)
			InitializePlatformSupportModulesInManaged (2ms)
			SetLoadedEditorAssemblies (9ms)
			BeforeProcessingInitializeOnLoad (295ms)
			ProcessInitializeOnLoadAttributes (527ms)
			ProcessInitializeOnLoadMethodAttributes (112ms)
			AfterProcessingInitializeOnLoad (3ms)
			EditorAssembliesLoaded (0ms)
		ExecutionOrderSort2 (0ms)
		AwakeInstancesAfterBackupRestoration (20ms)
Refreshing native plugins compatible for Editor in 2.48 ms, found 4 plugins.
Preloading 0 native plugins for Editor in 0.00 ms.
Unloading 16 Unused Serialized files (Serialized files now loaded: 0)
Unloading 6869 unused Assets / (4.7 MB). Loaded Objects now: 7757.
Memory consumption went from 158.6 MB to 153.9 MB.
Total: 12.517800 ms (FindLiveObjects: 1.180400 ms CreateObjectMapping: 0.375000 ms MarkObjects: 7.723600 ms  DeleteObjects: 3.236800 ms)

Prepare: number of updated asset objects reloaded= 0
========================================================================
Received Prepare
Begin MonoManager ReloadAssembly
[Licensing::Client] Successfully resolved entitlement details
- Loaded All Assemblies, in  1.652 seconds
Refreshing native plugins compatible for Editor in 2.05 ms, found 4 plugins.
Native extension for WindowsStandalone target not found
Native extension for WebGL target not found
[Package Manager] Failed to launch server process. Reason: Unity was launched with the -noUpm command-line argument
[Package Manager] Unable to send message (not connected to server process).
[Package Manager] Cannot connect to Unity Package Manager local server
Mono: successfully reloaded assembly
- Finished resetting the current domain, in  1.349 seconds
Domain Reload Profiling: 3004ms
	BeginReloadAssembly (391ms)
		ExecutionOrderSort (0ms)
		DisableScriptedObjects (27ms)
		BackupInstance (0ms)
		ReleaseScriptingObjects (0ms)
		CreateAndSetChildDomain (96ms)
	RebuildCommonClasses (49ms)
	RebuildNativeTypeToScriptingClass (17ms)
	initialDomainReloadingComplete (36ms)
	LoadAllAssembliesAndSetupDomain (1160ms)
		LoadAssemblies (1062ms)
		RebuildTransferFunctionScriptingTraits (0ms)
		AnalyzeDomain (289ms)
			TypeCache.Refresh (11ms)
				TypeCache.ScanAssembly (0ms)
			BuildScriptInfoCaches (258ms)
			ResolveRequiredComponents (14ms)
	FinalizeReload (1350ms)
		ReleaseScriptCaches (0ms)
		RebuildScriptCaches (0ms)
		SetupLoadedEditorAssemblies (1098ms)
			LogAssemblyErrors (0ms)
			InitializePlatformSupportModulesInManaged (4ms)
			SetLoadedEditorAssemblies (12ms)
			BeforeProcessingInitializeOnLoad (369ms)
			ProcessInitializeOnLoadAttributes (586ms)
			ProcessInitializeOnLoadMethodAttributes (125ms)
			AfterProcessingInitializeOnLoad (3ms)
			EditorAssembliesLoaded (1ms)
		ExecutionOrderSort2 (0ms)
		AwakeInstancesAfterBackupRestoration (19ms)
Refreshing native plugins compatible for Editor in 1.95 ms, found 4 plugins.
Preloading 0 native plugins for Editor in 0.00 ms.
Unloading 16 Unused Serialized files (Serialized files now loaded: 0)
Unloading 6869 unused Assets / (4.8 MB). Loaded Objects now: 7760.
Memory consumption went from 158.6 MB to 153.9 MB.
Total: 17.346200 ms (FindLiveObjects: 1.546300 ms CreateObjectMapping: 1.022600 ms MarkObjects: 8.829500 ms  DeleteObjects: 5.945900 ms)

Prepare: number of updated asset objects reloaded= 0
========================================================================
Received Prepare
Begin MonoManager ReloadAssembly
[Licensing::Client] Successfully resolved entitlement details
- Loaded All Assemblies, in  1.075 seconds
Refreshing native plugins compatible for Editor in 2.19 ms, found 4 plugins.
Native extension for WindowsStandalone target not found
Native extension for WebGL target not found
[Package Manager] Failed to launch server process. Reason: Unity was launched with the -noUpm command-line argument
[Package Manager] Unable to send message (not connected to server process).
[Package Manager] Cannot connect to Unity Package Manager local server
Mono: successfully reloaded assembly
- Finished resetting the current domain, in  1.200 seconds
Domain Reload Profiling: 2278ms
	BeginReloadAssembly (342ms)
		ExecutionOrderSort (0ms)
		DisableScriptedObjects (19ms)
		BackupInstance (0ms)
		ReleaseScriptingObjects (0ms)
		CreateAndSetChildDomain (67ms)
	RebuildCommonClasses (46ms)
	RebuildNativeTypeToScriptingClass (18ms)
	initialDomainReloadingComplete (34ms)
	LoadAllAssembliesAndSetupDomain (638ms)
		LoadAssemblies (586ms)
		RebuildTransferFunctionScriptingTraits (0ms)
		AnalyzeDomain (242ms)
			TypeCache.Refresh (9ms)
				TypeCache.ScanAssembly (0ms)
			BuildScriptInfoCaches (214ms)
			ResolveRequiredComponents (14ms)
	FinalizeReload (1201ms)
		ReleaseScriptCaches (0ms)
		RebuildScriptCaches (0ms)
		SetupLoadedEditorAssemblies (996ms)
			LogAssemblyErrors (0ms)
			InitializePlatformSupportModulesInManaged (3ms)
			SetLoadedEditorAssemblies (11ms)
			BeforeProcessingInitializeOnLoad (318ms)
			ProcessInitializeOnLoadAttributes (540ms)
			ProcessInitializeOnLoadMethodAttributes (121ms)
			AfterProcessingInitializeOnLoad (3ms)
			EditorAssembliesLoaded (0ms)
		ExecutionOrderSort2 (0ms)
		AwakeInstancesAfterBackupRestoration (20ms)
Refreshing native plugins compatible for Editor in 2.33 ms, found 4 plugins.
Preloading 0 native plugins for Editor in 0.00 ms.
Unloading 16 Unused Serialized files (Serialized files now loaded: 0)
Unloading 6869 unused Assets / (5.4 MB). Loaded Objects now: 7763.
Memory consumption went from 158.7 MB to 153.2 MB.
Total: 19.947000 ms (FindLiveObjects: 1.367300 ms CreateObjectMapping: 1.618800 ms MarkObjects: 11.416200 ms  DeleteObjects: 5.542400 ms)

Prepare: number of updated asset objects reloaded= 0
========================================================================
Received Prepare
Begin MonoManager ReloadAssembly
- Loaded All Assemblies, in  1.062 seconds
Refreshing native plugins compatible for Editor in 1.89 ms, found 4 plugins.
Native extension for WindowsStandalone target not found
Native extension for WebGL target not found
[Package Manager] Failed to launch server process. Reason: Unity was launched with the -noUpm command-line argument
[Package Manager] Unable to send message (not connected to server process).
[Package Manager] Cannot connect to Unity Package Manager local server
Mono: successfully reloaded assembly
- Finished resetting the current domain, in  1.245 seconds
Domain Reload Profiling: 2312ms
	BeginReloadAssembly (323ms)
		ExecutionOrderSort (0ms)
		DisableScriptedObjects (19ms)
		BackupInstance (0ms)
		ReleaseScriptingObjects (0ms)
		CreateAndSetChildDomain (65ms)
	RebuildCommonClasses (46ms)
	RebuildNativeTypeToScriptingClass (18ms)
	initialDomainReloadingComplete (32ms)
	LoadAllAssembliesAndSetupDomain (648ms)
		LoadAssemblies (561ms)
		RebuildTransferFunctionScriptingTraits (0ms)
		AnalyzeDomain (259ms)
			TypeCache.Refresh (9ms)
				TypeCache.ScanAssembly (0ms)
			BuildScriptInfoCaches (233ms)
			ResolveRequiredComponents (12ms)
	FinalizeReload (1246ms)
		ReleaseScriptCaches (0ms)
		RebuildScriptCaches (0ms)
		SetupLoadedEditorAssemblies (1034ms)
			LogAssemblyErrors (0ms)
			InitializePlatformSupportModulesInManaged (3ms)
			SetLoadedEditorAssemblies (11ms)
			BeforeProcessingInitializeOnLoad (322ms)
			ProcessInitializeOnLoadAttributes (574ms)
			ProcessInitializeOnLoadMethodAttributes (122ms)
			AfterProcessingInitializeOnLoad (3ms)
			EditorAssembliesLoaded (0ms)
		ExecutionOrderSort2 (0ms)
		AwakeInstancesAfterBackupRestoration (20ms)
Refreshing native plugins compatible for Editor in 2.41 ms, found 4 plugins.
Preloading 0 native plugins for Editor in 0.00 ms.
Unloading 16 Unused Serialized files (Serialized files now loaded: 0)
Unloading 6869 unused Assets / (4.8 MB). Loaded Objects now: 7766.
Memory consumption went from 158.7 MB to 153.9 MB.
Total: 12.309100 ms (FindLiveObjects: 1.164400 ms CreateObjectMapping: 0.865600 ms MarkObjects: 6.717200 ms  DeleteObjects: 3.560000 ms)

Prepare: number of updated asset objects reloaded= 0
========================================================================
Received Prepare
Begin MonoManager ReloadAssembly
[Licensing::Client] Successfully resolved entitlement details
- Loaded All Assemblies, in  1.063 seconds
Refreshing native plugins compatible for Editor in 2.50 ms, found 4 plugins.
Native extension for WindowsStandalone target not found
Native extension for WebGL target not found
[Package Manager] Failed to launch server process. Reason: Unity was launched with the -noUpm command-line argument
[Package Manager] Unable to send message (not connected to server process).
[Package Manager] Cannot connect to Unity Package Manager local server
Mono: successfully reloaded assembly
- Finished resetting the current domain, in  1.315 seconds
Domain Reload Profiling: 2382ms
	BeginReloadAssembly (335ms)
		ExecutionOrderSort (0ms)
		DisableScriptedObjects (18ms)
		BackupInstance (0ms)
		ReleaseScriptingObjects (0ms)
		CreateAndSetChildDomain (63ms)
	RebuildCommonClasses (50ms)
	RebuildNativeTypeToScriptingClass (19ms)
	initialDomainReloadingComplete (35ms)
	LoadAllAssembliesAndSetupDomain (626ms)
		LoadAssemblies (560ms)
		RebuildTransferFunctionScriptingTraits (0ms)
		AnalyzeDomain (252ms)
			TypeCache.Refresh (12ms)
				TypeCache.ScanAssembly (0ms)
			BuildScriptInfoCaches (220ms)
			ResolveRequiredComponents (15ms)
	FinalizeReload (1316ms)
		ReleaseScriptCaches (0ms)
		RebuildScriptCaches (0ms)
		SetupLoadedEditorAssemblies (1078ms)
			LogAssemblyErrors (0ms)
			InitializePlatformSupportModulesInManaged (3ms)
			SetLoadedEditorAssemblies (11ms)
			BeforeProcessingInitializeOnLoad (386ms)
			ProcessInitializeOnLoadAttributes (566ms)
			ProcessInitializeOnLoadMethodAttributes (108ms)
			AfterProcessingInitializeOnLoad (4ms)
			EditorAssembliesLoaded (1ms)
		ExecutionOrderSort2 (0ms)
		AwakeInstancesAfterBackupRestoration (22ms)
Refreshing native plugins compatible for Editor in 2.06 ms, found 4 plugins.
Preloading 0 native plugins for Editor in 0.00 ms.
Unloading 16 Unused Serialized files (Serialized files now loaded: 0)
Unloading 6869 unused Assets / (4.7 MB). Loaded Objects now: 7769.
Memory consumption went from 158.7 MB to 154.0 MB.
Total: 13.765800 ms (FindLiveObjects: 1.400500 ms CreateObjectMapping: 0.845700 ms MarkObjects: 7.781500 ms  DeleteObjects: 3.735400 ms)

Prepare: number of updated asset objects reloaded= 0
========================================================================
Received Prepare
Begin MonoManager ReloadAssembly
[Licensing::Client] Successfully resolved entitlement details
- Loaded All Assemblies, in  1.022 seconds
Refreshing native plugins compatible for Editor in 2.04 ms, found 4 plugins.
Native extension for WindowsStandalone target not found
Native extension for WebGL target not found
[Package Manager] Failed to launch server process. Reason: Unity was launched with the -noUpm command-line argument
[Package Manager] Unable to send message (not connected to server process).
[Package Manager] Cannot connect to Unity Package Manager local server
Mono: successfully reloaded assembly
- Finished resetting the current domain, in  1.208 seconds
Domain Reload Profiling: 2233ms
	BeginReloadAssembly (313ms)
		ExecutionOrderSort (0ms)
		DisableScriptedObjects (18ms)
		BackupInstance (0ms)
		ReleaseScriptingObjects (0ms)
		CreateAndSetChildDomain (62ms)
	RebuildCommonClasses (46ms)
	RebuildNativeTypeToScriptingClass (16ms)
	initialDomainReloadingComplete (33ms)
	LoadAllAssembliesAndSetupDomain (617ms)
		LoadAssemblies (542ms)
		RebuildTransferFunctionScriptingTraits (0ms)
		AnalyzeDomain (246ms)
			TypeCache.Refresh (9ms)
				TypeCache.ScanAssembly (0ms)
			BuildScriptInfoCaches (220ms)
			ResolveRequiredComponents (12ms)
	FinalizeReload (1208ms)
		ReleaseScriptCaches (0ms)
		RebuildScriptCaches (0ms)
		SetupLoadedEditorAssemblies (996ms)
			LogAssemblyErrors (0ms)
			InitializePlatformSupportModulesInManaged (3ms)
			SetLoadedEditorAssemblies (10ms)
			BeforeProcessingInitializeOnLoad (320ms)
			ProcessInitializeOnLoadAttributes (548ms)
			ProcessInitializeOnLoadMethodAttributes (112ms)
			AfterProcessingInitializeOnLoad (3ms)
			EditorAssembliesLoaded (0ms)
		ExecutionOrderSort2 (0ms)
		AwakeInstancesAfterBackupRestoration (20ms)
Refreshing native plugins compatible for Editor in 2.72 ms, found 4 plugins.
Preloading 0 native plugins for Editor in 0.00 ms.
Unloading 16 Unused Serialized files (Serialized files now loaded: 0)
Unloading 6869 unused Assets / (4.8 MB). Loaded Objects now: 7772.
Memory consumption went from 158.8 MB to 154.0 MB.
Total: 14.308800 ms (FindLiveObjects: 1.594200 ms CreateObjectMapping: 0.861800 ms MarkObjects: 8.067700 ms  DeleteObjects: 3.782900 ms)

Prepare: number of updated asset objects reloaded= 0
========================================================================
Received Prepare
Begin MonoManager ReloadAssembly
[Licensing::Client] Successfully resolved entitlement details
- Loaded All Assemblies, in  1.039 seconds
Refreshing native plugins compatible for Editor in 2.80 ms, found 4 plugins.
Native extension for WindowsStandalone target not found
Native extension for WebGL target not found
[Package Manager] Failed to launch server process. Reason: Unity was launched with the -noUpm command-line argument
[Package Manager] Unable to send message (not connected to server process).
[Package Manager] Cannot connect to Unity Package Manager local server
Mono: successfully reloaded assembly
- Finished resetting the current domain, in  1.347 seconds
Domain Reload Profiling: 2392ms
	BeginReloadAssembly (312ms)
		ExecutionOrderSort (0ms)
		DisableScriptedObjects (23ms)
		BackupInstance (0ms)
		ReleaseScriptingObjects (0ms)
		CreateAndSetChildDomain (64ms)
	RebuildCommonClasses (45ms)
	RebuildNativeTypeToScriptingClass (19ms)
	initialDomainReloadingComplete (30ms)
	LoadAllAssembliesAndSetupDomain (638ms)
		LoadAssemblies (525ms)
		RebuildTransferFunctionScriptingTraits (0ms)
		AnalyzeDomain (273ms)
			TypeCache.Refresh (13ms)
				TypeCache.ScanAssembly (0ms)
			BuildScriptInfoCaches (238ms)
			ResolveRequiredComponents (17ms)
	FinalizeReload (1348ms)
		ReleaseScriptCaches (0ms)
		RebuildScriptCaches (0ms)
		SetupLoadedEditorAssemblies (1082ms)
			LogAssemblyErrors (0ms)
			InitializePlatformSupportModulesInManaged (3ms)
			SetLoadedEditorAssemblies (10ms)
			BeforeProcessingInitializeOnLoad (345ms)
			ProcessInitializeOnLoadAttributes (594ms)
			ProcessInitializeOnLoadMethodAttributes (126ms)
			AfterProcessingInitializeOnLoad (4ms)
			EditorAssembliesLoaded (1ms)
		ExecutionOrderSort2 (0ms)
		AwakeInstancesAfterBackupRestoration (39ms)
Refreshing native plugins compatible for Editor in 2.59 ms, found 4 plugins.
Preloading 0 native plugins for Editor in 0.00 ms.
Unloading 16 Unused Serialized files (Serialized files now loaded: 0)
Unloading 6869 unused Assets / (4.5 MB). Loaded Objects now: 7775.
Memory consumption went from 158.9 MB to 154.3 MB.
Total: 13.299000 ms (FindLiveObjects: 1.234300 ms CreateObjectMapping: 0.432700 ms MarkObjects: 8.546700 ms  DeleteObjects: 3.083500 ms)

Prepare: number of updated asset objects reloaded= 0
========================================================================
Received Prepare
Begin MonoManager ReloadAssembly
- Loaded All Assemblies, in  1.053 seconds
Refreshing native plugins compatible for Editor in 2.88 ms, found 4 plugins.
Native extension for WindowsStandalone target not found
Native extension for WebGL target not found
[Package Manager] Failed to launch server process. Reason: Unity was launched with the -noUpm command-line argument
[Package Manager] Unable to send message (not connected to server process).
[Package Manager] Cannot connect to Unity Package Manager local server
Mono: successfully reloaded assembly
- Finished resetting the current domain, in  1.271 seconds
Domain Reload Profiling: 2327ms
	BeginReloadAssembly (323ms)
		ExecutionOrderSort (0ms)
		DisableScriptedObjects (21ms)
		BackupInstance (0ms)
		ReleaseScriptingObjects (0ms)
		CreateAndSetChildDomain (64ms)
	RebuildCommonClasses (49ms)
	RebuildNativeTypeToScriptingClass (16ms)
	initialDomainReloadingComplete (34ms)
	LoadAllAssembliesAndSetupDomain (633ms)
		LoadAssemblies (558ms)
		RebuildTransferFunctionScriptingTraits (0ms)
		AnalyzeDomain (252ms)
			TypeCache.Refresh (10ms)
				TypeCache.ScanAssembly (0ms)
			BuildScriptInfoCaches (224ms)
			ResolveRequiredComponents (14ms)
	FinalizeReload (1272ms)
		ReleaseScriptCaches (0ms)
		RebuildScriptCaches (0ms)
		SetupLoadedEditorAssemblies (1046ms)
			LogAssemblyErrors (0ms)
			InitializePlatformSupportModulesInManaged (2ms)
			SetLoadedEditorAssemblies (11ms)
			BeforeProcessingInitializeOnLoad (354ms)
			ProcessInitializeOnLoadAttributes (565ms)
			ProcessInitializeOnLoadMethodAttributes (110ms)
			AfterProcessingInitializeOnLoad (3ms)
			EditorAssembliesLoaded (0ms)
		ExecutionOrderSort2 (0ms)
		AwakeInstancesAfterBackupRestoration (22ms)
Refreshing native plugins compatible for Editor in 2.60 ms, found 4 plugins.
Preloading 0 native plugins for Editor in 0.00 ms.
Unloading 16 Unused Serialized files (Serialized files now loaded: 0)
Unloading 6869 unused Assets / (4.6 MB). Loaded Objects now: 7778.
Memory consumption went from 158.9 MB to 154.3 MB.
Total: 13.773700 ms (FindLiveObjects: 1.198800 ms CreateObjectMapping: 0.364400 ms MarkObjects: 7.677300 ms  DeleteObjects: 4.531000 ms)

Prepare: number of updated asset objects reloaded= 0
========================================================================
Received Prepare
Begin MonoManager ReloadAssembly
[Licensing::Client] Successfully resolved entitlement details
- Loaded All Assemblies, in  1.033 seconds
Refreshing native plugins compatible for Editor in 3.38 ms, found 4 plugins.
Native extension for WindowsStandalone target not found
Native extension for WebGL target not found
[Package Manager] Failed to launch server process. Reason: Unity was launched with the -noUpm command-line argument
[Package Manager] Unable to send message (not connected to server process).
[Package Manager] Cannot connect to Unity Package Manager local server
Mono: successfully reloaded assembly
- Finished resetting the current domain, in  1.285 seconds
Domain Reload Profiling: 2322ms
	BeginReloadAssembly (318ms)
		ExecutionOrderSort (0ms)
		DisableScriptedObjects (19ms)
		BackupInstance (0ms)
		ReleaseScriptingObjects (0ms)
		CreateAndSetChildDomain (61ms)
	RebuildCommonClasses (46ms)
	RebuildNativeTypeToScriptingClass (17ms)
	initialDomainReloadingComplete (34ms)
	LoadAllAssembliesAndSetupDomain (622ms)
		LoadAssemblies (539ms)
		RebuildTransferFunctionScriptingTraits (0ms)
		AnalyzeDomain (255ms)
			TypeCache.Refresh (9ms)
				TypeCache.ScanAssembly (0ms)
			BuildScriptInfoCaches (228ms)
			ResolveRequiredComponents (12ms)
	FinalizeReload (1286ms)
		ReleaseScriptCaches (0ms)
		RebuildScriptCaches (0ms)
		SetupLoadedEditorAssemblies (1073ms)
			LogAssemblyErrors (0ms)
			InitializePlatformSupportModulesInManaged (2ms)
			SetLoadedEditorAssemblies (10ms)
			BeforeProcessingInitializeOnLoad (322ms)
			ProcessInitializeOnLoadAttributes (617ms)
			ProcessInitializeOnLoadMethodAttributes (119ms)
			AfterProcessingInitializeOnLoad (3ms)
			EditorAssembliesLoaded (0ms)
		ExecutionOrderSort2 (0ms)
		AwakeInstancesAfterBackupRestoration (22ms)
Refreshing native plugins compatible for Editor in 2.65 ms, found 4 plugins.
Preloading 0 native plugins for Editor in 0.00 ms.
Unloading 16 Unused Serialized files (Serialized files now loaded: 0)
Unloading 6869 unused Assets / (4.6 MB). Loaded Objects now: 7781.
Memory consumption went from 158.9 MB to 154.4 MB.
Total: 15.195900 ms (FindLiveObjects: 1.314400 ms CreateObjectMapping: 0.874700 ms MarkObjects: 8.057300 ms  DeleteObjects: 4.947500 ms)

Prepare: number of updated asset objects reloaded= 0
========================================================================
Received Prepare
Begin MonoManager ReloadAssembly
[Licensing::Client] Successfully resolved entitlement details
- Loaded All Assemblies, in  1.059 seconds
Refreshing native plugins compatible for Editor in 2.36 ms, found 4 plugins.
Native extension for WindowsStandalone target not found
Native extension for WebGL target not found
[Package Manager] Failed to launch server process. Reason: Unity was launched with the -noUpm command-line argument
[Package Manager] Unable to send message (not connected to server process).
[Package Manager] Cannot connect to Unity Package Manager local server
Mono: successfully reloaded assembly
- Finished resetting the current domain, in  1.270 seconds
Domain Reload Profiling: 2333ms
	BeginReloadAssembly (321ms)
		ExecutionOrderSort (0ms)
		DisableScriptedObjects (18ms)
		BackupInstance (0ms)
		ReleaseScriptingObjects (0ms)
		CreateAndSetChildDomain (63ms)
	RebuildCommonClasses (54ms)
	RebuildNativeTypeToScriptingClass (18ms)
	initialDomainReloadingComplete (34ms)
	LoadAllAssembliesAndSetupDomain (635ms)
		LoadAssemblies (556ms)
		RebuildTransferFunctionScriptingTraits (0ms)
		AnalyzeDomain (251ms)
			TypeCache.Refresh (9ms)
				TypeCache.ScanAssembly (0ms)
			BuildScriptInfoCaches (223ms)
			ResolveRequiredComponents (14ms)
	FinalizeReload (1270ms)
		ReleaseScriptCaches (0ms)
		RebuildScriptCaches (0ms)
		SetupLoadedEditorAssemblies (1048ms)
			LogAssemblyErrors (0ms)
			InitializePlatformSupportModulesInManaged (3ms)
			SetLoadedEditorAssemblies (13ms)
			BeforeProcessingInitializeOnLoad (325ms)
			ProcessInitializeOnLoadAttributes (578ms)
			ProcessInitializeOnLoadMethodAttributes (126ms)
			AfterProcessingInitializeOnLoad (3ms)
			EditorAssembliesLoaded (0ms)
		ExecutionOrderSort2 (0ms)
		AwakeInstancesAfterBackupRestoration (21ms)
Refreshing native plugins compatible for Editor in 2.11 ms, found 4 plugins.
Preloading 0 native plugins for Editor in 0.00 ms.
Unloading 16 Unused Serialized files (Serialized files now loaded: 0)
Unloading 6869 unused Assets / (4.4 MB). Loaded Objects now: 7784.
Memory consumption went from 158.9 MB to 154.5 MB.
Total: 12.697700 ms (FindLiveObjects: 1.199200 ms CreateObjectMapping: 0.675500 ms MarkObjects: 7.892700 ms  DeleteObjects: 2.928500 ms)

Prepare: number of updated asset objects reloaded= 0
========================================================================
Received Import Request.
  Time since last request: 10169.696182 seconds.
  path: Assets/Scenes/WorldMap.unity
  artifactKey: Guid(2681affb3195443468e923037e41ca4b) Importer(2089858483,b0f066a214c2f5e87bad3c948f4d605d)
Start importing Assets/Scenes/WorldMap.unity using Guid(2681affb3195443468e923037e41ca4b) Importer(2089858483,b0f066a214c2f5e87bad3c948f4d605d) (ScriptedImporter) -> (artifact id: '8eaf572701494fd6fe745a51f52b86ea') in 2.1661226 seconds
Number of updated asset objects reloaded before import = 0Number of asset objects unloaded after import = 1

========================================================================
Received Import Request.
  Time since last request: 0.000028 seconds.
  path: Assets/Graphisms/Tilesets/SubTiles/Outside_2912.asset
  artifactKey: Guid(d98b08aeb5d49cf48939aa1cb7b53e8f) Importer(2089858483,b0f066a214c2f5e87bad3c948f4d605d)
Start importing Assets/Graphisms/Tilesets/SubTiles/Outside_2912.asset using Guid(d98b08aeb5d49cf48939aa1cb7b53e8f) Importer(2089858483,b0f066a214c2f5e87bad3c948f4d605d) (ScriptedImporter) -> (artifact id: 'db955545f7acdb16c0b974c22de1da12') in 0.1354139 seconds
Number of updated asset objects reloaded before import = 0Number of asset objects unloaded after import = 2

========================================================================
Received Import Request.
  Time since last request: 0.000043 seconds.
  path: Assets/Graphisms/Tilesets/SubTiles/Outside_1788.asset
  artifactKey: Guid(dafbecd4ee9abc345a6d05311815c84c) Importer(2089858483,b0f066a214c2f5e87bad3c948f4d605d)
Start importing Assets/Graphisms/Tilesets/SubTiles/Outside_1788.asset using Guid(dafbecd4ee9abc345a6d05311815c84c) Importer(2089858483,b0f066a214c2f5e87bad3c948f4d605d) (ScriptedImporter) -> (artifact id: '780b222ea95a8a8b34fce22f37f24a26') in 0.0488199 seconds
Number of updated asset objects reloaded before import = 0Number of asset objects unloaded after import = 2

========================================================================
Received Import Request.
  Time since last request: 0.000022 seconds.
  path: Assets/Graphisms/Tilesets/SubTiles/Outside_3668.asset
  artifactKey: Guid(56df7555bc835a74f92ea5528a4283f6) Importer(2089858483,b0f066a214c2f5e87bad3c948f4d605d)
Start importing Assets/Graphisms/Tilesets/SubTiles/Outside_3668.asset using Guid(56df7555bc835a74f92ea5528a4283f6) Importer(2089858483,b0f066a214c2f5e87bad3c948f4d605d) (ScriptedImporter) -> (artifact id: 'c01459324dbf1d0b838c91a2591a7b4b') in 0.0229501 seconds
Number of updated asset objects reloaded before import = 0Number of asset objects unloaded after import = 2

========================================================================
Received Import Request.
  Time since last request: 0.000020 seconds.
  path: Assets/Graphisms/Tilesets/SubTiles/Outside_2913.asset
  artifactKey: Guid(2f61203a06e66a04b81c0c40b964bb43) Importer(2089858483,b0f066a214c2f5e87bad3c948f4d605d)
Start importing Assets/Graphisms/Tilesets/SubTiles/Outside_2913.asset using Guid(2f61203a06e66a04b81c0c40b964bb43) Importer(2089858483,b0f066a214c2f5e87bad3c948f4d605d) (ScriptedImporter) -> (artifact id: 'b325a5f853b3ad6627301ab1b98dde99') in 0.0098804 seconds
Number of updated asset objects reloaded before import = 0Number of asset objects unloaded after import = 2

========================================================================
Received Import Request.
  Time since last request: 0.000024 seconds.
  path: Assets/Graphisms/Tilesets/SubTiles/Outside_1898.asset
  artifactKey: Guid(181ae204cd9eb26408bea6fd78ba9ebe) Importer(2089858483,b0f066a214c2f5e87bad3c948f4d605d)
Start importing Assets/Graphisms/Tilesets/SubTiles/Outside_1898.asset using Guid(181ae204cd9eb26408bea6fd78ba9ebe) Importer(2089858483,b0f066a214c2f5e87bad3c948f4d605d) (ScriptedImporter) -> (artifact id: 'a2e8dc1d008522038b8fe80f18479e76') in 0.0242076 seconds
Number of updated asset objects reloaded before import = 0Number of asset objects unloaded after import = 2

========================================================================
Received Import Request.
  Time since last request: 0.000033 seconds.
  path: Assets/Graphisms/Tilesets/SubTiles/Outside_748.asset
  artifactKey: Guid(597e50c348893c64ca11dc20bcb8f9e0) Importer(2089858483,b0f066a214c2f5e87bad3c948f4d605d)
Start importing Assets/Graphisms/Tilesets/SubTiles/Outside_748.asset using Guid(597e50c348893c64ca11dc20bcb8f9e0) Importer(2089858483,b0f066a214c2f5e87bad3c948f4d605d) (ScriptedImporter) -> (artifact id: 'e89a2b12dc1b6f7f3f2d15525c1162af') in 0.00945 seconds
Number of updated asset objects reloaded before import = 0Number of asset objects unloaded after import = 2

========================================================================
Received Import Request.
  Time since last request: 0.000020 seconds.
  path: Assets/Graphisms/Tilesets/SubTiles/Outside_2714.asset
  artifactKey: Guid(212154d8cc8145e49a624cd883c85ffb) Importer(2089858483,b0f066a214c2f5e87bad3c948f4d605d)
Start importing Assets/Graphisms/Tilesets/SubTiles/Outside_2714.asset using Guid(212154d8cc8145e49a624cd883c85ffb) Importer(2089858483,b0f066a214c2f5e87bad3c948f4d605d) (ScriptedImporter) -> (artifact id: '202ab6724c8e8c4643511f275a30483b') in 0.0147449 seconds
Number of updated asset objects reloaded before import = 0Number of asset objects unloaded after import = 2

========================================================================
Received Import Request.
  Time since last request: 0.000039 seconds.
  path: Assets/Graphisms/Tilesets/SubTiles/Outside_2348.asset
  artifactKey: Guid(ad3f79775a096e440b9d7faa536cd4bf) Importer(2089858483,b0f066a214c2f5e87bad3c948f4d605d)
Start importing Assets/Graphisms/Tilesets/SubTiles/Outside_2348.asset using Guid(ad3f79775a096e440b9d7faa536cd4bf) Importer(2089858483,b0f066a214c2f5e87bad3c948f4d605d) (ScriptedImporter) -> (artifact id: 'b9ae13ce3090ac83acc549d5c218343f') in 0.0098802 seconds
Number of updated asset objects reloaded before import = 0Number of asset objects unloaded after import = 2

========================================================================
Received Import Request.
  Time since last request: 0.000025 seconds.
  path: Assets/Graphisms/Tilesets/SubTiles/Outside_171.asset
  artifactKey: Guid(4f8f417cd576d344a88cd49ec86b5e19) Importer(2089858483,b0f066a214c2f5e87bad3c948f4d605d)
Start importing Assets/Graphisms/Tilesets/SubTiles/Outside_171.asset using Guid(4f8f417cd576d344a88cd49ec86b5e19) Importer(2089858483,b0f066a214c2f5e87bad3c948f4d605d) (ScriptedImporter) -> (artifact id: 'e38c47937ec30811419f3e3df698a40f') in 0.0378889 seconds
Number of updated asset objects reloaded before import = 0Number of asset objects unloaded after import = 2

========================================================================
Received Import Request.
  Time since last request: 0.000042 seconds.
  path: Assets/Graphisms/Tilesets/SubTiles/Outside_3705.asset
  artifactKey: Guid(1ed609b5f26e73f4f8ae74b5171b49a0) Importer(2089858483,b0f066a214c2f5e87bad3c948f4d605d)
Start importing Assets/Graphisms/Tilesets/SubTiles/Outside_3705.asset using Guid(1ed609b5f26e73f4f8ae74b5171b49a0) Importer(2089858483,b0f066a214c2f5e87bad3c948f4d605d) (ScriptedImporter) -> (artifact id: '08c896c46ddb137a828f4c30eb89704d') in 0.0372716 seconds
Number of updated asset objects reloaded before import = 0Number of asset objects unloaded after import = 2

========================================================================
Received Import Request.
  Time since last request: 0.000022 seconds.
  path: Assets/Graphisms/Tilesets/SubTiles/Outside_1545.asset
  artifactKey: Guid(cfe992ad6d63c9345aa706eefe002e3b) Importer(2089858483,b0f066a214c2f5e87bad3c948f4d605d)
Start importing Assets/Graphisms/Tilesets/SubTiles/Outside_1545.asset using Guid(cfe992ad6d63c9345aa706eefe002e3b) Importer(2089858483,b0f066a214c2f5e87bad3c948f4d605d) (ScriptedImporter) -> (artifact id: '12ea15ed634d656bef83a7518a26d69a') in 0.0271314 seconds
Number of updated asset objects reloaded before import = 0Number of asset objects unloaded after import = 2

========================================================================
Received Import Request.
  Time since last request: 0.000028 seconds.
  path: Assets/Graphisms/Tilesets/SubTiles/Outside_2692.asset
  artifactKey: Guid(d9118272cdfcd6347aa42c6b96fca0db) Importer(2089858483,b0f066a214c2f5e87bad3c948f4d605d)
Start importing Assets/Graphisms/Tilesets/SubTiles/Outside_2692.asset using Guid(d9118272cdfcd6347aa42c6b96fca0db) Importer(2089858483,b0f066a214c2f5e87bad3c948f4d605d) (ScriptedImporter) -> (artifact id: '2085def1be455ee90cb58a295298b692') in 0.0104914 seconds
Number of updated asset objects reloaded before import = 0Number of asset objects unloaded after import = 2

========================================================================
Received Import Request.
  Time since last request: 0.000037 seconds.
  path: Assets/Graphisms/Tilesets/SubTiles/Outside_2134.asset
  artifactKey: Guid(4162583dae8f8ed4f8ad0c37820761cc) Importer(2089858483,b0f066a214c2f5e87bad3c948f4d605d)
Start importing Assets/Graphisms/Tilesets/SubTiles/Outside_2134.asset using Guid(4162583dae8f8ed4f8ad0c37820761cc) Importer(2089858483,b0f066a214c2f5e87bad3c948f4d605d) (ScriptedImporter) -> (artifact id: '0c4babc4bf240c65a82cdcd11fbc2b9d') in 0.2173062 seconds
Number of updated asset objects reloaded before import = 0Number of asset objects unloaded after import = 2

========================================================================
Received Import Request.
  Time since last request: 0.000047 seconds.
  path: Assets/Graphisms/Tilesets/SubTiles/Outside_2473.asset
  artifactKey: Guid(325202782fba4374dbd418c0475b7951) Importer(2089858483,b0f066a214c2f5e87bad3c948f4d605d)
Start importing Assets/Graphisms/Tilesets/SubTiles/Outside_2473.asset using Guid(325202782fba4374dbd418c0475b7951) Importer(2089858483,b0f066a214c2f5e87bad3c948f4d605d) (ScriptedImporter) -> (artifact id: '0d30c6c1d95b09d6e0ccccdaa095ce71') in 0.4109168 seconds
Number of updated asset objects reloaded before import = 0Number of asset objects unloaded after import = 2

========================================================================
Received Import Request.
  Time since last request: 0.000026 seconds.
  path: Assets/Graphisms/Tilesets/SubTiles/Outside_2359.asset
  artifactKey: Guid(60149aa8c47c5b4459b7d96fdbf606ed) Importer(2089858483,b0f066a214c2f5e87bad3c948f4d605d)
Start importing Assets/Graphisms/Tilesets/SubTiles/Outside_2359.asset using Guid(60149aa8c47c5b4459b7d96fdbf606ed) Importer(2089858483,b0f066a214c2f5e87bad3c948f4d605d) (ScriptedImporter) -> (artifact id: 'aa5f3a37e49ecb35daf49aa2cf64e907') in 0.0114104 seconds
Number of updated asset objects reloaded before import = 0Number of asset objects unloaded after import = 2

========================================================================
Received Import Request.
  Time since last request: 0.000067 seconds.
  path: Assets/Graphisms/Tilesets/SubTiles/Outside_1737.asset
  artifactKey: Guid(6ef76a974eea1204c83889e957193209) Importer(2089858483,b0f066a214c2f5e87bad3c948f4d605d)
Start importing Assets/Graphisms/Tilesets/SubTiles/Outside_1737.asset using Guid(6ef76a974eea1204c83889e957193209) Importer(2089858483,b0f066a214c2f5e87bad3c948f4d605d) (ScriptedImporter) -> (artifact id: '968d39cfbfd4467cd5f453c29577e443') in 0.0114178 seconds
Number of updated asset objects reloaded before import = 0Number of asset objects unloaded after import = 2

========================================================================
Received Import Request.
  Time since last request: 0.000035 seconds.
  path: Assets/Graphisms/Tilesets/SubTiles/Outside_60.asset
  artifactKey: Guid(889a59d38706ae449a965f8ba1f969d5) Importer(2089858483,b0f066a214c2f5e87bad3c948f4d605d)
Start importing Assets/Graphisms/Tilesets/SubTiles/Outside_60.asset using Guid(889a59d38706ae449a965f8ba1f969d5) Importer(2089858483,b0f066a214c2f5e87bad3c948f4d605d) (ScriptedImporter) -> (artifact id: '9c4b5816f963a55cae57c958cb9359d8') in 0.0351777 seconds
Number of updated asset objects reloaded before import = 0Number of asset objects unloaded after import = 2

========================================================================
Received Import Request.
  Time since last request: 0.000020 seconds.
  path: Assets/Graphisms/Characters/MainCharacter01/trchar001.png
  artifactKey: Guid(4a49da5beaa9c4f4bb43253c1d1c3749) Importer(2089858483,b0f066a214c2f5e87bad3c948f4d605d)
Start importing Assets/Graphisms/Characters/MainCharacter01/trchar001.png using Guid(4a49da5beaa9c4f4bb43253c1d1c3749) Importer(2089858483,b0f066a214c2f5e87bad3c948f4d605d) (ScriptedImporter) -> (artifact id: '2925d49a3804ad57f6e0518b17c6e1fc') in 0.1225208 seconds
Number of updated asset objects reloaded before import = 0Number of asset objects unloaded after import = 18

========================================================================
Received Import Request.
  Time since last request: 0.000022 seconds.
  path: Assets/Graphisms/Tilesets/SubTiles/Outside_1648.asset
  artifactKey: Guid(ca3f69a8db3b833418dcc6ef19e9d05e) Importer(2089858483,b0f066a214c2f5e87bad3c948f4d605d)
Start importing Assets/Graphisms/Tilesets/SubTiles/Outside_1648.asset using Guid(ca3f69a8db3b833418dcc6ef19e9d05e) Importer(2089858483,b0f066a214c2f5e87bad3c948f4d605d) (ScriptedImporter) -> (artifact id: '8052eee8970831d714375a5cb84ed9d2') in 0.0251022 seconds
Number of updated asset objects reloaded before import = 0Number of asset objects unloaded after import = 2

========================================================================
Received Import Request.
  Time since last request: 0.000029 seconds.
  path: Assets/Graphisms/Tilesets/SubTiles/Outside_787.asset
  artifactKey: Guid(b563b60bc2d21f04aad0eb2433762e68) Importer(2089858483,b0f066a214c2f5e87bad3c948f4d605d)
Start importing Assets/Graphisms/Tilesets/SubTiles/Outside_787.asset using Guid(b563b60bc2d21f04aad0eb2433762e68) Importer(2089858483,b0f066a214c2f5e87bad3c948f4d605d) (ScriptedImporter) -> (artifact id: '2dcfecd7832fd3e4ae2906330c8de677') in 0.1333512 seconds
Number of updated asset objects reloaded before import = 0Number of asset objects unloaded after import = 2

========================================================================
Received Import Request.
  Time since last request: 0.000024 seconds.
  path: Assets/Graphisms/Tilesets/SubTiles/Outside_2641.asset
  artifactKey: Guid(8e8bfa339e7eae841a83af8630478e94) Importer(2089858483,b0f066a214c2f5e87bad3c948f4d605d)
Start importing Assets/Graphisms/Tilesets/SubTiles/Outside_2641.asset using Guid(8e8bfa339e7eae841a83af8630478e94) Importer(2089858483,b0f066a214c2f5e87bad3c948f4d605d) (ScriptedImporter) -> (artifact id: '5ffde7e8acefaa766cbc80c1f71a9c0e') in 0.0917944 seconds
Number of updated asset objects reloaded before import = 0Number of asset objects unloaded after import = 2

========================================================================
Received Import Request.
  Time since last request: 0.000033 seconds.
  path: Assets/Graphisms/Tilesets/SubTiles/Outside_320.asset
  artifactKey: Guid(f01ac4cb245f7c44380fc84ced6ab9cd) Importer(2089858483,b0f066a214c2f5e87bad3c948f4d605d)
Start importing Assets/Graphisms/Tilesets/SubTiles/Outside_320.asset using Guid(f01ac4cb245f7c44380fc84ced6ab9cd) Importer(2089858483,b0f066a214c2f5e87bad3c948f4d605d) (ScriptedImporter) -> (artifact id: '49c602e504f0602a82385806080086bb') in 0.0656747 seconds
Number of updated asset objects reloaded before import = 0Number of asset objects unloaded after import = 2

========================================================================
Received Import Request.
  Time since last request: 0.000035 seconds.
  path: Assets/Graphisms/Tilesets/SubTiles/Outside_1999.asset
  artifactKey: Guid(02262811179838e4cb47e5d96bfcae81) Importer(2089858483,b0f066a214c2f5e87bad3c948f4d605d)
Start importing Assets/Graphisms/Tilesets/SubTiles/Outside_1999.asset using Guid(02262811179838e4cb47e5d96bfcae81) Importer(2089858483,b0f066a214c2f5e87bad3c948f4d605d) (ScriptedImporter) -> (artifact id: '6170fe1feb52fd5959285066aa73d08e') in 0.0755445 seconds
Number of updated asset objects reloaded before import = 0Number of asset objects unloaded after import = 2

========================================================================
Received Import Request.
  Time since last request: 0.000026 seconds.
  path: Assets/Graphisms/Tilesets/SubTiles/Outside_985.asset
  artifactKey: Guid(d3871c3ccc684df42b273f7affc07c6f) Importer(2089858483,b0f066a214c2f5e87bad3c948f4d605d)
Start importing Assets/Graphisms/Tilesets/SubTiles/Outside_985.asset using Guid(d3871c3ccc684df42b273f7affc07c6f) Importer(2089858483,b0f066a214c2f5e87bad3c948f4d605d) (ScriptedImporter) -> (artifact id: 'cecda2d4d4f390a21d91eca343cd4174') in 0.0146771 seconds
Number of updated asset objects reloaded before import = 0Number of asset objects unloaded after import = 2

========================================================================
Received Import Request.
  Time since last request: 0.000019 seconds.
  path: Assets/Graphisms/Tilesets/SubTiles/Outside_1412.asset
  artifactKey: Guid(4586b1386dc2cc643bf30fd4b91718e1) Importer(2089858483,b0f066a214c2f5e87bad3c948f4d605d)
Start importing Assets/Graphisms/Tilesets/SubTiles/Outside_1412.asset using Guid(4586b1386dc2cc643bf30fd4b91718e1) Importer(2089858483,b0f066a214c2f5e87bad3c948f4d605d) (ScriptedImporter) -> (artifact id: 'a337d0b7690beec7e8547bbd569b4a61') in 0.0209379 seconds
Number of updated asset objects reloaded before import = 0Number of asset objects unloaded after import = 2

========================================================================
Received Import Request.
  Time since last request: 0.000031 seconds.
  path: Assets/Graphisms/Tilesets/SubTiles/Outside_1573.asset
  artifactKey: Guid(df80a13b238fc514386ff8c6aeb56bdf) Importer(2089858483,b0f066a214c2f5e87bad3c948f4d605d)
Start importing Assets/Graphisms/Tilesets/SubTiles/Outside_1573.asset using Guid(df80a13b238fc514386ff8c6aeb56bdf) Importer(2089858483,b0f066a214c2f5e87bad3c948f4d605d) (ScriptedImporter) -> (artifact id: '66126cab2658c4ecc04739ff4778369e') in 0.0104534 seconds
Number of updated asset objects reloaded before import = 0Number of asset objects unloaded after import = 2

========================================================================
Received Import Request.
  Time since last request: 0.000031 seconds.
  path: Assets/Graphisms/Tilesets/SubTiles/Outside_2939.asset
  artifactKey: Guid(ade08915f538a2a4ea93125c39eb6b54) Importer(2089858483,b0f066a214c2f5e87bad3c948f4d605d)
Start importing Assets/Graphisms/Tilesets/SubTiles/Outside_2939.asset using Guid(ade08915f538a2a4ea93125c39eb6b54) Importer(2089858483,b0f066a214c2f5e87bad3c948f4d605d) (ScriptedImporter) -> (artifact id: '81dea3377296c17c3ba1d115a5b90eda') in 0.0586708 seconds
Number of updated asset objects reloaded before import = 0Number of asset objects unloaded after import = 2

========================================================================
Received Import Request.
  Time since last request: 0.000023 seconds.
  path: Assets/Graphisms/Tilesets/SubTiles/Outside_1589.asset
  artifactKey: Guid(7bfc2fe64cd6b214eab793073dad90e4) Importer(2089858483,b0f066a214c2f5e87bad3c948f4d605d)
Start importing Assets/Graphisms/Tilesets/SubTiles/Outside_1589.asset using Guid(7bfc2fe64cd6b214eab793073dad90e4) Importer(2089858483,b0f066a214c2f5e87bad3c948f4d605d) (ScriptedImporter) -> (artifact id: 'dc73799e52c8aa6174de7af2022b7bdb') in 0.0096483 seconds
Number of updated asset objects reloaded before import = 0Number of asset objects unloaded after import = 2

========================================================================
Received Import Request.
  Time since last request: 0.000026 seconds.
  path: Assets/Graphisms/Tilesets/SubTiles/Outside_3339.asset
  artifactKey: Guid(02443402291405e4cb97d9b96321824d) Importer(2089858483,b0f066a214c2f5e87bad3c948f4d605d)
Start importing Assets/Graphisms/Tilesets/SubTiles/Outside_3339.asset using Guid(02443402291405e4cb97d9b96321824d) Importer(2089858483,b0f066a214c2f5e87bad3c948f4d605d) (ScriptedImporter) -> (artifact id: 'f2c6844965c8c759bdd2d3ad67cc402d') in 0.0104188 seconds
Number of updated asset objects reloaded before import = 0Number of asset objects unloaded after import = 2

========================================================================
Received Import Request.
  Time since last request: 0.000030 seconds.
  path: Assets/Graphisms/Tilesets/SubTiles/Outside_979.asset
  artifactKey: Guid(201fd2854dcb9604da1fe5ba24b6069d) Importer(2089858483,b0f066a214c2f5e87bad3c948f4d605d)
Start importing Assets/Graphisms/Tilesets/SubTiles/Outside_979.asset using Guid(201fd2854dcb9604da1fe5ba24b6069d) Importer(2089858483,b0f066a214c2f5e87bad3c948f4d605d) (ScriptedImporter) -> (artifact id: 'd43229dc3c854b92c5db6007c79b4706') in 0.0106862 seconds
Number of updated asset objects reloaded before import = 0Number of asset objects unloaded after import = 2

========================================================================
Received Import Request.
  Time since last request: 0.000036 seconds.
  path: Assets/Graphisms/Tilesets/SubTiles/Outside_1557.asset
  artifactKey: Guid(efbbce4f195200242a626e2729ff71eb) Importer(2089858483,b0f066a214c2f5e87bad3c948f4d605d)
Start importing Assets/Graphisms/Tilesets/SubTiles/Outside_1557.asset using Guid(efbbce4f195200242a626e2729ff71eb) Importer(2089858483,b0f066a214c2f5e87bad3c948f4d605d) (ScriptedImporter) -> (artifact id: '15929da2dc86535ee1c9c21df00c563e') in 0.0164746 seconds
Number of updated asset objects reloaded before import = 0Number of asset objects unloaded after import = 2

========================================================================
Received Import Request.
  Time since last request: 0.000023 seconds.
  path: Assets/Graphisms/Tilesets/SubTiles/Outside_3279.asset
  artifactKey: Guid(9b29c44967b4a5a488963a584776a7cd) Importer(2089858483,b0f066a214c2f5e87bad3c948f4d605d)
Start importing Assets/Graphisms/Tilesets/SubTiles/Outside_3279.asset using Guid(9b29c44967b4a5a488963a584776a7cd) Importer(2089858483,b0f066a214c2f5e87bad3c948f4d605d) (ScriptedImporter) -> (artifact id: '5968cf67f66cded5d13676e7195d0ef0') in 0.010708 seconds
Number of updated asset objects reloaded before import = 0Number of asset objects unloaded after import = 2

========================================================================
Received Import Request.
  Time since last request: 0.000020 seconds.
  path: Assets/Graphisms/Tilesets/SubTiles/Outside_2103.asset
  artifactKey: Guid(bf83eedf806bfd945bdf35135a77385f) Importer(2089858483,b0f066a214c2f5e87bad3c948f4d605d)
Start importing Assets/Graphisms/Tilesets/SubTiles/Outside_2103.asset using Guid(bf83eedf806bfd945bdf35135a77385f) Importer(2089858483,b0f066a214c2f5e87bad3c948f4d605d) (ScriptedImporter) -> (artifact id: '1bec708c8910c08081668619521e2e58') in 0.0216049 seconds
Number of updated asset objects reloaded before import = 0Number of asset objects unloaded after import = 2

========================================================================
Received Import Request.
  Time since last request: 0.000040 seconds.
  path: Assets/Graphisms/Tilesets/SubTiles/Outside_165.asset
  artifactKey: Guid(834dfcdc65a7ce0499da50179bc71cbe) Importer(2089858483,b0f066a214c2f5e87bad3c948f4d605d)
Start importing Assets/Graphisms/Tilesets/SubTiles/Outside_165.asset using Guid(834dfcdc65a7ce0499da50179bc71cbe) Importer(2089858483,b0f066a214c2f5e87bad3c948f4d605d) (ScriptedImporter) -> (artifact id: '52a9dfb077edb967c7e0103d18c5310e') in 0.0257033 seconds
Number of updated asset objects reloaded before import = 0Number of asset objects unloaded after import = 2

========================================================================
Received Import Request.
  Time since last request: 0.000033 seconds.
  path: Assets/Graphisms/Tilesets/Outside.png
  artifactKey: Guid(250dfa2164dba7d41a48a12b7eae39b6) Importer(2089858483,b0f066a214c2f5e87bad3c948f4d605d)
Start importing Assets/Graphisms/Tilesets/Outside.png using Guid(250dfa2164dba7d41a48a12b7eae39b6) Importer(2089858483,b0f066a214c2f5e87bad3c948f4d605d) (ScriptedImporter) -> (artifact id: '5733929ce544f090f5b9fd02cc7a521b') in 9.3147916 seconds
Number of updated asset objects reloaded before import = 0Number of asset objects unloaded after import = 4017

========================================================================
Received Import Request.
  Time since last request: 0.000047 seconds.
  path: Assets/Graphisms/Tilesets/SubTiles/Outside_2162.asset
  artifactKey: Guid(f997fc0d6add8f04eaf4aeaa1529bd77) Importer(2089858483,b0f066a214c2f5e87bad3c948f4d605d)
Start importing Assets/Graphisms/Tilesets/SubTiles/Outside_2162.asset using Guid(f997fc0d6add8f04eaf4aeaa1529bd77) Importer(2089858483,b0f066a214c2f5e87bad3c948f4d605d) (ScriptedImporter) -> (artifact id: 'dfb60aa3278baaa0b519391a1983cd57') in 0.0089752 seconds
Number of updated asset objects reloaded before import = 0Number of asset objects unloaded after import = 2

========================================================================
Received Import Request.
  Time since last request: 0.000039 seconds.
  path: Assets/Graphisms/Tilesets/SubTiles/Outside_3666.asset
  artifactKey: Guid(7ead5d0b37f162142a943a8833dbcb60) Importer(2089858483,b0f066a214c2f5e87bad3c948f4d605d)
Start importing Assets/Graphisms/Tilesets/SubTiles/Outside_3666.asset using Guid(7ead5d0b37f162142a943a8833dbcb60) Importer(2089858483,b0f066a214c2f5e87bad3c948f4d605d) (ScriptedImporter) -> (artifact id: 'b8ad6f6c397aeb1ea98705c87b261bf1') in 0.0312585 seconds
Number of updated asset objects reloaded before import = 0Number of asset objects unloaded after import = 2

========================================================================
Received Import Request.
  Time since last request: 0.000019 seconds.
  path: Assets/Graphisms/Tilesets/SubTiles/Outside_271.asset
  artifactKey: Guid(f4ca3b6642db546418eb2c0c8f22ecf2) Importer(2089858483,b0f066a214c2f5e87bad3c948f4d605d)
Start importing Assets/Graphisms/Tilesets/SubTiles/Outside_271.asset using Guid(f4ca3b6642db546418eb2c0c8f22ecf2) Importer(2089858483,b0f066a214c2f5e87bad3c948f4d605d) (ScriptedImporter) -> (artifact id: '4722a6937555352eae24fca8ec93f66b') in 0.0140306 seconds
Number of updated asset objects reloaded before import = 0Number of asset objects unloaded after import = 2

========================================================================
Received Import Request.
  Time since last request: 0.000025 seconds.
  path: Assets/Graphisms/Tilesets/SubTiles/Outside_3019.asset
  artifactKey: Guid(189f53a4be792c841820015b167a7056) Importer(2089858483,b0f066a214c2f5e87bad3c948f4d605d)
Start importing Assets/Graphisms/Tilesets/SubTiles/Outside_3019.asset using Guid(189f53a4be792c841820015b167a7056) Importer(2089858483,b0f066a214c2f5e87bad3c948f4d605d) (ScriptedImporter) -> (artifact id: '58bbc1f9e8da02fd3678b24a32adbbc1') in 0.0094958 seconds
Number of updated asset objects reloaded before import = 0Number of asset objects unloaded after import = 2

========================================================================
Received Import Request.
  Time since last request: 0.000029 seconds.
  path: Assets/Graphisms/Tilesets/SubTiles/Outside_998.asset
  artifactKey: Guid(4a6a06a85d44fcd4cae9bf2fc67a906b) Importer(2089858483,b0f066a214c2f5e87bad3c948f4d605d)
Start importing Assets/Graphisms/Tilesets/SubTiles/Outside_998.asset using Guid(4a6a06a85d44fcd4cae9bf2fc67a906b) Importer(2089858483,b0f066a214c2f5e87bad3c948f4d605d) (ScriptedImporter) -> (artifact id: '02286c2f4d76b84a5774c1accaf2cbad') in 0.0131501 seconds
Number of updated asset objects reloaded before import = 0Number of asset objects unloaded after import = 2

========================================================================
Received Import Request.
  Time since last request: 0.000028 seconds.
  path: Assets/Graphisms/Tilesets/SubTiles/Outside_2030.asset
  artifactKey: Guid(2143cb1f502df78439d0ddece13b2b53) Importer(2089858483,b0f066a214c2f5e87bad3c948f4d605d)
Start importing Assets/Graphisms/Tilesets/SubTiles/Outside_2030.asset using Guid(2143cb1f502df78439d0ddece13b2b53) Importer(2089858483,b0f066a214c2f5e87bad3c948f4d605d) (ScriptedImporter) -> (artifact id: 'c45b2fc9388f05ea312f5d3940a74adc') in 0.0110406 seconds
Number of updated asset objects reloaded before import = 0Number of asset objects unloaded after import = 2

========================================================================
Received Import Request.
  Time since last request: 0.000025 seconds.
  path: Assets/Graphisms/Tilesets/SubTiles/Outside_3388.asset
  artifactKey: Guid(3d4f82f32b80c8b4ebf847eaa2c6d229) Importer(2089858483,b0f066a214c2f5e87bad3c948f4d605d)
Start importing Assets/Graphisms/Tilesets/SubTiles/Outside_3388.asset using Guid(3d4f82f32b80c8b4ebf847eaa2c6d229) Importer(2089858483,b0f066a214c2f5e87bad3c948f4d605d) (ScriptedImporter) -> (artifact id: '97f884ea79c976cdb12632b2e1223467') in 0.0112594 seconds
Number of updated asset objects reloaded before import = 0Number of asset objects unloaded after import = 2

========================================================================
Received Import Request.
  Time since last request: 0.000024 seconds.
  path: Assets/Graphisms/Tilesets/SubTiles/Outside_639.asset
  artifactKey: Guid(7555123eb3cae83408b4baed456cb647) Importer(2089858483,b0f066a214c2f5e87bad3c948f4d605d)
Start importing Assets/Graphisms/Tilesets/SubTiles/Outside_639.asset using Guid(7555123eb3cae83408b4baed456cb647) Importer(2089858483,b0f066a214c2f5e87bad3c948f4d605d) (ScriptedImporter) -> (artifact id: '9772bd993bc3beb9d8640d31f680a7e1') in 0.0315817 seconds
Number of updated asset objects reloaded before import = 0Number of asset objects unloaded after import = 2

========================================================================
Received Import Request.
  Time since last request: 0.000035 seconds.
  path: Assets/Graphisms/Tilesets/SubTiles/Outside_3731.asset
  artifactKey: Guid(17f6cf6e38bc4904c8bb8878842a58d7) Importer(2089858483,b0f066a214c2f5e87bad3c948f4d605d)
Start importing Assets/Graphisms/Tilesets/SubTiles/Outside_3731.asset using Guid(17f6cf6e38bc4904c8bb8878842a58d7) Importer(2089858483,b0f066a214c2f5e87bad3c948f4d605d) (ScriptedImporter) -> (artifact id: '9c7aabd64f3dcacc5c214d92b785870e') in 0.0101476 seconds
Number of updated asset objects reloaded before import = 0Number of asset objects unloaded after import = 2

========================================================================
Received Import Request.
  Time since last request: 0.000049 seconds.
  path: Assets/Graphisms/Tilesets/SubTiles/Outside_469.asset
  artifactKey: Guid(4b4f3dcce81143842a3cba485d14b7fe) Importer(2089858483,b0f066a214c2f5e87bad3c948f4d605d)
Start importing Assets/Graphisms/Tilesets/SubTiles/Outside_469.asset using Guid(4b4f3dcce81143842a3cba485d14b7fe) Importer(2089858483,b0f066a214c2f5e87bad3c948f4d605d) (ScriptedImporter) -> (artifact id: 'b1cf332ca50735d6ce73a13674f2789f') in 0.0094601 seconds
Number of updated asset objects reloaded before import = 0Number of asset objects unloaded after import = 2

========================================================================
Received Import Request.
  Time since last request: 0.000033 seconds.
  path: Assets/Graphisms/Tilesets/SubTiles/Outside_546.asset
  artifactKey: Guid(dcd89da2019895d49ba2199728c9600b) Importer(2089858483,b0f066a214c2f5e87bad3c948f4d605d)
Start importing Assets/Graphisms/Tilesets/SubTiles/Outside_546.asset using Guid(dcd89da2019895d49ba2199728c9600b) Importer(2089858483,b0f066a214c2f5e87bad3c948f4d605d) (ScriptedImporter) -> (artifact id: '1ebe51358def70d4fdad6fe35f6192b7') in 0.0104059 seconds
Number of updated asset objects reloaded before import = 0Number of asset objects unloaded after import = 2

========================================================================
Received Import Request.
  Time since last request: 0.000024 seconds.
  path: Assets/Graphisms/Tilesets/SubTiles/Outside_588.asset
  artifactKey: Guid(9cd89894a1d387240b559dd02cbf7092) Importer(2089858483,b0f066a214c2f5e87bad3c948f4d605d)
Start importing Assets/Graphisms/Tilesets/SubTiles/Outside_588.asset using Guid(9cd89894a1d387240b559dd02cbf7092) Importer(2089858483,b0f066a214c2f5e87bad3c948f4d605d) (ScriptedImporter) -> (artifact id: '74eae065c34e42c1e53ce9e419a7b4da') in 0.0089542 seconds
Number of updated asset objects reloaded before import = 0Number of asset objects unloaded after import = 2

========================================================================
Received Import Request.
  Time since last request: 0.000036 seconds.
  path: Assets/Graphisms/Tilesets/SubTiles/Outside_331.asset
  artifactKey: Guid(2336ca23dfab9f84389becd57c87a45f) Importer(2089858483,b0f066a214c2f5e87bad3c948f4d605d)
Start importing Assets/Graphisms/Tilesets/SubTiles/Outside_331.asset using Guid(2336ca23dfab9f84389becd57c87a45f) Importer(2089858483,b0f066a214c2f5e87bad3c948f4d605d) (ScriptedImporter) -> (artifact id: 'ddfeb676202b17affef5663eeb9527f8') in 0.0115482 seconds
Number of updated asset objects reloaded before import = 0Number of asset objects unloaded after import = 2

========================================================================
Received Import Request.
  Time since last request: 0.000023 seconds.
  path: Assets/Graphisms/Tilesets/SubTiles/Outside_3785.asset
  artifactKey: Guid(8db5fc72868090a4a8c56d48fb453dc1) Importer(2089858483,b0f066a214c2f5e87bad3c948f4d605d)
Start importing Assets/Graphisms/Tilesets/SubTiles/Outside_3785.asset using Guid(8db5fc72868090a4a8c56d48fb453dc1) Importer(2089858483,b0f066a214c2f5e87bad3c948f4d605d) (ScriptedImporter) -> (artifact id: '56830c9c32e7f5d2785addf534cb5d5a') in 0.1845405 seconds
Number of updated asset objects reloaded before import = 0Number of asset objects unloaded after import = 2

========================================================================
Received Import Request.
  Time since last request: 0.000029 seconds.
  path: Assets/Graphisms/Tilesets/SubTiles/Outside_3087.asset
  artifactKey: Guid(710ea673d181e5140a257555ac7ae32d) Importer(2089858483,b0f066a214c2f5e87bad3c948f4d605d)
Start importing Assets/Graphisms/Tilesets/SubTiles/Outside_3087.asset using Guid(710ea673d181e5140a257555ac7ae32d) Importer(2089858483,b0f066a214c2f5e87bad3c948f4d605d) (ScriptedImporter) -> (artifact id: 'e08e9e4cd753f04eb7b4aacd5e6f3a46') in 0.0119202 seconds
Number of updated asset objects reloaded before import = 0Number of asset objects unloaded after import = 2

========================================================================
Received Import Request.
  Time since last request: 0.000023 seconds.
  path: Assets/Graphisms/Tilesets/SubTiles/Outside_1433.asset
  artifactKey: Guid(34d64ac041993154faef260d5480c95e) Importer(2089858483,b0f066a214c2f5e87bad3c948f4d605d)
Start importing Assets/Graphisms/Tilesets/SubTiles/Outside_1433.asset using Guid(34d64ac041993154faef260d5480c95e) Importer(2089858483,b0f066a214c2f5e87bad3c948f4d605d) (ScriptedImporter) -> (artifact id: 'fe6a7671cf08ea0d70b7ea9ce4da563d') in 0.0161577 seconds
Number of updated asset objects reloaded before import = 0Number of asset objects unloaded after import = 2

========================================================================
Received Import Request.
  Time since last request: 0.000049 seconds.
  path: Assets/Graphisms/Tilesets/SubTiles/Outside_100.asset
  artifactKey: Guid(2221f7fd30fdfad43b06a15394ab2d1d) Importer(2089858483,b0f066a214c2f5e87bad3c948f4d605d)
Start importing Assets/Graphisms/Tilesets/SubTiles/Outside_100.asset using Guid(2221f7fd30fdfad43b06a15394ab2d1d) Importer(2089858483,b0f066a214c2f5e87bad3c948f4d605d) (ScriptedImporter) -> (artifact id: '971b5663da558eca6611deb7c4e7adfc') in 0.0117332 seconds
Number of updated asset objects reloaded before import = 0Number of asset objects unloaded after import = 2

========================================================================
Received Import Request.
  Time since last request: 0.000060 seconds.
  path: Assets/Graphisms/Tilesets/SubTiles/Outside_3960.asset
  artifactKey: Guid(432e08f1540938042b12f7939935adf5) Importer(2089858483,b0f066a214c2f5e87bad3c948f4d605d)
Start importing Assets/Graphisms/Tilesets/SubTiles/Outside_3960.asset using Guid(432e08f1540938042b12f7939935adf5) Importer(2089858483,b0f066a214c2f5e87bad3c948f4d605d) (ScriptedImporter) -> (artifact id: 'e2f01951c285f849c2ed40e6dc460e4a') in 0.0110267 seconds
Number of updated asset objects reloaded before import = 0Number of asset objects unloaded after import = 2

========================================================================
Received Import Request.
  Time since last request: 0.000039 seconds.
  path: Assets/Graphisms/Tilesets/SubTiles/Outside_2402.asset
  artifactKey: Guid(49242a67d586f00409444a451ea86152) Importer(2089858483,b0f066a214c2f5e87bad3c948f4d605d)
Start importing Assets/Graphisms/Tilesets/SubTiles/Outside_2402.asset using Guid(49242a67d586f00409444a451ea86152) Importer(2089858483,b0f066a214c2f5e87bad3c948f4d605d) (ScriptedImporter) -> (artifact id: '0fec5fccc10f949ed2778319e0ebef0b') in 0.009822 seconds
Number of updated asset objects reloaded before import = 0Number of asset objects unloaded after import = 2

========================================================================
Received Import Request.
  Time since last request: 0.000025 seconds.
  path: Assets/Graphisms/Tilesets/SubTiles/Outside_3469.asset
  artifactKey: Guid(1d7f2b01bb6a6be4fb2bcdfeb7a4d24f) Importer(2089858483,b0f066a214c2f5e87bad3c948f4d605d)
Start importing Assets/Graphisms/Tilesets/SubTiles/Outside_3469.asset using Guid(1d7f2b01bb6a6be4fb2bcdfeb7a4d24f) Importer(2089858483,b0f066a214c2f5e87bad3c948f4d605d) (ScriptedImporter) -> (artifact id: '206ac8c408d0c582dacd44f9cf75343c') in 0.0256065 seconds
Number of updated asset objects reloaded before import = 0Number of asset objects unloaded after import = 2

========================================================================
Received Import Request.
  Time since last request: 0.000034 seconds.
  path: Assets/Graphisms/Tilesets/SubTiles/Outside_3369.asset
  artifactKey: Guid(325cca5619ac9014f9a26714e6b62fb0) Importer(2089858483,b0f066a214c2f5e87bad3c948f4d605d)
Start importing Assets/Graphisms/Tilesets/SubTiles/Outside_3369.asset using Guid(325cca5619ac9014f9a26714e6b62fb0) Importer(2089858483,b0f066a214c2f5e87bad3c948f4d605d) (ScriptedImporter) -> (artifact id: '4d6e50f7084fbded2b21fb1023166d9e') in 0.0112137 seconds
Number of updated asset objects reloaded before import = 0Number of asset objects unloaded after import = 2

========================================================================
Received Import Request.
  Time since last request: 0.000026 seconds.
  path: Assets/Graphisms/Tilesets/SubTiles/Outside_74.asset
  artifactKey: Guid(d2aad828605c51a4da72094af4425a30) Importer(2089858483,b0f066a214c2f5e87bad3c948f4d605d)
Start importing Assets/Graphisms/Tilesets/SubTiles/Outside_74.asset using Guid(d2aad828605c51a4da72094af4425a30) Importer(2089858483,b0f066a214c2f5e87bad3c948f4d605d) (ScriptedImporter) -> (artifact id: 'd1ff04ca07d3a601e93062430e8c0042') in 0.0123562 seconds
Number of updated asset objects reloaded before import = 0Number of asset objects unloaded after import = 2

========================================================================
Received Import Request.
  Time since last request: 0.000034 seconds.
  path: Assets/Graphisms/Tilesets/SubTiles/Outside_618.asset
  artifactKey: Guid(1368117547277e240b6181403418bd39) Importer(2089858483,b0f066a214c2f5e87bad3c948f4d605d)
Start importing Assets/Graphisms/Tilesets/SubTiles/Outside_618.asset using Guid(1368117547277e240b6181403418bd39) Importer(2089858483,b0f066a214c2f5e87bad3c948f4d605d) (ScriptedImporter) -> (artifact id: 'b1e33ed4672e3fe13546dac45e44f76a') in 0.0425051 seconds
Number of updated asset objects reloaded before import = 0Number of asset objects unloaded after import = 2

========================================================================
Received Import Request.
  Time since last request: 0.000018 seconds.
  path: Assets/Graphisms/Tilesets/SubTiles/Outside_3845.asset
  artifactKey: Guid(1baa85832ab0788468141c087c35190e) Importer(2089858483,b0f066a214c2f5e87bad3c948f4d605d)
Start importing Assets/Graphisms/Tilesets/SubTiles/Outside_3845.asset using Guid(1baa85832ab0788468141c087c35190e) Importer(2089858483,b0f066a214c2f5e87bad3c948f4d605d) (ScriptedImporter) -> (artifact id: 'db33f826d7e8bcf97dab5514c1dabd89') in 0.0116909 seconds
Number of updated asset objects reloaded before import = 0Number of asset objects unloaded after import = 2

========================================================================
Received Import Request.
  Time since last request: 0.000022 seconds.
  path: Assets/Graphisms/Tilesets/SubTiles/Outside_2319.asset
  artifactKey: Guid(26623895b643d644aa7aa89cb4ed0e9b) Importer(2089858483,b0f066a214c2f5e87bad3c948f4d605d)
Start importing Assets/Graphisms/Tilesets/SubTiles/Outside_2319.asset using Guid(26623895b643d644aa7aa89cb4ed0e9b) Importer(2089858483,b0f066a214c2f5e87bad3c948f4d605d) (ScriptedImporter) -> (artifact id: '8db48ea87abb4daedf351ff340b79fd5') in 0.1584569 seconds
Number of updated asset objects reloaded before import = 0Number of asset objects unloaded after import = 2

========================================================================
Received Import Request.
  Time since last request: 0.000022 seconds.
  path: Assets/Graphisms/Tilesets/SubTiles/Outside_1559.asset
  artifactKey: Guid(c5e9db476dea8734c97bea806579830e) Importer(2089858483,b0f066a214c2f5e87bad3c948f4d605d)
Start importing Assets/Graphisms/Tilesets/SubTiles/Outside_1559.asset using Guid(c5e9db476dea8734c97bea806579830e) Importer(2089858483,b0f066a214c2f5e87bad3c948f4d605d) (ScriptedImporter) -> (artifact id: '86f4376e7e90256f1d0d08f4e6c1b1a1') in 0.0289338 seconds
Number of updated asset objects reloaded before import = 0Number of asset objects unloaded after import = 2

========================================================================
Received Import Request.
  Time since last request: 0.000031 seconds.
  path: Assets/Graphisms/Tilesets/SubTiles/Outside_3747.asset
  artifactKey: Guid(7f59f5d5e621608409409d46b3c41bb3) Importer(2089858483,b0f066a214c2f5e87bad3c948f4d605d)
Start importing Assets/Graphisms/Tilesets/SubTiles/Outside_3747.asset using Guid(7f59f5d5e621608409409d46b3c41bb3) Importer(2089858483,b0f066a214c2f5e87bad3c948f4d605d) (ScriptedImporter) -> (artifact id: 'b000dd9056275f4bac9811874e1b3a49') in 0.0098649 seconds
Number of updated asset objects reloaded before import = 0Number of asset objects unloaded after import = 2

========================================================================
Received Import Request.
  Time since last request: 0.000026 seconds.
  path: Assets/Graphisms/Tilesets/SubTiles/Outside_2759.asset
  artifactKey: Guid(b4d3e49df8c1dba429196118f1d7563e) Importer(2089858483,b0f066a214c2f5e87bad3c948f4d605d)
Start importing Assets/Graphisms/Tilesets/SubTiles/Outside_2759.asset using Guid(b4d3e49df8c1dba429196118f1d7563e) Importer(2089858483,b0f066a214c2f5e87bad3c948f4d605d) (ScriptedImporter) -> (artifact id: '7f2b9e738ea215d6d79b70590e5f0a0e') in 0.015673 seconds
Number of updated asset objects reloaded before import = 0Number of asset objects unloaded after import = 2

========================================================================
Received Import Request.
  Time since last request: 0.000023 seconds.
  path: Assets/Graphisms/Tilesets/SubTiles/Outside_1577.asset
  artifactKey: Guid(384434a352dc3584a9c0ebe8e551e883) Importer(2089858483,b0f066a214c2f5e87bad3c948f4d605d)
Start importing Assets/Graphisms/Tilesets/SubTiles/Outside_1577.asset using Guid(384434a352dc3584a9c0ebe8e551e883) Importer(2089858483,b0f066a214c2f5e87bad3c948f4d605d) (ScriptedImporter) -> (artifact id: '42a4d3daea91d093e56fdf6bfa91e040') in 0.0105052 seconds
Number of updated asset objects reloaded before import = 0Number of asset objects unloaded after import = 2

========================================================================
Received Import Request.
  Time since last request: 0.000026 seconds.
  path: Assets/Graphisms/Tilesets/SubTiles/Outside_1458.asset
  artifactKey: Guid(480c9e3bd21e05f49a41494f2b8c684f) Importer(2089858483,b0f066a214c2f5e87bad3c948f4d605d)
Start importing Assets/Graphisms/Tilesets/SubTiles/Outside_1458.asset using Guid(480c9e3bd21e05f49a41494f2b8c684f) Importer(2089858483,b0f066a214c2f5e87bad3c948f4d605d) (ScriptedImporter) -> (artifact id: '7e482c1563783f405066ed6c505fa322') in 0.0104768 seconds
Number of updated asset objects reloaded before import = 0Number of asset objects unloaded after import = 2

========================================================================
Received Import Request.
  Time since last request: 0.000023 seconds.
  path: Assets/Graphisms/Tilesets/SubTiles/Outside_1970.asset
  artifactKey: Guid(88128bf6bd56a044595ddc3fb16b2870) Importer(2089858483,b0f066a214c2f5e87bad3c948f4d605d)
Start importing Assets/Graphisms/Tilesets/SubTiles/Outside_1970.asset using Guid(88128bf6bd56a044595ddc3fb16b2870) Importer(2089858483,b0f066a214c2f5e87bad3c948f4d605d) (ScriptedImporter) -> (artifact id: '62f612215cfb6798cb209cea3df9ae97') in 0.0113366 seconds
Number of updated asset objects reloaded before import = 0Number of asset objects unloaded after import = 2

========================================================================
Received Import Request.
  Time since last request: 0.000052 seconds.
  path: Assets/Graphisms/Tilesets/SubTiles/Outside_737.asset
  artifactKey: Guid(021fc1d44c440394b8549e49357d967b) Importer(2089858483,b0f066a214c2f5e87bad3c948f4d605d)
Start importing Assets/Graphisms/Tilesets/SubTiles/Outside_737.asset using Guid(021fc1d44c440394b8549e49357d967b) Importer(2089858483,b0f066a214c2f5e87bad3c948f4d605d) (ScriptedImporter) -> (artifact id: '65fa9b2ba38b195f6ad39aac08593c70') in 0.0133557 seconds
Number of updated asset objects reloaded before import = 0Number of asset objects unloaded after import = 2

========================================================================
Received Import Request.
  Time since last request: 0.000019 seconds.
  path: Assets/Graphisms/Tilesets/SubTiles/Outside_1337.asset
  artifactKey: Guid(bcc7b17f2603e454f871c8eb8ed34373) Importer(2089858483,b0f066a214c2f5e87bad3c948f4d605d)
Start importing Assets/Graphisms/Tilesets/SubTiles/Outside_1337.asset using Guid(bcc7b17f2603e454f871c8eb8ed34373) Importer(2089858483,b0f066a214c2f5e87bad3c948f4d605d) (ScriptedImporter) -> (artifact id: 'edc3898bb28daa3eaa2c1cdedb78e03a') in 0.0117962 seconds
Number of updated asset objects reloaded before import = 0Number of asset objects unloaded after import = 2

========================================================================
Received Import Request.
  Time since last request: 0.000021 seconds.
  path: Assets/Graphisms/Tilesets/SubTiles/Outside_478.asset
  artifactKey: Guid(87bc9fe6f41551944b0938acfcf95f5f) Importer(2089858483,b0f066a214c2f5e87bad3c948f4d605d)
Start importing Assets/Graphisms/Tilesets/SubTiles/Outside_478.asset using Guid(87bc9fe6f41551944b0938acfcf95f5f) Importer(2089858483,b0f066a214c2f5e87bad3c948f4d605d) (ScriptedImporter) -> (artifact id: '505ff3019c2da5287e8e889598f71948') in 0.0158212 seconds
Number of updated asset objects reloaded before import = 0Number of asset objects unloaded after import = 2

========================================================================
Received Import Request.
  Time since last request: 0.000023 seconds.
  path: Assets/Graphisms/Tilesets/SubTiles/Outside_2285.asset
  artifactKey: Guid(a4955506cd918a2499d86fbe25c4e624) Importer(2089858483,b0f066a214c2f5e87bad3c948f4d605d)
Start importing Assets/Graphisms/Tilesets/SubTiles/Outside_2285.asset using Guid(a4955506cd918a2499d86fbe25c4e624) Importer(2089858483,b0f066a214c2f5e87bad3c948f4d605d) (ScriptedImporter) -> (artifact id: 'b04847bd6cfda1fba4b23650bec06523') in 0.0116068 seconds
Number of updated asset objects reloaded before import = 0Number of asset objects unloaded after import = 2

========================================================================
Received Import Request.
  Time since last request: 0.000033 seconds.
  path: Assets/Graphisms/Tilesets/SubTiles/Outside_1130.asset
  artifactKey: Guid(7f64ea3cfb1cf724a99375b368f7ebaa) Importer(2089858483,b0f066a214c2f5e87bad3c948f4d605d)
Start importing Assets/Graphisms/Tilesets/SubTiles/Outside_1130.asset using Guid(7f64ea3cfb1cf724a99375b368f7ebaa) Importer(2089858483,b0f066a214c2f5e87bad3c948f4d605d) (ScriptedImporter) -> (artifact id: '1ef4ffb7b0e1c91ec12ae96c8b25e3fe') in 0.0131185 seconds
Number of updated asset objects reloaded before import = 0Number of asset objects unloaded after import = 2

========================================================================
Received Import Request.
  Time since last request: 0.000035 seconds.
  path: Assets/Graphisms/Tilesets/SubTiles/Outside_3240.asset
  artifactKey: Guid(026ce11bf6232a84da41d488be6fb8d9) Importer(2089858483,b0f066a214c2f5e87bad3c948f4d605d)
Start importing Assets/Graphisms/Tilesets/SubTiles/Outside_3240.asset using Guid(026ce11bf6232a84da41d488be6fb8d9) Importer(2089858483,b0f066a214c2f5e87bad3c948f4d605d) (ScriptedImporter) -> (artifact id: 'f7ee9502089a7470c9102722b7e0897a') in 0.0099807 seconds
Number of updated asset objects reloaded before import = 0Number of asset objects unloaded after import = 2

========================================================================
Received Import Request.
  Time since last request: 0.000021 seconds.
  path: Assets/Graphisms/Tilesets/SubTiles/Outside_350.asset
  artifactKey: Guid(cdfffedfefe19d24ba4472c25686ed62) Importer(2089858483,b0f066a214c2f5e87bad3c948f4d605d)
Start importing Assets/Graphisms/Tilesets/SubTiles/Outside_350.asset using Guid(cdfffedfefe19d24ba4472c25686ed62) Importer(2089858483,b0f066a214c2f5e87bad3c948f4d605d) (ScriptedImporter) -> (artifact id: '85e5d8299117c03d3c1850ea017800d7') in 0.0117061 seconds
Number of updated asset objects reloaded before import = 0Number of asset objects unloaded after import = 2

========================================================================
Received Import Request.
  Time since last request: 0.319109 seconds.
  path: Assets/Graphisms/Tilesets/SubTiles/Outside_679.asset
  artifactKey: Guid(b462fb8deba49e2489913e723b15d023) Importer(2089858483,b0f066a214c2f5e87bad3c948f4d605d)
Start importing Assets/Graphisms/Tilesets/SubTiles/Outside_679.asset using Guid(b462fb8deba49e2489913e723b15d023) Importer(2089858483,b0f066a214c2f5e87bad3c948f4d605d) (ScriptedImporter) -> (artifact id: 'b92ede54904f9d77ae7a43dfd9a11939') in 0.0108585 seconds
Number of updated asset objects reloaded before import = 0Number of asset objects unloaded after import = 2

========================================================================
Received Import Request.
  Time since last request: 0.000031 seconds.
  path: Assets/Graphisms/Tilesets/SubTiles/Outside_2337.asset
  artifactKey: Guid(ffde5658b918488449339b5c4f6862da) Importer(2089858483,b0f066a214c2f5e87bad3c948f4d605d)
Start importing Assets/Graphisms/Tilesets/SubTiles/Outside_2337.asset using Guid(ffde5658b918488449339b5c4f6862da) Importer(2089858483,b0f066a214c2f5e87bad3c948f4d605d) (ScriptedImporter) -> (artifact id: '91fec57dd744ba40b87a281379596b80') in 0.0092577 seconds
Number of updated asset objects reloaded before import = 0Number of asset objects unloaded after import = 2

========================================================================
Received Import Request.
  Time since last request: 0.000026 seconds.
  path: Assets/Graphisms/Tilesets/SubTiles/Outside_995.asset
  artifactKey: Guid(5892cff0e8651814389037724dcb961e) Importer(2089858483,b0f066a214c2f5e87bad3c948f4d605d)
Start importing Assets/Graphisms/Tilesets/SubTiles/Outside_995.asset using Guid(5892cff0e8651814389037724dcb961e) Importer(2089858483,b0f066a214c2f5e87bad3c948f4d605d) (ScriptedImporter) -> (artifact id: 'b6e606f63957163f2a6520dfea1be5c8') in 0.009689 seconds
Number of updated asset objects reloaded before import = 0Number of asset objects unloaded after import = 2

========================================================================
Received Import Request.
  Time since last request: 0.000023 seconds.
  path: Assets/Graphisms/Tilesets/SubTiles/Outside_875.asset
  artifactKey: Guid(8c00ba6969b57a141af750a8d9e5d54d) Importer(2089858483,b0f066a214c2f5e87bad3c948f4d605d)
Start importing Assets/Graphisms/Tilesets/SubTiles/Outside_875.asset using Guid(8c00ba6969b57a141af750a8d9e5d54d) Importer(2089858483,b0f066a214c2f5e87bad3c948f4d605d) (ScriptedImporter) -> (artifact id: '693b7446d4f072aff1383cdbeb3a42aa') in 0.0113128 seconds
Number of updated asset objects reloaded before import = 0Number of asset objects unloaded after import = 2

========================================================================
Received Import Request.
  Time since last request: 0.000038 seconds.
  path: Assets/Graphisms/Tilesets/SubTiles/Outside_3914.asset
  artifactKey: Guid(79840056fc6ad5b439e132ef338cd05c) Importer(2089858483,b0f066a214c2f5e87bad3c948f4d605d)
Start importing Assets/Graphisms/Tilesets/SubTiles/Outside_3914.asset using Guid(79840056fc6ad5b439e132ef338cd05c) Importer(2089858483,b0f066a214c2f5e87bad3c948f4d605d) (ScriptedImporter) -> (artifact id: '9b6296197f15df4f715b1bdfe52844ea') in 0.0105828 seconds
Number of updated asset objects reloaded before import = 0Number of asset objects unloaded after import = 2

========================================================================
Received Import Request.
  Time since last request: 0.000034 seconds.
  path: Assets/Graphisms/Tilesets/SubTiles/Outside_1389.asset
  artifactKey: Guid(514dd4c5e223ca94089fd1176892e747) Importer(2089858483,b0f066a214c2f5e87bad3c948f4d605d)
Start importing Assets/Graphisms/Tilesets/SubTiles/Outside_1389.asset using Guid(514dd4c5e223ca94089fd1176892e747) Importer(2089858483,b0f066a214c2f5e87bad3c948f4d605d) (ScriptedImporter) -> (artifact id: 'dc6704d5efaf75af570334978f8c9773') in 0.0104289 seconds
Number of updated asset objects reloaded before import = 0Number of asset objects unloaded after import = 2

========================================================================
Received Import Request.
  Time since last request: 0.000023 seconds.
  path: Assets/Graphisms/Tilesets/SubTiles/Outside_1058.asset
  artifactKey: Guid(b906c2b7ae39a6140adc3e2514dffd6b) Importer(2089858483,b0f066a214c2f5e87bad3c948f4d605d)
Start importing Assets/Graphisms/Tilesets/SubTiles/Outside_1058.asset using Guid(b906c2b7ae39a6140adc3e2514dffd6b) Importer(2089858483,b0f066a214c2f5e87bad3c948f4d605d) (ScriptedImporter) -> (artifact id: 'd07bbfde72f3069d7798bfaabd2dfef0') in 0.0091913 seconds
Number of updated asset objects reloaded before import = 0Number of asset objects unloaded after import = 2

========================================================================
Received Import Request.
  Time since last request: 0.000024 seconds.
  path: Assets/Graphisms/Tilesets/SubTiles/Outside_2399.asset
  artifactKey: Guid(ec31631818e7a8d4880c4cecd3e09891) Importer(2089858483,b0f066a214c2f5e87bad3c948f4d605d)
Start importing Assets/Graphisms/Tilesets/SubTiles/Outside_2399.asset using Guid(ec31631818e7a8d4880c4cecd3e09891) Importer(2089858483,b0f066a214c2f5e87bad3c948f4d605d) (ScriptedImporter) -> (artifact id: 'd91c6debd28637d0c1ad43dc63fb6c15') in 0.0123284 seconds
Number of updated asset objects reloaded before import = 0Number of asset objects unloaded after import = 2

========================================================================
Received Import Request.
  Time since last request: 0.000027 seconds.
  path: Assets/Graphisms/Tilesets/SubTiles/Outside_1807.asset
  artifactKey: Guid(93bf5f67036d2c84994b2de4716db8ac) Importer(2089858483,b0f066a214c2f5e87bad3c948f4d605d)
Start importing Assets/Graphisms/Tilesets/SubTiles/Outside_1807.asset using Guid(93bf5f67036d2c84994b2de4716db8ac) Importer(2089858483,b0f066a214c2f5e87bad3c948f4d605d) (ScriptedImporter) -> (artifact id: 'ba8b56ac30244f6693628a0ed2e9aec2') in 0.0120659 seconds
Number of updated asset objects reloaded before import = 0Number of asset objects unloaded after import = 2

========================================================================
Received Import Request.
  Time since last request: 0.000041 seconds.
  path: Assets/Graphisms/Tilesets/SubTiles/Outside_1027.asset
  artifactKey: Guid(4992f38db5109e247a5b3569ee3bcf85) Importer(2089858483,b0f066a214c2f5e87bad3c948f4d605d)
Start importing Assets/Graphisms/Tilesets/SubTiles/Outside_1027.asset using Guid(4992f38db5109e247a5b3569ee3bcf85) Importer(2089858483,b0f066a214c2f5e87bad3c948f4d605d) (ScriptedImporter) -> (artifact id: '7ee06881e111cfc7958878993f679b1c') in 0.0111458 seconds
Number of updated asset objects reloaded before import = 0Number of asset objects unloaded after import = 2

========================================================================
Received Import Request.
  Time since last request: 0.000023 seconds.
  path: Assets/Graphisms/Tilesets/SubTiles/Outside_1505.asset
  artifactKey: Guid(d5d21fd3f554af04998ca4b0b3bfb846) Importer(2089858483,b0f066a214c2f5e87bad3c948f4d605d)
Start importing Assets/Graphisms/Tilesets/SubTiles/Outside_1505.asset using Guid(d5d21fd3f554af04998ca4b0b3bfb846) Importer(2089858483,b0f066a214c2f5e87bad3c948f4d605d) (ScriptedImporter) -> (artifact id: '16058587a83856ea2f5cbbc1a04e5563') in 0.0096106 seconds
Number of updated asset objects reloaded before import = 0Number of asset objects unloaded after import = 2

========================================================================
Received Import Request.
  Time since last request: 0.000031 seconds.
  path: Assets/Graphisms/Tilesets/SubTiles/Outside_2652.asset
  artifactKey: Guid(8aad5e18faf87954086f8fc8a63bf76c) Importer(2089858483,b0f066a214c2f5e87bad3c948f4d605d)
Start importing Assets/Graphisms/Tilesets/SubTiles/Outside_2652.asset using Guid(8aad5e18faf87954086f8fc8a63bf76c) Importer(2089858483,b0f066a214c2f5e87bad3c948f4d605d) (ScriptedImporter) -> (artifact id: '972b3a2cc3ee074c65f7f2296beed84c') in 0.0151484 seconds
Number of updated asset objects reloaded before import = 0Number of asset objects unloaded after import = 2

========================================================================
Received Import Request.
  Time since last request: 0.000024 seconds.
  path: Assets/Graphisms/Tilesets/SubTiles/Outside_2685.asset
  artifactKey: Guid(38ba2d95c97534f4bbfe409e4af7438d) Importer(2089858483,b0f066a214c2f5e87bad3c948f4d605d)
Start importing Assets/Graphisms/Tilesets/SubTiles/Outside_2685.asset using Guid(38ba2d95c97534f4bbfe409e4af7438d) Importer(2089858483,b0f066a214c2f5e87bad3c948f4d605d) (ScriptedImporter) -> (artifact id: 'f6dfc82b3750b00f58ae770e861c0e48') in 0.0101238 seconds
Number of updated asset objects reloaded before import = 0Number of asset objects unloaded after import = 2

========================================================================
Received Import Request.
  Time since last request: 0.000038 seconds.
  path: Assets/Graphisms/Tilesets/SubTiles/Outside_2497.asset
  artifactKey: Guid(d9e12031d5aef0f4680922126137da3f) Importer(2089858483,b0f066a214c2f5e87bad3c948f4d605d)
Start importing Assets/Graphisms/Tilesets/SubTiles/Outside_2497.asset using Guid(d9e12031d5aef0f4680922126137da3f) Importer(2089858483,b0f066a214c2f5e87bad3c948f4d605d) (ScriptedImporter) -> (artifact id: 'af7af761ee1087379e82a783dd4bec67') in 0.0114809 seconds
Number of updated asset objects reloaded before import = 0Number of asset objects unloaded after import = 2

========================================================================
Received Import Request.
  Time since last request: 0.000023 seconds.
  path: Assets/Graphisms/Tilesets/SubTiles/Outside_1628.asset
  artifactKey: Guid(0d6e51b8c30a0554597d3e87975b0bd9) Importer(2089858483,b0f066a214c2f5e87bad3c948f4d605d)
Start importing Assets/Graphisms/Tilesets/SubTiles/Outside_1628.asset using Guid(0d6e51b8c30a0554597d3e87975b0bd9) Importer(2089858483,b0f066a214c2f5e87bad3c948f4d605d) (ScriptedImporter) -> (artifact id: '21c807a55579e114547c280b02344576') in 0.0102945 seconds
Number of updated asset objects reloaded before import = 0Number of asset objects unloaded after import = 2

========================================================================
Received Import Request.
  Time since last request: 0.000026 seconds.
  path: Assets/Graphisms/Tilesets/SubTiles/Outside_1986.asset
  artifactKey: Guid(c7f57e51e6c7d2743b67246c66298fda) Importer(2089858483,b0f066a214c2f5e87bad3c948f4d605d)
Start importing Assets/Graphisms/Tilesets/SubTiles/Outside_1986.asset using Guid(c7f57e51e6c7d2743b67246c66298fda) Importer(2089858483,b0f066a214c2f5e87bad3c948f4d605d) (ScriptedImporter) -> (artifact id: 'd990d66dc8127f2e5abc90f277bcf181') in 0.0118803 seconds
Number of updated asset objects reloaded before import = 0Number of asset objects unloaded after import = 2

========================================================================
Received Import Request.
  Time since last request: 0.000023 seconds.
  path: Assets/Graphisms/Tilesets/SubTiles/Outside_1452.asset
  artifactKey: Guid(4b1d46d67ae890942a95b362c78186ee) Importer(2089858483,b0f066a214c2f5e87bad3c948f4d605d)
Start importing Assets/Graphisms/Tilesets/SubTiles/Outside_1452.asset using Guid(4b1d46d67ae890942a95b362c78186ee) Importer(2089858483,b0f066a214c2f5e87bad3c948f4d605d) (ScriptedImporter) -> (artifact id: '94c4cf1370fa780a1bfb5fbdfaab6cee') in 0.0112981 seconds
Number of updated asset objects reloaded before import = 0Number of asset objects unloaded after import = 2

========================================================================
Received Import Request.
  Time since last request: 0.000027 seconds.
  path: Assets/Graphisms/Tilesets/SubTiles/Outside_504.asset
  artifactKey: Guid(2c2ebe0e138c18d40be4995670c95b19) Importer(2089858483,b0f066a214c2f5e87bad3c948f4d605d)
Start importing Assets/Graphisms/Tilesets/SubTiles/Outside_504.asset using Guid(2c2ebe0e138c18d40be4995670c95b19) Importer(2089858483,b0f066a214c2f5e87bad3c948f4d605d) (ScriptedImporter) -> (artifact id: '3e3bc9d333a7c538952b436963f8a36a') in 0.0113828 seconds
Number of updated asset objects reloaded before import = 0Number of asset objects unloaded after import = 2

========================================================================
Received Import Request.
  Time since last request: 0.000031 seconds.
  path: Assets/Graphisms/Tilesets/SubTiles/Outside_1687.asset
  artifactKey: Guid(47be88dc4c17fb14ab9f259027218972) Importer(2089858483,b0f066a214c2f5e87bad3c948f4d605d)
Start importing Assets/Graphisms/Tilesets/SubTiles/Outside_1687.asset using Guid(47be88dc4c17fb14ab9f259027218972) Importer(2089858483,b0f066a214c2f5e87bad3c948f4d605d) (ScriptedImporter) -> (artifact id: 'c65564edfadf249f964a417e67f64ea4') in 0.0228282 seconds
Number of updated asset objects reloaded before import = 0Number of asset objects unloaded after import = 2

========================================================================
Received Import Request.
  Time since last request: 0.000021 seconds.
  path: Assets/Graphisms/Tilesets/SubTiles/Outside_2630.asset
  artifactKey: Guid(085d9e1a0dc822340b847614ea69d095) Importer(2089858483,b0f066a214c2f5e87bad3c948f4d605d)
Start importing Assets/Graphisms/Tilesets/SubTiles/Outside_2630.asset using Guid(085d9e1a0dc822340b847614ea69d095) Importer(2089858483,b0f066a214c2f5e87bad3c948f4d605d) (ScriptedImporter) -> (artifact id: '2f4844b357945f5dd8cd8252de134548') in 0.0097644 seconds
Number of updated asset objects reloaded before import = 0Number of asset objects unloaded after import = 2

========================================================================
Received Import Request.
  Time since last request: 0.000021 seconds.
  path: Assets/Graphisms/Tilesets/SubTiles/Outside_1520.asset
  artifactKey: Guid(9f84b745b7d666748b431666ff84a752) Importer(2089858483,b0f066a214c2f5e87bad3c948f4d605d)
Start importing Assets/Graphisms/Tilesets/SubTiles/Outside_1520.asset using Guid(9f84b745b7d666748b431666ff84a752) Importer(2089858483,b0f066a214c2f5e87bad3c948f4d605d) (ScriptedImporter) -> (artifact id: 'f11f0cbf740ce92640ca5dae3367661e') in 0.0110276 seconds
Number of updated asset objects reloaded before import = 0Number of asset objects unloaded after import = 2

========================================================================
Received Import Request.
  Time since last request: 0.000023 seconds.
  path: Assets/Graphisms/Tilesets/SubTiles/Outside_1983.asset
  artifactKey: Guid(084bb13b658077849bf5f8648cb1ecf5) Importer(2089858483,b0f066a214c2f5e87bad3c948f4d605d)
Start importing Assets/Graphisms/Tilesets/SubTiles/Outside_1983.asset using Guid(084bb13b658077849bf5f8648cb1ecf5) Importer(2089858483,b0f066a214c2f5e87bad3c948f4d605d) (ScriptedImporter) -> (artifact id: '1eddcb554d6b689dcf848051ce4230ac') in 0.0098055 seconds
Number of updated asset objects reloaded before import = 0Number of asset objects unloaded after import = 2

========================================================================
Received Import Request.
  Time since last request: 0.000053 seconds.
  path: Assets/Graphisms/Tilesets/SubTiles/Outside_3414.asset
  artifactKey: Guid(7631e47bdb503de4992a685b6b9acece) Importer(2089858483,b0f066a214c2f5e87bad3c948f4d605d)
Start importing Assets/Graphisms/Tilesets/SubTiles/Outside_3414.asset using Guid(7631e47bdb503de4992a685b6b9acece) Importer(2089858483,b0f066a214c2f5e87bad3c948f4d605d) (ScriptedImporter) -> (artifact id: 'd80a91e6eef4a3c0f5991dd01755b32e') in 0.0133427 seconds
Number of updated asset objects reloaded before import = 0Number of asset objects unloaded after import = 2

========================================================================
Received Import Request.
  Time since last request: 0.000019 seconds.
  path: Assets/Graphisms/Tilesets/SubTiles/Outside_673.asset
  artifactKey: Guid(c4159debaddc44b4aa9cfe6d37e969c4) Importer(2089858483,b0f066a214c2f5e87bad3c948f4d605d)
Start importing Assets/Graphisms/Tilesets/SubTiles/Outside_673.asset using Guid(c4159debaddc44b4aa9cfe6d37e969c4) Importer(2089858483,b0f066a214c2f5e87bad3c948f4d605d) (ScriptedImporter) -> (artifact id: 'fc13d1671e109becf7a61812160b9420') in 0.0097408 seconds
Number of updated asset objects reloaded before import = 0Number of asset objects unloaded after import = 2

========================================================================
Received Import Request.
  Time since last request: 0.000027 seconds.
  path: Assets/Graphisms/Tilesets/SubTiles/Outside_3253.asset
  artifactKey: Guid(038a83b169ed61343b553d2a714e4daf) Importer(2089858483,b0f066a214c2f5e87bad3c948f4d605d)
Start importing Assets/Graphisms/Tilesets/SubTiles/Outside_3253.asset using Guid(038a83b169ed61343b553d2a714e4daf) Importer(2089858483,b0f066a214c2f5e87bad3c948f4d605d) (ScriptedImporter) -> (artifact id: 'a00d03e3bc243ad4b11e7ac3d7726625') in 0.0110685 seconds
Number of updated asset objects reloaded before import = 0Number of asset objects unloaded after import = 2

========================================================================
Received Import Request.
  Time since last request: 0.000025 seconds.
  path: Assets/Graphisms/Tilesets/SubTiles/Outside_2433.asset
  artifactKey: Guid(2e613e6696f404442906711cda7e0b9b) Importer(2089858483,b0f066a214c2f5e87bad3c948f4d605d)
Start importing Assets/Graphisms/Tilesets/SubTiles/Outside_2433.asset using Guid(2e613e6696f404442906711cda7e0b9b) Importer(2089858483,b0f066a214c2f5e87bad3c948f4d605d) (ScriptedImporter) -> (artifact id: '737f50861dfd2ae844a7755891808ca9') in 0.022102 seconds
Number of updated asset objects reloaded before import = 0Number of asset objects unloaded after import = 2

========================================================================
Received Import Request.
  Time since last request: 0.000029 seconds.
  path: Assets/Graphisms/Tilesets/SubTiles/Outside_3407.asset
  artifactKey: Guid(fb8c3fda5d48d6a4c97fc7fe31529bf9) Importer(2089858483,b0f066a214c2f5e87bad3c948f4d605d)
Start importing Assets/Graphisms/Tilesets/SubTiles/Outside_3407.asset using Guid(fb8c3fda5d48d6a4c97fc7fe31529bf9) Importer(2089858483,b0f066a214c2f5e87bad3c948f4d605d) (ScriptedImporter) -> (artifact id: '03ff6010649104a744d2e925e387964e') in 0.0103 seconds
Number of updated asset objects reloaded before import = 0Number of asset objects unloaded after import = 2

========================================================================
Received Import Request.
  Time since last request: 0.000028 seconds.
  path: Assets/Graphisms/Tilesets/SubTiles/Outside_2435.asset
  artifactKey: Guid(5152b3b879d7aa943b013b3595e43e16) Importer(2089858483,b0f066a214c2f5e87bad3c948f4d605d)
Start importing Assets/Graphisms/Tilesets/SubTiles/Outside_2435.asset using Guid(5152b3b879d7aa943b013b3595e43e16) Importer(2089858483,b0f066a214c2f5e87bad3c948f4d605d) (ScriptedImporter) -> (artifact id: 'c44947e1e4600fe6a355072715c217e9') in 0.0102437 seconds
Number of updated asset objects reloaded before import = 0Number of asset objects unloaded after import = 2

========================================================================
Received Import Request.
  Time since last request: 0.000036 seconds.
  path: Assets/Graphisms/Tilesets/SubTiles/Outside_2204.asset
  artifactKey: Guid(65977c1b956d5f34288102f3b4720fb6) Importer(2089858483,b0f066a214c2f5e87bad3c948f4d605d)
Start importing Assets/Graphisms/Tilesets/SubTiles/Outside_2204.asset using Guid(65977c1b956d5f34288102f3b4720fb6) Importer(2089858483,b0f066a214c2f5e87bad3c948f4d605d) (ScriptedImporter) -> (artifact id: '9db21e07548138db7420f5c6498217e5') in 0.0238443 seconds
Number of updated asset objects reloaded before import = 0Number of asset objects unloaded after import = 2

========================================================================
Received Import Request.
  Time since last request: 0.000028 seconds.
  path: Assets/Graphisms/Tilesets/SubTiles/Outside_3252.asset
  artifactKey: Guid(f3b5cbb36fa427f48b6a2b14457bd2cb) Importer(2089858483,b0f066a214c2f5e87bad3c948f4d605d)
Start importing Assets/Graphisms/Tilesets/SubTiles/Outside_3252.asset using Guid(f3b5cbb36fa427f48b6a2b14457bd2cb) Importer(2089858483,b0f066a214c2f5e87bad3c948f4d605d) (ScriptedImporter) -> (artifact id: '938d935f3a5bdb9f39174565c6ced113') in 0.0116746 seconds
Number of updated asset objects reloaded before import = 0Number of asset objects unloaded after import = 2

========================================================================
Received Import Request.
  Time since last request: 0.000024 seconds.
  path: Assets/Graphisms/Tilesets/SubTiles/Outside_608.asset
  artifactKey: Guid(451596445b153a947bcadd9ac03703ac) Importer(2089858483,b0f066a214c2f5e87bad3c948f4d605d)
Start importing Assets/Graphisms/Tilesets/SubTiles/Outside_608.asset using Guid(451596445b153a947bcadd9ac03703ac) Importer(2089858483,b0f066a214c2f5e87bad3c948f4d605d) (ScriptedImporter) -> (artifact id: '242b255b7e487a871221f1686131e006') in 0.0118959 seconds
Number of updated asset objects reloaded before import = 0Number of asset objects unloaded after import = 2

========================================================================
Received Import Request.
  Time since last request: 0.000039 seconds.
  path: Assets/Graphisms/Tilesets/SubTiles/Outside_3672.asset
  artifactKey: Guid(70c2bcef71b290f45a74cb73f8569e13) Importer(2089858483,b0f066a214c2f5e87bad3c948f4d605d)
Start importing Assets/Graphisms/Tilesets/SubTiles/Outside_3672.asset using Guid(70c2bcef71b290f45a74cb73f8569e13) Importer(2089858483,b0f066a214c2f5e87bad3c948f4d605d) (ScriptedImporter) -> (artifact id: '79701eff9ee0d7334fb7945f16e41d7c') in 0.0100835 seconds
Number of updated asset objects reloaded before import = 0Number of asset objects unloaded after import = 2

========================================================================
Received Import Request.
  Time since last request: 0.000017 seconds.
  path: Assets/Graphisms/Tilesets/SubTiles/Outside_3221.asset
  artifactKey: Guid(9465bcc293aec11408e0046a9597d862) Importer(2089858483,b0f066a214c2f5e87bad3c948f4d605d)
Start importing Assets/Graphisms/Tilesets/SubTiles/Outside_3221.asset using Guid(9465bcc293aec11408e0046a9597d862) Importer(2089858483,b0f066a214c2f5e87bad3c948f4d605d) (ScriptedImporter) -> (artifact id: '1c190237030ebb8298444a763ef04663') in 0.0146694 seconds
Number of updated asset objects reloaded before import = 0Number of asset objects unloaded after import = 2

========================================================================
Received Import Request.
  Time since last request: 0.694920 seconds.
  path: Assets/Graphisms/Tilesets/SubTiles/Outside_896.asset
  artifactKey: Guid(55e8c6264423c2b4fa53d82780b6a459) Importer(2089858483,b0f066a214c2f5e87bad3c948f4d605d)
Start importing Assets/Graphisms/Tilesets/SubTiles/Outside_896.asset using Guid(55e8c6264423c2b4fa53d82780b6a459) Importer(2089858483,b0f066a214c2f5e87bad3c948f4d605d) (ScriptedImporter) -> (artifact id: 'e42af7048f3093473d90c1d729590c9b') in 0.0152237 seconds
Number of updated asset objects reloaded before import = 0Number of asset objects unloaded after import = 2

========================================================================
Received Import Request.
  Time since last request: 0.000023 seconds.
  path: Assets/Graphisms/Tilesets/SubTiles/Outside_1205.asset
  artifactKey: Guid(d124f131b6b67844d9c42039b6a60105) Importer(2089858483,b0f066a214c2f5e87bad3c948f4d605d)
Start importing Assets/Graphisms/Tilesets/SubTiles/Outside_1205.asset using Guid(d124f131b6b67844d9c42039b6a60105) Importer(2089858483,b0f066a214c2f5e87bad3c948f4d605d) (ScriptedImporter) -> (artifact id: '304a2602b727a696ab426f0b7628cdc8') in 0.010244 seconds
Number of updated asset objects reloaded before import = 0Number of asset objects unloaded after import = 2

========================================================================
Received Import Request.
  Time since last request: 0.000022 seconds.
  path: Assets/Graphisms/Tilesets/SubTiles/Outside_1142.asset
  artifactKey: Guid(5d5c698aa15dc1247a8018a22c3e6b1a) Importer(2089858483,b0f066a214c2f5e87bad3c948f4d605d)
Start importing Assets/Graphisms/Tilesets/SubTiles/Outside_1142.asset using Guid(5d5c698aa15dc1247a8018a22c3e6b1a) Importer(2089858483,b0f066a214c2f5e87bad3c948f4d605d) (ScriptedImporter) -> (artifact id: '568e77619bddda1fd92c316e1ac61512') in 0.0111657 seconds
Number of updated asset objects reloaded before import = 0Number of asset objects unloaded after import = 2

========================================================================
Received Import Request.
  Time since last request: 0.000025 seconds.
  path: Assets/Graphisms/Tilesets/SubTiles/Outside_1960.asset
  artifactKey: Guid(5735db5746d90c1459beed806b685cd4) Importer(2089858483,b0f066a214c2f5e87bad3c948f4d605d)
Start importing Assets/Graphisms/Tilesets/SubTiles/Outside_1960.asset using Guid(5735db5746d90c1459beed806b685cd4) Importer(2089858483,b0f066a214c2f5e87bad3c948f4d605d) (ScriptedImporter) -> (artifact id: '14377cb1eb30585e46dbaa7bdf27b113') in 0.0116616 seconds
Number of updated asset objects reloaded before import = 0Number of asset objects unloaded after import = 2

========================================================================
Received Import Request.
  Time since last request: 0.000041 seconds.
  path: Assets/Graphisms/Tilesets/SubTiles/Outside_3505.asset
  artifactKey: Guid(4190946a3b486ef498aa0c0f1d40f241) Importer(2089858483,b0f066a214c2f5e87bad3c948f4d605d)
Start importing Assets/Graphisms/Tilesets/SubTiles/Outside_3505.asset using Guid(4190946a3b486ef498aa0c0f1d40f241) Importer(2089858483,b0f066a214c2f5e87bad3c948f4d605d) (ScriptedImporter) -> (artifact id: 'ab656598eea616c9e31587c7ba24ba09') in 0.0127178 seconds
Number of updated asset objects reloaded before import = 0Number of asset objects unloaded after import = 2

========================================================================
Received Import Request.
  Time since last request: 0.000026 seconds.
  path: Assets/Graphisms/Tilesets/SubTiles/Outside_2017.asset
  artifactKey: Guid(ffca9492ef42f124aa1320c011f4ffbd) Importer(2089858483,b0f066a214c2f5e87bad3c948f4d605d)
Start importing Assets/Graphisms/Tilesets/SubTiles/Outside_2017.asset using Guid(ffca9492ef42f124aa1320c011f4ffbd) Importer(2089858483,b0f066a214c2f5e87bad3c948f4d605d) (ScriptedImporter) -> (artifact id: '4e8d9c8782061a0c5db316c82e7b45ed') in 0.0104842 seconds
Number of updated asset objects reloaded before import = 0Number of asset objects unloaded after import = 2

========================================================================
Received Import Request.
  Time since last request: 0.000023 seconds.
  path: Assets/Graphisms/Tilesets/SubTiles/Outside_3064.asset
  artifactKey: Guid(58e778b6e3366534f9283c677407dbdf) Importer(2089858483,b0f066a214c2f5e87bad3c948f4d605d)
Start importing Assets/Graphisms/Tilesets/SubTiles/Outside_3064.asset using Guid(58e778b6e3366534f9283c677407dbdf) Importer(2089858483,b0f066a214c2f5e87bad3c948f4d605d) (ScriptedImporter) -> (artifact id: '3a8ab623de2bebab5f0477add6e764cc') in 0.0110254 seconds
Number of updated asset objects reloaded before import = 0Number of asset objects unloaded after import = 2

========================================================================
Received Import Request.
  Time since last request: 0.000020 seconds.
  path: Assets/Graphisms/Tilesets/SubTiles/Outside_3238.asset
  artifactKey: Guid(5a21bc6a1d17c61428ab7fdbb8c287e8) Importer(2089858483,b0f066a214c2f5e87bad3c948f4d605d)
Start importing Assets/Graphisms/Tilesets/SubTiles/Outside_3238.asset using Guid(5a21bc6a1d17c61428ab7fdbb8c287e8) Importer(2089858483,b0f066a214c2f5e87bad3c948f4d605d) (ScriptedImporter) -> (artifact id: '2e956971f35df4908f99b8c0ddb4344b') in 0.0093369 seconds
Number of updated asset objects reloaded before import = 0Number of asset objects unloaded after import = 2

========================================================================
Received Import Request.
  Time since last request: 0.000037 seconds.
  path: Assets/Graphisms/Tilesets/SubTiles/Outside_3581.asset
  artifactKey: Guid(32a1604faf2265a45be44824de6d80a8) Importer(2089858483,b0f066a214c2f5e87bad3c948f4d605d)
Start importing Assets/Graphisms/Tilesets/SubTiles/Outside_3581.asset using Guid(32a1604faf2265a45be44824de6d80a8) Importer(2089858483,b0f066a214c2f5e87bad3c948f4d605d) (ScriptedImporter) -> (artifact id: '98abc4d875cb3a663b6d7fc7e9ed0ce2') in 0.0108442 seconds
Number of updated asset objects reloaded before import = 0Number of asset objects unloaded after import = 2

========================================================================
Received Import Request.
  Time since last request: 0.000029 seconds.
  path: Assets/Graphisms/Tilesets/SubTiles/Outside_1741.asset
  artifactKey: Guid(d548f7ecec9b3b041aabb3cdac04eb68) Importer(2089858483,b0f066a214c2f5e87bad3c948f4d605d)
Start importing Assets/Graphisms/Tilesets/SubTiles/Outside_1741.asset using Guid(d548f7ecec9b3b041aabb3cdac04eb68) Importer(2089858483,b0f066a214c2f5e87bad3c948f4d605d) (ScriptedImporter) -> (artifact id: '718e81828258374f4dfb3fc2c4cc3504') in 0.0105164 seconds
Number of updated asset objects reloaded before import = 0Number of asset objects unloaded after import = 2

========================================================================
Received Import Request.
  Time since last request: 0.000018 seconds.
  path: Assets/Graphisms/Tilesets/SubTiles/Outside_1308.asset
  artifactKey: Guid(722e1e92160febd4b83df7bfde208ce4) Importer(2089858483,b0f066a214c2f5e87bad3c948f4d605d)
Start importing Assets/Graphisms/Tilesets/SubTiles/Outside_1308.asset using Guid(722e1e92160febd4b83df7bfde208ce4) Importer(2089858483,b0f066a214c2f5e87bad3c948f4d605d) (ScriptedImporter) -> (artifact id: 'e44e80a8841a6994b1e12c961a0ca50c') in 0.0105618 seconds
Number of updated asset objects reloaded before import = 0Number of asset objects unloaded after import = 2

========================================================================
Received Import Request.
  Time since last request: 0.000021 seconds.
  path: Assets/Graphisms/Tilesets/SubTiles/Outside_2597.asset
  artifactKey: Guid(0124a499d50baa84aac69bd9ca863ff1) Importer(2089858483,b0f066a214c2f5e87bad3c948f4d605d)
Start importing Assets/Graphisms/Tilesets/SubTiles/Outside_2597.asset using Guid(0124a499d50baa84aac69bd9ca863ff1) Importer(2089858483,b0f066a214c2f5e87bad3c948f4d605d) (ScriptedImporter) -> (artifact id: '659b547cf2a91ee59200c23706e46f8d') in 0.0128713 seconds
Number of updated asset objects reloaded before import = 0Number of asset objects unloaded after import = 2

========================================================================
Received Import Request.
  Time since last request: 0.000035 seconds.
  path: Assets/Graphisms/Tilesets/SubTiles/Outside_1696.asset
  artifactKey: Guid(2e1bc7ec7e9606f41a9ddd85b5ca6078) Importer(2089858483,b0f066a214c2f5e87bad3c948f4d605d)
Start importing Assets/Graphisms/Tilesets/SubTiles/Outside_1696.asset using Guid(2e1bc7ec7e9606f41a9ddd85b5ca6078) Importer(2089858483,b0f066a214c2f5e87bad3c948f4d605d) (ScriptedImporter) -> (artifact id: '4c0d68026b8562294795d0885f561c30') in 0.0102734 seconds
Number of updated asset objects reloaded before import = 0Number of asset objects unloaded after import = 2

========================================================================
Received Import Request.
  Time since last request: 0.000026 seconds.
  path: Assets/Graphisms/Tilesets/SubTiles/Outside_491.asset
  artifactKey: Guid(3d9ef4fe3e92d4f4bbef1fa2d3ca0603) Importer(2089858483,b0f066a214c2f5e87bad3c948f4d605d)
Start importing Assets/Graphisms/Tilesets/SubTiles/Outside_491.asset using Guid(3d9ef4fe3e92d4f4bbef1fa2d3ca0603) Importer(2089858483,b0f066a214c2f5e87bad3c948f4d605d) (ScriptedImporter) -> (artifact id: '1fc32cdf154f24ffd7583ec856d92b31') in 0.0096203 seconds
Number of updated asset objects reloaded before import = 0Number of asset objects unloaded after import = 2

========================================================================
Received Import Request.
  Time since last request: 0.000049 seconds.
  path: Assets/Graphisms/Tilesets/SubTiles/Outside_26.asset
  artifactKey: Guid(6852fc772ab6ea446bd1da7e6ac41b7a) Importer(2089858483,b0f066a214c2f5e87bad3c948f4d605d)
Start importing Assets/Graphisms/Tilesets/SubTiles/Outside_26.asset using Guid(6852fc772ab6ea446bd1da7e6ac41b7a) Importer(2089858483,b0f066a214c2f5e87bad3c948f4d605d) (ScriptedImporter) -> (artifact id: '9593f5f1206fcb9f7a95bf8c73fdf0a7') in 0.0327292 seconds
Number of updated asset objects reloaded before import = 0Number of asset objects unloaded after import = 2

========================================================================
Received Import Request.
  Time since last request: 0.000037 seconds.
  path: Assets/Graphisms/Tilesets/SubTiles/Outside_3065.asset
  artifactKey: Guid(870dc66753581494f94c20d60d1a2096) Importer(2089858483,b0f066a214c2f5e87bad3c948f4d605d)
Start importing Assets/Graphisms/Tilesets/SubTiles/Outside_3065.asset using Guid(870dc66753581494f94c20d60d1a2096) Importer(2089858483,b0f066a214c2f5e87bad3c948f4d605d) (ScriptedImporter) -> (artifact id: '77efaccfbe60a59422ca7b0a7a67b2c8') in 0.013624 seconds
Number of updated asset objects reloaded before import = 0Number of asset objects unloaded after import = 2

========================================================================
Received Import Request.
  Time since last request: 0.000025 seconds.
  path: Assets/Graphisms/Tilesets/SubTiles/Outside_216.asset
  artifactKey: Guid(1a6e44fb4c2117e459adc18251ec82ee) Importer(2089858483,b0f066a214c2f5e87bad3c948f4d605d)
Start importing Assets/Graphisms/Tilesets/SubTiles/Outside_216.asset using Guid(1a6e44fb4c2117e459adc18251ec82ee) Importer(2089858483,b0f066a214c2f5e87bad3c948f4d605d) (ScriptedImporter) -> (artifact id: '2b97de381bfbf79cdbfccc2213b2a916') in 0.1006813 seconds
Number of updated asset objects reloaded before import = 0Number of asset objects unloaded after import = 2

========================================================================
Received Import Request.
  Time since last request: 0.000039 seconds.
  path: Assets/Graphisms/Tilesets/SubTiles/Outside_407.asset
  artifactKey: Guid(c7c670ef1974bb949b2ade7be2a8dfe5) Importer(2089858483,b0f066a214c2f5e87bad3c948f4d605d)
Start importing Assets/Graphisms/Tilesets/SubTiles/Outside_407.asset using Guid(c7c670ef1974bb949b2ade7be2a8dfe5) Importer(2089858483,b0f066a214c2f5e87bad3c948f4d605d) (ScriptedImporter) -> (artifact id: '7f5eea26e3cecdb6fe632cd09d0525e8') in 0.0098187 seconds
Number of updated asset objects reloaded before import = 0Number of asset objects unloaded after import = 2

========================================================================
Received Import Request.
  Time since last request: 0.000031 seconds.
  path: Assets/Graphisms/Tilesets/SubTiles/Outside_3122.asset
  artifactKey: Guid(ca9e33f4a711ca4438c6552a674b8a10) Importer(2089858483,b0f066a214c2f5e87bad3c948f4d605d)
Start importing Assets/Graphisms/Tilesets/SubTiles/Outside_3122.asset using Guid(ca9e33f4a711ca4438c6552a674b8a10) Importer(2089858483,b0f066a214c2f5e87bad3c948f4d605d) (ScriptedImporter) -> (artifact id: '498406d7e4c21b20d8ebe1d53a0c8805') in 0.0275173 seconds
Number of updated asset objects reloaded before import = 0Number of asset objects unloaded after import = 2

========================================================================
Received Import Request.
  Time since last request: 0.000020 seconds.
  path: Assets/Graphisms/Tilesets/SubTiles/Outside_2280.asset
  artifactKey: Guid(3e44e7e5b1f89584492d24568c261527) Importer(2089858483,b0f066a214c2f5e87bad3c948f4d605d)
Start importing Assets/Graphisms/Tilesets/SubTiles/Outside_2280.asset using Guid(3e44e7e5b1f89584492d24568c261527) Importer(2089858483,b0f066a214c2f5e87bad3c948f4d605d) (ScriptedImporter) -> (artifact id: '2b43c23b98ee862b4631eff57638af80') in 0.0112124 seconds
Number of updated asset objects reloaded before import = 0Number of asset objects unloaded after import = 2

========================================================================
Received Import Request.
  Time since last request: 0.000019 seconds.
  path: Assets/Graphisms/Tilesets/SubTiles/Outside_1814.asset
  artifactKey: Guid(1fbc893a846528a4faf04dbe4787223b) Importer(2089858483,b0f066a214c2f5e87bad3c948f4d605d)
Start importing Assets/Graphisms/Tilesets/SubTiles/Outside_1814.asset using Guid(1fbc893a846528a4faf04dbe4787223b) Importer(2089858483,b0f066a214c2f5e87bad3c948f4d605d) (ScriptedImporter) -> (artifact id: 'c254a2d10b1e2e7345984edaefe9d269') in 0.0103323 seconds
Number of updated asset objects reloaded before import = 0Number of asset objects unloaded after import = 2

========================================================================
Received Import Request.
  Time since last request: 0.000021 seconds.
  path: Assets/Graphisms/Tilesets/SubTiles/Outside_1253.asset
  artifactKey: Guid(0212d0b91fd31a44483122ae91bacc74) Importer(2089858483,b0f066a214c2f5e87bad3c948f4d605d)
Start importing Assets/Graphisms/Tilesets/SubTiles/Outside_1253.asset using Guid(0212d0b91fd31a44483122ae91bacc74) Importer(2089858483,b0f066a214c2f5e87bad3c948f4d605d) (ScriptedImporter) -> (artifact id: 'a12f3bee261e609477372aa5b9b878e6') in 0.0170646 seconds
Number of updated asset objects reloaded before import = 0Number of asset objects unloaded after import = 2

========================================================================
Received Import Request.
  Time since last request: 0.000030 seconds.
  path: Assets/Graphisms/Tilesets/SubTiles/Outside_3251.asset
  artifactKey: Guid(23c5febb29a61ec4fbfd54d92f5e11f8) Importer(2089858483,b0f066a214c2f5e87bad3c948f4d605d)
Start importing Assets/Graphisms/Tilesets/SubTiles/Outside_3251.asset using Guid(23c5febb29a61ec4fbfd54d92f5e11f8) Importer(2089858483,b0f066a214c2f5e87bad3c948f4d605d) (ScriptedImporter) -> (artifact id: '6d6f2f9325629043820382a9cc1005a3') in 0.0097474 seconds
Number of updated asset objects reloaded before import = 0Number of asset objects unloaded after import = 2

========================================================================
Received Import Request.
  Time since last request: 0.000040 seconds.
  path: Assets/Graphisms/Tilesets/SubTiles/Outside_3545.asset
  artifactKey: Guid(c8e570b9c75c54f4a91946f7909a1071) Importer(2089858483,b0f066a214c2f5e87bad3c948f4d605d)
Start importing Assets/Graphisms/Tilesets/SubTiles/Outside_3545.asset using Guid(c8e570b9c75c54f4a91946f7909a1071) Importer(2089858483,b0f066a214c2f5e87bad3c948f4d605d) (ScriptedImporter) -> (artifact id: '803d08963f462a94f44086de90a1ce58') in 0.0113888 seconds
Number of updated asset objects reloaded before import = 0Number of asset objects unloaded after import = 2

========================================================================
Received Import Request.
  Time since last request: 0.000020 seconds.
  path: Assets/Graphisms/Tilesets/SubTiles/Outside_602.asset
  artifactKey: Guid(5b714a589cfeb1a48952f6a17eae2347) Importer(2089858483,b0f066a214c2f5e87bad3c948f4d605d)
Start importing Assets/Graphisms/Tilesets/SubTiles/Outside_602.asset using Guid(5b714a589cfeb1a48952f6a17eae2347) Importer(2089858483,b0f066a214c2f5e87bad3c948f4d605d) (ScriptedImporter) -> (artifact id: '4c2ca54d9791da17db409cecdd7d2c5c') in 0.009979 seconds
Number of updated asset objects reloaded before import = 0Number of asset objects unloaded after import = 2

========================================================================
Received Import Request.
  Time since last request: 0.000027 seconds.
  path: Assets/Graphisms/Tilesets/SubTiles/Outside_1887.asset
  artifactKey: Guid(63551fa59cc606a4eb2bbe0c7358e87d) Importer(2089858483,b0f066a214c2f5e87bad3c948f4d605d)
Start importing Assets/Graphisms/Tilesets/SubTiles/Outside_1887.asset using Guid(63551fa59cc606a4eb2bbe0c7358e87d) Importer(2089858483,b0f066a214c2f5e87bad3c948f4d605d) (ScriptedImporter) -> (artifact id: '2503ca19bae9f854463dec4992cba8c6') in 0.0101714 seconds
Number of updated asset objects reloaded before import = 0Number of asset objects unloaded after import = 2

========================================================================
Received Import Request.
  Time since last request: 0.000023 seconds.
  path: Assets/Graphisms/Tilesets/SubTiles/Outside_3603.asset
  artifactKey: Guid(14a0ff8d9041d8e4a8127db6241d9049) Importer(2089858483,b0f066a214c2f5e87bad3c948f4d605d)
Start importing Assets/Graphisms/Tilesets/SubTiles/Outside_3603.asset using Guid(14a0ff8d9041d8e4a8127db6241d9049) Importer(2089858483,b0f066a214c2f5e87bad3c948f4d605d) (ScriptedImporter) -> (artifact id: '71a1a22737c0e364b5623312ecab75a3') in 0.009011 seconds
Number of updated asset objects reloaded before import = 0Number of asset objects unloaded after import = 2

========================================================================
Received Import Request.
  Time since last request: 0.000024 seconds.
  path: Assets/Graphisms/Tilesets/SubTiles/Outside_2193.asset
  artifactKey: Guid(28a6516cefc789044ad9b6f05c40ef04) Importer(2089858483,b0f066a214c2f5e87bad3c948f4d605d)
Start importing Assets/Graphisms/Tilesets/SubTiles/Outside_2193.asset using Guid(28a6516cefc789044ad9b6f05c40ef04) Importer(2089858483,b0f066a214c2f5e87bad3c948f4d605d) (ScriptedImporter) -> (artifact id: 'e912d688987fc9acf31663d00f190645') in 0.3792783 seconds
Number of updated asset objects reloaded before import = 0Number of asset objects unloaded after import = 2

========================================================================
Received Import Request.
  Time since last request: 0.000042 seconds.
  path: Assets/Graphisms/Tilesets/SubTiles/Outside_3651.asset
  artifactKey: Guid(e57e0bad42968484a9ef1cbe49172723) Importer(2089858483,b0f066a214c2f5e87bad3c948f4d605d)
Start importing Assets/Graphisms/Tilesets/SubTiles/Outside_3651.asset using Guid(e57e0bad42968484a9ef1cbe49172723) Importer(2089858483,b0f066a214c2f5e87bad3c948f4d605d) (ScriptedImporter) -> (artifact id: '14b54ce3d98a6c0c7e825a4a023b3581') in 0.0280686 seconds
Number of updated asset objects reloaded before import = 0Number of asset objects unloaded after import = 2

========================================================================
Received Import Request.
  Time since last request: 0.000020 seconds.
  path: Assets/Graphisms/Tilesets/SubTiles/Outside_3513.asset
  artifactKey: Guid(8b55a61f73dd72544bccf9ef07dd4797) Importer(2089858483,b0f066a214c2f5e87bad3c948f4d605d)
Start importing Assets/Graphisms/Tilesets/SubTiles/Outside_3513.asset using Guid(8b55a61f73dd72544bccf9ef07dd4797) Importer(2089858483,b0f066a214c2f5e87bad3c948f4d605d) (ScriptedImporter) -> (artifact id: 'c9fac6245857dad4d46cfc6194515731') in 0.0104456 seconds
Number of updated asset objects reloaded before import = 0Number of asset objects unloaded after import = 2

========================================================================
Received Import Request.
  Time since last request: 0.000025 seconds.
  path: Assets/Graphisms/Tilesets/SubTiles/Outside_537.asset
  artifactKey: Guid(815a498e45e932844b8cd7b073585d74) Importer(2089858483,b0f066a214c2f5e87bad3c948f4d605d)
Start importing Assets/Graphisms/Tilesets/SubTiles/Outside_537.asset using Guid(815a498e45e932844b8cd7b073585d74) Importer(2089858483,b0f066a214c2f5e87bad3c948f4d605d) (ScriptedImporter) -> (artifact id: '35d6d17efb6d46360fd21e09827ae243') in 0.1331913 seconds
Number of updated asset objects reloaded before import = 0Number of asset objects unloaded after import = 2

========================================================================
Received Import Request.
  Time since last request: 0.000026 seconds.
  path: Assets/Graphisms/Tilesets/SubTiles/Outside_3395.asset
  artifactKey: Guid(6cca720ed4d164e4b9b6f7c5ba4f0d9a) Importer(2089858483,b0f066a214c2f5e87bad3c948f4d605d)
Start importing Assets/Graphisms/Tilesets/SubTiles/Outside_3395.asset using Guid(6cca720ed4d164e4b9b6f7c5ba4f0d9a) Importer(2089858483,b0f066a214c2f5e87bad3c948f4d605d) (ScriptedImporter) -> (artifact id: 'f04bd9d8057342479c5fe2f747ec42e8') in 0.009832 seconds
Number of updated asset objects reloaded before import = 0Number of asset objects unloaded after import = 2

========================================================================
Received Import Request.
  Time since last request: 0.000032 seconds.
  path: Assets/Graphisms/Tilesets/SubTiles/Outside_341.asset
  artifactKey: Guid(503acf96b279ca14da83ea721c786fa6) Importer(2089858483,b0f066a214c2f5e87bad3c948f4d605d)
Start importing Assets/Graphisms/Tilesets/SubTiles/Outside_341.asset using Guid(503acf96b279ca14da83ea721c786fa6) Importer(2089858483,b0f066a214c2f5e87bad3c948f4d605d) (ScriptedImporter) -> (artifact id: 'ac885b087797daab75b4e2570c97cd79') in 0.0328476 seconds
Number of updated asset objects reloaded before import = 0Number of asset objects unloaded after import = 2

========================================================================
Received Import Request.
  Time since last request: 0.000029 seconds.
  path: Assets/Graphisms/Tilesets/SubTiles/Outside_3540.asset
  artifactKey: Guid(cabb3d51ab3924e43a71822edf7d2614) Importer(2089858483,b0f066a214c2f5e87bad3c948f4d605d)
Start importing Assets/Graphisms/Tilesets/SubTiles/Outside_3540.asset using Guid(cabb3d51ab3924e43a71822edf7d2614) Importer(2089858483,b0f066a214c2f5e87bad3c948f4d605d) (ScriptedImporter) -> (artifact id: 'b285fa175658675bf9c90f485fa7c7ef') in 0.009615 seconds
Number of updated asset objects reloaded before import = 0Number of asset objects unloaded after import = 2

========================================================================
Received Import Request.
  Time since last request: 0.000023 seconds.
  path: Assets/Graphisms/Tilesets/SubTiles/Outside_534.asset
  artifactKey: Guid(c9733a1669315a5418c565a0c3b736b4) Importer(2089858483,b0f066a214c2f5e87bad3c948f4d605d)
Start importing Assets/Graphisms/Tilesets/SubTiles/Outside_534.asset using Guid(c9733a1669315a5418c565a0c3b736b4) Importer(2089858483,b0f066a214c2f5e87bad3c948f4d605d) (ScriptedImporter) -> (artifact id: '9485096eb618ea953c33804fdc6e163a') in 0.0111741 seconds
Number of updated asset objects reloaded before import = 0Number of asset objects unloaded after import = 2

========================================================================
Received Import Request.
  Time since last request: 0.000032 seconds.
  path: Assets/Graphisms/Tilesets/SubTiles/Outside_1941.asset
  artifactKey: Guid(09a2ec8b50291f04c8f5648b8b872788) Importer(2089858483,b0f066a214c2f5e87bad3c948f4d605d)
Start importing Assets/Graphisms/Tilesets/SubTiles/Outside_1941.asset using Guid(09a2ec8b50291f04c8f5648b8b872788) Importer(2089858483,b0f066a214c2f5e87bad3c948f4d605d) (ScriptedImporter) -> (artifact id: '7e8c9c0f903bade7b739eeb845e4a4ca') in 0.00952 seconds
Number of updated asset objects reloaded before import = 0Number of asset objects unloaded after import = 2

========================================================================
Received Import Request.
  Time since last request: 0.000036 seconds.
  path: Assets/Graphisms/Tilesets/SubTiles/Outside_2790.asset
  artifactKey: Guid(859d967fec0cfc7409c4355d157daf8e) Importer(2089858483,b0f066a214c2f5e87bad3c948f4d605d)
Start importing Assets/Graphisms/Tilesets/SubTiles/Outside_2790.asset using Guid(859d967fec0cfc7409c4355d157daf8e) Importer(2089858483,b0f066a214c2f5e87bad3c948f4d605d) (ScriptedImporter) -> (artifact id: '5e350ba281a6563f6d289290c2a0ceda') in 0.0096347 seconds
Number of updated asset objects reloaded before import = 0Number of asset objects unloaded after import = 2

========================================================================
Received Import Request.
  Time since last request: 0.000022 seconds.
  path: Assets/Graphisms/Tilesets/SubTiles/Outside_3382.asset
  artifactKey: Guid(d186430f130438940ac5cba592ae63c7) Importer(2089858483,b0f066a214c2f5e87bad3c948f4d605d)
Start importing Assets/Graphisms/Tilesets/SubTiles/Outside_3382.asset using Guid(d186430f130438940ac5cba592ae63c7) Importer(2089858483,b0f066a214c2f5e87bad3c948f4d605d) (ScriptedImporter) -> (artifact id: 'f46f7627125d571cb1bf88be32886b61') in 0.0092691 seconds
Number of updated asset objects reloaded before import = 0Number of asset objects unloaded after import = 2

========================================================================
Received Import Request.
  Time since last request: 0.000018 seconds.
  path: Assets/Graphisms/Tilesets/SubTiles/Outside_3425.asset
  artifactKey: Guid(881e3b57f33a6494f80c153dfa616c64) Importer(2089858483,b0f066a214c2f5e87bad3c948f4d605d)
Start importing Assets/Graphisms/Tilesets/SubTiles/Outside_3425.asset using Guid(881e3b57f33a6494f80c153dfa616c64) Importer(2089858483,b0f066a214c2f5e87bad3c948f4d605d) (ScriptedImporter) -> (artifact id: '13a2e631e5cc35964d208485fdc4f67c') in 0.0102554 seconds
Number of updated asset objects reloaded before import = 0Number of asset objects unloaded after import = 2

========================================================================
Received Import Request.
  Time since last request: 0.000018 seconds.
  path: Assets/Graphisms/Tilesets/SubTiles/Outside_599.asset
  artifactKey: Guid(12c1fbefa7d83524a94d09695ee59d26) Importer(2089858483,b0f066a214c2f5e87bad3c948f4d605d)
Start importing Assets/Graphisms/Tilesets/SubTiles/Outside_599.asset using Guid(12c1fbefa7d83524a94d09695ee59d26) Importer(2089858483,b0f066a214c2f5e87bad3c948f4d605d) (ScriptedImporter) -> (artifact id: '5172da104e6e44f54b69aebe6ab81d0d') in 0.0106136 seconds
Number of updated asset objects reloaded before import = 0Number of asset objects unloaded after import = 2

========================================================================
Received Import Request.
  Time since last request: 0.000024 seconds.
  path: Assets/Graphisms/Tilesets/SubTiles/Outside_1450.asset
  artifactKey: Guid(53a28f23c2c0e4843b826b3d44374f8b) Importer(2089858483,b0f066a214c2f5e87bad3c948f4d605d)
Start importing Assets/Graphisms/Tilesets/SubTiles/Outside_1450.asset using Guid(53a28f23c2c0e4843b826b3d44374f8b) Importer(2089858483,b0f066a214c2f5e87bad3c948f4d605d) (ScriptedImporter) -> (artifact id: '94d68d7f1777ab5a24477ce3eb376a35') in 0.009956 seconds
Number of updated asset objects reloaded before import = 0Number of asset objects unloaded after import = 2

========================================================================
Received Import Request.
  Time since last request: 0.000043 seconds.
  path: Assets/Graphisms/Tilesets/SubTiles/Outside_560.asset
  artifactKey: Guid(6b6a2351a22cfc04dadcfeeebae32c09) Importer(2089858483,b0f066a214c2f5e87bad3c948f4d605d)
Start importing Assets/Graphisms/Tilesets/SubTiles/Outside_560.asset using Guid(6b6a2351a22cfc04dadcfeeebae32c09) Importer(2089858483,b0f066a214c2f5e87bad3c948f4d605d) (ScriptedImporter) -> (artifact id: '14d7d47ddae94644b7a3e1042f0dc989') in 0.0105106 seconds
Number of updated asset objects reloaded before import = 0Number of asset objects unloaded after import = 2

========================================================================
Received Import Request.
  Time since last request: 0.000020 seconds.
  path: Assets/Graphisms/Tilesets/SubTiles/Outside_3953.asset
  artifactKey: Guid(c36d369d29d1c2243b5769563346611e) Importer(2089858483,b0f066a214c2f5e87bad3c948f4d605d)
Start importing Assets/Graphisms/Tilesets/SubTiles/Outside_3953.asset using Guid(c36d369d29d1c2243b5769563346611e) Importer(2089858483,b0f066a214c2f5e87bad3c948f4d605d) (ScriptedImporter) -> (artifact id: '6a5790d0bb64ae09e39df16f57c82078') in 0.0106714 seconds
Number of updated asset objects reloaded before import = 0Number of asset objects unloaded after import = 2

========================================================================
Received Import Request.
  Time since last request: 0.000021 seconds.
  path: Assets/Graphisms/Tilesets/SubTiles/Outside_1327.asset
  artifactKey: Guid(a20944a39be5e9046905e0833cebb599) Importer(2089858483,b0f066a214c2f5e87bad3c948f4d605d)
Start importing Assets/Graphisms/Tilesets/SubTiles/Outside_1327.asset using Guid(a20944a39be5e9046905e0833cebb599) Importer(2089858483,b0f066a214c2f5e87bad3c948f4d605d) (ScriptedImporter) -> (artifact id: '1b976c03f554c19dfa3ab5601bfe9e4f') in 0.0093564 seconds
Number of updated asset objects reloaded before import = 0Number of asset objects unloaded after import = 2

========================================================================
Received Import Request.
  Time since last request: 0.000020 seconds.
  path: Assets/Graphisms/Tilesets/SubTiles/Outside_2214.asset
  artifactKey: Guid(1264f97871ef5224abcbc28643871d88) Importer(2089858483,b0f066a214c2f5e87bad3c948f4d605d)
Start importing Assets/Graphisms/Tilesets/SubTiles/Outside_2214.asset using Guid(1264f97871ef5224abcbc28643871d88) Importer(2089858483,b0f066a214c2f5e87bad3c948f4d605d) (ScriptedImporter) -> (artifact id: 'd9fb46efc1ccba7c921b91fa855bbb92') in 0.0092808 seconds
Number of updated asset objects reloaded before import = 0Number of asset objects unloaded after import = 2

========================================================================
Received Import Request.
  Time since last request: 0.000027 seconds.
  path: Assets/Graphisms/Tilesets/SubTiles/Outside_611.asset
  artifactKey: Guid(133d81302a6bf0c4097fc5cd4514fff8) Importer(2089858483,b0f066a214c2f5e87bad3c948f4d605d)
Start importing Assets/Graphisms/Tilesets/SubTiles/Outside_611.asset using Guid(133d81302a6bf0c4097fc5cd4514fff8) Importer(2089858483,b0f066a214c2f5e87bad3c948f4d605d) (ScriptedImporter) -> (artifact id: 'edc0f64030aa848857f7b75a6f797bcf') in 0.0121814 seconds
Number of updated asset objects reloaded before import = 0Number of asset objects unloaded after import = 2

========================================================================
Received Import Request.
  Time since last request: 0.000037 seconds.
  path: Assets/Graphisms/Tilesets/SubTiles/Outside_2562.asset
  artifactKey: Guid(ea6f399f67a201948a305e1bc5a8dd03) Importer(2089858483,b0f066a214c2f5e87bad3c948f4d605d)
Start importing Assets/Graphisms/Tilesets/SubTiles/Outside_2562.asset using Guid(ea6f399f67a201948a305e1bc5a8dd03) Importer(2089858483,b0f066a214c2f5e87bad3c948f4d605d) (ScriptedImporter) -> (artifact id: '2d2e81a2ef1f0e76e03b985183225316') in 0.0102863 seconds
Number of updated asset objects reloaded before import = 0Number of asset objects unloaded after import = 2

========================================================================
Received Import Request.
  Time since last request: 0.000035 seconds.
  path: Assets/Graphisms/Tilesets/SubTiles/Outside_1561.asset
  artifactKey: Guid(27a7d218cfc1f79408ac8ebb8a775f7c) Importer(2089858483,b0f066a214c2f5e87bad3c948f4d605d)
Start importing Assets/Graphisms/Tilesets/SubTiles/Outside_1561.asset using Guid(27a7d218cfc1f79408ac8ebb8a775f7c) Importer(2089858483,b0f066a214c2f5e87bad3c948f4d605d) (ScriptedImporter) -> (artifact id: 'd19ff9b125ab5c41ac45ab5740d45201') in 0.0277005 seconds
Number of updated asset objects reloaded before import = 0Number of asset objects unloaded after import = 2

========================================================================
Received Import Request.
  Time since last request: 0.000024 seconds.
  path: Assets/Graphisms/Tilesets/SubTiles/Outside_2975.asset
  artifactKey: Guid(f88c8e8b39c970046abc595a8f2cd423) Importer(2089858483,b0f066a214c2f5e87bad3c948f4d605d)
Start importing Assets/Graphisms/Tilesets/SubTiles/Outside_2975.asset using Guid(f88c8e8b39c970046abc595a8f2cd423) Importer(2089858483,b0f066a214c2f5e87bad3c948f4d605d) (ScriptedImporter) -> (artifact id: 'a6a2cbe01a288c53d044f4fecea9952b') in 0.0106874 seconds
Number of updated asset objects reloaded before import = 0Number of asset objects unloaded after import = 2

========================================================================
Received Import Request.
  Time since last request: 0.000018 seconds.
  path: Assets/Graphisms/Tilesets/SubTiles/Outside_866.asset
  artifactKey: Guid(f8328111b04e63846a2c2a269eba20da) Importer(2089858483,b0f066a214c2f5e87bad3c948f4d605d)
Start importing Assets/Graphisms/Tilesets/SubTiles/Outside_866.asset using Guid(f8328111b04e63846a2c2a269eba20da) Importer(2089858483,b0f066a214c2f5e87bad3c948f4d605d) (ScriptedImporter) -> (artifact id: 'ee1f1c1fda237a1e10e4f9686d7b4a4e') in 0.0094946 seconds
Number of updated asset objects reloaded before import = 0Number of asset objects unloaded after import = 2

========================================================================
Received Import Request.
  Time since last request: 0.000033 seconds.
  path: Assets/Graphisms/Tilesets/SubTiles/Outside_421.asset
  artifactKey: Guid(30c5e08a48e07344f9e0876160e712ac) Importer(2089858483,b0f066a214c2f5e87bad3c948f4d605d)
Start importing Assets/Graphisms/Tilesets/SubTiles/Outside_421.asset using Guid(30c5e08a48e07344f9e0876160e712ac) Importer(2089858483,b0f066a214c2f5e87bad3c948f4d605d) (ScriptedImporter) -> (artifact id: 'ddf964a482afc5074b070bea58cea54a') in 0.0104408 seconds
Number of updated asset objects reloaded before import = 0Number of asset objects unloaded after import = 2

========================================================================
Received Import Request.
  Time since last request: 0.000032 seconds.
  path: Assets/Graphisms/Tilesets/SubTiles/Outside_2464.asset
  artifactKey: Guid(84f13a9e472a40f45a846d99771c2dff) Importer(2089858483,b0f066a214c2f5e87bad3c948f4d605d)
Start importing Assets/Graphisms/Tilesets/SubTiles/Outside_2464.asset using Guid(84f13a9e472a40f45a846d99771c2dff) Importer(2089858483,b0f066a214c2f5e87bad3c948f4d605d) (ScriptedImporter) -> (artifact id: 'b198200dc944f9fd48138ae5abd91171') in 0.0111779 seconds
Number of updated asset objects reloaded before import = 0Number of asset objects unloaded after import = 2

========================================================================
Received Import Request.
  Time since last request: 0.000029 seconds.
  path: Assets/Graphisms/Tilesets/SubTiles/Outside_3449.asset
  artifactKey: Guid(f5e3728fd71aeb946a0750b0f12aa109) Importer(2089858483,b0f066a214c2f5e87bad3c948f4d605d)
Start importing Assets/Graphisms/Tilesets/SubTiles/Outside_3449.asset using Guid(f5e3728fd71aeb946a0750b0f12aa109) Importer(2089858483,b0f066a214c2f5e87bad3c948f4d605d) (ScriptedImporter) -> (artifact id: '29e03442eaf9dfdb0bb32a1a0e0cef84') in 0.0163783 seconds
Number of updated asset objects reloaded before import = 0Number of asset objects unloaded after import = 2

========================================================================
Received Import Request.
  Time since last request: 0.000031 seconds.
  path: Assets/Graphisms/Tilesets/SubTiles/Outside_2592.asset
  artifactKey: Guid(7c95671c942731c4ca3fa13b993e81db) Importer(2089858483,b0f066a214c2f5e87bad3c948f4d605d)
Start importing Assets/Graphisms/Tilesets/SubTiles/Outside_2592.asset using Guid(7c95671c942731c4ca3fa13b993e81db) Importer(2089858483,b0f066a214c2f5e87bad3c948f4d605d) (ScriptedImporter) -> (artifact id: '8dbd86fa08e867590b83f0dc3e322275') in 0.0108824 seconds
Number of updated asset objects reloaded before import = 0Number of asset objects unloaded after import = 2

========================================================================
Received Import Request.
  Time since last request: 0.000022 seconds.
  path: Assets/Graphisms/Tilesets/SubTiles/Outside_401.asset
  artifactKey: Guid(842f4d1efe56c3749a0cb31d932ffdd1) Importer(2089858483,b0f066a214c2f5e87bad3c948f4d605d)
Start importing Assets/Graphisms/Tilesets/SubTiles/Outside_401.asset using Guid(842f4d1efe56c3749a0cb31d932ffdd1) Importer(2089858483,b0f066a214c2f5e87bad3c948f4d605d) (ScriptedImporter) -> (artifact id: '9369296038b0ee57fa604232895638d0') in 0.0126764 seconds
Number of updated asset objects reloaded before import = 0Number of asset objects unloaded after import = 2

========================================================================
Received Import Request.
  Time since last request: 0.000054 seconds.
  path: Assets/Graphisms/Tilesets/SubTiles/Outside_1529.asset
  artifactKey: Guid(381f7fc24fe1f86468aa849d3b85ae75) Importer(2089858483,b0f066a214c2f5e87bad3c948f4d605d)
Start importing Assets/Graphisms/Tilesets/SubTiles/Outside_1529.asset using Guid(381f7fc24fe1f86468aa849d3b85ae75) Importer(2089858483,b0f066a214c2f5e87bad3c948f4d605d) (ScriptedImporter) -> (artifact id: '6f9aeec85fadb414c850331a85927a2e') in 0.0115672 seconds
Number of updated asset objects reloaded before import = 0Number of asset objects unloaded after import = 2

========================================================================
Received Import Request.
  Time since last request: 0.000023 seconds.
  path: Assets/Graphisms/Tilesets/SubTiles/Outside_1143.asset
  artifactKey: Guid(ffe5388e30572ea4f82de792252e1558) Importer(2089858483,b0f066a214c2f5e87bad3c948f4d605d)
Start importing Assets/Graphisms/Tilesets/SubTiles/Outside_1143.asset using Guid(ffe5388e30572ea4f82de792252e1558) Importer(2089858483,b0f066a214c2f5e87bad3c948f4d605d) (ScriptedImporter) -> (artifact id: '348f110aafecfce62f7c1828e8b302d2') in 0.0102898 seconds
Number of updated asset objects reloaded before import = 0Number of asset objects unloaded after import = 2

========================================================================
Received Import Request.
  Time since last request: 0.000022 seconds.
  path: Assets/Graphisms/Tilesets/SubTiles/Outside_1676.asset
  artifactKey: Guid(86ff88648a7a50646bb606b4dc1a14e5) Importer(2089858483,b0f066a214c2f5e87bad3c948f4d605d)
Start importing Assets/Graphisms/Tilesets/SubTiles/Outside_1676.asset using Guid(86ff88648a7a50646bb606b4dc1a14e5) Importer(2089858483,b0f066a214c2f5e87bad3c948f4d605d) (ScriptedImporter) -> (artifact id: 'c9ef4129106200aee196cbc5626caff5') in 0.0097286 seconds
Number of updated asset objects reloaded before import = 0Number of asset objects unloaded after import = 2

========================================================================
Received Import Request.
  Time since last request: 0.000027 seconds.
  path: Assets/Graphisms/Tilesets/SubTiles/Outside_2818.asset
  artifactKey: Guid(22f0edb14638080478d6cd4f1408ab86) Importer(2089858483,b0f066a214c2f5e87bad3c948f4d605d)
Start importing Assets/Graphisms/Tilesets/SubTiles/Outside_2818.asset using Guid(22f0edb14638080478d6cd4f1408ab86) Importer(2089858483,b0f066a214c2f5e87bad3c948f4d605d) (ScriptedImporter) -> (artifact id: '1b1fb383f6f5614dbcd24241d481e83d') in 0.0136194 seconds
Number of updated asset objects reloaded before import = 0Number of asset objects unloaded after import = 2

========================================================================
Received Import Request.
  Time since last request: 0.000043 seconds.
  path: Assets/Graphisms/Tilesets/SubTiles/Outside_3300.asset
  artifactKey: Guid(8a98e65dabbc7d544913b77616413604) Importer(2089858483,b0f066a214c2f5e87bad3c948f4d605d)
Start importing Assets/Graphisms/Tilesets/SubTiles/Outside_3300.asset using Guid(8a98e65dabbc7d544913b77616413604) Importer(2089858483,b0f066a214c2f5e87bad3c948f4d605d) (ScriptedImporter) -> (artifact id: '60b76d7859095f582571f57d5690c687') in 0.010227 seconds
Number of updated asset objects reloaded before import = 0Number of asset objects unloaded after import = 2

========================================================================
Received Import Request.
  Time since last request: 0.000047 seconds.
  path: Assets/Graphisms/Tilesets/SubTiles/Outside_2192.asset
  artifactKey: Guid(f45d86404930e614fa9304cc291caa7c) Importer(2089858483,b0f066a214c2f5e87bad3c948f4d605d)
Start importing Assets/Graphisms/Tilesets/SubTiles/Outside_2192.asset using Guid(f45d86404930e614fa9304cc291caa7c) Importer(2089858483,b0f066a214c2f5e87bad3c948f4d605d) (ScriptedImporter) -> (artifact id: '93395acc6eaad29afba76d047136cec8') in 0.027 seconds
Number of updated asset objects reloaded before import = 0Number of asset objects unloaded after import = 2

========================================================================
Received Import Request.
  Time since last request: 0.000022 seconds.
  path: Assets/Graphisms/Tilesets/SubTiles/Outside_3012.asset
  artifactKey: Guid(5404fc7ee90a8f34ba5ffeb43e1a5c4c) Importer(2089858483,b0f066a214c2f5e87bad3c948f4d605d)
Start importing Assets/Graphisms/Tilesets/SubTiles/Outside_3012.asset using Guid(5404fc7ee90a8f34ba5ffeb43e1a5c4c) Importer(2089858483,b0f066a214c2f5e87bad3c948f4d605d) (ScriptedImporter) -> (artifact id: '19f65510c1465377da4f4a1a3476a385') in 0.0085148 seconds
Number of updated asset objects reloaded before import = 0Number of asset objects unloaded after import = 2

========================================================================
Received Import Request.
  Time since last request: 0.000020 seconds.
  path: Assets/Graphisms/Tilesets/SubTiles/Outside_990.asset
  artifactKey: Guid(7470137008085364cb92d53b9892844e) Importer(2089858483,b0f066a214c2f5e87bad3c948f4d605d)
Start importing Assets/Graphisms/Tilesets/SubTiles/Outside_990.asset using Guid(7470137008085364cb92d53b9892844e) Importer(2089858483,b0f066a214c2f5e87bad3c948f4d605d) (ScriptedImporter) -> (artifact id: '06d0f5776e306c1648e306a04b8127e8') in 0.0234043 seconds
Number of updated asset objects reloaded before import = 0Number of asset objects unloaded after import = 2

========================================================================
Received Import Request.
  Time since last request: 0.000030 seconds.
  path: Assets/Graphisms/Tilesets/SubTiles/Outside_832.asset
  artifactKey: Guid(e6adb57687344c84684b76326ecd44ab) Importer(2089858483,b0f066a214c2f5e87bad3c948f4d605d)
Start importing Assets/Graphisms/Tilesets/SubTiles/Outside_832.asset using Guid(e6adb57687344c84684b76326ecd44ab) Importer(2089858483,b0f066a214c2f5e87bad3c948f4d605d) (ScriptedImporter) -> (artifact id: '0a485f78dcfd7f4510ad9e8113203f0c') in 0.009979 seconds
Number of updated asset objects reloaded before import = 0Number of asset objects unloaded after import = 2

========================================================================
Received Import Request.
  Time since last request: 0.000038 seconds.
  path: Assets/Graphisms/Tilesets/SubTiles/Outside_3893.asset
  artifactKey: Guid(68b5659ade2616044aa1976fd8f2b95a) Importer(2089858483,b0f066a214c2f5e87bad3c948f4d605d)
Start importing Assets/Graphisms/Tilesets/SubTiles/Outside_3893.asset using Guid(68b5659ade2616044aa1976fd8f2b95a) Importer(2089858483,b0f066a214c2f5e87bad3c948f4d605d) (ScriptedImporter) -> (artifact id: '3ecc69537b677a2d99ab80ccf799f36e') in 0.010168 seconds
Number of updated asset objects reloaded before import = 0Number of asset objects unloaded after import = 2

========================================================================
Received Import Request.
  Time since last request: 0.000022 seconds.
  path: Assets/Graphisms/Tilesets/SubTiles/Outside_306.asset
  artifactKey: Guid(ff7dcb3d232c63f44b82df6098f2e90d) Importer(2089858483,b0f066a214c2f5e87bad3c948f4d605d)
Start importing Assets/Graphisms/Tilesets/SubTiles/Outside_306.asset using Guid(ff7dcb3d232c63f44b82df6098f2e90d) Importer(2089858483,b0f066a214c2f5e87bad3c948f4d605d) (ScriptedImporter) -> (artifact id: 'e26303c8bde6cc895e71f7cfd9dd66d0') in 0.0104921 seconds
Number of updated asset objects reloaded before import = 0Number of asset objects unloaded after import = 2

========================================================================
Received Import Request.
  Time since last request: 0.000019 seconds.
  path: Assets/Graphisms/Tilesets/SubTiles/Outside_1643.asset
  artifactKey: Guid(bcb32023e442e464f9a7af4b6fbcbcef) Importer(2089858483,b0f066a214c2f5e87bad3c948f4d605d)
Start importing Assets/Graphisms/Tilesets/SubTiles/Outside_1643.asset using Guid(bcb32023e442e464f9a7af4b6fbcbcef) Importer(2089858483,b0f066a214c2f5e87bad3c948f4d605d) (ScriptedImporter) -> (artifact id: '3e0e82be7e4e5098f5f8d0d444150134') in 0.0106124 seconds
Number of updated asset objects reloaded before import = 0Number of asset objects unloaded after import = 2

========================================================================
Received Import Request.
  Time since last request: 0.000026 seconds.
  path: Assets/Graphisms/Tilesets/SubTiles/Outside_3283.asset
  artifactKey: Guid(e548a9faaae972f4191b6fefcaaea5ba) Importer(2089858483,b0f066a214c2f5e87bad3c948f4d605d)
Start importing Assets/Graphisms/Tilesets/SubTiles/Outside_3283.asset using Guid(e548a9faaae972f4191b6fefcaaea5ba) Importer(2089858483,b0f066a214c2f5e87bad3c948f4d605d) (ScriptedImporter) -> (artifact id: 'c02447e2cb1b7de983b95ab341500355') in 0.0093795 seconds
Number of updated asset objects reloaded before import = 0Number of asset objects unloaded after import = 2

========================================================================
Received Import Request.
  Time since last request: 0.000026 seconds.
  path: Assets/Graphisms/Tilesets/SubTiles/Outside_2385.asset
  artifactKey: Guid(d468b8eb7239b7f40949ab236394098e) Importer(2089858483,b0f066a214c2f5e87bad3c948f4d605d)
Start importing Assets/Graphisms/Tilesets/SubTiles/Outside_2385.asset using Guid(d468b8eb7239b7f40949ab236394098e) Importer(2089858483,b0f066a214c2f5e87bad3c948f4d605d) (ScriptedImporter) -> (artifact id: '99f5450fbe7fa175fc085e4cdd4089fa') in 0.0104225 seconds
Number of updated asset objects reloaded before import = 0Number of asset objects unloaded after import = 2

========================================================================
Received Import Request.
  Time since last request: 0.000044 seconds.
  path: Assets/Graphisms/Tilesets/SubTiles/Outside_993.asset
  artifactKey: Guid(680713dba928ab44291ba6bbd2ed0816) Importer(2089858483,b0f066a214c2f5e87bad3c948f4d605d)
Start importing Assets/Graphisms/Tilesets/SubTiles/Outside_993.asset using Guid(680713dba928ab44291ba6bbd2ed0816) Importer(2089858483,b0f066a214c2f5e87bad3c948f4d605d) (ScriptedImporter) -> (artifact id: 'ea2b57de770f6429c72c5300f88e0381') in 0.0095111 seconds
Number of updated asset objects reloaded before import = 0Number of asset objects unloaded after import = 2

========================================================================
Received Import Request.
  Time since last request: 0.000023 seconds.
  path: Assets/Graphisms/Tilesets/SubTiles/Outside_3871.asset
  artifactKey: Guid(ebcddc300b2b3c14e8789df1c68811c2) Importer(2089858483,b0f066a214c2f5e87bad3c948f4d605d)
Start importing Assets/Graphisms/Tilesets/SubTiles/Outside_3871.asset using Guid(ebcddc300b2b3c14e8789df1c68811c2) Importer(2089858483,b0f066a214c2f5e87bad3c948f4d605d) (ScriptedImporter) -> (artifact id: 'fa31083f8736ee068995fb657a0fbef0') in 0.0115465 seconds
Number of updated asset objects reloaded before import = 0Number of asset objects unloaded after import = 2

========================================================================
Received Import Request.
  Time since last request: 0.000021 seconds.
  path: Assets/Graphisms/Tilesets/SubTiles/Outside_2940.asset
  artifactKey: Guid(ded9defba44b6034a97a9cb21973652e) Importer(2089858483,b0f066a214c2f5e87bad3c948f4d605d)
Start importing Assets/Graphisms/Tilesets/SubTiles/Outside_2940.asset using Guid(ded9defba44b6034a97a9cb21973652e) Importer(2089858483,b0f066a214c2f5e87bad3c948f4d605d) (ScriptedImporter) -> (artifact id: 'fbc367d0510e909eacfe5e007852fbc8') in 0.0100299 seconds
Number of updated asset objects reloaded before import = 0Number of asset objects unloaded after import = 2

========================================================================
Received Import Request.
  Time since last request: 0.000019 seconds.
  path: Assets/Graphisms/Tilesets/SubTiles/Outside_3813.asset
  artifactKey: Guid(4439dd33b074315428304b3d9cb231a9) Importer(2089858483,b0f066a214c2f5e87bad3c948f4d605d)
Start importing Assets/Graphisms/Tilesets/SubTiles/Outside_3813.asset using Guid(4439dd33b074315428304b3d9cb231a9) Importer(2089858483,b0f066a214c2f5e87bad3c948f4d605d) (ScriptedImporter) -> (artifact id: 'e0c0668a028c5d8ebde5422c932cc179') in 0.0105068 seconds
Number of updated asset objects reloaded before import = 0Number of asset objects unloaded after import = 2

========================================================================
Received Import Request.
  Time since last request: 0.000023 seconds.
  path: Assets/Graphisms/Tilesets/SubTiles/Outside_617.asset
  artifactKey: Guid(3b6a4644dea91cc4480aa609bce8b12d) Importer(2089858483,b0f066a214c2f5e87bad3c948f4d605d)
Start importing Assets/Graphisms/Tilesets/SubTiles/Outside_617.asset using Guid(3b6a4644dea91cc4480aa609bce8b12d) Importer(2089858483,b0f066a214c2f5e87bad3c948f4d605d) (ScriptedImporter) -> (artifact id: 'c1c6553cc862c1dd8ab2a95f7af82dae') in 0.0089617 seconds
Number of updated asset objects reloaded before import = 0Number of asset objects unloaded after import = 2

========================================================================
Received Import Request.
  Time since last request: 0.000042 seconds.
  path: Assets/Graphisms/Tilesets/SubTiles/Outside_3725.asset
  artifactKey: Guid(27767cb84b312a440aec8e932fd840a9) Importer(2089858483,b0f066a214c2f5e87bad3c948f4d605d)
Start importing Assets/Graphisms/Tilesets/SubTiles/Outside_3725.asset using Guid(27767cb84b312a440aec8e932fd840a9) Importer(2089858483,b0f066a214c2f5e87bad3c948f4d605d) (ScriptedImporter) -> (artifact id: '0d69603b4211371dcf871c5eb5338cfc') in 0.009587 seconds
Number of updated asset objects reloaded before import = 0Number of asset objects unloaded after import = 2

========================================================================
Received Import Request.
  Time since last request: 0.000022 seconds.
  path: Assets/Graphisms/Tilesets/SubTiles/Outside_3889.asset
  artifactKey: Guid(2fd4ea78c716f6247a02c59b8b0e819b) Importer(2089858483,b0f066a214c2f5e87bad3c948f4d605d)
Start importing Assets/Graphisms/Tilesets/SubTiles/Outside_3889.asset using Guid(2fd4ea78c716f6247a02c59b8b0e819b) Importer(2089858483,b0f066a214c2f5e87bad3c948f4d605d) (ScriptedImporter) -> (artifact id: '2b939e157a82989834b8691858568a5e') in 0.0111265 seconds
Number of updated asset objects reloaded before import = 0Number of asset objects unloaded after import = 2

========================================================================
Received Import Request.
  Time since last request: 0.000023 seconds.
  path: Assets/Graphisms/Tilesets/SubTiles/Outside_2198.asset
  artifactKey: Guid(792d6468356a791408d2bb402e99967e) Importer(2089858483,b0f066a214c2f5e87bad3c948f4d605d)
Start importing Assets/Graphisms/Tilesets/SubTiles/Outside_2198.asset using Guid(792d6468356a791408d2bb402e99967e) Importer(2089858483,b0f066a214c2f5e87bad3c948f4d605d) (ScriptedImporter) -> (artifact id: '92c23e9fc97576c05d8321243918af86') in 0.0121974 seconds
Number of updated asset objects reloaded before import = 0Number of asset objects unloaded after import = 2

========================================================================
Received Import Request.
  Time since last request: 0.000027 seconds.
  path: Assets/Graphisms/Tilesets/SubTiles/Outside_3380.asset
  artifactKey: Guid(1a7a22436224ab34dabd12548f4a4b74) Importer(2089858483,b0f066a214c2f5e87bad3c948f4d605d)
Start importing Assets/Graphisms/Tilesets/SubTiles/Outside_3380.asset using Guid(1a7a22436224ab34dabd12548f4a4b74) Importer(2089858483,b0f066a214c2f5e87bad3c948f4d605d) (ScriptedImporter) -> (artifact id: 'fe1795c93b615c30d5742d12650b41fe') in 0.0094371 seconds
Number of updated asset objects reloaded before import = 0Number of asset objects unloaded after import = 2

========================================================================
Received Import Request.
  Time since last request: 0.000025 seconds.
  path: Assets/Graphisms/Tilesets/SubTiles/Outside_2195.asset
  artifactKey: Guid(dcef8b8eb82e9f54cb7b7cfa9517b7d7) Importer(2089858483,b0f066a214c2f5e87bad3c948f4d605d)
Start importing Assets/Graphisms/Tilesets/SubTiles/Outside_2195.asset using Guid(dcef8b8eb82e9f54cb7b7cfa9517b7d7) Importer(2089858483,b0f066a214c2f5e87bad3c948f4d605d) (ScriptedImporter) -> (artifact id: 'b283cefcf9b49f2d3c71800c61ac9e3f') in 0.0111276 seconds
Number of updated asset objects reloaded before import = 0Number of asset objects unloaded after import = 2

========================================================================
Received Import Request.
  Time since last request: 0.000029 seconds.
  path: Assets/Graphisms/Tilesets/SubTiles/Outside_1487.asset
  artifactKey: Guid(b73873b5d2518d0478341321285dc266) Importer(2089858483,b0f066a214c2f5e87bad3c948f4d605d)
Start importing Assets/Graphisms/Tilesets/SubTiles/Outside_1487.asset using Guid(b73873b5d2518d0478341321285dc266) Importer(2089858483,b0f066a214c2f5e87bad3c948f4d605d) (ScriptedImporter) -> (artifact id: '4c840600fa78654c7fa1943399afb5a8') in 0.0118061 seconds
Number of updated asset objects reloaded before import = 0Number of asset objects unloaded after import = 2

========================================================================
Received Import Request.
  Time since last request: 0.000023 seconds.
  path: Assets/Graphisms/Tilesets/SubTiles/Outside_91.asset
  artifactKey: Guid(4acbdee03ab3ac04daecc19e7f43c3b9) Importer(2089858483,b0f066a214c2f5e87bad3c948f4d605d)
Start importing Assets/Graphisms/Tilesets/SubTiles/Outside_91.asset using Guid(4acbdee03ab3ac04daecc19e7f43c3b9) Importer(2089858483,b0f066a214c2f5e87bad3c948f4d605d) (ScriptedImporter) -> (artifact id: '1f3ae5a6d306c4ac532d4f3e8011b633') in 0.017009 seconds
Number of updated asset objects reloaded before import = 0Number of asset objects unloaded after import = 2

========================================================================
Received Import Request.
  Time since last request: 0.000023 seconds.
  path: Assets/Graphisms/Tilesets/SubTiles/Outside_3146.asset
  artifactKey: Guid(3209bc37e6fcaee4eb05f949c02ca04f) Importer(2089858483,b0f066a214c2f5e87bad3c948f4d605d)
Start importing Assets/Graphisms/Tilesets/SubTiles/Outside_3146.asset using Guid(3209bc37e6fcaee4eb05f949c02ca04f) Importer(2089858483,b0f066a214c2f5e87bad3c948f4d605d) (ScriptedImporter) -> (artifact id: 'f02b820fbd3169949abe84c585b8cd6d') in 0.010283 seconds
Number of updated asset objects reloaded before import = 0Number of asset objects unloaded after import = 2

========================================================================
Received Import Request.
  Time since last request: 0.000022 seconds.
  path: Assets/Graphisms/Tilesets/SubTiles/Outside_2858.asset
  artifactKey: Guid(2f339168c7c776d45a2a37e3154a7a76) Importer(2089858483,b0f066a214c2f5e87bad3c948f4d605d)
Start importing Assets/Graphisms/Tilesets/SubTiles/Outside_2858.asset using Guid(2f339168c7c776d45a2a37e3154a7a76) Importer(2089858483,b0f066a214c2f5e87bad3c948f4d605d) (ScriptedImporter) -> (artifact id: '02e3925796d45f2b7a95a26691a6f5ea') in 0.0099728 seconds
Number of updated asset objects reloaded before import = 0Number of asset objects unloaded after import = 2

========================================================================
Received Import Request.
  Time since last request: 0.000025 seconds.
  path: Assets/Graphisms/Tilesets/SubTiles/Outside_1922.asset
  artifactKey: Guid(9850d3f8ad829914d9b9bd2b9e834cae) Importer(2089858483,b0f066a214c2f5e87bad3c948f4d605d)
Start importing Assets/Graphisms/Tilesets/SubTiles/Outside_1922.asset using Guid(9850d3f8ad829914d9b9bd2b9e834cae) Importer(2089858483,b0f066a214c2f5e87bad3c948f4d605d) (ScriptedImporter) -> (artifact id: '5dabde5aff5e4e670592e72906afb601') in 0.0101254 seconds
Number of updated asset objects reloaded before import = 0Number of asset objects unloaded after import = 2

========================================================================
Received Import Request.
  Time since last request: 0.000039 seconds.
  path: Assets/Graphisms/Tilesets/SubTiles/Outside_2176.asset
  artifactKey: Guid(e261f12f1e962df42aa55767f15d5875) Importer(2089858483,b0f066a214c2f5e87bad3c948f4d605d)
Start importing Assets/Graphisms/Tilesets/SubTiles/Outside_2176.asset using Guid(e261f12f1e962df42aa55767f15d5875) Importer(2089858483,b0f066a214c2f5e87bad3c948f4d605d) (ScriptedImporter) -> (artifact id: 'a2890d25a051c8796ccbbe71b5664611') in 0.0206094 seconds
Number of updated asset objects reloaded before import = 0Number of asset objects unloaded after import = 2

========================================================================
Received Import Request.
  Time since last request: 0.000026 seconds.
  path: Assets/Graphisms/Tilesets/SubTiles/Outside_365.asset
  artifactKey: Guid(5931b7481043023459733ee98b0e2e8f) Importer(2089858483,b0f066a214c2f5e87bad3c948f4d605d)
Start importing Assets/Graphisms/Tilesets/SubTiles/Outside_365.asset using Guid(5931b7481043023459733ee98b0e2e8f) Importer(2089858483,b0f066a214c2f5e87bad3c948f4d605d) (ScriptedImporter) -> (artifact id: 'bd7b64b6fadebb0bdd8a9e8742a49e26') in 0.009959 seconds
Number of updated asset objects reloaded before import = 0Number of asset objects unloaded after import = 2

========================================================================
Received Import Request.
  Time since last request: 0.000025 seconds.
  path: Assets/Graphisms/Tilesets/SubTiles/Outside_1361.asset
  artifactKey: Guid(dd113f0393e6af640b5a96d2b4ab7ccb) Importer(2089858483,b0f066a214c2f5e87bad3c948f4d605d)
Start importing Assets/Graphisms/Tilesets/SubTiles/Outside_1361.asset using Guid(dd113f0393e6af640b5a96d2b4ab7ccb) Importer(2089858483,b0f066a214c2f5e87bad3c948f4d605d) (ScriptedImporter) -> (artifact id: '3d6a3a25850e5a262fdfa4b9d05414d9') in 0.0115173 seconds
Number of updated asset objects reloaded before import = 0Number of asset objects unloaded after import = 2

========================================================================
Received Import Request.
  Time since last request: 0.000031 seconds.
  path: Assets/Graphisms/Tilesets/SubTiles/Outside_1246.asset
  artifactKey: Guid(8afbe4763639ce04d89fb173c2e068a6) Importer(2089858483,b0f066a214c2f5e87bad3c948f4d605d)
Start importing Assets/Graphisms/Tilesets/SubTiles/Outside_1246.asset using Guid(8afbe4763639ce04d89fb173c2e068a6) Importer(2089858483,b0f066a214c2f5e87bad3c948f4d605d) (ScriptedImporter) -> (artifact id: '2274391e89d99ca44c30b2f5c67fb8ee') in 0.0111732 seconds
Number of updated asset objects reloaded before import = 0Number of asset objects unloaded after import = 2

========================================================================
Received Import Request.
  Time since last request: 0.000030 seconds.
  path: Assets/Graphisms/Tilesets/SubTiles/Outside_740.asset
  artifactKey: Guid(7b6ad6fb3f97ea944a8bb5a0a33a26c0) Importer(2089858483,b0f066a214c2f5e87bad3c948f4d605d)
Start importing Assets/Graphisms/Tilesets/SubTiles/Outside_740.asset using Guid(7b6ad6fb3f97ea944a8bb5a0a33a26c0) Importer(2089858483,b0f066a214c2f5e87bad3c948f4d605d) (ScriptedImporter) -> (artifact id: 'a53693d1a2f1b5a0796e42b69c35548c') in 0.0103765 seconds
Number of updated asset objects reloaded before import = 0Number of asset objects unloaded after import = 2

========================================================================
Received Import Request.
  Time since last request: 0.000048 seconds.
  path: Assets/Graphisms/Tilesets/SubTiles/Outside_2932.asset
  artifactKey: Guid(e9bd05984f29ef34bb46178e678fd521) Importer(2089858483,b0f066a214c2f5e87bad3c948f4d605d)
Start importing Assets/Graphisms/Tilesets/SubTiles/Outside_2932.asset using Guid(e9bd05984f29ef34bb46178e678fd521) Importer(2089858483,b0f066a214c2f5e87bad3c948f4d605d) (ScriptedImporter) -> (artifact id: '83fe6d3eed1c2f97f3eaa32f5745567d') in 0.0100839 seconds
Number of updated asset objects reloaded before import = 0Number of asset objects unloaded after import = 2

========================================================================
Received Import Request.
  Time since last request: 0.000029 seconds.
  path: Assets/Graphisms/Tilesets/SubTiles/Outside_2064.asset
  artifactKey: Guid(14e586f0e5c4fd743b46531191d04f3c) Importer(2089858483,b0f066a214c2f5e87bad3c948f4d605d)
Start importing Assets/Graphisms/Tilesets/SubTiles/Outside_2064.asset using Guid(14e586f0e5c4fd743b46531191d04f3c) Importer(2089858483,b0f066a214c2f5e87bad3c948f4d605d) (ScriptedImporter) -> (artifact id: 'd1ff44d4d62fa80ca978652fbc7e71d6') in 0.0120964 seconds
Number of updated asset objects reloaded before import = 0Number of asset objects unloaded after import = 2

========================================================================
Received Import Request.
  Time since last request: 0.000024 seconds.
  path: Assets/Graphisms/Tilesets/SubTiles/Outside_1254.asset
  artifactKey: Guid(22a8277142516c247869ef7b39f918ed) Importer(2089858483,b0f066a214c2f5e87bad3c948f4d605d)
Start importing Assets/Graphisms/Tilesets/SubTiles/Outside_1254.asset using Guid(22a8277142516c247869ef7b39f918ed) Importer(2089858483,b0f066a214c2f5e87bad3c948f4d605d) (ScriptedImporter) -> (artifact id: 'd92b6e47f9bed152b69d0b16544ea702') in 0.0137285 seconds
Number of updated asset objects reloaded before import = 0Number of asset objects unloaded after import = 2

========================================================================
Received Import Request.
  Time since last request: 0.000018 seconds.
  path: Assets/Graphisms/Tilesets/SubTiles/Outside_199.asset
  artifactKey: Guid(15bc02042715f7e439318630c92cdcf2) Importer(2089858483,b0f066a214c2f5e87bad3c948f4d605d)
Start importing Assets/Graphisms/Tilesets/SubTiles/Outside_199.asset using Guid(15bc02042715f7e439318630c92cdcf2) Importer(2089858483,b0f066a214c2f5e87bad3c948f4d605d) (ScriptedImporter) -> (artifact id: '8ac428c7f438ee300870c12ba7160b7d') in 0.0120042 seconds
Number of updated asset objects reloaded before import = 0Number of asset objects unloaded after import = 2

========================================================================
Received Import Request.
  Time since last request: 0.000018 seconds.
  path: Assets/Graphisms/Tilesets/SubTiles/Outside_651.asset
  artifactKey: Guid(94e4d92c65e9dcf479101453fdcce47d) Importer(2089858483,b0f066a214c2f5e87bad3c948f4d605d)
Start importing Assets/Graphisms/Tilesets/SubTiles/Outside_651.asset using Guid(94e4d92c65e9dcf479101453fdcce47d) Importer(2089858483,b0f066a214c2f5e87bad3c948f4d605d) (ScriptedImporter) -> (artifact id: '0f87da595913abeb045980f94c8a3051') in 0.0100083 seconds
Number of updated asset objects reloaded before import = 0Number of asset objects unloaded after import = 2

========================================================================
Received Import Request.
  Time since last request: 0.000028 seconds.
  path: Assets/Graphisms/Tilesets/SubTiles/Outside_750.asset
  artifactKey: Guid(945113fcfc57ea24bbacfdd100fe9903) Importer(2089858483,b0f066a214c2f5e87bad3c948f4d605d)
Start importing Assets/Graphisms/Tilesets/SubTiles/Outside_750.asset using Guid(945113fcfc57ea24bbacfdd100fe9903) Importer(2089858483,b0f066a214c2f5e87bad3c948f4d605d) (ScriptedImporter) -> (artifact id: '5d2d371ebf84dec539a0211486c683a4') in 0.0096314 seconds
Number of updated asset objects reloaded before import = 0Number of asset objects unloaded after import = 2

========================================================================
Received Import Request.
  Time since last request: 0.000020 seconds.
  path: Assets/Graphisms/Tilesets/SubTiles/Outside_759.asset
  artifactKey: Guid(a1988e407ab35394ab0c8fbf946af7f8) Importer(2089858483,b0f066a214c2f5e87bad3c948f4d605d)
Start importing Assets/Graphisms/Tilesets/SubTiles/Outside_759.asset using Guid(a1988e407ab35394ab0c8fbf946af7f8) Importer(2089858483,b0f066a214c2f5e87bad3c948f4d605d) (ScriptedImporter) -> (artifact id: '464bd7b6b89e7935fed8e0a37a29a7db') in 0.013138 seconds
Number of updated asset objects reloaded before import = 0Number of asset objects unloaded after import = 2

========================================================================
Received Import Request.
  Time since last request: 0.000019 seconds.
  path: Assets/Graphisms/Tilesets/SubTiles/Outside_381.asset
  artifactKey: Guid(b89860039b4ea1e4fb99085159f51dcc) Importer(2089858483,b0f066a214c2f5e87bad3c948f4d605d)
Start importing Assets/Graphisms/Tilesets/SubTiles/Outside_381.asset using Guid(b89860039b4ea1e4fb99085159f51dcc) Importer(2089858483,b0f066a214c2f5e87bad3c948f4d605d) (ScriptedImporter) -> (artifact id: 'bbdec82ade2cc3122899fa7e4680fd73') in 0.0103412 seconds
Number of updated asset objects reloaded before import = 0Number of asset objects unloaded after import = 2

========================================================================
Received Import Request.
  Time since last request: 0.000034 seconds.
  path: Assets/Graphisms/Tilesets/SubTiles/Outside_513.asset
  artifactKey: Guid(341d3c90cda560248898fb57d8d94087) Importer(2089858483,b0f066a214c2f5e87bad3c948f4d605d)
Start importing Assets/Graphisms/Tilesets/SubTiles/Outside_513.asset using Guid(341d3c90cda560248898fb57d8d94087) Importer(2089858483,b0f066a214c2f5e87bad3c948f4d605d) (ScriptedImporter) -> (artifact id: '56383f67aeda927c426727cf50ba06dc') in 0.0086645 seconds
Number of updated asset objects reloaded before import = 0Number of asset objects unloaded after import = 2

========================================================================
Received Import Request.
  Time since last request: 0.000020 seconds.
  path: Assets/Graphisms/Tilesets/SubTiles/Outside_2225.asset
  artifactKey: Guid(7cb8d27b2a2a4e846a776402ba69da48) Importer(2089858483,b0f066a214c2f5e87bad3c948f4d605d)
Start importing Assets/Graphisms/Tilesets/SubTiles/Outside_2225.asset using Guid(7cb8d27b2a2a4e846a776402ba69da48) Importer(2089858483,b0f066a214c2f5e87bad3c948f4d605d) (ScriptedImporter) -> (artifact id: 'f7f9d979312168a2172ea70170f6ae1c') in 0.0097427 seconds
Number of updated asset objects reloaded before import = 0Number of asset objects unloaded after import = 2

========================================================================
Received Import Request.
  Time since last request: 0.000051 seconds.
  path: Assets/Graphisms/Tilesets/SubTiles/Outside_601.asset
  artifactKey: Guid(223620cfd0f7ed24cb4bb209b44c33cd) Importer(2089858483,b0f066a214c2f5e87bad3c948f4d605d)
Start importing Assets/Graphisms/Tilesets/SubTiles/Outside_601.asset using Guid(223620cfd0f7ed24cb4bb209b44c33cd) Importer(2089858483,b0f066a214c2f5e87bad3c948f4d605d) (ScriptedImporter) -> (artifact id: 'a0f7b3ccefbdadd563c41772cd3cb9e1') in 0.0122094 seconds
Number of updated asset objects reloaded before import = 0Number of asset objects unloaded after import = 2

========================================================================
Received Import Request.
  Time since last request: 0.000033 seconds.
  path: Assets/Graphisms/Tilesets/SubTiles/Outside_383.asset
  artifactKey: Guid(071c6370aa638704eb8b59dbaa05a204) Importer(2089858483,b0f066a214c2f5e87bad3c948f4d605d)
Start importing Assets/Graphisms/Tilesets/SubTiles/Outside_383.asset using Guid(071c6370aa638704eb8b59dbaa05a204) Importer(2089858483,b0f066a214c2f5e87bad3c948f4d605d) (ScriptedImporter) -> (artifact id: '391edc70fea741b8f0c0dc832da22e1e') in 0.0110506 seconds
Number of updated asset objects reloaded before import = 0Number of asset objects unloaded after import = 2

========================================================================
Received Import Request.
  Time since last request: 0.000033 seconds.
  path: Assets/Graphisms/Tilesets/SubTiles/Outside_1384.asset
  artifactKey: Guid(b9d91a606ebf68c45958def9eb1398cf) Importer(2089858483,b0f066a214c2f5e87bad3c948f4d605d)
Start importing Assets/Graphisms/Tilesets/SubTiles/Outside_1384.asset using Guid(b9d91a606ebf68c45958def9eb1398cf) Importer(2089858483,b0f066a214c2f5e87bad3c948f4d605d) (ScriptedImporter) -> (artifact id: '16be04c74ebdac60437817bd21218f1f') in 0.0095258 seconds
Number of updated asset objects reloaded before import = 0Number of asset objects unloaded after import = 2

========================================================================
Received Import Request.
  Time since last request: 0.000028 seconds.
  path: Assets/Graphisms/Tilesets/SubTiles/Outside_3521.asset
  artifactKey: Guid(6c9c6e5c77e4dbd40b332dda366e8b7b) Importer(2089858483,b0f066a214c2f5e87bad3c948f4d605d)
Start importing Assets/Graphisms/Tilesets/SubTiles/Outside_3521.asset using Guid(6c9c6e5c77e4dbd40b332dda366e8b7b) Importer(2089858483,b0f066a214c2f5e87bad3c948f4d605d) (ScriptedImporter) -> (artifact id: 'f912568910b59d1e2faa720fdec821f0') in 0.010225 seconds
Number of updated asset objects reloaded before import = 0Number of asset objects unloaded after import = 2

========================================================================
Received Import Request.
  Time since last request: 0.000034 seconds.
  path: Assets/Graphisms/Tilesets/SubTiles/Outside_671.asset
  artifactKey: Guid(25e0c66c0f722814f9bc1b5c7853611a) Importer(2089858483,b0f066a214c2f5e87bad3c948f4d605d)
Start importing Assets/Graphisms/Tilesets/SubTiles/Outside_671.asset using Guid(25e0c66c0f722814f9bc1b5c7853611a) Importer(2089858483,b0f066a214c2f5e87bad3c948f4d605d) (ScriptedImporter) -> (artifact id: '335638e43805c741cc0a89b6a60486a1') in 0.0094133 seconds
Number of updated asset objects reloaded before import = 0Number of asset objects unloaded after import = 2

========================================================================
Received Import Request.
  Time since last request: 0.000035 seconds.
  path: Assets/Graphisms/Tilesets/SubTiles/Outside_2395.asset
  artifactKey: Guid(57bb341b781547443a54b76db478c681) Importer(2089858483,b0f066a214c2f5e87bad3c948f4d605d)
Start importing Assets/Graphisms/Tilesets/SubTiles/Outside_2395.asset using Guid(57bb341b781547443a54b76db478c681) Importer(2089858483,b0f066a214c2f5e87bad3c948f4d605d) (ScriptedImporter) -> (artifact id: '6487277d510623a1d70f4f4e59f97f5f') in 0.0103537 seconds
Number of updated asset objects reloaded before import = 0Number of asset objects unloaded after import = 2

========================================================================
Received Import Request.
  Time since last request: 0.000034 seconds.
  path: Assets/Graphisms/Tilesets/SubTiles/Outside_1267.asset
  artifactKey: Guid(055e1b4ce01195c42a281e6fe97e06e2) Importer(2089858483,b0f066a214c2f5e87bad3c948f4d605d)
Start importing Assets/Graphisms/Tilesets/SubTiles/Outside_1267.asset using Guid(055e1b4ce01195c42a281e6fe97e06e2) Importer(2089858483,b0f066a214c2f5e87bad3c948f4d605d) (ScriptedImporter) -> (artifact id: 'a164467593743f3a706877f30b0ab9c8') in 0.0103152 seconds
Number of updated asset objects reloaded before import = 0Number of asset objects unloaded after import = 2

========================================================================
Received Import Request.
  Time since last request: 0.000018 seconds.
  path: Assets/Graphisms/Tilesets/SubTiles/Outside_1618.asset
  artifactKey: Guid(214113066f80c644292c44c89213d73a) Importer(2089858483,b0f066a214c2f5e87bad3c948f4d605d)
Start importing Assets/Graphisms/Tilesets/SubTiles/Outside_1618.asset using Guid(214113066f80c644292c44c89213d73a) Importer(2089858483,b0f066a214c2f5e87bad3c948f4d605d) (ScriptedImporter) -> (artifact id: '15287dd5becc711eccfa269280b62377') in 0.0127178 seconds
Number of updated asset objects reloaded before import = 0Number of asset objects unloaded after import = 2

========================================================================
Received Import Request.
  Time since last request: 0.000028 seconds.
  path: Assets/Graphisms/Tilesets/SubTiles/Outside_3878.asset
  artifactKey: Guid(4f5f2388eb5c5af4a950f044ec376048) Importer(2089858483,b0f066a214c2f5e87bad3c948f4d605d)
Start importing Assets/Graphisms/Tilesets/SubTiles/Outside_3878.asset using Guid(4f5f2388eb5c5af4a950f044ec376048) Importer(2089858483,b0f066a214c2f5e87bad3c948f4d605d) (ScriptedImporter) -> (artifact id: 'aaf3c7e64b60396e5f61f6cda735b6bf') in 0.0108189 seconds
Number of updated asset objects reloaded before import = 0Number of asset objects unloaded after import = 2

========================================================================
Received Import Request.
  Time since last request: 0.000023 seconds.
  path: Assets/Graphisms/Tilesets/SubTiles/Outside_833.asset
  artifactKey: Guid(66e4ba42b39546940b4fd83735b044e1) Importer(2089858483,b0f066a214c2f5e87bad3c948f4d605d)
Start importing Assets/Graphisms/Tilesets/SubTiles/Outside_833.asset using Guid(66e4ba42b39546940b4fd83735b044e1) Importer(2089858483,b0f066a214c2f5e87bad3c948f4d605d) (ScriptedImporter) -> (artifact id: '93f432f3134ba83d2dacf3b96201b95c') in 0.0106723 seconds
Number of updated asset objects reloaded before import = 0Number of asset objects unloaded after import = 2

========================================================================
Received Import Request.
  Time since last request: 0.000032 seconds.
  path: Assets/Graphisms/Tilesets/SubTiles/Outside_3771.asset
  artifactKey: Guid(bd67437f9235e9849a1e02ad43f6af35) Importer(2089858483,b0f066a214c2f5e87bad3c948f4d605d)
Start importing Assets/Graphisms/Tilesets/SubTiles/Outside_3771.asset using Guid(bd67437f9235e9849a1e02ad43f6af35) Importer(2089858483,b0f066a214c2f5e87bad3c948f4d605d) (ScriptedImporter) -> (artifact id: '1dc96d585fab118ae439c9ab05d63d6d') in 0.0091145 seconds
Number of updated asset objects reloaded before import = 0Number of asset objects unloaded after import = 2

========================================================================
Received Import Request.
  Time since last request: 0.000020 seconds.
  path: Assets/Graphisms/Tilesets/SubTiles/Outside_1728.asset
  artifactKey: Guid(c5f2ce4a615eaf64d8c2d0d8b64143e8) Importer(2089858483,b0f066a214c2f5e87bad3c948f4d605d)
Start importing Assets/Graphisms/Tilesets/SubTiles/Outside_1728.asset using Guid(c5f2ce4a615eaf64d8c2d0d8b64143e8) Importer(2089858483,b0f066a214c2f5e87bad3c948f4d605d) (ScriptedImporter) -> (artifact id: 'a0332485407c778e436943347810b28b') in 0.0263558 seconds
Number of updated asset objects reloaded before import = 0Number of asset objects unloaded after import = 2

========================================================================
Received Import Request.
  Time since last request: 0.000030 seconds.
  path: Assets/Graphisms/Tilesets/SubTiles/Outside_1528.asset
  artifactKey: Guid(e245ee95c4b833a47b6ebd5979309723) Importer(2089858483,b0f066a214c2f5e87bad3c948f4d605d)
Start importing Assets/Graphisms/Tilesets/SubTiles/Outside_1528.asset using Guid(e245ee95c4b833a47b6ebd5979309723) Importer(2089858483,b0f066a214c2f5e87bad3c948f4d605d) (ScriptedImporter) -> (artifact id: 'bc039336d87a13a5af462c06a2e7879a') in 0.0102251 seconds
Number of updated asset objects reloaded before import = 0Number of asset objects unloaded after import = 2

========================================================================
Received Import Request.
  Time since last request: 0.000030 seconds.
  path: Assets/Graphisms/Tilesets/SubTiles/Outside_3615.asset
  artifactKey: Guid(4c94ba39f475c7b4ebe11ded6cc6265f) Importer(2089858483,b0f066a214c2f5e87bad3c948f4d605d)
Start importing Assets/Graphisms/Tilesets/SubTiles/Outside_3615.asset using Guid(4c94ba39f475c7b4ebe11ded6cc6265f) Importer(2089858483,b0f066a214c2f5e87bad3c948f4d605d) (ScriptedImporter) -> (artifact id: '5c2ac335b92173f9971405abce9697c6') in 0.0108187 seconds
Number of updated asset objects reloaded before import = 0Number of asset objects unloaded after import = 2

========================================================================
Received Import Request.
  Time since last request: 0.000036 seconds.
  path: Assets/Graphisms/Tilesets/SubTiles/Outside_926.asset
  artifactKey: Guid(9b87d1a4c1ff50241a8960483ed49508) Importer(2089858483,b0f066a214c2f5e87bad3c948f4d605d)
Start importing Assets/Graphisms/Tilesets/SubTiles/Outside_926.asset using Guid(9b87d1a4c1ff50241a8960483ed49508) Importer(2089858483,b0f066a214c2f5e87bad3c948f4d605d) (ScriptedImporter) -> (artifact id: 'ba01bffbc4b4afe971cc4e6261711599') in 0.0096113 seconds
Number of updated asset objects reloaded before import = 0Number of asset objects unloaded after import = 2

========================================================================
Received Import Request.
  Time since last request: 0.000020 seconds.
  path: Assets/Graphisms/Tilesets/SubTiles/Outside_1152.asset
  artifactKey: Guid(4f37eff6a1d20264b83502db8fc2bdce) Importer(2089858483,b0f066a214c2f5e87bad3c948f4d605d)
Start importing Assets/Graphisms/Tilesets/SubTiles/Outside_1152.asset using Guid(4f37eff6a1d20264b83502db8fc2bdce) Importer(2089858483,b0f066a214c2f5e87bad3c948f4d605d) (ScriptedImporter) -> (artifact id: '2df141e18b86c23a601251cc849589fb') in 0.0102521 seconds
Number of updated asset objects reloaded before import = 0Number of asset objects unloaded after import = 2

========================================================================
Received Import Request.
  Time since last request: 0.000027 seconds.
  path: Assets/Graphisms/Tilesets/SubTiles/Outside_1755.asset
  artifactKey: Guid(415111bd14e88ef41b12a76ee7cdfef8) Importer(2089858483,b0f066a214c2f5e87bad3c948f4d605d)
Start importing Assets/Graphisms/Tilesets/SubTiles/Outside_1755.asset using Guid(415111bd14e88ef41b12a76ee7cdfef8) Importer(2089858483,b0f066a214c2f5e87bad3c948f4d605d) (ScriptedImporter) -> (artifact id: '441e5e2beb43fc6b428f62dc28008cc0') in 0.0090597 seconds
Number of updated asset objects reloaded before import = 0Number of asset objects unloaded after import = 2

========================================================================
Received Import Request.
  Time since last request: 0.000021 seconds.
  path: Assets/Graphisms/Tilesets/SubTiles/Outside_2222.asset
  artifactKey: Guid(deda0c9249a8d0442b11c8bcbff33c7d) Importer(2089858483,b0f066a214c2f5e87bad3c948f4d605d)
Start importing Assets/Graphisms/Tilesets/SubTiles/Outside_2222.asset using Guid(deda0c9249a8d0442b11c8bcbff33c7d) Importer(2089858483,b0f066a214c2f5e87bad3c948f4d605d) (ScriptedImporter) -> (artifact id: '6fc5291846734e1c3d132f12a5ebd60e') in 0.0108428 seconds
Number of updated asset objects reloaded before import = 0Number of asset objects unloaded after import = 2

========================================================================
Received Import Request.
  Time since last request: 0.000025 seconds.
  path: Assets/Graphisms/Tilesets/SubTiles/Outside_562.asset
  artifactKey: Guid(88560cf864fb11148b01bbb9ee98bc3d) Importer(2089858483,b0f066a214c2f5e87bad3c948f4d605d)
Start importing Assets/Graphisms/Tilesets/SubTiles/Outside_562.asset using Guid(88560cf864fb11148b01bbb9ee98bc3d) Importer(2089858483,b0f066a214c2f5e87bad3c948f4d605d) (ScriptedImporter) -> (artifact id: '98a7a0ef0c92242872093ceb21a6f0b6') in 0.0093186 seconds
Number of updated asset objects reloaded before import = 0Number of asset objects unloaded after import = 2

========================================================================
Received Import Request.
  Time since last request: 0.000038 seconds.
  path: Assets/Graphisms/Tilesets/SubTiles/Outside_3981.asset
  artifactKey: Guid(41de43c5192fc17448eb48edd6055a9d) Importer(2089858483,b0f066a214c2f5e87bad3c948f4d605d)
Start importing Assets/Graphisms/Tilesets/SubTiles/Outside_3981.asset using Guid(41de43c5192fc17448eb48edd6055a9d) Importer(2089858483,b0f066a214c2f5e87bad3c948f4d605d) (ScriptedImporter) -> (artifact id: '417fc742697cac4bbd7bf7cf5c5f9144') in 0.0097874 seconds
Number of updated asset objects reloaded before import = 0Number of asset objects unloaded after import = 2

========================================================================
Received Import Request.
  Time since last request: 0.000027 seconds.
  path: Assets/Graphisms/Tilesets/SubTiles/Outside_2336.asset
  artifactKey: Guid(54ae3ccbcde02ff41a6f4ed1b7767f45) Importer(2089858483,b0f066a214c2f5e87bad3c948f4d605d)
Start importing Assets/Graphisms/Tilesets/SubTiles/Outside_2336.asset using Guid(54ae3ccbcde02ff41a6f4ed1b7767f45) Importer(2089858483,b0f066a214c2f5e87bad3c948f4d605d) (ScriptedImporter) -> (artifact id: 'f69d2e8a8d586730afe48bc0b067b437') in 0.0090404 seconds
Number of updated asset objects reloaded before import = 0Number of asset objects unloaded after import = 2

========================================================================
Received Import Request.
  Time since last request: 0.000029 seconds.
  path: Assets/Graphisms/Tilesets/SubTiles/Outside_2905.asset
  artifactKey: Guid(fb0e9866ee452104286747e11b9f598e) Importer(2089858483,b0f066a214c2f5e87bad3c948f4d605d)
Start importing Assets/Graphisms/Tilesets/SubTiles/Outside_2905.asset using Guid(fb0e9866ee452104286747e11b9f598e) Importer(2089858483,b0f066a214c2f5e87bad3c948f4d605d) (ScriptedImporter) -> (artifact id: 'f9b05ead20485921b1192fc1580bdebd') in 0.0092255 seconds
Number of updated asset objects reloaded before import = 0Number of asset objects unloaded after import = 2

========================================================================
Received Import Request.
  Time since last request: 0.000019 seconds.
  path: Assets/Graphisms/Tilesets/SubTiles/Outside_2381.asset
  artifactKey: Guid(fdbe99c498ab27d4ba93f77e2cb19858) Importer(2089858483,b0f066a214c2f5e87bad3c948f4d605d)
Start importing Assets/Graphisms/Tilesets/SubTiles/Outside_2381.asset using Guid(fdbe99c498ab27d4ba93f77e2cb19858) Importer(2089858483,b0f066a214c2f5e87bad3c948f4d605d) (ScriptedImporter) -> (artifact id: 'f65b898edd1b0523eca08feb62c138bc') in 0.0097222 seconds
Number of updated asset objects reloaded before import = 0Number of asset objects unloaded after import = 2

========================================================================
Received Import Request.
  Time since last request: 0.000023 seconds.
  path: Assets/Graphisms/Tilesets/SubTiles/Outside_1092.asset
  artifactKey: Guid(ab6848e3358e29f4fb2c6c637fc1d7b7) Importer(2089858483,b0f066a214c2f5e87bad3c948f4d605d)
Start importing Assets/Graphisms/Tilesets/SubTiles/Outside_1092.asset using Guid(ab6848e3358e29f4fb2c6c637fc1d7b7) Importer(2089858483,b0f066a214c2f5e87bad3c948f4d605d) (ScriptedImporter) -> (artifact id: 'a4d85e12334a11a97ad16470ade64335') in 0.0101328 seconds
Number of updated asset objects reloaded before import = 0Number of asset objects unloaded after import = 2

========================================================================
Received Import Request.
  Time since last request: 0.000042 seconds.
  path: Assets/Graphisms/Tilesets/SubTiles/Outside_1266.asset
  artifactKey: Guid(9cc44e27d2ab1df41859b229e963bfcf) Importer(2089858483,b0f066a214c2f5e87bad3c948f4d605d)
Start importing Assets/Graphisms/Tilesets/SubTiles/Outside_1266.asset using Guid(9cc44e27d2ab1df41859b229e963bfcf) Importer(2089858483,b0f066a214c2f5e87bad3c948f4d605d) (ScriptedImporter) -> (artifact id: '3e389eb1d0d2898533086a6738027682') in 0.0097373 seconds
Number of updated asset objects reloaded before import = 0Number of asset objects unloaded after import = 2

========================================================================
Received Import Request.
  Time since last request: 0.000024 seconds.
  path: Assets/Graphisms/Tilesets/SubTiles/Outside_2821.asset
  artifactKey: Guid(6fc753bce2e765e4aa10c57a374ba014) Importer(2089858483,b0f066a214c2f5e87bad3c948f4d605d)
Start importing Assets/Graphisms/Tilesets/SubTiles/Outside_2821.asset using Guid(6fc753bce2e765e4aa10c57a374ba014) Importer(2089858483,b0f066a214c2f5e87bad3c948f4d605d) (ScriptedImporter) -> (artifact id: '11fd8380447ae4a1ead1cb53baeb8c7d') in 0.0107282 seconds
Number of updated asset objects reloaded before import = 0Number of asset objects unloaded after import = 2

========================================================================
Received Import Request.
  Time since last request: 0.000016 seconds.
  path: Assets/Graphisms/Tilesets/SubTiles/Outside_446.asset
  artifactKey: Guid(e525500a49a20244688c519aee5c21e4) Importer(2089858483,b0f066a214c2f5e87bad3c948f4d605d)
Start importing Assets/Graphisms/Tilesets/SubTiles/Outside_446.asset using Guid(e525500a49a20244688c519aee5c21e4) Importer(2089858483,b0f066a214c2f5e87bad3c948f4d605d) (ScriptedImporter) -> (artifact id: '3db5c9e48ecc1700105f38819424ad3c') in 0.0098576 seconds
Number of updated asset objects reloaded before import = 0Number of asset objects unloaded after import = 2

========================================================================
Received Import Request.
  Time since last request: 0.000022 seconds.
  path: Assets/Graphisms/Tilesets/SubTiles/Outside_3471.asset
  artifactKey: Guid(c2ac9c5b79c354a45bf2b93d2c15938f) Importer(2089858483,b0f066a214c2f5e87bad3c948f4d605d)
Start importing Assets/Graphisms/Tilesets/SubTiles/Outside_3471.asset using Guid(c2ac9c5b79c354a45bf2b93d2c15938f) Importer(2089858483,b0f066a214c2f5e87bad3c948f4d605d) (ScriptedImporter) -> (artifact id: '291022700a2033163901bc5882631949') in 0.0096654 seconds
Number of updated asset objects reloaded before import = 0Number of asset objects unloaded after import = 2

========================================================================
Received Import Request.
  Time since last request: 0.000025 seconds.
  path: Assets/Graphisms/Tilesets/SubTiles/Outside_316.asset
  artifactKey: Guid(661f8af9d602dcd4ca2e5340b8e3caf9) Importer(2089858483,b0f066a214c2f5e87bad3c948f4d605d)
Start importing Assets/Graphisms/Tilesets/SubTiles/Outside_316.asset using Guid(661f8af9d602dcd4ca2e5340b8e3caf9) Importer(2089858483,b0f066a214c2f5e87bad3c948f4d605d) (ScriptedImporter) -> (artifact id: 'e47d417945d1ad75981531fd1f2695b5') in 0.0111626 seconds
Number of updated asset objects reloaded before import = 0Number of asset objects unloaded after import = 2

========================================================================
Received Import Request.
  Time since last request: 0.000033 seconds.
  path: Assets/Graphisms/Tilesets/SubTiles/Outside_658.asset
  artifactKey: Guid(024b36d6c039bd049b1b57ee692fa88c) Importer(2089858483,b0f066a214c2f5e87bad3c948f4d605d)
Start importing Assets/Graphisms/Tilesets/SubTiles/Outside_658.asset using Guid(024b36d6c039bd049b1b57ee692fa88c) Importer(2089858483,b0f066a214c2f5e87bad3c948f4d605d) (ScriptedImporter) -> (artifact id: '9fc91099961553ba2d816dd424ff3462') in 0.0092832 seconds
Number of updated asset objects reloaded before import = 0Number of asset objects unloaded after import = 2

========================================================================
Received Import Request.
  Time since last request: 0.000024 seconds.
  path: Assets/Graphisms/Tilesets/SubTiles/Outside_1099.asset
  artifactKey: Guid(bc609b42ae0e9f8498576fcdb147597d) Importer(2089858483,b0f066a214c2f5e87bad3c948f4d605d)
Start importing Assets/Graphisms/Tilesets/SubTiles/Outside_1099.asset using Guid(bc609b42ae0e9f8498576fcdb147597d) Importer(2089858483,b0f066a214c2f5e87bad3c948f4d605d) (ScriptedImporter) -> (artifact id: '875e99572bfcc82c0249b2fd8fecebbe') in 0.009851 seconds
Number of updated asset objects reloaded before import = 0Number of asset objects unloaded after import = 2

========================================================================
Received Import Request.
  Time since last request: 0.000032 seconds.
  path: Assets/Graphisms/Tilesets/SubTiles/Outside_753.asset
  artifactKey: Guid(55342a06376541b46b2462cd0bc432c1) Importer(2089858483,b0f066a214c2f5e87bad3c948f4d605d)
Start importing Assets/Graphisms/Tilesets/SubTiles/Outside_753.asset using Guid(55342a06376541b46b2462cd0bc432c1) Importer(2089858483,b0f066a214c2f5e87bad3c948f4d605d) (ScriptedImporter) -> (artifact id: '237c8bba4295b80c1eebedc36def9aa6') in 0.0233645 seconds
Number of updated asset objects reloaded before import = 0Number of asset objects unloaded after import = 2

========================================================================
Received Import Request.
  Time since last request: 0.000018 seconds.
  path: Assets/Graphisms/Tilesets/SubTiles/Outside_1842.asset
  artifactKey: Guid(adf42787af39e174fa47e7f84f4f19fb) Importer(2089858483,b0f066a214c2f5e87bad3c948f4d605d)
Start importing Assets/Graphisms/Tilesets/SubTiles/Outside_1842.asset using Guid(adf42787af39e174fa47e7f84f4f19fb) Importer(2089858483,b0f066a214c2f5e87bad3c948f4d605d) (ScriptedImporter) -> (artifact id: '59f8ac89b6d75c2fa94fd39293552409') in 0.0103283 seconds
Number of updated asset objects reloaded before import = 0Number of asset objects unloaded after import = 2

========================================================================
Received Import Request.
  Time since last request: 0.000033 seconds.
  path: Assets/Graphisms/Tilesets/SubTiles/Outside_3629.asset
  artifactKey: Guid(c81c51c39d8b59d4399223e4eee5d8f9) Importer(2089858483,b0f066a214c2f5e87bad3c948f4d605d)
Start importing Assets/Graphisms/Tilesets/SubTiles/Outside_3629.asset using Guid(c81c51c39d8b59d4399223e4eee5d8f9) Importer(2089858483,b0f066a214c2f5e87bad3c948f4d605d) (ScriptedImporter) -> (artifact id: '4c39b5333c398bc383c78df8926b5c2b') in 0.0104979 seconds
Number of updated asset objects reloaded before import = 0Number of asset objects unloaded after import = 2

========================================================================
Received Import Request.
  Time since last request: 0.000034 seconds.
  path: Assets/Graphisms/Tilesets/SubTiles/Outside_1705.asset
  artifactKey: Guid(a880aacae02744140ad2ddedc655a8b0) Importer(2089858483,b0f066a214c2f5e87bad3c948f4d605d)
Start importing Assets/Graphisms/Tilesets/SubTiles/Outside_1705.asset using Guid(a880aacae02744140ad2ddedc655a8b0) Importer(2089858483,b0f066a214c2f5e87bad3c948f4d605d) (ScriptedImporter) -> (artifact id: 'e9210555fe7169c0bc5abbe3a15af7f2') in 0.0108284 seconds
Number of updated asset objects reloaded before import = 0Number of asset objects unloaded after import = 2

========================================================================
Received Import Request.
  Time since last request: 0.000027 seconds.
  path: Assets/Graphisms/Tilesets/SubTiles/Outside_2260.asset
  artifactKey: Guid(6d7d736918a061d4e8ceaf8b67eeab93) Importer(2089858483,b0f066a214c2f5e87bad3c948f4d605d)
Start importing Assets/Graphisms/Tilesets/SubTiles/Outside_2260.asset using Guid(6d7d736918a061d4e8ceaf8b67eeab93) Importer(2089858483,b0f066a214c2f5e87bad3c948f4d605d) (ScriptedImporter) -> (artifact id: '2a064201ec523f07390e1f5aa79ecd9b') in 0.0163049 seconds
Number of updated asset objects reloaded before import = 0Number of asset objects unloaded after import = 2

========================================================================
Received Import Request.
  Time since last request: 0.000019 seconds.
  path: Assets/Graphisms/Tilesets/SubTiles/Outside_3022.asset
  artifactKey: Guid(06fbd168f64138443a335aca13155ee7) Importer(2089858483,b0f066a214c2f5e87bad3c948f4d605d)
Start importing Assets/Graphisms/Tilesets/SubTiles/Outside_3022.asset using Guid(06fbd168f64138443a335aca13155ee7) Importer(2089858483,b0f066a214c2f5e87bad3c948f4d605d) (ScriptedImporter) -> (artifact id: '7c57857e80f5bc3da515e291fdb79070') in 0.0129026 seconds
Number of updated asset objects reloaded before import = 0Number of asset objects unloaded after import = 2

========================================================================
Received Import Request.
  Time since last request: 0.000022 seconds.
  path: Assets/Graphisms/Tilesets/SubTiles/Outside_954.asset
  artifactKey: Guid(155eb332bf3b68d499248a5dfef11776) Importer(2089858483,b0f066a214c2f5e87bad3c948f4d605d)
Start importing Assets/Graphisms/Tilesets/SubTiles/Outside_954.asset using Guid(155eb332bf3b68d499248a5dfef11776) Importer(2089858483,b0f066a214c2f5e87bad3c948f4d605d) (ScriptedImporter) -> (artifact id: '2ba11223908f832111e862999b742243') in 0.0106554 seconds
Number of updated asset objects reloaded before import = 0Number of asset objects unloaded after import = 2

========================================================================
Received Import Request.
  Time since last request: 0.000029 seconds.
  path: Assets/Graphisms/Tilesets/SubTiles/Outside_40.asset
  artifactKey: Guid(9865de81b083eac4aaa69667521279fd) Importer(2089858483,b0f066a214c2f5e87bad3c948f4d605d)
Start importing Assets/Graphisms/Tilesets/SubTiles/Outside_40.asset using Guid(9865de81b083eac4aaa69667521279fd) Importer(2089858483,b0f066a214c2f5e87bad3c948f4d605d) (ScriptedImporter) -> (artifact id: '12d3556e4f3f85c2db77d911be8678d0') in 0.0108605 seconds
Number of updated asset objects reloaded before import = 0Number of asset objects unloaded after import = 2

========================================================================
Received Import Request.
  Time since last request: 0.000043 seconds.
  path: Assets/Graphisms/Tilesets/SubTiles/Outside_2406.asset
  artifactKey: Guid(f080cb0cbe42e9748b7c089c99c556af) Importer(2089858483,b0f066a214c2f5e87bad3c948f4d605d)
Start importing Assets/Graphisms/Tilesets/SubTiles/Outside_2406.asset using Guid(f080cb0cbe42e9748b7c089c99c556af) Importer(2089858483,b0f066a214c2f5e87bad3c948f4d605d) (ScriptedImporter) -> (artifact id: '35f0f8addf5c587ba5644d9b4b0d9b77') in 0.0107074 seconds
Number of updated asset objects reloaded before import = 0Number of asset objects unloaded after import = 2

========================================================================
Received Import Request.
  Time since last request: 0.000018 seconds.
  path: Assets/Graphisms/Tilesets/SubTiles/Outside_1781.asset
  artifactKey: Guid(b95db45570d9b0540b514268dfd0af85) Importer(2089858483,b0f066a214c2f5e87bad3c948f4d605d)
Start importing Assets/Graphisms/Tilesets/SubTiles/Outside_1781.asset using Guid(b95db45570d9b0540b514268dfd0af85) Importer(2089858483,b0f066a214c2f5e87bad3c948f4d605d) (ScriptedImporter) -> (artifact id: '1ae14c4ba3723baaebd63b0dc63e169c') in 0.0111393 seconds
Number of updated asset objects reloaded before import = 0Number of asset objects unloaded after import = 2

========================================================================
Received Import Request.
  Time since last request: 0.000021 seconds.
  path: Assets/Graphisms/Tilesets/SubTiles/Outside_2086.asset
  artifactKey: Guid(2bdc62ef70f43df4b9ef9911dfb819b3) Importer(2089858483,b0f066a214c2f5e87bad3c948f4d605d)
Start importing Assets/Graphisms/Tilesets/SubTiles/Outside_2086.asset using Guid(2bdc62ef70f43df4b9ef9911dfb819b3) Importer(2089858483,b0f066a214c2f5e87bad3c948f4d605d) (ScriptedImporter) -> (artifact id: '2f496ef77956a27e28d8b43a1c51cdbd') in 0.0110502 seconds
Number of updated asset objects reloaded before import = 0Number of asset objects unloaded after import = 2

========================================================================
Received Import Request.
  Time since last request: 0.000020 seconds.
  path: Assets/Graphisms/Tilesets/SubTiles/Outside_82.asset
  artifactKey: Guid(13fa799fc0e974146bc58b5ff280848a) Importer(2089858483,b0f066a214c2f5e87bad3c948f4d605d)
Start importing Assets/Graphisms/Tilesets/SubTiles/Outside_82.asset using Guid(13fa799fc0e974146bc58b5ff280848a) Importer(2089858483,b0f066a214c2f5e87bad3c948f4d605d) (ScriptedImporter) -> (artifact id: '13fe200df90a096483711cad107c5cad') in 0.0108221 seconds
Number of updated asset objects reloaded before import = 0Number of asset objects unloaded after import = 2

========================================================================
Received Import Request.
  Time since last request: 0.000030 seconds.
  path: Assets/Graphisms/Tilesets/SubTiles/Outside_1363.asset
  artifactKey: Guid(5725cc3c5fb844d4890a96dd24451eac) Importer(2089858483,b0f066a214c2f5e87bad3c948f4d605d)
Start importing Assets/Graphisms/Tilesets/SubTiles/Outside_1363.asset using Guid(5725cc3c5fb844d4890a96dd24451eac) Importer(2089858483,b0f066a214c2f5e87bad3c948f4d605d) (ScriptedImporter) -> (artifact id: '014227587420f26d8b22d16f83b66ab1') in 0.0125202 seconds
Number of updated asset objects reloaded before import = 0Number of asset objects unloaded after import = 2

========================================================================
Received Import Request.
  Time since last request: 0.000058 seconds.
  path: Assets/Graphisms/Tilesets/SubTiles/Outside_2071.asset
  artifactKey: Guid(a29c1d6d9845e4143bf24a5a69a884bf) Importer(2089858483,b0f066a214c2f5e87bad3c948f4d605d)
Start importing Assets/Graphisms/Tilesets/SubTiles/Outside_2071.asset using Guid(a29c1d6d9845e4143bf24a5a69a884bf) Importer(2089858483,b0f066a214c2f5e87bad3c948f4d605d) (ScriptedImporter) -> (artifact id: '1a5b072ef1eea8179b9c39b6efbe3bcb') in 0.0103092 seconds
Number of updated asset objects reloaded before import = 0Number of asset objects unloaded after import = 2

========================================================================
Received Import Request.
  Time since last request: 0.000020 seconds.
  path: Assets/Graphisms/Tilesets/SubTiles/Outside_3850.asset
  artifactKey: Guid(444446c0f6112e442b7d9b8e4578a205) Importer(2089858483,b0f066a214c2f5e87bad3c948f4d605d)
Start importing Assets/Graphisms/Tilesets/SubTiles/Outside_3850.asset using Guid(444446c0f6112e442b7d9b8e4578a205) Importer(2089858483,b0f066a214c2f5e87bad3c948f4d605d) (ScriptedImporter) -> (artifact id: '52ed81981cb268fe22c22e91be98efcf') in 0.0120622 seconds
Number of updated asset objects reloaded before import = 0Number of asset objects unloaded after import = 2

========================================================================
Received Import Request.
  Time since last request: 0.000017 seconds.
  path: Assets/Graphisms/Tilesets/SubTiles/Outside_2132.asset
  artifactKey: Guid(258872c9ca8321a458e0a14130367d67) Importer(2089858483,b0f066a214c2f5e87bad3c948f4d605d)
Start importing Assets/Graphisms/Tilesets/SubTiles/Outside_2132.asset using Guid(258872c9ca8321a458e0a14130367d67) Importer(2089858483,b0f066a214c2f5e87bad3c948f4d605d) (ScriptedImporter) -> (artifact id: '11ce84c7496853bbb243cf18508527d6') in 0.0104724 seconds
Number of updated asset objects reloaded before import = 0Number of asset objects unloaded after import = 2

========================================================================
Received Import Request.
  Time since last request: 0.000021 seconds.
  path: Assets/Graphisms/Tilesets/SubTiles/Outside_826.asset
  artifactKey: Guid(522229a87156a9b4382d675d6192bbd6) Importer(2089858483,b0f066a214c2f5e87bad3c948f4d605d)
Start importing Assets/Graphisms/Tilesets/SubTiles/Outside_826.asset using Guid(522229a87156a9b4382d675d6192bbd6) Importer(2089858483,b0f066a214c2f5e87bad3c948f4d605d) (ScriptedImporter) -> (artifact id: 'd0b22d2b955c834a84b89a2fadb5785f') in 0.0106109 seconds
Number of updated asset objects reloaded before import = 0Number of asset objects unloaded after import = 2

========================================================================
Received Import Request.
  Time since last request: 0.000024 seconds.
  path: Assets/Graphisms/Tilesets/SubTiles/Outside_2494.asset
  artifactKey: Guid(c24abc562e06ff644a79f37e41c607ac) Importer(2089858483,b0f066a214c2f5e87bad3c948f4d605d)
Start importing Assets/Graphisms/Tilesets/SubTiles/Outside_2494.asset using Guid(c24abc562e06ff644a79f37e41c607ac) Importer(2089858483,b0f066a214c2f5e87bad3c948f4d605d) (ScriptedImporter) -> (artifact id: '2fc43f4257f4294a41b8b6a33277a214') in 0.0095686 seconds
Number of updated asset objects reloaded before import = 0Number of asset objects unloaded after import = 2

========================================================================
Received Import Request.
  Time since last request: 0.000030 seconds.
  path: Assets/Graphisms/Tilesets/SubTiles/Outside_2618.asset
  artifactKey: Guid(886c5e5badc534e4b9ebe2f82ad947b4) Importer(2089858483,b0f066a214c2f5e87bad3c948f4d605d)
Start importing Assets/Graphisms/Tilesets/SubTiles/Outside_2618.asset using Guid(886c5e5badc534e4b9ebe2f82ad947b4) Importer(2089858483,b0f066a214c2f5e87bad3c948f4d605d) (ScriptedImporter) -> (artifact id: 'b2f981e6e286edf188d5f8167ce70e49') in 0.0110106 seconds
Number of updated asset objects reloaded before import = 0Number of asset objects unloaded after import = 2

========================================================================
Received Import Request.
  Time since last request: 0.000021 seconds.
  path: Assets/Graphisms/Tilesets/SubTiles/Outside_2762.asset
  artifactKey: Guid(e75a8acb2d5c7ae4aa8b40e9da652665) Importer(2089858483,b0f066a214c2f5e87bad3c948f4d605d)
Start importing Assets/Graphisms/Tilesets/SubTiles/Outside_2762.asset using Guid(e75a8acb2d5c7ae4aa8b40e9da652665) Importer(2089858483,b0f066a214c2f5e87bad3c948f4d605d) (ScriptedImporter) -> (artifact id: 'f5bfa2fc3d91fb9c259fafa0029f8427') in 0.0108527 seconds
Number of updated asset objects reloaded before import = 0Number of asset objects unloaded after import = 2

========================================================================
Received Import Request.
  Time since last request: 0.000026 seconds.
  path: Assets/Graphisms/Tilesets/SubTiles/Outside_1404.asset
  artifactKey: Guid(2311ba87b6f33764cba728d4a74ad40b) Importer(2089858483,b0f066a214c2f5e87bad3c948f4d605d)
Start importing Assets/Graphisms/Tilesets/SubTiles/Outside_1404.asset using Guid(2311ba87b6f33764cba728d4a74ad40b) Importer(2089858483,b0f066a214c2f5e87bad3c948f4d605d) (ScriptedImporter) -> (artifact id: '9559214a33c58799d2a2b8346aedfb00') in 0.012541 seconds
Number of updated asset objects reloaded before import = 0Number of asset objects unloaded after import = 2

========================================================================
Received Import Request.
  Time since last request: 0.000025 seconds.
  path: Assets/Graphisms/Tilesets/SubTiles/Outside_114.asset
  artifactKey: Guid(bca4cb5dc4ebf8542924c337b2c8756d) Importer(2089858483,b0f066a214c2f5e87bad3c948f4d605d)
Start importing Assets/Graphisms/Tilesets/SubTiles/Outside_114.asset using Guid(bca4cb5dc4ebf8542924c337b2c8756d) Importer(2089858483,b0f066a214c2f5e87bad3c948f4d605d) (ScriptedImporter) -> (artifact id: 'ddd09947cdc7ae202bfd94cac4858db6') in 0.0130689 seconds
Number of updated asset objects reloaded before import = 0Number of asset objects unloaded after import = 2

========================================================================
Received Import Request.
  Time since last request: 0.000035 seconds.
  path: Assets/Graphisms/Tilesets/SubTiles/Outside_696.asset
  artifactKey: Guid(7d82d43c33115e04e841668ac5081524) Importer(2089858483,b0f066a214c2f5e87bad3c948f4d605d)
Start importing Assets/Graphisms/Tilesets/SubTiles/Outside_696.asset using Guid(7d82d43c33115e04e841668ac5081524) Importer(2089858483,b0f066a214c2f5e87bad3c948f4d605d) (ScriptedImporter) -> (artifact id: 'f1b5456d2cc94fe14ea70b0161de37d4') in 0.0415138 seconds
Number of updated asset objects reloaded before import = 0Number of asset objects unloaded after import = 2

========================================================================
Received Import Request.
  Time since last request: 0.000021 seconds.
  path: Assets/Graphisms/Tilesets/SubTiles/Outside_687.asset
  artifactKey: Guid(a96d5aa4610b69c4d810cecfb2c6cdea) Importer(2089858483,b0f066a214c2f5e87bad3c948f4d605d)
Start importing Assets/Graphisms/Tilesets/SubTiles/Outside_687.asset using Guid(a96d5aa4610b69c4d810cecfb2c6cdea) Importer(2089858483,b0f066a214c2f5e87bad3c948f4d605d) (ScriptedImporter) -> (artifact id: '99b92771f4946bb5dcb955235f66ba43') in 0.0317333 seconds
Number of updated asset objects reloaded before import = 0Number of asset objects unloaded after import = 2

========================================================================
Received Import Request.
  Time since last request: 0.000025 seconds.
  path: Assets/Graphisms/Tilesets/SubTiles/Outside_2679.asset
  artifactKey: Guid(3b7b4f2ca8d64894ab6c82dd0e3b1f1a) Importer(2089858483,b0f066a214c2f5e87bad3c948f4d605d)
Start importing Assets/Graphisms/Tilesets/SubTiles/Outside_2679.asset using Guid(3b7b4f2ca8d64894ab6c82dd0e3b1f1a) Importer(2089858483,b0f066a214c2f5e87bad3c948f4d605d) (ScriptedImporter) -> (artifact id: 'fc64b59859641bb30418ac9b8acf9c89') in 0.0090829 seconds
Number of updated asset objects reloaded before import = 0Number of asset objects unloaded after import = 2

========================================================================
Received Import Request.
  Time since last request: 0.000023 seconds.
  path: Assets/Graphisms/Tilesets/SubTiles/Outside_3423.asset
  artifactKey: Guid(803900c37c754494e89c3027b1c780d7) Importer(2089858483,b0f066a214c2f5e87bad3c948f4d605d)
Start importing Assets/Graphisms/Tilesets/SubTiles/Outside_3423.asset using Guid(803900c37c754494e89c3027b1c780d7) Importer(2089858483,b0f066a214c2f5e87bad3c948f4d605d) (ScriptedImporter) -> (artifact id: '1b4b69ed1fec85c2358179903bfd265d') in 0.0096883 seconds
Number of updated asset objects reloaded before import = 0Number of asset objects unloaded after import = 2

========================================================================
Received Import Request.
  Time since last request: 0.000039 seconds.
  path: Assets/Graphisms/Tilesets/SubTiles/Outside_2242.asset
  artifactKey: Guid(639e13be6b2ef3440b990b388b03dc42) Importer(2089858483,b0f066a214c2f5e87bad3c948f4d605d)
Start importing Assets/Graphisms/Tilesets/SubTiles/Outside_2242.asset using Guid(639e13be6b2ef3440b990b388b03dc42) Importer(2089858483,b0f066a214c2f5e87bad3c948f4d605d) (ScriptedImporter) -> (artifact id: '520be8610a3bdd8c72fb5871494be922') in 0.013527 seconds
Number of updated asset objects reloaded before import = 0Number of asset objects unloaded after import = 2

========================================================================
Received Import Request.
  Time since last request: 0.000019 seconds.
  path: Assets/Graphisms/Tilesets/SubTiles/Outside_2196.asset
  artifactKey: Guid(6a3f1f18859e58949bd8a68d97e6538c) Importer(2089858483,b0f066a214c2f5e87bad3c948f4d605d)
Start importing Assets/Graphisms/Tilesets/SubTiles/Outside_2196.asset using Guid(6a3f1f18859e58949bd8a68d97e6538c) Importer(2089858483,b0f066a214c2f5e87bad3c948f4d605d) (ScriptedImporter) -> (artifact id: '3c62e5967be5e75bda89f668e597f0d5') in 0.0086569 seconds
Number of updated asset objects reloaded before import = 0Number of asset objects unloaded after import = 2

========================================================================
Received Import Request.
  Time since last request: 0.000022 seconds.
  path: Assets/Graphisms/Tilesets/SubTiles/Outside_1824.asset
  artifactKey: Guid(54bb3b45852fdbf4fbca6d31145b80ac) Importer(2089858483,b0f066a214c2f5e87bad3c948f4d605d)
Start importing Assets/Graphisms/Tilesets/SubTiles/Outside_1824.asset using Guid(54bb3b45852fdbf4fbca6d31145b80ac) Importer(2089858483,b0f066a214c2f5e87bad3c948f4d605d) (ScriptedImporter) -> (artifact id: '837efbf63e83cbf62daaee50c0baf63a') in 0.0115614 seconds
Number of updated asset objects reloaded before import = 0Number of asset objects unloaded after import = 2

========================================================================
Received Import Request.
  Time since last request: 0.000019 seconds.
  path: Assets/Graphisms/Tilesets/SubTiles/Outside_3363.asset
  artifactKey: Guid(48b1687d0e41be445a36f2db205796bf) Importer(2089858483,b0f066a214c2f5e87bad3c948f4d605d)
Start importing Assets/Graphisms/Tilesets/SubTiles/Outside_3363.asset using Guid(48b1687d0e41be445a36f2db205796bf) Importer(2089858483,b0f066a214c2f5e87bad3c948f4d605d) (ScriptedImporter) -> (artifact id: 'fb04f781429daa2deeca300843d845dd') in 0.0111358 seconds
Number of updated asset objects reloaded before import = 0Number of asset objects unloaded after import = 2

========================================================================
Received Import Request.
  Time since last request: 0.000024 seconds.
  path: Assets/Graphisms/Tilesets/SubTiles/Outside_3008.asset
  artifactKey: Guid(677a4f53d55bd2441af46fad3fe5d44e) Importer(2089858483,b0f066a214c2f5e87bad3c948f4d605d)
Start importing Assets/Graphisms/Tilesets/SubTiles/Outside_3008.asset using Guid(677a4f53d55bd2441af46fad3fe5d44e) Importer(2089858483,b0f066a214c2f5e87bad3c948f4d605d) (ScriptedImporter) -> (artifact id: 'bb6939cde0cd75a288ef44b5fc1f347b') in 0.0121692 seconds
Number of updated asset objects reloaded before import = 0Number of asset objects unloaded after import = 2

========================================================================
Received Import Request.
  Time since last request: 0.000034 seconds.
  path: Assets/Graphisms/Tilesets/SubTiles/Outside_2434.asset
  artifactKey: Guid(543a78c84f56a2f438d7871e613d68f6) Importer(2089858483,b0f066a214c2f5e87bad3c948f4d605d)
Start importing Assets/Graphisms/Tilesets/SubTiles/Outside_2434.asset using Guid(543a78c84f56a2f438d7871e613d68f6) Importer(2089858483,b0f066a214c2f5e87bad3c948f4d605d) (ScriptedImporter) -> (artifact id: 'b5c32ec6ad911a78682e4a4c26587d1d') in 0.0091322 seconds
Number of updated asset objects reloaded before import = 0Number of asset objects unloaded after import = 2

========================================================================
Received Import Request.
  Time since last request: 0.000023 seconds.
  path: Assets/Graphisms/Tilesets/SubTiles/Outside_2757.asset
  artifactKey: Guid(04b5ec39b4cf00c45bc686c2f2ca81ca) Importer(2089858483,b0f066a214c2f5e87bad3c948f4d605d)
Start importing Assets/Graphisms/Tilesets/SubTiles/Outside_2757.asset using Guid(04b5ec39b4cf00c45bc686c2f2ca81ca) Importer(2089858483,b0f066a214c2f5e87bad3c948f4d605d) (ScriptedImporter) -> (artifact id: '8a55b8d99b558cff62eebfa952199f1b') in 0.0097279 seconds
Number of updated asset objects reloaded before import = 0Number of asset objects unloaded after import = 2

========================================================================
Received Import Request.
  Time since last request: 0.000034 seconds.
  path: Assets/Graphisms/Tilesets/SubTiles/Outside_3462.asset
  artifactKey: Guid(bd4a9e207a4c0b24dae7a073eff55cfc) Importer(2089858483,b0f066a214c2f5e87bad3c948f4d605d)
Start importing Assets/Graphisms/Tilesets/SubTiles/Outside_3462.asset using Guid(bd4a9e207a4c0b24dae7a073eff55cfc) Importer(2089858483,b0f066a214c2f5e87bad3c948f4d605d) (ScriptedImporter) -> (artifact id: '6ae84919af78c1c3f8218c25d0a0d9bc') in 0.0102941 seconds
Number of updated asset objects reloaded before import = 0Number of asset objects unloaded after import = 2

========================================================================
Received Import Request.
  Time since last request: 0.000024 seconds.
  path: Assets/Graphisms/Tilesets/SubTiles/Outside_261.asset
  artifactKey: Guid(9b15ff295e359894ca966d7600f530bf) Importer(2089858483,b0f066a214c2f5e87bad3c948f4d605d)
Start importing Assets/Graphisms/Tilesets/SubTiles/Outside_261.asset using Guid(9b15ff295e359894ca966d7600f530bf) Importer(2089858483,b0f066a214c2f5e87bad3c948f4d605d) (ScriptedImporter) -> (artifact id: '9c5ae6bbdd519fe19f58ea141980fdc2') in 0.0118047 seconds
Number of updated asset objects reloaded before import = 0Number of asset objects unloaded after import = 2

========================================================================
Received Import Request.
  Time since last request: 0.000033 seconds.
  path: Assets/Graphisms/Tilesets/SubTiles/Outside_1168.asset
  artifactKey: Guid(f7ae668b34e6f2f489a7fe78b0f6bfe7) Importer(2089858483,b0f066a214c2f5e87bad3c948f4d605d)
Start importing Assets/Graphisms/Tilesets/SubTiles/Outside_1168.asset using Guid(f7ae668b34e6f2f489a7fe78b0f6bfe7) Importer(2089858483,b0f066a214c2f5e87bad3c948f4d605d) (ScriptedImporter) -> (artifact id: 'a65ed86c8b418026ec239f3e38e0000d') in 0.0157784 seconds
Number of updated asset objects reloaded before import = 0Number of asset objects unloaded after import = 2

========================================================================
Received Import Request.
  Time since last request: 0.000036 seconds.
  path: Assets/Graphisms/Tilesets/SubTiles/Outside_3028.asset
  artifactKey: Guid(7b730e983688f59458ce05415d9e4dcd) Importer(2089858483,b0f066a214c2f5e87bad3c948f4d605d)
Start importing Assets/Graphisms/Tilesets/SubTiles/Outside_3028.asset using Guid(7b730e983688f59458ce05415d9e4dcd) Importer(2089858483,b0f066a214c2f5e87bad3c948f4d605d) (ScriptedImporter) -> (artifact id: '924e32e61c6f44cf1672015d6e5c60ec') in 0.0109798 seconds
Number of updated asset objects reloaded before import = 0Number of asset objects unloaded after import = 2

========================================================================
Received Import Request.
  Time since last request: 0.000025 seconds.
  path: Assets/Graphisms/Tilesets/SubTiles/Outside_2937.asset
  artifactKey: Guid(26b4c3024c0167f4daa96d3bbbc183ee) Importer(2089858483,b0f066a214c2f5e87bad3c948f4d605d)
Start importing Assets/Graphisms/Tilesets/SubTiles/Outside_2937.asset using Guid(26b4c3024c0167f4daa96d3bbbc183ee) Importer(2089858483,b0f066a214c2f5e87bad3c948f4d605d) (ScriptedImporter) -> (artifact id: '8c8418f3e6b7588b0885de21f9cd6a9b') in 0.0109565 seconds
Number of updated asset objects reloaded before import = 0Number of asset objects unloaded after import = 2

========================================================================
Received Import Request.
  Time since last request: 0.000026 seconds.
  path: Assets/Graphisms/Tilesets/SubTiles/Outside_1055.asset
  artifactKey: Guid(8054f2b2785d8e942ae72bea5b98dbfe) Importer(2089858483,b0f066a214c2f5e87bad3c948f4d605d)
Start importing Assets/Graphisms/Tilesets/SubTiles/Outside_1055.asset using Guid(8054f2b2785d8e942ae72bea5b98dbfe) Importer(2089858483,b0f066a214c2f5e87bad3c948f4d605d) (ScriptedImporter) -> (artifact id: '45da481f7d53b06feb60ae41b8eddbb1') in 0.0125298 seconds
Number of updated asset objects reloaded before import = 0Number of asset objects unloaded after import = 2

========================================================================
Received Import Request.
  Time since last request: 0.000028 seconds.
  path: Assets/Graphisms/Tilesets/SubTiles/Outside_1297.asset
  artifactKey: Guid(2890b4eaa30c3024094d06dac51dcf3c) Importer(2089858483,b0f066a214c2f5e87bad3c948f4d605d)
Start importing Assets/Graphisms/Tilesets/SubTiles/Outside_1297.asset using Guid(2890b4eaa30c3024094d06dac51dcf3c) Importer(2089858483,b0f066a214c2f5e87bad3c948f4d605d) (ScriptedImporter) -> (artifact id: '2f4da3f4264b6cdd0d6e91feb0f31036') in 0.0098638 seconds
Number of updated asset objects reloaded before import = 0Number of asset objects unloaded after import = 2

========================================================================
Received Import Request.
  Time since last request: 0.000025 seconds.
  path: Assets/Graphisms/Tilesets/SubTiles/Outside_1952.asset
  artifactKey: Guid(858690c3659970442bb918e66b49a94f) Importer(2089858483,b0f066a214c2f5e87bad3c948f4d605d)
Start importing Assets/Graphisms/Tilesets/SubTiles/Outside_1952.asset using Guid(858690c3659970442bb918e66b49a94f) Importer(2089858483,b0f066a214c2f5e87bad3c948f4d605d) (ScriptedImporter) -> (artifact id: '88472658fb3529f616e40c6f7d4b3eed') in 0.0412016 seconds
Number of updated asset objects reloaded before import = 0Number of asset objects unloaded after import = 2

========================================================================
Received Import Request.
  Time since last request: 0.000029 seconds.
  path: Assets/Graphisms/Tilesets/SubTiles/Outside_2841.asset
  artifactKey: Guid(111461b587ca7264d8e38f6615c05ba8) Importer(2089858483,b0f066a214c2f5e87bad3c948f4d605d)
Start importing Assets/Graphisms/Tilesets/SubTiles/Outside_2841.asset using Guid(111461b587ca7264d8e38f6615c05ba8) Importer(2089858483,b0f066a214c2f5e87bad3c948f4d605d) (ScriptedImporter) -> (artifact id: '3b9d7bdba301622af2ade87ed9b83141') in 0.0139722 seconds
Number of updated asset objects reloaded before import = 0Number of asset objects unloaded after import = 2

========================================================================
Received Import Request.
  Time since last request: 0.000024 seconds.
  path: Assets/Graphisms/Tilesets/SubTiles/Outside_3461.asset
  artifactKey: Guid(aeff9c4690f2f7a4da639d954f17d774) Importer(2089858483,b0f066a214c2f5e87bad3c948f4d605d)
Start importing Assets/Graphisms/Tilesets/SubTiles/Outside_3461.asset using Guid(aeff9c4690f2f7a4da639d954f17d774) Importer(2089858483,b0f066a214c2f5e87bad3c948f4d605d) (ScriptedImporter) -> (artifact id: '3ce7f49c308762f446016f0ca03b77ab') in 0.0097509 seconds
Number of updated asset objects reloaded before import = 0Number of asset objects unloaded after import = 2

========================================================================
Received Import Request.
  Time since last request: 0.000022 seconds.
  path: Assets/Graphisms/Tilesets/SubTiles/Outside_2851.asset
  artifactKey: Guid(d9a300c8f77faa340b6f2cc8ba3e250f) Importer(2089858483,b0f066a214c2f5e87bad3c948f4d605d)
Start importing Assets/Graphisms/Tilesets/SubTiles/Outside_2851.asset using Guid(d9a300c8f77faa340b6f2cc8ba3e250f) Importer(2089858483,b0f066a214c2f5e87bad3c948f4d605d) (ScriptedImporter) -> (artifact id: 'c37a8510f9ba5efcd1ce61bb9592d394') in 0.0095314 seconds
Number of updated asset objects reloaded before import = 0Number of asset objects unloaded after import = 2

========================================================================
Received Import Request.
  Time since last request: 0.000030 seconds.
  path: Assets/Graphisms/Tilesets/SubTiles/Outside_1495.asset
  artifactKey: Guid(3d80c1780f02247488e637a83357821b) Importer(2089858483,b0f066a214c2f5e87bad3c948f4d605d)
Start importing Assets/Graphisms/Tilesets/SubTiles/Outside_1495.asset using Guid(3d80c1780f02247488e637a83357821b) Importer(2089858483,b0f066a214c2f5e87bad3c948f4d605d) (ScriptedImporter) -> (artifact id: '3e8903d31f05e8f13c0ad9917c48d568') in 0.0129228 seconds
Number of updated asset objects reloaded before import = 0Number of asset objects unloaded after import = 2

========================================================================
Received Import Request.
  Time since last request: 0.000029 seconds.
  path: Assets/Graphisms/Tilesets/SubTiles/Outside_2708.asset
  artifactKey: Guid(1f7500817e356ba43b34c5df73b2e137) Importer(2089858483,b0f066a214c2f5e87bad3c948f4d605d)
Start importing Assets/Graphisms/Tilesets/SubTiles/Outside_2708.asset using Guid(1f7500817e356ba43b34c5df73b2e137) Importer(2089858483,b0f066a214c2f5e87bad3c948f4d605d) (ScriptedImporter) -> (artifact id: '369bf02da7163d5068a5b987d1b5ba24') in 0.0144589 seconds
Number of updated asset objects reloaded before import = 0Number of asset objects unloaded after import = 2

========================================================================
Received Import Request.
  Time since last request: 0.000034 seconds.
  path: Assets/Graphisms/Tilesets/SubTiles/Outside_2207.asset
  artifactKey: Guid(27302b7e33cc17a4b9556bf1ff48c63a) Importer(2089858483,b0f066a214c2f5e87bad3c948f4d605d)
Start importing Assets/Graphisms/Tilesets/SubTiles/Outside_2207.asset using Guid(27302b7e33cc17a4b9556bf1ff48c63a) Importer(2089858483,b0f066a214c2f5e87bad3c948f4d605d) (ScriptedImporter) -> (artifact id: '03852080f478cc8d8d52213f7bba36d1') in 0.0099155 seconds
Number of updated asset objects reloaded before import = 0Number of asset objects unloaded after import = 2

========================================================================
Received Import Request.
  Time since last request: 0.000027 seconds.
  path: Assets/Graphisms/Tilesets/SubTiles/Outside_1613.asset
  artifactKey: Guid(a226fd0cb52750e4788d186902b5714b) Importer(2089858483,b0f066a214c2f5e87bad3c948f4d605d)
Start importing Assets/Graphisms/Tilesets/SubTiles/Outside_1613.asset using Guid(a226fd0cb52750e4788d186902b5714b) Importer(2089858483,b0f066a214c2f5e87bad3c948f4d605d) (ScriptedImporter) -> (artifact id: 'c61991c85337ef4d6a14bff8ca59b43b') in 0.0616075 seconds
Number of updated asset objects reloaded before import = 0Number of asset objects unloaded after import = 2

========================================================================
Received Import Request.
  Time since last request: 0.000023 seconds.
  path: Assets/Graphisms/Tilesets/SubTiles/Outside_2727.asset
  artifactKey: Guid(8dcb7e4e181d92847bccc66688be813e) Importer(2089858483,b0f066a214c2f5e87bad3c948f4d605d)
Start importing Assets/Graphisms/Tilesets/SubTiles/Outside_2727.asset using Guid(8dcb7e4e181d92847bccc66688be813e) Importer(2089858483,b0f066a214c2f5e87bad3c948f4d605d) (ScriptedImporter) -> (artifact id: 'a259343f8a83db6cbe3636aa7f7b8310') in 0.0118352 seconds
Number of updated asset objects reloaded before import = 0Number of asset objects unloaded after import = 2

========================================================================
Received Import Request.
  Time since last request: 0.000034 seconds.
  path: Assets/Graphisms/Tilesets/SubTiles/Outside_1985.asset
  artifactKey: Guid(54c0cd6b1c91d2045a1a2eb8b3d84c32) Importer(2089858483,b0f066a214c2f5e87bad3c948f4d605d)
Start importing Assets/Graphisms/Tilesets/SubTiles/Outside_1985.asset using Guid(54c0cd6b1c91d2045a1a2eb8b3d84c32) Importer(2089858483,b0f066a214c2f5e87bad3c948f4d605d) (ScriptedImporter) -> (artifact id: 'cf1f13cd37fed7ed53ec55450256e974') in 0.0178299 seconds
Number of updated asset objects reloaded before import = 0Number of asset objects unloaded after import = 2

========================================================================
Received Import Request.
  Time since last request: 0.000057 seconds.
  path: Assets/Graphisms/Tilesets/SubTiles/Outside_1488.asset
  artifactKey: Guid(fdf908e9fdfcda948b37c929ea629746) Importer(2089858483,b0f066a214c2f5e87bad3c948f4d605d)
Start importing Assets/Graphisms/Tilesets/SubTiles/Outside_1488.asset using Guid(fdf908e9fdfcda948b37c929ea629746) Importer(2089858483,b0f066a214c2f5e87bad3c948f4d605d) (ScriptedImporter) -> (artifact id: 'b18772f0fbe48cfe0a57d5e591d293df') in 0.1471268 seconds
Number of updated asset objects reloaded before import = 0Number of asset objects unloaded after import = 2

========================================================================
Received Import Request.
  Time since last request: 0.000033 seconds.
  path: Assets/Graphisms/Tilesets/SubTiles/Outside_918.asset
  artifactKey: Guid(089f50469a344204186c2b829a86f312) Importer(2089858483,b0f066a214c2f5e87bad3c948f4d605d)
Start importing Assets/Graphisms/Tilesets/SubTiles/Outside_918.asset using Guid(089f50469a344204186c2b829a86f312) Importer(2089858483,b0f066a214c2f5e87bad3c948f4d605d) (ScriptedImporter) -> (artifact id: '9bc114d87f4464d4c607f72a9e2cf493') in 0.0087948 seconds
Number of updated asset objects reloaded before import = 0Number of asset objects unloaded after import = 2

========================================================================
Received Import Request.
  Time since last request: 0.000023 seconds.
  path: Assets/Graphisms/Tilesets/SubTiles/Outside_3936.asset
  artifactKey: Guid(cb12e9da21307fe4db97aa232a96e903) Importer(2089858483,b0f066a214c2f5e87bad3c948f4d605d)
Start importing Assets/Graphisms/Tilesets/SubTiles/Outside_3936.asset using Guid(cb12e9da21307fe4db97aa232a96e903) Importer(2089858483,b0f066a214c2f5e87bad3c948f4d605d) (ScriptedImporter) -> (artifact id: '3915372ec9f31fb4543fc010849975c5') in 0.0106102 seconds
Number of updated asset objects reloaded before import = 0Number of asset objects unloaded after import = 2

========================================================================
Received Import Request.
  Time since last request: 0.000030 seconds.
  path: Assets/Graphisms/Tilesets/SubTiles/Outside_975.asset
  artifactKey: Guid(b36c2ddd2f086214da31682dc0b0893f) Importer(2089858483,b0f066a214c2f5e87bad3c948f4d605d)
Start importing Assets/Graphisms/Tilesets/SubTiles/Outside_975.asset using Guid(b36c2ddd2f086214da31682dc0b0893f) Importer(2089858483,b0f066a214c2f5e87bad3c948f4d605d) (ScriptedImporter) -> (artifact id: '5cd0e6c5986513c25589ac2f64b1aed2') in 0.0100683 seconds
Number of updated asset objects reloaded before import = 0Number of asset objects unloaded after import = 2

========================================================================
Received Import Request.
  Time since last request: 0.000025 seconds.
  path: Assets/Graphisms/Tilesets/SubTiles/Outside_1199.asset
  artifactKey: Guid(fdf6bbfce27c0234097844d6f8227804) Importer(2089858483,b0f066a214c2f5e87bad3c948f4d605d)
Start importing Assets/Graphisms/Tilesets/SubTiles/Outside_1199.asset using Guid(fdf6bbfce27c0234097844d6f8227804) Importer(2089858483,b0f066a214c2f5e87bad3c948f4d605d) (ScriptedImporter) -> (artifact id: '3e78f1639d27c1207f042073c5bcb94e') in 0.0151863 seconds
Number of updated asset objects reloaded before import = 0Number of asset objects unloaded after import = 2

========================================================================
Received Import Request.
  Time since last request: 0.000022 seconds.
  path: Assets/Graphisms/Tilesets/SubTiles/Outside_3644.asset
  artifactKey: Guid(9287763e67afec44b97858a7e8cdceec) Importer(2089858483,b0f066a214c2f5e87bad3c948f4d605d)
Start importing Assets/Graphisms/Tilesets/SubTiles/Outside_3644.asset using Guid(9287763e67afec44b97858a7e8cdceec) Importer(2089858483,b0f066a214c2f5e87bad3c948f4d605d) (ScriptedImporter) -> (artifact id: 'c5eeb265e55ddecbfffef674f066049d') in 0.0094575 seconds
Number of updated asset objects reloaded before import = 0Number of asset objects unloaded after import = 2

========================================================================
Received Import Request.
  Time since last request: 0.000032 seconds.
  path: Assets/Graphisms/Tilesets/SubTiles/Outside_3150.asset
  artifactKey: Guid(2eac4f0accf477a43a0643c4b1091309) Importer(2089858483,b0f066a214c2f5e87bad3c948f4d605d)
Start importing Assets/Graphisms/Tilesets/SubTiles/Outside_3150.asset using Guid(2eac4f0accf477a43a0643c4b1091309) Importer(2089858483,b0f066a214c2f5e87bad3c948f4d605d) (ScriptedImporter) -> (artifact id: '3798a655d137f22b0292a388d7027a80') in 0.0118106 seconds
Number of updated asset objects reloaded before import = 0Number of asset objects unloaded after import = 2

========================================================================
Received Import Request.
  Time since last request: 0.000036 seconds.
  path: Assets/Graphisms/Tilesets/SubTiles/Outside_4001.asset
  artifactKey: Guid(7eafe58ae87adcf459a2f07445f850d6) Importer(2089858483,b0f066a214c2f5e87bad3c948f4d605d)
Start importing Assets/Graphisms/Tilesets/SubTiles/Outside_4001.asset using Guid(7eafe58ae87adcf459a2f07445f850d6) Importer(2089858483,b0f066a214c2f5e87bad3c948f4d605d) (ScriptedImporter) -> (artifact id: '04420019b68ae5b46d9a34acfa66bb6a') in 0.0104862 seconds
Number of updated asset objects reloaded before import = 0Number of asset objects unloaded after import = 2

========================================================================
Received Import Request.
  Time since last request: 0.000046 seconds.
  path: Assets/Graphisms/Tilesets/SubTiles/Outside_2393.asset
  artifactKey: Guid(8535efaeeec963c4ea4c33ee0edbaded) Importer(2089858483,b0f066a214c2f5e87bad3c948f4d605d)
Start importing Assets/Graphisms/Tilesets/SubTiles/Outside_2393.asset using Guid(8535efaeeec963c4ea4c33ee0edbaded) Importer(2089858483,b0f066a214c2f5e87bad3c948f4d605d) (ScriptedImporter) -> (artifact id: '23ea4edffe71f836cb27e83d0a08235e') in 0.0106123 seconds
Number of updated asset objects reloaded before import = 0Number of asset objects unloaded after import = 2

========================================================================
Received Import Request.
  Time since last request: 0.000022 seconds.
  path: Assets/Graphisms/Tilesets/SubTiles/Outside_565.asset
  artifactKey: Guid(46b29edb400d13044a4d2751517fe7a6) Importer(2089858483,b0f066a214c2f5e87bad3c948f4d605d)
Start importing Assets/Graphisms/Tilesets/SubTiles/Outside_565.asset using Guid(46b29edb400d13044a4d2751517fe7a6) Importer(2089858483,b0f066a214c2f5e87bad3c948f4d605d) (ScriptedImporter) -> (artifact id: '3a974f24ba6855540c652ff42cd46178') in 0.0100561 seconds
Number of updated asset objects reloaded before import = 0Number of asset objects unloaded after import = 2

========================================================================
Received Import Request.
  Time since last request: 0.000024 seconds.
  path: Assets/Graphisms/Tilesets/SubTiles/Outside_2129.asset
  artifactKey: Guid(a6990131cea86bb47aed776355d56731) Importer(2089858483,b0f066a214c2f5e87bad3c948f4d605d)
Start importing Assets/Graphisms/Tilesets/SubTiles/Outside_2129.asset using Guid(a6990131cea86bb47aed776355d56731) Importer(2089858483,b0f066a214c2f5e87bad3c948f4d605d) (ScriptedImporter) -> (artifact id: '1f012a77c6218f16f95e6ed457e318ac') in 0.0102373 seconds
Number of updated asset objects reloaded before import = 0Number of asset objects unloaded after import = 2

========================================================================
Received Import Request.
  Time since last request: 0.000028 seconds.
  path: Assets/Graphisms/Tilesets/SubTiles/Outside_1892.asset
  artifactKey: Guid(ef64f6cf1ccec8245b73df493fb1aae8) Importer(2089858483,b0f066a214c2f5e87bad3c948f4d605d)
Start importing Assets/Graphisms/Tilesets/SubTiles/Outside_1892.asset using Guid(ef64f6cf1ccec8245b73df493fb1aae8) Importer(2089858483,b0f066a214c2f5e87bad3c948f4d605d) (ScriptedImporter) -> (artifact id: '26b0680e06ef24e782399479db695ae8') in 0.0102303 seconds
Number of updated asset objects reloaded before import = 0Number of asset objects unloaded after import = 2

========================================================================
Received Import Request.
  Time since last request: 0.000051 seconds.
  path: Assets/Graphisms/Tilesets/SubTiles/Outside_1372.asset
  artifactKey: Guid(8fe7d3dab1287c547b278ccbbedf4f8f) Importer(2089858483,b0f066a214c2f5e87bad3c948f4d605d)
Start importing Assets/Graphisms/Tilesets/SubTiles/Outside_1372.asset using Guid(8fe7d3dab1287c547b278ccbbedf4f8f) Importer(2089858483,b0f066a214c2f5e87bad3c948f4d605d) (ScriptedImporter) -> (artifact id: '63046ed71484f8a080f6a985f66635a4') in 0.0106421 seconds
Number of updated asset objects reloaded before import = 0Number of asset objects unloaded after import = 2

========================================================================
Received Import Request.
  Time since last request: 0.000021 seconds.
  path: Assets/Graphisms/Tilesets/SubTiles/Outside_186.asset
  artifactKey: Guid(62fd61093799c8c469be3b9d10b74f9f) Importer(2089858483,b0f066a214c2f5e87bad3c948f4d605d)
Start importing Assets/Graphisms/Tilesets/SubTiles/Outside_186.asset using Guid(62fd61093799c8c469be3b9d10b74f9f) Importer(2089858483,b0f066a214c2f5e87bad3c948f4d605d) (ScriptedImporter) -> (artifact id: '7183204c9c5b2cd3569cdbe4cbf38c78') in 0.0099747 seconds
Number of updated asset objects reloaded before import = 0Number of asset objects unloaded after import = 2

========================================================================
Received Import Request.
  Time since last request: 0.000019 seconds.
  path: Assets/Graphisms/Tilesets/SubTiles/Outside_2616.asset
  artifactKey: Guid(570d27a99f76da5499c4f9a776c98141) Importer(2089858483,b0f066a214c2f5e87bad3c948f4d605d)
Start importing Assets/Graphisms/Tilesets/SubTiles/Outside_2616.asset using Guid(570d27a99f76da5499c4f9a776c98141) Importer(2089858483,b0f066a214c2f5e87bad3c948f4d605d) (ScriptedImporter) -> (artifact id: '69e3f6f1e26532d414dab02a5d2518cc') in 0.0144537 seconds
Number of updated asset objects reloaded before import = 0Number of asset objects unloaded after import = 2

========================================================================
Received Import Request.
  Time since last request: 0.000024 seconds.
  path: Assets/Graphisms/Tilesets/SubTiles/Outside_396.asset
  artifactKey: Guid(ac7a87639b7c5e64ba82bea4fa918df3) Importer(2089858483,b0f066a214c2f5e87bad3c948f4d605d)
Start importing Assets/Graphisms/Tilesets/SubTiles/Outside_396.asset using Guid(ac7a87639b7c5e64ba82bea4fa918df3) Importer(2089858483,b0f066a214c2f5e87bad3c948f4d605d) (ScriptedImporter) -> (artifact id: '8cb248c2b69e2118e5729ce6489c53c5') in 0.0102974 seconds
Number of updated asset objects reloaded before import = 0Number of asset objects unloaded after import = 2

========================================================================
Received Import Request.
  Time since last request: 0.000053 seconds.
  path: Assets/Graphisms/Tilesets/SubTiles/Outside_3750.asset
  artifactKey: Guid(443bd92e171b0e04f96fb29db99efa5f) Importer(2089858483,b0f066a214c2f5e87bad3c948f4d605d)
Start importing Assets/Graphisms/Tilesets/SubTiles/Outside_3750.asset using Guid(443bd92e171b0e04f96fb29db99efa5f) Importer(2089858483,b0f066a214c2f5e87bad3c948f4d605d) (ScriptedImporter) -> (artifact id: '356824bb2df8dbf65f5d8a8ae4298e3b') in 0.0113337 seconds
Number of updated asset objects reloaded before import = 0Number of asset objects unloaded after import = 2

========================================================================
Received Import Request.
  Time since last request: 0.000027 seconds.
  path: Assets/Graphisms/Tilesets/SubTiles/Outside_2690.asset
  artifactKey: Guid(e7bfd618da65c84408c48c5a67e97b20) Importer(2089858483,b0f066a214c2f5e87bad3c948f4d605d)
Start importing Assets/Graphisms/Tilesets/SubTiles/Outside_2690.asset using Guid(e7bfd618da65c84408c48c5a67e97b20) Importer(2089858483,b0f066a214c2f5e87bad3c948f4d605d) (ScriptedImporter) -> (artifact id: '3fa64c6b522aaeb0fb3ba7d2b8ec6b76') in 0.0090677 seconds
Number of updated asset objects reloaded before import = 0Number of asset objects unloaded after import = 2

========================================================================
Received Import Request.
  Time since last request: 0.000020 seconds.
  path: Assets/Graphisms/Tilesets/SubTiles/Outside_3167.asset
  artifactKey: Guid(3a41364da96678d4fa802c7e4deb3556) Importer(2089858483,b0f066a214c2f5e87bad3c948f4d605d)
Start importing Assets/Graphisms/Tilesets/SubTiles/Outside_3167.asset using Guid(3a41364da96678d4fa802c7e4deb3556) Importer(2089858483,b0f066a214c2f5e87bad3c948f4d605d) (ScriptedImporter) -> (artifact id: '578d23b3f4d6a42afeedb4e06c7726b6') in 0.0111692 seconds
Number of updated asset objects reloaded before import = 0Number of asset objects unloaded after import = 2

========================================================================
Received Import Request.
  Time since last request: 0.000021 seconds.
  path: Assets/Graphisms/Tilesets/SubTiles/Outside_719.asset
  artifactKey: Guid(507efe8560e4b9443beeaff9e825b77f) Importer(2089858483,b0f066a214c2f5e87bad3c948f4d605d)
Start importing Assets/Graphisms/Tilesets/SubTiles/Outside_719.asset using Guid(507efe8560e4b9443beeaff9e825b77f) Importer(2089858483,b0f066a214c2f5e87bad3c948f4d605d) (ScriptedImporter) -> (artifact id: '3458d12397523f178ebc820149697bd5') in 0.0103042 seconds
Number of updated asset objects reloaded before import = 0Number of asset objects unloaded after import = 2

========================================================================
Received Import Request.
  Time since last request: 0.000022 seconds.
  path: Assets/Graphisms/Tilesets/SubTiles/Outside_1846.asset
  artifactKey: Guid(9c041f29cab75e342a5703bf9a857ef9) Importer(2089858483,b0f066a214c2f5e87bad3c948f4d605d)
Start importing Assets/Graphisms/Tilesets/SubTiles/Outside_1846.asset using Guid(9c041f29cab75e342a5703bf9a857ef9) Importer(2089858483,b0f066a214c2f5e87bad3c948f4d605d) (ScriptedImporter) -> (artifact id: '8f8b46bf559cd1c95f2fabdce3c256f4') in 0.0135384 seconds
Number of updated asset objects reloaded before import = 0Number of asset objects unloaded after import = 2

========================================================================
Received Import Request.
  Time since last request: 0.000021 seconds.
  path: Assets/Graphisms/Tilesets/SubTiles/Outside_2424.asset
  artifactKey: Guid(5c6515bd853312b4f949d21b6fbc37de) Importer(2089858483,b0f066a214c2f5e87bad3c948f4d605d)
Start importing Assets/Graphisms/Tilesets/SubTiles/Outside_2424.asset using Guid(5c6515bd853312b4f949d21b6fbc37de) Importer(2089858483,b0f066a214c2f5e87bad3c948f4d605d) (ScriptedImporter) -> (artifact id: '566343fc1f3bdfe4bc1dba99a9bc5971') in 0.0088052 seconds
Number of updated asset objects reloaded before import = 0Number of asset objects unloaded after import = 2

========================================================================
Received Import Request.
  Time since last request: 0.000030 seconds.
  path: Assets/Graphisms/Tilesets/SubTiles/Outside_1570.asset
  artifactKey: Guid(90ac44ac1f8fd144e9b9c997e8be303f) Importer(2089858483,b0f066a214c2f5e87bad3c948f4d605d)
Start importing Assets/Graphisms/Tilesets/SubTiles/Outside_1570.asset using Guid(90ac44ac1f8fd144e9b9c997e8be303f) Importer(2089858483,b0f066a214c2f5e87bad3c948f4d605d) (ScriptedImporter) -> (artifact id: '2036a61ff2f6f084fa0987085736b67f') in 0.0118907 seconds
Number of updated asset objects reloaded before import = 0Number of asset objects unloaded after import = 2

========================================================================
Received Import Request.
  Time since last request: 0.000019 seconds.
  path: Assets/Graphisms/Tilesets/SubTiles/Outside_2224.asset
  artifactKey: Guid(2232ca221dd5ec5499bd3237724bad0b) Importer(2089858483,b0f066a214c2f5e87bad3c948f4d605d)
Start importing Assets/Graphisms/Tilesets/SubTiles/Outside_2224.asset using Guid(2232ca221dd5ec5499bd3237724bad0b) Importer(2089858483,b0f066a214c2f5e87bad3c948f4d605d) (ScriptedImporter) -> (artifact id: '7cfa30eac88b619744bf4fe9d8bcc173') in 0.0118671 seconds
Number of updated asset objects reloaded before import = 0Number of asset objects unloaded after import = 2

========================================================================
Received Import Request.
  Time since last request: 0.000036 seconds.
  path: Assets/Graphisms/Tilesets/SubTiles/Outside_1056.asset
  artifactKey: Guid(f574682074c9eea4aac9fe5cd8bd1b79) Importer(2089858483,b0f066a214c2f5e87bad3c948f4d605d)
Start importing Assets/Graphisms/Tilesets/SubTiles/Outside_1056.asset using Guid(f574682074c9eea4aac9fe5cd8bd1b79) Importer(2089858483,b0f066a214c2f5e87bad3c948f4d605d) (ScriptedImporter) -> (artifact id: '6a928a04f286469d966ad6b270228dea') in 0.0118267 seconds
Number of updated asset objects reloaded before import = 0Number of asset objects unloaded after import = 2

========================================================================
Received Import Request.
  Time since last request: 0.000019 seconds.
  path: Assets/Graphisms/Tilesets/SubTiles/Outside_1704.asset
  artifactKey: Guid(273a6dc9e6ade9841880b4e793dccad8) Importer(2089858483,b0f066a214c2f5e87bad3c948f4d605d)
Start importing Assets/Graphisms/Tilesets/SubTiles/Outside_1704.asset using Guid(273a6dc9e6ade9841880b4e793dccad8) Importer(2089858483,b0f066a214c2f5e87bad3c948f4d605d) (ScriptedImporter) -> (artifact id: 'aa164a6f3ea28699b75e5f6ab6e52aed') in 0.0095636 seconds
Number of updated asset objects reloaded before import = 0Number of asset objects unloaded after import = 2

========================================================================
Received Import Request.
  Time since last request: 0.000030 seconds.
  path: Assets/Graphisms/Tilesets/SubTiles/Outside_3027.asset
  artifactKey: Guid(e74d58ec367e86f42a4096fb2cb452cc) Importer(2089858483,b0f066a214c2f5e87bad3c948f4d605d)
Start importing Assets/Graphisms/Tilesets/SubTiles/Outside_3027.asset using Guid(e74d58ec367e86f42a4096fb2cb452cc) Importer(2089858483,b0f066a214c2f5e87bad3c948f4d605d) (ScriptedImporter) -> (artifact id: 'e30c75a26de856fef3728cddbae169ad') in 0.0110987 seconds
Number of updated asset objects reloaded before import = 0Number of asset objects unloaded after import = 2

========================================================================
Received Import Request.
  Time since last request: 0.000027 seconds.
  path: Assets/Graphisms/Tilesets/SubTiles/Outside_596.asset
  artifactKey: Guid(3a14f48238b11c54bb2658cec0de3040) Importer(2089858483,b0f066a214c2f5e87bad3c948f4d605d)
Start importing Assets/Graphisms/Tilesets/SubTiles/Outside_596.asset using Guid(3a14f48238b11c54bb2658cec0de3040) Importer(2089858483,b0f066a214c2f5e87bad3c948f4d605d) (ScriptedImporter) -> (artifact id: '141eb0e2df4c44b710b2ba737f44d74e') in 0.0104602 seconds
Number of updated asset objects reloaded before import = 0Number of asset objects unloaded after import = 2

========================================================================
Received Import Request.
  Time since last request: 0.000021 seconds.
  path: Assets/Graphisms/Tilesets/SubTiles/Outside_1110.asset
  artifactKey: Guid(f790e53d23150e048accbf6595485dd2) Importer(2089858483,b0f066a214c2f5e87bad3c948f4d605d)
Start importing Assets/Graphisms/Tilesets/SubTiles/Outside_1110.asset using Guid(f790e53d23150e048accbf6595485dd2) Importer(2089858483,b0f066a214c2f5e87bad3c948f4d605d) (ScriptedImporter) -> (artifact id: '3aa3182a13ffffa886b7acafe42307fc') in 0.0111116 seconds
Number of updated asset objects reloaded before import = 0Number of asset objects unloaded after import = 2

========================================================================
Received Import Request.
  Time since last request: 0.000029 seconds.
  path: Assets/Graphisms/Tilesets/SubTiles/Outside_1992.asset
  artifactKey: Guid(d701b685d0ab6e745ac2bc34f5975e34) Importer(2089858483,b0f066a214c2f5e87bad3c948f4d605d)
Start importing Assets/Graphisms/Tilesets/SubTiles/Outside_1992.asset using Guid(d701b685d0ab6e745ac2bc34f5975e34) Importer(2089858483,b0f066a214c2f5e87bad3c948f4d605d) (ScriptedImporter) -> (artifact id: '9167807c8253324eeb7ade0be74844f8') in 0.0097195 seconds
Number of updated asset objects reloaded before import = 0Number of asset objects unloaded after import = 2

========================================================================
Received Import Request.
  Time since last request: 0.000022 seconds.
  path: Assets/Graphisms/Tilesets/SubTiles/Outside_17.asset
  artifactKey: Guid(345ad057bd196ff4ca37e0dfa9d0d0c2) Importer(2089858483,b0f066a214c2f5e87bad3c948f4d605d)
Start importing Assets/Graphisms/Tilesets/SubTiles/Outside_17.asset using Guid(345ad057bd196ff4ca37e0dfa9d0d0c2) Importer(2089858483,b0f066a214c2f5e87bad3c948f4d605d) (ScriptedImporter) -> (artifact id: '360821a0da7804ef0ed8fedf14159d39') in 0.0513131 seconds
Number of updated asset objects reloaded before import = 0Number of asset objects unloaded after import = 2

========================================================================
Received Import Request.
  Time since last request: 0.000039 seconds.
  path: Assets/Graphisms/Tilesets/SubTiles/Outside_2671.asset
  artifactKey: Guid(55e7ae8530799b9429c6dfe5bf4f117d) Importer(2089858483,b0f066a214c2f5e87bad3c948f4d605d)
Start importing Assets/Graphisms/Tilesets/SubTiles/Outside_2671.asset using Guid(55e7ae8530799b9429c6dfe5bf4f117d) Importer(2089858483,b0f066a214c2f5e87bad3c948f4d605d) (ScriptedImporter) -> (artifact id: 'b7e54dd3fd3b8137d313247a2076e889') in 0.0110923 seconds
Number of updated asset objects reloaded before import = 0Number of asset objects unloaded after import = 2

========================================================================
Received Import Request.
  Time since last request: 0.000039 seconds.
  path: Assets/Graphisms/Tilesets/SubTiles/Outside_3699.asset
  artifactKey: Guid(ef5b8a02a93f62e4480ff9176a91db15) Importer(2089858483,b0f066a214c2f5e87bad3c948f4d605d)
Start importing Assets/Graphisms/Tilesets/SubTiles/Outside_3699.asset using Guid(ef5b8a02a93f62e4480ff9176a91db15) Importer(2089858483,b0f066a214c2f5e87bad3c948f4d605d) (ScriptedImporter) -> (artifact id: '58b3367ba446016bffdaab83e9c5cce8') in 0.0111598 seconds
Number of updated asset objects reloaded before import = 0Number of asset objects unloaded after import = 2

========================================================================
Received Import Request.
  Time since last request: 0.000028 seconds.
  path: Assets/Graphisms/Tilesets/SubTiles/Outside_1731.asset
  artifactKey: Guid(2797387d1c6803c4dbd80363b82d9969) Importer(2089858483,b0f066a214c2f5e87bad3c948f4d605d)
Start importing Assets/Graphisms/Tilesets/SubTiles/Outside_1731.asset using Guid(2797387d1c6803c4dbd80363b82d9969) Importer(2089858483,b0f066a214c2f5e87bad3c948f4d605d) (ScriptedImporter) -> (artifact id: 'd26b107b4598dee9edf155fc8eeee522') in 0.0189809 seconds
Number of updated asset objects reloaded before import = 0Number of asset objects unloaded after import = 2

========================================================================
Received Import Request.
  Time since last request: 0.000020 seconds.
  path: Assets/Graphisms/Tilesets/SubTiles/Outside_3236.asset
  artifactKey: Guid(669b7ba9d57a04b46aab7379fa418840) Importer(2089858483,b0f066a214c2f5e87bad3c948f4d605d)
Start importing Assets/Graphisms/Tilesets/SubTiles/Outside_3236.asset using Guid(669b7ba9d57a04b46aab7379fa418840) Importer(2089858483,b0f066a214c2f5e87bad3c948f4d605d) (ScriptedImporter) -> (artifact id: '27a289a7ae95a39fa915ca93c0e1028e') in 0.0098226 seconds
Number of updated asset objects reloaded before import = 0Number of asset objects unloaded after import = 2

========================================================================
Received Import Request.
  Time since last request: 0.000033 seconds.
  path: Assets/Graphisms/Tilesets/SubTiles/Outside_650.asset
  artifactKey: Guid(ca9ba96fa17498d4a8cd0051ca5a781b) Importer(2089858483,b0f066a214c2f5e87bad3c948f4d605d)
Start importing Assets/Graphisms/Tilesets/SubTiles/Outside_650.asset using Guid(ca9ba96fa17498d4a8cd0051ca5a781b) Importer(2089858483,b0f066a214c2f5e87bad3c948f4d605d) (ScriptedImporter) -> (artifact id: '5b941637dfc55e3b5b3bf67c7959c39f') in 0.0111099 seconds
Number of updated asset objects reloaded before import = 0Number of asset objects unloaded after import = 2

========================================================================
Received Import Request.
  Time since last request: 0.000042 seconds.
  path: Assets/Graphisms/Tilesets/SubTiles/Outside_293.asset
  artifactKey: Guid(802cfd1abd7d5eb4ba57b9302031cd59) Importer(2089858483,b0f066a214c2f5e87bad3c948f4d605d)
Start importing Assets/Graphisms/Tilesets/SubTiles/Outside_293.asset using Guid(802cfd1abd7d5eb4ba57b9302031cd59) Importer(2089858483,b0f066a214c2f5e87bad3c948f4d605d) (ScriptedImporter) -> (artifact id: 'd05bb22e7d44163143bff357caaab35e') in 0.0103599 seconds
Number of updated asset objects reloaded before import = 0Number of asset objects unloaded after import = 2

========================================================================
Received Import Request.
  Time since last request: 0.000040 seconds.
  path: Assets/Graphisms/Tilesets/SubTiles/Outside_1454.asset
  artifactKey: Guid(b98ab9d3857cf2747a751c684e3d8281) Importer(2089858483,b0f066a214c2f5e87bad3c948f4d605d)
Start importing Assets/Graphisms/Tilesets/SubTiles/Outside_1454.asset using Guid(b98ab9d3857cf2747a751c684e3d8281) Importer(2089858483,b0f066a214c2f5e87bad3c948f4d605d) (ScriptedImporter) -> (artifact id: 'b6c49c8b2a07a1756bdd2b732198c7fd') in 0.0108784 seconds
Number of updated asset objects reloaded before import = 0Number of asset objects unloaded after import = 2

========================================================================
Received Import Request.
  Time since last request: 0.000073 seconds.
  path: Assets/Graphisms/Tilesets/SubTiles/Outside_3790.asset
  artifactKey: Guid(d84aeb7790a000f45928548e42d0eac7) Importer(2089858483,b0f066a214c2f5e87bad3c948f4d605d)
Start importing Assets/Graphisms/Tilesets/SubTiles/Outside_3790.asset using Guid(d84aeb7790a000f45928548e42d0eac7) Importer(2089858483,b0f066a214c2f5e87bad3c948f4d605d) (ScriptedImporter) -> (artifact id: '5a4bb78fdaa093e8175b90fbda122393') in 0.0100083 seconds
Number of updated asset objects reloaded before import = 0Number of asset objects unloaded after import = 2

========================================================================
Received Import Request.
  Time since last request: 0.000028 seconds.
  path: Assets/Graphisms/Tilesets/SubTiles/Outside_2778.asset
  artifactKey: Guid(959f4f00b6ee14c46885e399b56fde70) Importer(2089858483,b0f066a214c2f5e87bad3c948f4d605d)
Start importing Assets/Graphisms/Tilesets/SubTiles/Outside_2778.asset using Guid(959f4f00b6ee14c46885e399b56fde70) Importer(2089858483,b0f066a214c2f5e87bad3c948f4d605d) (ScriptedImporter) -> (artifact id: '159a668f7fee1678c8c2878c66008924') in 0.0098357 seconds
Number of updated asset objects reloaded before import = 0Number of asset objects unloaded after import = 2

========================================================================
Received Import Request.
  Time since last request: 0.000032 seconds.
  path: Assets/Graphisms/Tilesets/SubTiles/Outside_3441.asset
  artifactKey: Guid(950b8a1f2f35ff641977f6af62f1da40) Importer(2089858483,b0f066a214c2f5e87bad3c948f4d605d)
Start importing Assets/Graphisms/Tilesets/SubTiles/Outside_3441.asset using Guid(950b8a1f2f35ff641977f6af62f1da40) Importer(2089858483,b0f066a214c2f5e87bad3c948f4d605d) (ScriptedImporter) -> (artifact id: 'cec20fa7cd9941dffbe57d58dc647edc') in 0.0094475 seconds
Number of updated asset objects reloaded before import = 0Number of asset objects unloaded after import = 2

========================================================================
Received Import Request.
  Time since last request: 0.000025 seconds.
  path: Assets/Graphisms/Tilesets/SubTiles/Outside_2004.asset
  artifactKey: Guid(afc8c4c90c4ea964eaa2bda28674afe2) Importer(2089858483,b0f066a214c2f5e87bad3c948f4d605d)
Start importing Assets/Graphisms/Tilesets/SubTiles/Outside_2004.asset using Guid(afc8c4c90c4ea964eaa2bda28674afe2) Importer(2089858483,b0f066a214c2f5e87bad3c948f4d605d) (ScriptedImporter) -> (artifact id: '11d40bde299dcfa4aa0d0d7d4678036b') in 0.0104033 seconds
Number of updated asset objects reloaded before import = 0Number of asset objects unloaded after import = 2

========================================================================
Received Import Request.
  Time since last request: 0.000037 seconds.
  path: Assets/Graphisms/Tilesets/SubTiles/Outside_1607.asset
  artifactKey: Guid(52714e2ffa29342408c5378fc5e8738c) Importer(2089858483,b0f066a214c2f5e87bad3c948f4d605d)
Start importing Assets/Graphisms/Tilesets/SubTiles/Outside_1607.asset using Guid(52714e2ffa29342408c5378fc5e8738c) Importer(2089858483,b0f066a214c2f5e87bad3c948f4d605d) (ScriptedImporter) -> (artifact id: '5ccbb42fa3070b2784ee04a9e75b5bf8') in 0.0096239 seconds
Number of updated asset objects reloaded before import = 0Number of asset objects unloaded after import = 2

========================================================================
Received Import Request.
  Time since last request: 0.000018 seconds.
  path: Assets/Graphisms/Tilesets/SubTiles/Outside_589.asset
  artifactKey: Guid(b51ee11e11c8c204ca4833d6ad1cf0c5) Importer(2089858483,b0f066a214c2f5e87bad3c948f4d605d)
Start importing Assets/Graphisms/Tilesets/SubTiles/Outside_589.asset using Guid(b51ee11e11c8c204ca4833d6ad1cf0c5) Importer(2089858483,b0f066a214c2f5e87bad3c948f4d605d) (ScriptedImporter) -> (artifact id: 'd84551ee32f04094fa5f786d274d559e') in 0.0102612 seconds
Number of updated asset objects reloaded before import = 0Number of asset objects unloaded after import = 2

========================================================================
Received Import Request.
  Time since last request: 0.000018 seconds.
  path: Assets/Graphisms/Tilesets/SubTiles/Outside_3458.asset
  artifactKey: Guid(10251220c782fcb4ba70e8bfb51bcfab) Importer(2089858483,b0f066a214c2f5e87bad3c948f4d605d)
Start importing Assets/Graphisms/Tilesets/SubTiles/Outside_3458.asset using Guid(10251220c782fcb4ba70e8bfb51bcfab) Importer(2089858483,b0f066a214c2f5e87bad3c948f4d605d) (ScriptedImporter) -> (artifact id: '27d391c1d744df8dacfaac32cf5f6b82') in 0.010004 seconds
Number of updated asset objects reloaded before import = 0Number of asset objects unloaded after import = 2

========================================================================
Received Import Request.
  Time since last request: 0.000020 seconds.
  path: Assets/Graphisms/Tilesets/SubTiles/Outside_1954.asset
  artifactKey: Guid(f5ae93b20d3521d479fb67bd198990c3) Importer(2089858483,b0f066a214c2f5e87bad3c948f4d605d)
Start importing Assets/Graphisms/Tilesets/SubTiles/Outside_1954.asset using Guid(f5ae93b20d3521d479fb67bd198990c3) Importer(2089858483,b0f066a214c2f5e87bad3c948f4d605d) (ScriptedImporter) -> (artifact id: '4d5192a2b2686731fca3db89e4235ec6') in 0.0218858 seconds
Number of updated asset objects reloaded before import = 0Number of asset objects unloaded after import = 2

========================================================================
Received Import Request.
  Time since last request: 0.000023 seconds.
  path: Assets/Graphisms/Tilesets/SubTiles/Outside_155.asset
  artifactKey: Guid(7ea09cdadc9bb724bb7b97f05170448d) Importer(2089858483,b0f066a214c2f5e87bad3c948f4d605d)
Start importing Assets/Graphisms/Tilesets/SubTiles/Outside_155.asset using Guid(7ea09cdadc9bb724bb7b97f05170448d) Importer(2089858483,b0f066a214c2f5e87bad3c948f4d605d) (ScriptedImporter) -> (artifact id: '23278072a6fcc4be26d8451a3ab20b1e') in 0.0118958 seconds
Number of updated asset objects reloaded before import = 0Number of asset objects unloaded after import = 2

========================================================================
Received Import Request.
  Time since last request: 0.000036 seconds.
  path: Assets/Graphisms/Tilesets/SubTiles/Outside_778.asset
  artifactKey: Guid(b305c71a2d9b3894f8d395d55d39e88d) Importer(2089858483,b0f066a214c2f5e87bad3c948f4d605d)
Start importing Assets/Graphisms/Tilesets/SubTiles/Outside_778.asset using Guid(b305c71a2d9b3894f8d395d55d39e88d) Importer(2089858483,b0f066a214c2f5e87bad3c948f4d605d) (ScriptedImporter) -> (artifact id: '8e3b5e39b5e0f9fd61a303f125c74352') in 0.0094136 seconds
Number of updated asset objects reloaded before import = 0Number of asset objects unloaded after import = 2

========================================================================
Received Import Request.
  Time since last request: 0.000024 seconds.
  path: Assets/Graphisms/Tilesets/SubTiles/Outside_683.asset
  artifactKey: Guid(b649b6584d523a348a4564a635b9ac43) Importer(2089858483,b0f066a214c2f5e87bad3c948f4d605d)
Start importing Assets/Graphisms/Tilesets/SubTiles/Outside_683.asset using Guid(b649b6584d523a348a4564a635b9ac43) Importer(2089858483,b0f066a214c2f5e87bad3c948f4d605d) (ScriptedImporter) -> (artifact id: '4a863c1d64cf9028b3ed81b7c0296956') in 0.0144036 seconds
Number of updated asset objects reloaded before import = 0Number of asset objects unloaded after import = 2

========================================================================
Received Import Request.
  Time since last request: 0.000024 seconds.
  path: Assets/Graphisms/Tilesets/SubTiles/Outside_2383.asset
  artifactKey: Guid(e15fbedf2d19829498457afe212de904) Importer(2089858483,b0f066a214c2f5e87bad3c948f4d605d)
Start importing Assets/Graphisms/Tilesets/SubTiles/Outside_2383.asset using Guid(e15fbedf2d19829498457afe212de904) Importer(2089858483,b0f066a214c2f5e87bad3c948f4d605d) (ScriptedImporter) -> (artifact id: '3d37da57ba06faa4eab88f82dc02cc96') in 0.0111998 seconds
Number of updated asset objects reloaded before import = 0Number of asset objects unloaded after import = 2

========================================================================
Received Import Request.
  Time since last request: 0.000035 seconds.
  path: Assets/Graphisms/Tilesets/SubTiles/Outside_773.asset
  artifactKey: Guid(604ac67b99ca263419fb9d58b3e36945) Importer(2089858483,b0f066a214c2f5e87bad3c948f4d605d)
Start importing Assets/Graphisms/Tilesets/SubTiles/Outside_773.asset using Guid(604ac67b99ca263419fb9d58b3e36945) Importer(2089858483,b0f066a214c2f5e87bad3c948f4d605d) (ScriptedImporter) -> (artifact id: '2d11c5e1e7277c28176f685681850b5c') in 0.0119644 seconds
Number of updated asset objects reloaded before import = 0Number of asset objects unloaded after import = 2

========================================================================
Received Import Request.
  Time since last request: 0.000034 seconds.
  path: Assets/Graphisms/Tilesets/SubTiles/Outside_2710.asset
  artifactKey: Guid(11bca21bd6b89dd4b9552816e3111764) Importer(2089858483,b0f066a214c2f5e87bad3c948f4d605d)
Start importing Assets/Graphisms/Tilesets/SubTiles/Outside_2710.asset using Guid(11bca21bd6b89dd4b9552816e3111764) Importer(2089858483,b0f066a214c2f5e87bad3c948f4d605d) (ScriptedImporter) -> (artifact id: 'c938bbb10121179a7b0e5ca33ec14591') in 0.0415342 seconds
Number of updated asset objects reloaded before import = 0Number of asset objects unloaded after import = 2

========================================================================
Received Import Request.
  Time since last request: 0.000035 seconds.
  path: Assets/Graphisms/Tilesets/SubTiles/Outside_3802.asset
  artifactKey: Guid(6eadea0ddeba1b447bd4072ac7f3b5c1) Importer(2089858483,b0f066a214c2f5e87bad3c948f4d605d)
Start importing Assets/Graphisms/Tilesets/SubTiles/Outside_3802.asset using Guid(6eadea0ddeba1b447bd4072ac7f3b5c1) Importer(2089858483,b0f066a214c2f5e87bad3c948f4d605d) (ScriptedImporter) -> (artifact id: 'db2768fd779e4e7459c8712cc2b43d38') in 0.0101489 seconds
Number of updated asset objects reloaded before import = 0Number of asset objects unloaded after import = 2

========================================================================
Received Import Request.
  Time since last request: 0.000024 seconds.
  path: Assets/Graphisms/Tilesets/SubTiles/Outside_1278.asset
  artifactKey: Guid(be3e936f435beb242be11ed6979f8b48) Importer(2089858483,b0f066a214c2f5e87bad3c948f4d605d)
Start importing Assets/Graphisms/Tilesets/SubTiles/Outside_1278.asset using Guid(be3e936f435beb242be11ed6979f8b48) Importer(2089858483,b0f066a214c2f5e87bad3c948f4d605d) (ScriptedImporter) -> (artifact id: '3c0fc3c20461ad708c7a9533115c9e98') in 0.0129466 seconds
Number of updated asset objects reloaded before import = 0Number of asset objects unloaded after import = 2

========================================================================
Received Import Request.
  Time since last request: 0.000026 seconds.
  path: Assets/Graphisms/Tilesets/SubTiles/Outside_2496.asset
  artifactKey: Guid(51beea87029779e4bbf404bf085892b4) Importer(2089858483,b0f066a214c2f5e87bad3c948f4d605d)
Start importing Assets/Graphisms/Tilesets/SubTiles/Outside_2496.asset using Guid(51beea87029779e4bbf404bf085892b4) Importer(2089858483,b0f066a214c2f5e87bad3c948f4d605d) (ScriptedImporter) -> (artifact id: '2e754beafbb98117da5319f0eda48a5b') in 0.0114988 seconds
Number of updated asset objects reloaded before import = 0Number of asset objects unloaded after import = 2

========================================================================
Received Import Request.
  Time since last request: 0.000022 seconds.
  path: Assets/Graphisms/Tilesets/SubTiles/Outside_838.asset
  artifactKey: Guid(9f8dd42f8bf0fe94688216d24a790e8a) Importer(2089858483,b0f066a214c2f5e87bad3c948f4d605d)
Start importing Assets/Graphisms/Tilesets/SubTiles/Outside_838.asset using Guid(9f8dd42f8bf0fe94688216d24a790e8a) Importer(2089858483,b0f066a214c2f5e87bad3c948f4d605d) (ScriptedImporter) -> (artifact id: '6ab321095e6696b148fb6d19ce72b685') in 0.0106024 seconds
Number of updated asset objects reloaded before import = 0Number of asset objects unloaded after import = 2

========================================================================
Received Import Request.
  Time since last request: 0.000033 seconds.
  path: Assets/Graphisms/Tilesets/SubTiles/Outside_431.asset
  artifactKey: Guid(593295404c0a8a14d8c61cbb356d4413) Importer(2089858483,b0f066a214c2f5e87bad3c948f4d605d)
Start importing Assets/Graphisms/Tilesets/SubTiles/Outside_431.asset using Guid(593295404c0a8a14d8c61cbb356d4413) Importer(2089858483,b0f066a214c2f5e87bad3c948f4d605d) (ScriptedImporter) -> (artifact id: '15862c778fea99164dbd9fe0c436ec18') in 0.0100694 seconds
Number of updated asset objects reloaded before import = 0Number of asset objects unloaded after import = 2

========================================================================
Received Import Request.
  Time since last request: 0.000042 seconds.
  path: Assets/Graphisms/Tilesets/SubTiles/Outside_1911.asset
  artifactKey: Guid(2fac85e45fabb474799e83fb039dedd5) Importer(2089858483,b0f066a214c2f5e87bad3c948f4d605d)
Start importing Assets/Graphisms/Tilesets/SubTiles/Outside_1911.asset using Guid(2fac85e45fabb474799e83fb039dedd5) Importer(2089858483,b0f066a214c2f5e87bad3c948f4d605d) (ScriptedImporter) -> (artifact id: '5b1fdac46f559aefd8302717439d7a8f') in 0.0398796 seconds
Number of updated asset objects reloaded before import = 0Number of asset objects unloaded after import = 2

========================================================================
Received Import Request.
  Time since last request: 0.000034 seconds.
  path: Assets/Graphisms/Tilesets/SubTiles/Outside_1429.asset
  artifactKey: Guid(9e9cb42581e3fca4694f71eb876b9ed4) Importer(2089858483,b0f066a214c2f5e87bad3c948f4d605d)
Start importing Assets/Graphisms/Tilesets/SubTiles/Outside_1429.asset using Guid(9e9cb42581e3fca4694f71eb876b9ed4) Importer(2089858483,b0f066a214c2f5e87bad3c948f4d605d) (ScriptedImporter) -> (artifact id: 'c1a9056621793e37400f07828f292ec6') in 0.0112778 seconds
Number of updated asset objects reloaded before import = 0Number of asset objects unloaded after import = 2

========================================================================
Received Import Request.
  Time since last request: 0.000032 seconds.
  path: Assets/Graphisms/Tilesets/SubTiles/Outside_3368.asset
  artifactKey: Guid(ae2b38a75d4785240b17248bd7e6f6e8) Importer(2089858483,b0f066a214c2f5e87bad3c948f4d605d)
Start importing Assets/Graphisms/Tilesets/SubTiles/Outside_3368.asset using Guid(ae2b38a75d4785240b17248bd7e6f6e8) Importer(2089858483,b0f066a214c2f5e87bad3c948f4d605d) (ScriptedImporter) -> (artifact id: 'bd0131336c880c028bd938954215261a') in 0.0107595 seconds
Number of updated asset objects reloaded before import = 0Number of asset objects unloaded after import = 2

========================================================================
Received Import Request.
  Time since last request: 0.000046 seconds.
  path: Assets/Graphisms/Tilesets/SubTiles/Outside_2643.asset
  artifactKey: Guid(4ec6479b98a19a4498a0b22383e36290) Importer(2089858483,b0f066a214c2f5e87bad3c948f4d605d)
Start importing Assets/Graphisms/Tilesets/SubTiles/Outside_2643.asset using Guid(4ec6479b98a19a4498a0b22383e36290) Importer(2089858483,b0f066a214c2f5e87bad3c948f4d605d) (ScriptedImporter) -> (artifact id: 'fc65806785b9273d3c9b149eee91ac2f') in 0.0116389 seconds
Number of updated asset objects reloaded before import = 0Number of asset objects unloaded after import = 2

========================================================================
Received Import Request.
  Time since last request: 0.000047 seconds.
  path: Assets/Graphisms/Tilesets/SubTiles/Outside_747.asset
  artifactKey: Guid(45c2fba046ea6174fa0a052c971127f9) Importer(2089858483,b0f066a214c2f5e87bad3c948f4d605d)
Start importing Assets/Graphisms/Tilesets/SubTiles/Outside_747.asset using Guid(45c2fba046ea6174fa0a052c971127f9) Importer(2089858483,b0f066a214c2f5e87bad3c948f4d605d) (ScriptedImporter) -> (artifact id: 'c8d82cb99adc57cb17b9db1a6aace583') in 0.0103106 seconds
Number of updated asset objects reloaded before import = 0Number of asset objects unloaded after import = 2

========================================================================
Received Import Request.
  Time since last request: 0.000023 seconds.
  path: Assets/Graphisms/Tilesets/SubTiles/Outside_1186.asset
  artifactKey: Guid(6f1a5139f29450a45ad791d102516f0a) Importer(2089858483,b0f066a214c2f5e87bad3c948f4d605d)
Start importing Assets/Graphisms/Tilesets/SubTiles/Outside_1186.asset using Guid(6f1a5139f29450a45ad791d102516f0a) Importer(2089858483,b0f066a214c2f5e87bad3c948f4d605d) (ScriptedImporter) -> (artifact id: '9ba9c1386918abed8de05914479a40b9') in 0.0140721 seconds
Number of updated asset objects reloaded before import = 0Number of asset objects unloaded after import = 2

========================================================================
Received Import Request.
  Time since last request: 0.000025 seconds.
  path: Assets/Graphisms/Tilesets/SubTiles/Outside_545.asset
  artifactKey: Guid(b333b80c39595e143ba7a5ba2ae3de62) Importer(2089858483,b0f066a214c2f5e87bad3c948f4d605d)
Start importing Assets/Graphisms/Tilesets/SubTiles/Outside_545.asset using Guid(b333b80c39595e143ba7a5ba2ae3de62) Importer(2089858483,b0f066a214c2f5e87bad3c948f4d605d) (ScriptedImporter) -> (artifact id: '513eb491dedd8fe824bf664305bd2e91') in 0.0108397 seconds
Number of updated asset objects reloaded before import = 0Number of asset objects unloaded after import = 2

========================================================================
Received Import Request.
  Time since last request: 0.000023 seconds.
  path: Assets/Graphisms/Tilesets/SubTiles/Outside_3199.asset
  artifactKey: Guid(b3edd77c4dc216448900ab5a5f33dde2) Importer(2089858483,b0f066a214c2f5e87bad3c948f4d605d)
Start importing Assets/Graphisms/Tilesets/SubTiles/Outside_3199.asset using Guid(b3edd77c4dc216448900ab5a5f33dde2) Importer(2089858483,b0f066a214c2f5e87bad3c948f4d605d) (ScriptedImporter) -> (artifact id: '2de8bd1e1e12258899559e8362506d5f') in 0.0145611 seconds
Number of updated asset objects reloaded before import = 0Number of asset objects unloaded after import = 2

========================================================================
Received Import Request.
  Time since last request: 0.000038 seconds.
  path: Assets/Graphisms/Tilesets/SubTiles/Outside_1174.asset
  artifactKey: Guid(47c81aa738b48ef4b824c71ff1092e48) Importer(2089858483,b0f066a214c2f5e87bad3c948f4d605d)
Start importing Assets/Graphisms/Tilesets/SubTiles/Outside_1174.asset using Guid(47c81aa738b48ef4b824c71ff1092e48) Importer(2089858483,b0f066a214c2f5e87bad3c948f4d605d) (ScriptedImporter) -> (artifact id: '6914f2d602cb36de2311ea82d989c25d') in 0.0118002 seconds
Number of updated asset objects reloaded before import = 0Number of asset objects unloaded after import = 2

========================================================================
Received Import Request.
  Time since last request: 0.000029 seconds.
  path: Assets/Graphisms/Tilesets/SubTiles/Outside_2250.asset
  artifactKey: Guid(35a8472107a809e4997f8af87d8a1b4d) Importer(2089858483,b0f066a214c2f5e87bad3c948f4d605d)
Start importing Assets/Graphisms/Tilesets/SubTiles/Outside_2250.asset using Guid(35a8472107a809e4997f8af87d8a1b4d) Importer(2089858483,b0f066a214c2f5e87bad3c948f4d605d) (ScriptedImporter) -> (artifact id: '005d6e62bf0b6feae0da3303afb96de9') in 0.0115668 seconds
Number of updated asset objects reloaded before import = 0Number of asset objects unloaded after import = 2

========================================================================
Received Import Request.
  Time since last request: 0.000025 seconds.
  path: Assets/Graphisms/Tilesets/SubTiles/Outside_828.asset
  artifactKey: Guid(da74cc91a468850408a8dc63a114724e) Importer(2089858483,b0f066a214c2f5e87bad3c948f4d605d)
Start importing Assets/Graphisms/Tilesets/SubTiles/Outside_828.asset using Guid(da74cc91a468850408a8dc63a114724e) Importer(2089858483,b0f066a214c2f5e87bad3c948f4d605d) (ScriptedImporter) -> (artifact id: '83f60d431546cf02659a75329c0f4f94') in 0.0095562 seconds
Number of updated asset objects reloaded before import = 0Number of asset objects unloaded after import = 2

========================================================================
Received Import Request.
  Time since last request: 0.000027 seconds.
  path: Assets/Graphisms/Tilesets/SubTiles/Outside_313.asset
  artifactKey: Guid(ecb745b4dddf8c64bab33b0862fafe94) Importer(2089858483,b0f066a214c2f5e87bad3c948f4d605d)
Start importing Assets/Graphisms/Tilesets/SubTiles/Outside_313.asset using Guid(ecb745b4dddf8c64bab33b0862fafe94) Importer(2089858483,b0f066a214c2f5e87bad3c948f4d605d) (ScriptedImporter) -> (artifact id: '0f361ddda3e80ed69ff16b7bdab9ca40') in 0.0282214 seconds
Number of updated asset objects reloaded before import = 0Number of asset objects unloaded after import = 2

========================================================================
Received Import Request.
  Time since last request: 0.000036 seconds.
  path: Assets/Graphisms/Tilesets/SubTiles/Outside_1342.asset
  artifactKey: Guid(34f95e6c2a4de0b4c85d37d6f7e3c616) Importer(2089858483,b0f066a214c2f5e87bad3c948f4d605d)
Start importing Assets/Graphisms/Tilesets/SubTiles/Outside_1342.asset using Guid(34f95e6c2a4de0b4c85d37d6f7e3c616) Importer(2089858483,b0f066a214c2f5e87bad3c948f4d605d) (ScriptedImporter) -> (artifact id: '6a8123c1fa1c0f13a060ecd28bab875a') in 0.009946 seconds
Number of updated asset objects reloaded before import = 0Number of asset objects unloaded after import = 2

========================================================================
Received Import Request.
  Time since last request: 0.000024 seconds.
  path: Assets/Graphisms/Tilesets/SubTiles/Outside_163.asset
  artifactKey: Guid(7633018d9dc35394ebbf04a6c2649c73) Importer(2089858483,b0f066a214c2f5e87bad3c948f4d605d)
Start importing Assets/Graphisms/Tilesets/SubTiles/Outside_163.asset using Guid(7633018d9dc35394ebbf04a6c2649c73) Importer(2089858483,b0f066a214c2f5e87bad3c948f4d605d) (ScriptedImporter) -> (artifact id: '4ab3758c60c184f4ee9b9e2a6b1c2220') in 0.0534122 seconds
Number of updated asset objects reloaded before import = 0Number of asset objects unloaded after import = 2

========================================================================
Received Import Request.
  Time since last request: 0.000024 seconds.
  path: Assets/Graphisms/Tilesets/SubTiles/Outside_50.asset
  artifactKey: Guid(685ff37bf44d4b9418ecd1ec5a3501b1) Importer(2089858483,b0f066a214c2f5e87bad3c948f4d605d)
Start importing Assets/Graphisms/Tilesets/SubTiles/Outside_50.asset using Guid(685ff37bf44d4b9418ecd1ec5a3501b1) Importer(2089858483,b0f066a214c2f5e87bad3c948f4d605d) (ScriptedImporter) -> (artifact id: '4e6f44b2f86d0b2c36cfea1bffcf1903') in 0.0281725 seconds
Number of updated asset objects reloaded before import = 0Number of asset objects unloaded after import = 2

========================================================================
Received Import Request.
  Time since last request: 0.000026 seconds.
  path: Assets/Graphisms/Tilesets/SubTiles/Outside_301.asset
  artifactKey: Guid(4c4d2fe723174d6478be8609d8bcb72f) Importer(2089858483,b0f066a214c2f5e87bad3c948f4d605d)
Start importing Assets/Graphisms/Tilesets/SubTiles/Outside_301.asset using Guid(4c4d2fe723174d6478be8609d8bcb72f) Importer(2089858483,b0f066a214c2f5e87bad3c948f4d605d) (ScriptedImporter) -> (artifact id: '547f10c1114664f514ef3e9547168d97') in 0.0112524 seconds
Number of updated asset objects reloaded before import = 0Number of asset objects unloaded after import = 2

========================================================================
Received Import Request.
  Time since last request: 0.000041 seconds.
  path: Assets/Graphisms/Tilesets/SubTiles/Outside_3262.asset
  artifactKey: Guid(1338ffea7be29fd4eaed8f86a4e98c5f) Importer(2089858483,b0f066a214c2f5e87bad3c948f4d605d)
Start importing Assets/Graphisms/Tilesets/SubTiles/Outside_3262.asset using Guid(1338ffea7be29fd4eaed8f86a4e98c5f) Importer(2089858483,b0f066a214c2f5e87bad3c948f4d605d) (ScriptedImporter) -> (artifact id: '30731ce3c049aec0ad8d79ba483882ec') in 0.0118681 seconds
Number of updated asset objects reloaded before import = 0Number of asset objects unloaded after import = 2

========================================================================
Received Import Request.
  Time since last request: 0.000024 seconds.
  path: Assets/Graphisms/Tilesets/SubTiles/Outside_2707.asset
  artifactKey: Guid(5ede0a833aefadd46a063f93ddb8e643) Importer(2089858483,b0f066a214c2f5e87bad3c948f4d605d)
Start importing Assets/Graphisms/Tilesets/SubTiles/Outside_2707.asset using Guid(5ede0a833aefadd46a063f93ddb8e643) Importer(2089858483,b0f066a214c2f5e87bad3c948f4d605d) (ScriptedImporter) -> (artifact id: 'ea043eb635df27ba1421ec22ec9a0d1a') in 0.0134491 seconds
Number of updated asset objects reloaded before import = 0Number of asset objects unloaded after import = 2

========================================================================
Received Import Request.
  Time since last request: 0.000021 seconds.
  path: Assets/Graphisms/Tilesets/SubTiles/Outside_3406.asset
  artifactKey: Guid(77fd6511eac04614995a6e717fcf271f) Importer(2089858483,b0f066a214c2f5e87bad3c948f4d605d)
Start importing Assets/Graphisms/Tilesets/SubTiles/Outside_3406.asset using Guid(77fd6511eac04614995a6e717fcf271f) Importer(2089858483,b0f066a214c2f5e87bad3c948f4d605d) (ScriptedImporter) -> (artifact id: '285d97269376d083d4279f8b063498ee') in 0.0130697 seconds
Number of updated asset objects reloaded before import = 0Number of asset objects unloaded after import = 2

========================================================================
Received Import Request.
  Time since last request: 0.000025 seconds.
  path: Assets/Graphisms/Tilesets/SubTiles/Outside_2918.asset
  artifactKey: Guid(a1bc49be63b443f4bb098921326883b2) Importer(2089858483,b0f066a214c2f5e87bad3c948f4d605d)
Start importing Assets/Graphisms/Tilesets/SubTiles/Outside_2918.asset using Guid(a1bc49be63b443f4bb098921326883b2) Importer(2089858483,b0f066a214c2f5e87bad3c948f4d605d) (ScriptedImporter) -> (artifact id: '8c1b7e65f18f42f065605ce78f00ba10') in 0.0134792 seconds
Number of updated asset objects reloaded before import = 0Number of asset objects unloaded after import = 2

========================================================================
Received Import Request.
  Time since last request: 0.000058 seconds.
  path: Assets/Graphisms/Tilesets/SubTiles/Outside_3649.asset
  artifactKey: Guid(8117776c3923fd84fb66f5bce5a11b0d) Importer(2089858483,b0f066a214c2f5e87bad3c948f4d605d)
Start importing Assets/Graphisms/Tilesets/SubTiles/Outside_3649.asset using Guid(8117776c3923fd84fb66f5bce5a11b0d) Importer(2089858483,b0f066a214c2f5e87bad3c948f4d605d) (ScriptedImporter) -> (artifact id: '7d10f18f9133a106b3e75461741856f1') in 0.0129246 seconds
Number of updated asset objects reloaded before import = 0Number of asset objects unloaded after import = 2

========================================================================
Received Import Request.
  Time since last request: 0.000032 seconds.
  path: Assets/Graphisms/Tilesets/SubTiles/Outside_2332.asset
  artifactKey: Guid(646e02acfff9d3c45b740646bda4ffae) Importer(2089858483,b0f066a214c2f5e87bad3c948f4d605d)
Start importing Assets/Graphisms/Tilesets/SubTiles/Outside_2332.asset using Guid(646e02acfff9d3c45b740646bda4ffae) Importer(2089858483,b0f066a214c2f5e87bad3c948f4d605d) (ScriptedImporter) -> (artifact id: '6a861158f9634af2fa148781bd701d66') in 0.0108528 seconds
Number of updated asset objects reloaded before import = 0Number of asset objects unloaded after import = 2

========================================================================
Received Import Request.
  Time since last request: 0.000024 seconds.
  path: Assets/Graphisms/Tilesets/SubTiles/Outside_2153.asset
  artifactKey: Guid(b0feaf2f0d26ffc49816d53ace478436) Importer(2089858483,b0f066a214c2f5e87bad3c948f4d605d)
Start importing Assets/Graphisms/Tilesets/SubTiles/Outside_2153.asset using Guid(b0feaf2f0d26ffc49816d53ace478436) Importer(2089858483,b0f066a214c2f5e87bad3c948f4d605d) (ScriptedImporter) -> (artifact id: '4fa5f9fcb6cc1790a0e81a45bde50cdd') in 0.0098099 seconds
Number of updated asset objects reloaded before import = 0Number of asset objects unloaded after import = 2

========================================================================
Received Import Request.
  Time since last request: 0.000029 seconds.
  path: Assets/Graphisms/Tilesets/SubTiles/Outside_3083.asset
  artifactKey: Guid(5685fdcf515719048888e75caf643fec) Importer(2089858483,b0f066a214c2f5e87bad3c948f4d605d)
Start importing Assets/Graphisms/Tilesets/SubTiles/Outside_3083.asset using Guid(5685fdcf515719048888e75caf643fec) Importer(2089858483,b0f066a214c2f5e87bad3c948f4d605d) (ScriptedImporter) -> (artifact id: 'b3a6f133d813216cd795ebba0b8ff73c') in 0.010515 seconds
Number of updated asset objects reloaded before import = 0Number of asset objects unloaded after import = 2

========================================================================
Received Import Request.
  Time since last request: 0.000031 seconds.
  path: Assets/Graphisms/Tilesets/SubTiles/Outside_1617.asset
  artifactKey: Guid(0941416839d011a4eba05fc2348cb0e8) Importer(2089858483,b0f066a214c2f5e87bad3c948f4d605d)
Start importing Assets/Graphisms/Tilesets/SubTiles/Outside_1617.asset using Guid(0941416839d011a4eba05fc2348cb0e8) Importer(2089858483,b0f066a214c2f5e87bad3c948f4d605d) (ScriptedImporter) -> (artifact id: '87e7ae4ddfe2b05ab9fed6bcfa6c85fd') in 0.0129744 seconds
Number of updated asset objects reloaded before import = 0Number of asset objects unloaded after import = 2

========================================================================
Received Import Request.
  Time since last request: 0.000019 seconds.
  path: Assets/Graphisms/Tilesets/SubTiles/Outside_2624.asset
  artifactKey: Guid(bb09f266aaa39594a8c4c9634741b07c) Importer(2089858483,b0f066a214c2f5e87bad3c948f4d605d)
Start importing Assets/Graphisms/Tilesets/SubTiles/Outside_2624.asset using Guid(bb09f266aaa39594a8c4c9634741b07c) Importer(2089858483,b0f066a214c2f5e87bad3c948f4d605d) (ScriptedImporter) -> (artifact id: 'f4e75db67fe8d07216a30b403744d547') in 0.0108444 seconds
Number of updated asset objects reloaded before import = 0Number of asset objects unloaded after import = 2

========================================================================
Received Import Request.
  Time since last request: 0.000036 seconds.
  path: Assets/Graphisms/Tilesets/SubTiles/Outside_3580.asset
  artifactKey: Guid(4a09a3a4bc94f1344b111e0681cd78db) Importer(2089858483,b0f066a214c2f5e87bad3c948f4d605d)
Start importing Assets/Graphisms/Tilesets/SubTiles/Outside_3580.asset using Guid(4a09a3a4bc94f1344b111e0681cd78db) Importer(2089858483,b0f066a214c2f5e87bad3c948f4d605d) (ScriptedImporter) -> (artifact id: '96a67219024df0c56b8f4806f00da30a') in 0.0121642 seconds
Number of updated asset objects reloaded before import = 0Number of asset objects unloaded after import = 2

========================================================================
Received Import Request.
  Time since last request: 0.000017 seconds.
  path: Assets/Graphisms/Tilesets/SubTiles/Outside_375.asset
  artifactKey: Guid(2c54ada8c4a08da49b03f595cb5e1735) Importer(2089858483,b0f066a214c2f5e87bad3c948f4d605d)
Start importing Assets/Graphisms/Tilesets/SubTiles/Outside_375.asset using Guid(2c54ada8c4a08da49b03f595cb5e1735) Importer(2089858483,b0f066a214c2f5e87bad3c948f4d605d) (ScriptedImporter) -> (artifact id: '1406605bfa993359b2ad956a8b4bb3b5') in 0.0095382 seconds
Number of updated asset objects reloaded before import = 0Number of asset objects unloaded after import = 2

========================================================================
Received Import Request.
  Time since last request: 0.000037 seconds.
  path: Assets/Graphisms/Tilesets/SubTiles/Outside_1917.asset
  artifactKey: Guid(8320b3f7f9b66214a9f79fca205d5f06) Importer(2089858483,b0f066a214c2f5e87bad3c948f4d605d)
Start importing Assets/Graphisms/Tilesets/SubTiles/Outside_1917.asset using Guid(8320b3f7f9b66214a9f79fca205d5f06) Importer(2089858483,b0f066a214c2f5e87bad3c948f4d605d) (ScriptedImporter) -> (artifact id: 'b6930067f6af876886c4625ddad7dc36') in 0.0127315 seconds
Number of updated asset objects reloaded before import = 0Number of asset objects unloaded after import = 2

========================================================================
Received Import Request.
  Time since last request: 0.000035 seconds.
  path: Assets/Graphisms/Tilesets/SubTiles/Outside_734.asset
  artifactKey: Guid(c23e9eda2c7986140abb8c502e1c68bc) Importer(2089858483,b0f066a214c2f5e87bad3c948f4d605d)
Start importing Assets/Graphisms/Tilesets/SubTiles/Outside_734.asset using Guid(c23e9eda2c7986140abb8c502e1c68bc) Importer(2089858483,b0f066a214c2f5e87bad3c948f4d605d) (ScriptedImporter) -> (artifact id: '8d52df1c68c99fb5290f97f058040a33') in 0.0115974 seconds
Number of updated asset objects reloaded before import = 0Number of asset objects unloaded after import = 2

========================================================================
Received Import Request.
  Time since last request: 0.000018 seconds.
  path: Assets/Graphisms/Tilesets/SubTiles/Outside_2552.asset
  artifactKey: Guid(453606de129d3b84a9fcf46669373e30) Importer(2089858483,b0f066a214c2f5e87bad3c948f4d605d)
Start importing Assets/Graphisms/Tilesets/SubTiles/Outside_2552.asset using Guid(453606de129d3b84a9fcf46669373e30) Importer(2089858483,b0f066a214c2f5e87bad3c948f4d605d) (ScriptedImporter) -> (artifact id: '3925ed419d41a68aca0a3fdabdbcd5f3') in 0.0107776 seconds
Number of updated asset objects reloaded before import = 0Number of asset objects unloaded after import = 2

========================================================================
Received Import Request.
  Time since last request: 0.000025 seconds.
  path: Assets/Graphisms/Tilesets/SubTiles/Outside_3169.asset
  artifactKey: Guid(1a5b6aae7fa59064489c05455ae428ab) Importer(2089858483,b0f066a214c2f5e87bad3c948f4d605d)
Start importing Assets/Graphisms/Tilesets/SubTiles/Outside_3169.asset using Guid(1a5b6aae7fa59064489c05455ae428ab) Importer(2089858483,b0f066a214c2f5e87bad3c948f4d605d) (ScriptedImporter) -> (artifact id: '1960da2be8d0388c9f8a36f1e83a3d90') in 0.0104471 seconds
Number of updated asset objects reloaded before import = 0Number of asset objects unloaded after import = 2

========================================================================
Received Import Request.
  Time since last request: 0.000020 seconds.
  path: Assets/Graphisms/Tilesets/SubTiles/Outside_3121.asset
  artifactKey: Guid(e86f75c5004d08b418b9b0a3860064a0) Importer(2089858483,b0f066a214c2f5e87bad3c948f4d605d)
Start importing Assets/Graphisms/Tilesets/SubTiles/Outside_3121.asset using Guid(e86f75c5004d08b418b9b0a3860064a0) Importer(2089858483,b0f066a214c2f5e87bad3c948f4d605d) (ScriptedImporter) -> (artifact id: '6e4ce8cb2f81cf72223cc690989967b1') in 0.0130255 seconds
Number of updated asset objects reloaded before import = 0Number of asset objects unloaded after import = 2

========================================================================
Received Import Request.
  Time since last request: 0.000024 seconds.
  path: Assets/Graphisms/Tilesets/SubTiles/Outside_607.asset
  artifactKey: Guid(08e4bdb62ef3c104ca605682946ef46c) Importer(2089858483,b0f066a214c2f5e87bad3c948f4d605d)
Start importing Assets/Graphisms/Tilesets/SubTiles/Outside_607.asset using Guid(08e4bdb62ef3c104ca605682946ef46c) Importer(2089858483,b0f066a214c2f5e87bad3c948f4d605d) (ScriptedImporter) -> (artifact id: '23ec743f2d3e53503debc2d8afe6c0c5') in 0.0099697 seconds
Number of updated asset objects reloaded before import = 0Number of asset objects unloaded after import = 2

========================================================================
Received Import Request.
  Time since last request: 0.000041 seconds.
  path: Assets/Graphisms/Tilesets/SubTiles/Outside_3082.asset
  artifactKey: Guid(81768fb0443037d40883215d9868666d) Importer(2089858483,b0f066a214c2f5e87bad3c948f4d605d)
Start importing Assets/Graphisms/Tilesets/SubTiles/Outside_3082.asset using Guid(81768fb0443037d40883215d9868666d) Importer(2089858483,b0f066a214c2f5e87bad3c948f4d605d) (ScriptedImporter) -> (artifact id: '94467eab69c0aa8df6a63e39c01c4b1c') in 0.009272 seconds
Number of updated asset objects reloaded before import = 0Number of asset objects unloaded after import = 2

========================================================================
Received Import Request.
  Time since last request: 0.000037 seconds.
  path: Assets/Graphisms/Tilesets/SubTiles/Outside_2656.asset
  artifactKey: Guid(353e25bb1be70c842b201715ebb49db1) Importer(2089858483,b0f066a214c2f5e87bad3c948f4d605d)
Start importing Assets/Graphisms/Tilesets/SubTiles/Outside_2656.asset using Guid(353e25bb1be70c842b201715ebb49db1) Importer(2089858483,b0f066a214c2f5e87bad3c948f4d605d) (ScriptedImporter) -> (artifact id: '03004857b256d6a7cc1145100e2d09e4') in 0.0107207 seconds
Number of updated asset objects reloaded before import = 0Number of asset objects unloaded after import = 2

========================================================================
Received Import Request.
  Time since last request: 0.000027 seconds.
  path: Assets/Graphisms/Tilesets/SubTiles/Outside_1612.asset
  artifactKey: Guid(c92506e2f4defa24996d2b294b057181) Importer(2089858483,b0f066a214c2f5e87bad3c948f4d605d)
Start importing Assets/Graphisms/Tilesets/SubTiles/Outside_1612.asset using Guid(c92506e2f4defa24996d2b294b057181) Importer(2089858483,b0f066a214c2f5e87bad3c948f4d605d) (ScriptedImporter) -> (artifact id: '24d3fe0d456cc8b2e4bb920354dfaccd') in 0.0122539 seconds
Number of updated asset objects reloaded before import = 0Number of asset objects unloaded after import = 2

========================================================================
Received Import Request.
  Time since last request: 0.000019 seconds.
  path: Assets/Graphisms/Tilesets/SubTiles/Outside_615.asset
  artifactKey: Guid(00caa8872dcec0c4a9292e9b8f7378a8) Importer(2089858483,b0f066a214c2f5e87bad3c948f4d605d)
Start importing Assets/Graphisms/Tilesets/SubTiles/Outside_615.asset using Guid(00caa8872dcec0c4a9292e9b8f7378a8) Importer(2089858483,b0f066a214c2f5e87bad3c948f4d605d) (ScriptedImporter) -> (artifact id: 'a5b477e6fe3952efacf4df628b1918d9') in 0.0115004 seconds
Number of updated asset objects reloaded before import = 0Number of asset objects unloaded after import = 2

========================================================================
Received Import Request.
  Time since last request: 0.000024 seconds.
  path: Assets/Graphisms/Tilesets/SubTiles/Outside_3695.asset
  artifactKey: Guid(9dbafe87d1662c948918c0326769f2ad) Importer(2089858483,b0f066a214c2f5e87bad3c948f4d605d)
Start importing Assets/Graphisms/Tilesets/SubTiles/Outside_3695.asset using Guid(9dbafe87d1662c948918c0326769f2ad) Importer(2089858483,b0f066a214c2f5e87bad3c948f4d605d) (ScriptedImporter) -> (artifact id: 'dbc31bc478e235ba9ed1317c408c401c') in 0.0108564 seconds
Number of updated asset objects reloaded before import = 0Number of asset objects unloaded after import = 2

========================================================================
Received Import Request.
  Time since last request: 0.000039 seconds.
  path: Assets/Graphisms/Tilesets/SubTiles/Outside_1551.asset
  artifactKey: Guid(00e92b63dc4bf164bb8654c04220840a) Importer(2089858483,b0f066a214c2f5e87bad3c948f4d605d)
Start importing Assets/Graphisms/Tilesets/SubTiles/Outside_1551.asset using Guid(00e92b63dc4bf164bb8654c04220840a) Importer(2089858483,b0f066a214c2f5e87bad3c948f4d605d) (ScriptedImporter) -> (artifact id: '61d4e85e5c45500644f33d971d44f8fd') in 0.0112591 seconds
Number of updated asset objects reloaded before import = 0Number of asset objects unloaded after import = 2

========================================================================
Received Import Request.
  Time since last request: 0.000029 seconds.
  path: Assets/Graphisms/Tilesets/SubTiles/Outside_3302.asset
  artifactKey: Guid(857c0ad781504ce469cc22eb94beeed6) Importer(2089858483,b0f066a214c2f5e87bad3c948f4d605d)
Start importing Assets/Graphisms/Tilesets/SubTiles/Outside_3302.asset using Guid(857c0ad781504ce469cc22eb94beeed6) Importer(2089858483,b0f066a214c2f5e87bad3c948f4d605d) (ScriptedImporter) -> (artifact id: '311d6e477619c3682824a559b1707ba5') in 0.0099988 seconds
Number of updated asset objects reloaded before import = 0Number of asset objects unloaded after import = 2

========================================================================
Received Import Request.
  Time since last request: 0.000033 seconds.
  path: Assets/Graphisms/Tilesets/SubTiles/Outside_1854.asset
  artifactKey: Guid(ad117b051f9a84f42adf4d020758bb50) Importer(2089858483,b0f066a214c2f5e87bad3c948f4d605d)
Start importing Assets/Graphisms/Tilesets/SubTiles/Outside_1854.asset using Guid(ad117b051f9a84f42adf4d020758bb50) Importer(2089858483,b0f066a214c2f5e87bad3c948f4d605d) (ScriptedImporter) -> (artifact id: '98e36fd9c9ce3176dbe1d46927f022bc') in 0.0106146 seconds
Number of updated asset objects reloaded before import = 0Number of asset objects unloaded after import = 2

========================================================================
Received Import Request.
  Time since last request: 0.000026 seconds.
  path: Assets/Graphisms/Tilesets/SubTiles/Outside_3710.asset
  artifactKey: Guid(a448eff7cd882554b845418872747474) Importer(2089858483,b0f066a214c2f5e87bad3c948f4d605d)
Start importing Assets/Graphisms/Tilesets/SubTiles/Outside_3710.asset using Guid(a448eff7cd882554b845418872747474) Importer(2089858483,b0f066a214c2f5e87bad3c948f4d605d) (ScriptedImporter) -> (artifact id: '87a2359e28df8db700d51b86121a66e8') in 0.0094103 seconds
Number of updated asset objects reloaded before import = 0Number of asset objects unloaded after import = 2

========================================================================
Received Import Request.
  Time since last request: 0.000043 seconds.
  path: Assets/Graphisms/Tilesets/SubTiles/Outside_229.asset
  artifactKey: Guid(c2a7af6b04310a7418d09f3980571af2) Importer(2089858483,b0f066a214c2f5e87bad3c948f4d605d)
Start importing Assets/Graphisms/Tilesets/SubTiles/Outside_229.asset using Guid(c2a7af6b04310a7418d09f3980571af2) Importer(2089858483,b0f066a214c2f5e87bad3c948f4d605d) (ScriptedImporter) -> (artifact id: 'bf67a62953f1b7db506b70a1a65137e7') in 0.0126256 seconds
Number of updated asset objects reloaded before import = 0Number of asset objects unloaded after import = 2

========================================================================
Received Import Request.
  Time since last request: 0.000022 seconds.
  path: Assets/Graphisms/Tilesets/SubTiles/Outside_3743.asset
  artifactKey: Guid(fc1899d905054cc46acd927885e94a53) Importer(2089858483,b0f066a214c2f5e87bad3c948f4d605d)
Start importing Assets/Graphisms/Tilesets/SubTiles/Outside_3743.asset using Guid(fc1899d905054cc46acd927885e94a53) Importer(2089858483,b0f066a214c2f5e87bad3c948f4d605d) (ScriptedImporter) -> (artifact id: '6d4162b3501893d7684345da33938690') in 0.0105785 seconds
Number of updated asset objects reloaded before import = 0Number of asset objects unloaded after import = 2

========================================================================
Received Import Request.
  Time since last request: 0.000028 seconds.
  path: Assets/Graphisms/Tilesets/SubTiles/Outside_3547.asset
  artifactKey: Guid(8a02dbf2c30e6954fb98e574cac22be7) Importer(2089858483,b0f066a214c2f5e87bad3c948f4d605d)
Start importing Assets/Graphisms/Tilesets/SubTiles/Outside_3547.asset using Guid(8a02dbf2c30e6954fb98e574cac22be7) Importer(2089858483,b0f066a214c2f5e87bad3c948f4d605d) (ScriptedImporter) -> (artifact id: '1a6dc29ba869254d4d89bd97a6009b48') in 0.0124452 seconds
Number of updated asset objects reloaded before import = 0Number of asset objects unloaded after import = 2

========================================================================
Received Import Request.
  Time since last request: 0.000019 seconds.
  path: Assets/Graphisms/Tilesets/SubTiles/Outside_2403.asset
  artifactKey: Guid(2c535fb28eed18149ae84730b744fa55) Importer(2089858483,b0f066a214c2f5e87bad3c948f4d605d)
Start importing Assets/Graphisms/Tilesets/SubTiles/Outside_2403.asset using Guid(2c535fb28eed18149ae84730b744fa55) Importer(2089858483,b0f066a214c2f5e87bad3c948f4d605d) (ScriptedImporter) -> (artifact id: 'd65d452140bba7c1097064fc16cde8e3') in 0.012658 seconds
Number of updated asset objects reloaded before import = 0Number of asset objects unloaded after import = 2

========================================================================
Received Import Request.
  Time since last request: 0.000044 seconds.
  path: Assets/Graphisms/Tilesets/SubTiles/Outside_1651.asset
  artifactKey: Guid(d49c1b810449fea45b9d1c3a3f28934e) Importer(2089858483,b0f066a214c2f5e87bad3c948f4d605d)
Start importing Assets/Graphisms/Tilesets/SubTiles/Outside_1651.asset using Guid(d49c1b810449fea45b9d1c3a3f28934e) Importer(2089858483,b0f066a214c2f5e87bad3c948f4d605d) (ScriptedImporter) -> (artifact id: '95e7d8ec8f8cdc2ac9f9cbaf2751a9cc') in 0.027428 seconds
Number of updated asset objects reloaded before import = 0Number of asset objects unloaded after import = 2

========================================================================
Received Import Request.
  Time since last request: 0.000071 seconds.
  path: Assets/Graphisms/Tilesets/SubTiles/Outside_3194.asset
  artifactKey: Guid(3c6222f2a74189b4d993db5f642c41b8) Importer(2089858483,b0f066a214c2f5e87bad3c948f4d605d)
Start importing Assets/Graphisms/Tilesets/SubTiles/Outside_3194.asset using Guid(3c6222f2a74189b4d993db5f642c41b8) Importer(2089858483,b0f066a214c2f5e87bad3c948f4d605d) (ScriptedImporter) -> (artifact id: '83a18f3b9ee844812797f01324d44384') in 0.0102018 seconds
Number of updated asset objects reloaded before import = 0Number of asset objects unloaded after import = 2

========================================================================
Received Import Request.
  Time since last request: 0.000026 seconds.
  path: Assets/Graphisms/Tilesets/SubTiles/Outside_983.asset
  artifactKey: Guid(91ae7e8c24d37ab438c532e60fa69691) Importer(2089858483,b0f066a214c2f5e87bad3c948f4d605d)
Start importing Assets/Graphisms/Tilesets/SubTiles/Outside_983.asset using Guid(91ae7e8c24d37ab438c532e60fa69691) Importer(2089858483,b0f066a214c2f5e87bad3c948f4d605d) (ScriptedImporter) -> (artifact id: '4f778e9abc431d30f9a63e59e0619801') in 0.0127255 seconds
Number of updated asset objects reloaded before import = 0Number of asset objects unloaded after import = 2

========================================================================
Received Import Request.
  Time since last request: 0.000022 seconds.
  path: Assets/Graphisms/Tilesets/SubTiles/Outside_1136.asset
  artifactKey: Guid(ceb96385df105fb4b88ce9466e5c956a) Importer(2089858483,b0f066a214c2f5e87bad3c948f4d605d)
Start importing Assets/Graphisms/Tilesets/SubTiles/Outside_1136.asset using Guid(ceb96385df105fb4b88ce9466e5c956a) Importer(2089858483,b0f066a214c2f5e87bad3c948f4d605d) (ScriptedImporter) -> (artifact id: '095a64add5779f012b229753fcf383c9') in 0.0145828 seconds
Number of updated asset objects reloaded before import = 0Number of asset objects unloaded after import = 2

========================================================================
Received Import Request.
  Time since last request: 0.000024 seconds.
  path: Assets/Graphisms/Tilesets/SubTiles/Outside_814.asset
  artifactKey: Guid(f27ddffcd35ff744fb84abe3e3fc42a9) Importer(2089858483,b0f066a214c2f5e87bad3c948f4d605d)
Start importing Assets/Graphisms/Tilesets/SubTiles/Outside_814.asset using Guid(f27ddffcd35ff744fb84abe3e3fc42a9) Importer(2089858483,b0f066a214c2f5e87bad3c948f4d605d) (ScriptedImporter) -> (artifact id: '970531028e441116bd29309623000736') in 0.0122295 seconds
Number of updated asset objects reloaded before import = 0Number of asset objects unloaded after import = 2

========================================================================
Received Import Request.
  Time since last request: 0.000031 seconds.
  path: Assets/Graphisms/Tilesets/SubTiles/Outside_3365.asset
  artifactKey: Guid(dca3af0d93dc17f41b5b6ad33c329c70) Importer(2089858483,b0f066a214c2f5e87bad3c948f4d605d)
Start importing Assets/Graphisms/Tilesets/SubTiles/Outside_3365.asset using Guid(dca3af0d93dc17f41b5b6ad33c329c70) Importer(2089858483,b0f066a214c2f5e87bad3c948f4d605d) (ScriptedImporter) -> (artifact id: '6afef58f44bf50c66c9b13f08d2dcbb2') in 0.0125411 seconds
Number of updated asset objects reloaded before import = 0Number of asset objects unloaded after import = 2

========================================================================
Received Import Request.
  Time since last request: 0.000038 seconds.
  path: Assets/Graphisms/Tilesets/SubTiles/Outside_3473.asset
  artifactKey: Guid(97664186f79f8474d969d27369f05457) Importer(2089858483,b0f066a214c2f5e87bad3c948f4d605d)
Start importing Assets/Graphisms/Tilesets/SubTiles/Outside_3473.asset using Guid(97664186f79f8474d969d27369f05457) Importer(2089858483,b0f066a214c2f5e87bad3c948f4d605d) (ScriptedImporter) -> (artifact id: 'd66b0d990cbed085da2e37f7d4fc9485') in 0.0110617 seconds
Number of updated asset objects reloaded before import = 0Number of asset objects unloaded after import = 2

========================================================================
Received Import Request.
  Time since last request: 0.000020 seconds.
  path: Assets/Graphisms/Tilesets/SubTiles/Outside_3506.asset
  artifactKey: Guid(2078296210767f941b2cbc6dee150e6f) Importer(2089858483,b0f066a214c2f5e87bad3c948f4d605d)
Start importing Assets/Graphisms/Tilesets/SubTiles/Outside_3506.asset using Guid(2078296210767f941b2cbc6dee150e6f) Importer(2089858483,b0f066a214c2f5e87bad3c948f4d605d) (ScriptedImporter) -> (artifact id: '871dfc8561cb63c311d5454391e54901') in 0.0112056 seconds
Number of updated asset objects reloaded before import = 0Number of asset objects unloaded after import = 2

========================================================================
Received Import Request.
  Time since last request: 0.000020 seconds.
  path: Assets/Graphisms/Tilesets/SubTiles/Outside_2579.asset
  artifactKey: Guid(c06231468a4b1e947a26e3b0f94e068b) Importer(2089858483,b0f066a214c2f5e87bad3c948f4d605d)
Start importing Assets/Graphisms/Tilesets/SubTiles/Outside_2579.asset using Guid(c06231468a4b1e947a26e3b0f94e068b) Importer(2089858483,b0f066a214c2f5e87bad3c948f4d605d) (ScriptedImporter) -> (artifact id: 'e97c036d2069b25a54061cb13ad0045b') in 0.0107579 seconds
Number of updated asset objects reloaded before import = 0Number of asset objects unloaded after import = 2

========================================================================
Received Import Request.
  Time since last request: 0.000035 seconds.
  path: Assets/Graphisms/Tilesets/SubTiles/Outside_2601.asset
  artifactKey: Guid(df812d527596c624dadb6895a7cbb352) Importer(2089858483,b0f066a214c2f5e87bad3c948f4d605d)
Start importing Assets/Graphisms/Tilesets/SubTiles/Outside_2601.asset using Guid(df812d527596c624dadb6895a7cbb352) Importer(2089858483,b0f066a214c2f5e87bad3c948f4d605d) (ScriptedImporter) -> (artifact id: 'f8766c1068ee1bdf8ee30a0c59002a8e') in 0.0106528 seconds
Number of updated asset objects reloaded before import = 0Number of asset objects unloaded after import = 2

========================================================================
Received Import Request.
  Time since last request: 0.000032 seconds.
  path: Assets/Graphisms/Tilesets/SubTiles/Outside_2271.asset
  artifactKey: Guid(35016089a7f9a204d846b08c8368fcdc) Importer(2089858483,b0f066a214c2f5e87bad3c948f4d605d)
Start importing Assets/Graphisms/Tilesets/SubTiles/Outside_2271.asset using Guid(35016089a7f9a204d846b08c8368fcdc) Importer(2089858483,b0f066a214c2f5e87bad3c948f4d605d) (ScriptedImporter) -> (artifact id: '557dfbd22c06427c90ba146de7149c37') in 0.0095884 seconds
Number of updated asset objects reloaded before import = 0Number of asset objects unloaded after import = 2

========================================================================
Received Import Request.
  Time since last request: 0.000021 seconds.
  path: Assets/Graphisms/Tilesets/SubTiles/Outside_808.asset
  artifactKey: Guid(43bafcfaeaf078e42a47a22f7db6990e) Importer(2089858483,b0f066a214c2f5e87bad3c948f4d605d)
Start importing Assets/Graphisms/Tilesets/SubTiles/Outside_808.asset using Guid(43bafcfaeaf078e42a47a22f7db6990e) Importer(2089858483,b0f066a214c2f5e87bad3c948f4d605d) (ScriptedImporter) -> (artifact id: '25edc2fc8ad8a9866e148e8b8ad2e1b5') in 0.0112683 seconds
Number of updated asset objects reloaded before import = 0Number of asset objects unloaded after import = 2

========================================================================
Received Import Request.
  Time since last request: 0.000025 seconds.
  path: Assets/Graphisms/Tilesets/SubTiles/Outside_2899.asset
  artifactKey: Guid(0dc1725c57457f542a9ad432eba20075) Importer(2089858483,b0f066a214c2f5e87bad3c948f4d605d)
Start importing Assets/Graphisms/Tilesets/SubTiles/Outside_2899.asset using Guid(0dc1725c57457f542a9ad432eba20075) Importer(2089858483,b0f066a214c2f5e87bad3c948f4d605d) (ScriptedImporter) -> (artifact id: 'ae62cd55bd216b5bdae0c17d0d0d91f3') in 0.0100043 seconds
Number of updated asset objects reloaded before import = 0Number of asset objects unloaded after import = 2

========================================================================
Received Import Request.
  Time since last request: 0.000022 seconds.
  path: Assets/Graphisms/Tilesets/SubTiles/Outside_2150.asset
  artifactKey: Guid(181c25b508c117e439b0942ac6012cd7) Importer(2089858483,b0f066a214c2f5e87bad3c948f4d605d)
Start importing Assets/Graphisms/Tilesets/SubTiles/Outside_2150.asset using Guid(181c25b508c117e439b0942ac6012cd7) Importer(2089858483,b0f066a214c2f5e87bad3c948f4d605d) (ScriptedImporter) -> (artifact id: '997337c1dfe09e993baf85f2bad8c35d') in 0.0107211 seconds
Number of updated asset objects reloaded before import = 0Number of asset objects unloaded after import = 2

========================================================================
Received Import Request.
  Time since last request: 0.000018 seconds.
  path: Assets/Graphisms/Tilesets/SubTiles/Outside_3097.asset
  artifactKey: Guid(9244bf00122de064aa76fde86ac75a9b) Importer(2089858483,b0f066a214c2f5e87bad3c948f4d605d)
Start importing Assets/Graphisms/Tilesets/SubTiles/Outside_3097.asset using Guid(9244bf00122de064aa76fde86ac75a9b) Importer(2089858483,b0f066a214c2f5e87bad3c948f4d605d) (ScriptedImporter) -> (artifact id: '5f2b74cf10a182b8a9ad6001e33fe175') in 0.0133129 seconds
Number of updated asset objects reloaded before import = 0Number of asset objects unloaded after import = 2

========================================================================
Received Import Request.
  Time since last request: 0.000026 seconds.
  path: Assets/Graphisms/Tilesets/SubTiles/Outside_3921.asset
  artifactKey: Guid(945527d4d92e5ab4d84c2dfabb0791b0) Importer(2089858483,b0f066a214c2f5e87bad3c948f4d605d)
Start importing Assets/Graphisms/Tilesets/SubTiles/Outside_3921.asset using Guid(945527d4d92e5ab4d84c2dfabb0791b0) Importer(2089858483,b0f066a214c2f5e87bad3c948f4d605d) (ScriptedImporter) -> (artifact id: 'e4da9f5727b8a46c7d4af8e88d1f12a7') in 0.0100839 seconds
Number of updated asset objects reloaded before import = 0Number of asset objects unloaded after import = 2

========================================================================
Received Import Request.
  Time since last request: 0.000022 seconds.
  path: Assets/Graphisms/Tilesets/SubTiles/Outside_568.asset
  artifactKey: Guid(4f3926294eb910445b980d0b2ec503f9) Importer(2089858483,b0f066a214c2f5e87bad3c948f4d605d)
Start importing Assets/Graphisms/Tilesets/SubTiles/Outside_568.asset using Guid(4f3926294eb910445b980d0b2ec503f9) Importer(2089858483,b0f066a214c2f5e87bad3c948f4d605d) (ScriptedImporter) -> (artifact id: 'dcf74051dff225b8539e8dcaa0237b3e') in 0.0122264 seconds
Number of updated asset objects reloaded before import = 0Number of asset objects unloaded after import = 2

========================================================================
Received Import Request.
  Time since last request: 0.000028 seconds.
  path: Assets/Graphisms/Tilesets/SubTiles/Outside_1352.asset
  artifactKey: Guid(d630cef7bcd4402418eb5ae9cf78777c) Importer(2089858483,b0f066a214c2f5e87bad3c948f4d605d)
Start importing Assets/Graphisms/Tilesets/SubTiles/Outside_1352.asset using Guid(d630cef7bcd4402418eb5ae9cf78777c) Importer(2089858483,b0f066a214c2f5e87bad3c948f4d605d) (ScriptedImporter) -> (artifact id: '986ae93c01c0134a7df54f748effe22b') in 0.0089186 seconds
Number of updated asset objects reloaded before import = 0Number of asset objects unloaded after import = 2

========================================================================
Received Import Request.
  Time since last request: 0.000031 seconds.
  path: Assets/Graphisms/Tilesets/SubTiles/Outside_1121.asset
  artifactKey: Guid(fa209f51db6df204683e6dbaeff6629c) Importer(2089858483,b0f066a214c2f5e87bad3c948f4d605d)
Start importing Assets/Graphisms/Tilesets/SubTiles/Outside_1121.asset using Guid(fa209f51db6df204683e6dbaeff6629c) Importer(2089858483,b0f066a214c2f5e87bad3c948f4d605d) (ScriptedImporter) -> (artifact id: 'd705ca11f9f0ddf7752492b2bf55c600') in 0.0117441 seconds
Number of updated asset objects reloaded before import = 0Number of asset objects unloaded after import = 2

========================================================================
Received Import Request.
  Time since last request: 0.000029 seconds.
  path: Assets/Graphisms/Tilesets/SubTiles/Outside_2155.asset
  artifactKey: Guid(7c793dd588fdc3f4095fd87296a0ff8d) Importer(2089858483,b0f066a214c2f5e87bad3c948f4d605d)
Start importing Assets/Graphisms/Tilesets/SubTiles/Outside_2155.asset using Guid(7c793dd588fdc3f4095fd87296a0ff8d) Importer(2089858483,b0f066a214c2f5e87bad3c948f4d605d) (ScriptedImporter) -> (artifact id: 'e388eb2be17bbb7eb285d99a35da3d09') in 0.0112278 seconds
Number of updated asset objects reloaded before import = 0Number of asset objects unloaded after import = 2

========================================================================
Received Import Request.
  Time since last request: 0.000160 seconds.
  path: Assets/Graphisms/Tilesets/SubTiles/Outside_1783.asset
  artifactKey: Guid(87e6a7e1e30195f4e8e6560afd3ca32d) Importer(2089858483,b0f066a214c2f5e87bad3c948f4d605d)
Start importing Assets/Graphisms/Tilesets/SubTiles/Outside_1783.asset using Guid(87e6a7e1e30195f4e8e6560afd3ca32d) Importer(2089858483,b0f066a214c2f5e87bad3c948f4d605d) (ScriptedImporter) -> (artifact id: '8f7b3567784f5772b59bf9fd13fb35f2') in 0.0117358 seconds
Number of updated asset objects reloaded before import = 0Number of asset objects unloaded after import = 2

========================================================================
Received Import Request.
  Time since last request: 0.000037 seconds.
  path: Assets/Graphisms/Tilesets/SubTiles/Outside_3099.asset
  artifactKey: Guid(11435b32bf879b24fad2ef43b88d4d2f) Importer(2089858483,b0f066a214c2f5e87bad3c948f4d605d)
Start importing Assets/Graphisms/Tilesets/SubTiles/Outside_3099.asset using Guid(11435b32bf879b24fad2ef43b88d4d2f) Importer(2089858483,b0f066a214c2f5e87bad3c948f4d605d) (ScriptedImporter) -> (artifact id: '2c480354115a12c4556a6e20ac5a2e6f') in 0.0114194 seconds
Number of updated asset objects reloaded before import = 0Number of asset objects unloaded after import = 2

========================================================================
Received Import Request.
  Time since last request: 0.000034 seconds.
  path: Assets/Graphisms/Tilesets/SubTiles/Outside_3021.asset
  artifactKey: Guid(2b9389562238b8c4c91cd6643ed9d153) Importer(2089858483,b0f066a214c2f5e87bad3c948f4d605d)
Start importing Assets/Graphisms/Tilesets/SubTiles/Outside_3021.asset using Guid(2b9389562238b8c4c91cd6643ed9d153) Importer(2089858483,b0f066a214c2f5e87bad3c948f4d605d) (ScriptedImporter) -> (artifact id: '8e11293065c1432b87bdfe7305f72b07') in 0.0127274 seconds
Number of updated asset objects reloaded before import = 0Number of asset objects unloaded after import = 2

========================================================================
Received Import Request.
  Time since last request: 0.000028 seconds.
  path: Assets/Graphisms/Tilesets/SubTiles/Outside_2583.asset
  artifactKey: Guid(e1cd7ba64b2cc7943830decca248aa8c) Importer(2089858483,b0f066a214c2f5e87bad3c948f4d605d)
Start importing Assets/Graphisms/Tilesets/SubTiles/Outside_2583.asset using Guid(e1cd7ba64b2cc7943830decca248aa8c) Importer(2089858483,b0f066a214c2f5e87bad3c948f4d605d) (ScriptedImporter) -> (artifact id: 'b49010bf8f5c4a764d06fe8813339b4d') in 0.019569 seconds
Number of updated asset objects reloaded before import = 0Number of asset objects unloaded after import = 2

========================================================================
Received Import Request.
  Time since last request: 0.000034 seconds.
  path: Assets/Graphisms/Tilesets/SubTiles/Outside_260.asset
  artifactKey: Guid(f424f0a257fe3a74f9f9bd710bfffc82) Importer(2089858483,b0f066a214c2f5e87bad3c948f4d605d)
Start importing Assets/Graphisms/Tilesets/SubTiles/Outside_260.asset using Guid(f424f0a257fe3a74f9f9bd710bfffc82) Importer(2089858483,b0f066a214c2f5e87bad3c948f4d605d) (ScriptedImporter) -> (artifact id: '17359fb48add69187650276f3da80169') in 0.0102866 seconds
Number of updated asset objects reloaded before import = 0Number of asset objects unloaded after import = 2

========================================================================
Received Import Request.
  Time since last request: 0.000022 seconds.
  path: Assets/Graphisms/Tilesets/SubTiles/Outside_664.asset
  artifactKey: Guid(c4f3c965efe88b049a232d8ea9390f53) Importer(2089858483,b0f066a214c2f5e87bad3c948f4d605d)
Start importing Assets/Graphisms/Tilesets/SubTiles/Outside_664.asset using Guid(c4f3c965efe88b049a232d8ea9390f53) Importer(2089858483,b0f066a214c2f5e87bad3c948f4d605d) (ScriptedImporter) -> (artifact id: 'd6ad9e862d38c06369184ba2b7367fb5') in 0.0128575 seconds
Number of updated asset objects reloaded before import = 0Number of asset objects unloaded after import = 2

========================================================================
Received Import Request.
  Time since last request: 0.000027 seconds.
  path: Assets/Graphisms/Tilesets/SubTiles/Outside_3436.asset
  artifactKey: Guid(ac5ee5ac8e09a4144ac3d2b7d5c980e4) Importer(2089858483,b0f066a214c2f5e87bad3c948f4d605d)
Start importing Assets/Graphisms/Tilesets/SubTiles/Outside_3436.asset using Guid(ac5ee5ac8e09a4144ac3d2b7d5c980e4) Importer(2089858483,b0f066a214c2f5e87bad3c948f4d605d) (ScriptedImporter) -> (artifact id: '3e0063879c6ff3ad8a74c7fea324c811') in 0.0117556 seconds
Number of updated asset objects reloaded before import = 0Number of asset objects unloaded after import = 2

========================================================================
Received Import Request.
  Time since last request: 0.000027 seconds.
  path: Assets/Graphisms/Tilesets/SubTiles/Outside_3898.asset
  artifactKey: Guid(4e09fb697ce9d2b42a32949697da7a94) Importer(2089858483,b0f066a214c2f5e87bad3c948f4d605d)
Start importing Assets/Graphisms/Tilesets/SubTiles/Outside_3898.asset using Guid(4e09fb697ce9d2b42a32949697da7a94) Importer(2089858483,b0f066a214c2f5e87bad3c948f4d605d) (ScriptedImporter) -> (artifact id: '608e3562986764802ffc0676182cd498') in 0.011909 seconds
Number of updated asset objects reloaded before import = 0Number of asset objects unloaded after import = 2

========================================================================
Received Import Request.
  Time since last request: 0.000023 seconds.
  path: Assets/Graphisms/Tilesets/SubTiles/Outside_3732.asset
  artifactKey: Guid(50f34ddc7c97dd54593bddff0bacbfc2) Importer(2089858483,b0f066a214c2f5e87bad3c948f4d605d)
Start importing Assets/Graphisms/Tilesets/SubTiles/Outside_3732.asset using Guid(50f34ddc7c97dd54593bddff0bacbfc2) Importer(2089858483,b0f066a214c2f5e87bad3c948f4d605d) (ScriptedImporter) -> (artifact id: 'f2632311d544a0a554f15bf1c75cf43f') in 0.008978 seconds
Number of updated asset objects reloaded before import = 0Number of asset objects unloaded after import = 2

========================================================================
Received Import Request.
  Time since last request: 0.000037 seconds.
  path: Assets/Graphisms/Tilesets/SubTiles/Outside_339.asset
  artifactKey: Guid(e9a76e10987c2a54fafd5a708f22e861) Importer(2089858483,b0f066a214c2f5e87bad3c948f4d605d)
Start importing Assets/Graphisms/Tilesets/SubTiles/Outside_339.asset using Guid(e9a76e10987c2a54fafd5a708f22e861) Importer(2089858483,b0f066a214c2f5e87bad3c948f4d605d) (ScriptedImporter) -> (artifact id: '523e6e44fc021964eeba8f12301167ed') in 0.0117769 seconds
Number of updated asset objects reloaded before import = 0Number of asset objects unloaded after import = 2

========================================================================
Received Import Request.
  Time since last request: 0.000021 seconds.
  path: Assets/Graphisms/Tilesets/SubTiles/Outside_154.asset
  artifactKey: Guid(d11ba217f860280438ebab9746223785) Importer(2089858483,b0f066a214c2f5e87bad3c948f4d605d)
Start importing Assets/Graphisms/Tilesets/SubTiles/Outside_154.asset using Guid(d11ba217f860280438ebab9746223785) Importer(2089858483,b0f066a214c2f5e87bad3c948f4d605d) (ScriptedImporter) -> (artifact id: '042c7fc4035a4e9aa759308d09c2aa9d') in 0.0103322 seconds
Number of updated asset objects reloaded before import = 0Number of asset objects unloaded after import = 2

========================================================================
Received Import Request.
  Time since last request: 0.000022 seconds.
  path: Assets/Graphisms/Tilesets/SubTiles/Outside_3239.asset
  artifactKey: Guid(5c349a359e202a94481900eddf8817d7) Importer(2089858483,b0f066a214c2f5e87bad3c948f4d605d)
Start importing Assets/Graphisms/Tilesets/SubTiles/Outside_3239.asset using Guid(5c349a359e202a94481900eddf8817d7) Importer(2089858483,b0f066a214c2f5e87bad3c948f4d605d) (ScriptedImporter) -> (artifact id: '768b3946409341c14609f4c47e90a509') in 0.0093753 seconds
Number of updated asset objects reloaded before import = 0Number of asset objects unloaded after import = 2

========================================================================
Received Import Request.
  Time since last request: 0.000028 seconds.
  path: Assets/Graphisms/Tilesets/SubTiles/Outside_2454.asset
  artifactKey: Guid(c26e2f8702ecffb4d855e01348f0734a) Importer(2089858483,b0f066a214c2f5e87bad3c948f4d605d)
Start importing Assets/Graphisms/Tilesets/SubTiles/Outside_2454.asset using Guid(c26e2f8702ecffb4d855e01348f0734a) Importer(2089858483,b0f066a214c2f5e87bad3c948f4d605d) (ScriptedImporter) -> (artifact id: '44b2b1ead1888591199e4f12668bb3b3') in 0.0098052 seconds
Number of updated asset objects reloaded before import = 0Number of asset objects unloaded after import = 2

========================================================================
Received Import Request.
  Time since last request: 0.000026 seconds.
  path: Assets/Graphisms/Tilesets/SubTiles/Outside_1837.asset
  artifactKey: Guid(35a6d7dd0695af443b686465e8a519c6) Importer(2089858483,b0f066a214c2f5e87bad3c948f4d605d)
Start importing Assets/Graphisms/Tilesets/SubTiles/Outside_1837.asset using Guid(35a6d7dd0695af443b686465e8a519c6) Importer(2089858483,b0f066a214c2f5e87bad3c948f4d605d) (ScriptedImporter) -> (artifact id: 'cd5f1ff9e7b7634d2b4533fd0766d4e6') in 0.0143889 seconds
Number of updated asset objects reloaded before import = 0Number of asset objects unloaded after import = 2

========================================================================
Received Import Request.
  Time since last request: 0.000031 seconds.
  path: Assets/Graphisms/Tilesets/SubTiles/Outside_2972.asset
  artifactKey: Guid(857e4039b2621234fbc114aa810a05db) Importer(2089858483,b0f066a214c2f5e87bad3c948f4d605d)
Start importing Assets/Graphisms/Tilesets/SubTiles/Outside_2972.asset using Guid(857e4039b2621234fbc114aa810a05db) Importer(2089858483,b0f066a214c2f5e87bad3c948f4d605d) (ScriptedImporter) -> (artifact id: '0385a8c16805935e637d3f06ca0ff5bc') in 0.0103694 seconds
Number of updated asset objects reloaded before import = 0Number of asset objects unloaded after import = 2

========================================================================
Received Import Request.
  Time since last request: 0.000018 seconds.
  path: Assets/Graphisms/Tilesets/SubTiles/Outside_1195.asset
  artifactKey: Guid(459af2f72bf2b1349a02b9d7b31d62d9) Importer(2089858483,b0f066a214c2f5e87bad3c948f4d605d)
Start importing Assets/Graphisms/Tilesets/SubTiles/Outside_1195.asset using Guid(459af2f72bf2b1349a02b9d7b31d62d9) Importer(2089858483,b0f066a214c2f5e87bad3c948f4d605d) (ScriptedImporter) -> (artifact id: '3e66bca839c6a93ad32c10f6e2970153') in 0.0090951 seconds
Number of updated asset objects reloaded before import = 0Number of asset objects unloaded after import = 2

========================================================================
Received Import Request.
  Time since last request: 0.000023 seconds.
  path: Assets/Graphisms/Tilesets/SubTiles/Outside_1030.asset
  artifactKey: Guid(76170aced0381ed41a630c23568f1c1b) Importer(2089858483,b0f066a214c2f5e87bad3c948f4d605d)
Start importing Assets/Graphisms/Tilesets/SubTiles/Outside_1030.asset using Guid(76170aced0381ed41a630c23568f1c1b) Importer(2089858483,b0f066a214c2f5e87bad3c948f4d605d) (ScriptedImporter) -> (artifact id: 'ea729c76732608ca7b8dd36e1cc7257f') in 0.009539 seconds
Number of updated asset objects reloaded before import = 0Number of asset objects unloaded after import = 2

========================================================================
Received Import Request.
  Time since last request: 0.000020 seconds.
  path: Assets/Graphisms/Tilesets/SubTiles/Outside_3584.asset
  artifactKey: Guid(0a947be2c0f728c4a81593cae8915aab) Importer(2089858483,b0f066a214c2f5e87bad3c948f4d605d)
Start importing Assets/Graphisms/Tilesets/SubTiles/Outside_3584.asset using Guid(0a947be2c0f728c4a81593cae8915aab) Importer(2089858483,b0f066a214c2f5e87bad3c948f4d605d) (ScriptedImporter) -> (artifact id: '6e822e532dff724ad9952aac4cf24127') in 0.0126913 seconds
Number of updated asset objects reloaded before import = 0Number of asset objects unloaded after import = 2

========================================================================
Received Import Request.
  Time since last request: 0.000030 seconds.
  path: Assets/Graphisms/Tilesets/SubTiles/Outside_1539.asset
  artifactKey: Guid(2dfd37d4bbccaf04193027927efa700d) Importer(2089858483,b0f066a214c2f5e87bad3c948f4d605d)
Start importing Assets/Graphisms/Tilesets/SubTiles/Outside_1539.asset using Guid(2dfd37d4bbccaf04193027927efa700d) Importer(2089858483,b0f066a214c2f5e87bad3c948f4d605d) (ScriptedImporter) -> (artifact id: '5133c6da0e2c3b97cf4932b9c2f9314d') in 0.0103952 seconds
Number of updated asset objects reloaded before import = 0Number of asset objects unloaded after import = 2

========================================================================
Received Import Request.
  Time since last request: 0.000032 seconds.
  path: Assets/Graphisms/Tilesets/SubTiles/Outside_2343.asset
  artifactKey: Guid(9be58a82d97ece5498ef5835a49ce8ef) Importer(2089858483,b0f066a214c2f5e87bad3c948f4d605d)
Start importing Assets/Graphisms/Tilesets/SubTiles/Outside_2343.asset using Guid(9be58a82d97ece5498ef5835a49ce8ef) Importer(2089858483,b0f066a214c2f5e87bad3c948f4d605d) (ScriptedImporter) -> (artifact id: '455a0e882b93d5b3c15d87e4ac6e2522') in 0.0102936 seconds
Number of updated asset objects reloaded before import = 0Number of asset objects unloaded after import = 2

========================================================================
Received Import Request.
  Time since last request: 0.000021 seconds.
  path: Assets/Graphisms/Tilesets/SubTiles/Outside_1328.asset
  artifactKey: Guid(5518ff8d0c7f9c6438ea2d290772da0b) Importer(2089858483,b0f066a214c2f5e87bad3c948f4d605d)
Start importing Assets/Graphisms/Tilesets/SubTiles/Outside_1328.asset using Guid(5518ff8d0c7f9c6438ea2d290772da0b) Importer(2089858483,b0f066a214c2f5e87bad3c948f4d605d) (ScriptedImporter) -> (artifact id: '17a288aefb011dd5c22474e7f944e3b9') in 0.0093764 seconds
Number of updated asset objects reloaded before import = 0Number of asset objects unloaded after import = 2

========================================================================
Received Import Request.
  Time since last request: 0.000024 seconds.
  path: Assets/Graphisms/Tilesets/SubTiles/Outside_415.asset
  artifactKey: Guid(f7231154eebf54e48996131069bed9a5) Importer(2089858483,b0f066a214c2f5e87bad3c948f4d605d)
Start importing Assets/Graphisms/Tilesets/SubTiles/Outside_415.asset using Guid(f7231154eebf54e48996131069bed9a5) Importer(2089858483,b0f066a214c2f5e87bad3c948f4d605d) (ScriptedImporter) -> (artifact id: 'f420808f74210260cd9e123306b7da1e') in 0.0123794 seconds
Number of updated asset objects reloaded before import = 0Number of asset objects unloaded after import = 2

========================================================================
Received Import Request.
  Time since last request: 0.000021 seconds.
  path: Assets/Graphisms/Tilesets/SubTiles/Outside_1026.asset
  artifactKey: Guid(1ebcf68f15e7c2c42a49222bb2dbae13) Importer(2089858483,b0f066a214c2f5e87bad3c948f4d605d)
Start importing Assets/Graphisms/Tilesets/SubTiles/Outside_1026.asset using Guid(1ebcf68f15e7c2c42a49222bb2dbae13) Importer(2089858483,b0f066a214c2f5e87bad3c948f4d605d) (ScriptedImporter) -> (artifact id: '1889eb8b028ee8fd1d72f36e4d667ea0') in 0.0124383 seconds
Number of updated asset objects reloaded before import = 0Number of asset objects unloaded after import = 2

========================================================================
Received Import Request.
  Time since last request: 0.000028 seconds.
  path: Assets/Graphisms/Tilesets/SubTiles/Outside_1400.asset
  artifactKey: Guid(fa7ce0bc87f77b04aaee8d2cce6c6577) Importer(2089858483,b0f066a214c2f5e87bad3c948f4d605d)
Start importing Assets/Graphisms/Tilesets/SubTiles/Outside_1400.asset using Guid(fa7ce0bc87f77b04aaee8d2cce6c6577) Importer(2089858483,b0f066a214c2f5e87bad3c948f4d605d) (ScriptedImporter) -> (artifact id: '4be533845303af68a76951a5154db26e') in 0.0104132 seconds
Number of updated asset objects reloaded before import = 0Number of asset objects unloaded after import = 2

========================================================================
Received Import Request.
  Time since last request: 0.000032 seconds.
  path: Assets/Graphisms/Tilesets/SubTiles/Outside_963.asset
  artifactKey: Guid(aa7a3a18293f0604bb93d2002b1f874b) Importer(2089858483,b0f066a214c2f5e87bad3c948f4d605d)
Start importing Assets/Graphisms/Tilesets/SubTiles/Outside_963.asset using Guid(aa7a3a18293f0604bb93d2002b1f874b) Importer(2089858483,b0f066a214c2f5e87bad3c948f4d605d) (ScriptedImporter) -> (artifact id: '5c0738f043386458a67a80c711eaff99') in 0.0089735 seconds
Number of updated asset objects reloaded before import = 0Number of asset objects unloaded after import = 2

========================================================================
Received Import Request.
  Time since last request: 0.000018 seconds.
  path: Assets/Graphisms/Tilesets/SubTiles/Outside_2740.asset
  artifactKey: Guid(f0f810faa7decdf4c8f489d509f730e6) Importer(2089858483,b0f066a214c2f5e87bad3c948f4d605d)
Start importing Assets/Graphisms/Tilesets/SubTiles/Outside_2740.asset using Guid(f0f810faa7decdf4c8f489d509f730e6) Importer(2089858483,b0f066a214c2f5e87bad3c948f4d605d) (ScriptedImporter) -> (artifact id: '58cf8bb806a129325d7cc34fd8af4f7b') in 0.0096237 seconds
Number of updated asset objects reloaded before import = 0Number of asset objects unloaded after import = 2

========================================================================
Received Import Request.
  Time since last request: 0.000024 seconds.
  path: Assets/Graphisms/Tilesets/SubTiles/Outside_3403.asset
  artifactKey: Guid(a40c58b755909fc42b1be18d6114e59d) Importer(2089858483,b0f066a214c2f5e87bad3c948f4d605d)
Start importing Assets/Graphisms/Tilesets/SubTiles/Outside_3403.asset using Guid(a40c58b755909fc42b1be18d6114e59d) Importer(2089858483,b0f066a214c2f5e87bad3c948f4d605d) (ScriptedImporter) -> (artifact id: 'f849f8da74fc649c209caf4240cd3b44') in 0.011647 seconds
Number of updated asset objects reloaded before import = 0Number of asset objects unloaded after import = 2

========================================================================
Received Import Request.
  Time since last request: 0.000020 seconds.
  path: Assets/Graphisms/Tilesets/SubTiles/Outside_1012.asset
  artifactKey: Guid(29e4c0d1c018186478029a588507cc9b) Importer(2089858483,b0f066a214c2f5e87bad3c948f4d605d)
Start importing Assets/Graphisms/Tilesets/SubTiles/Outside_1012.asset using Guid(29e4c0d1c018186478029a588507cc9b) Importer(2089858483,b0f066a214c2f5e87bad3c948f4d605d) (ScriptedImporter) -> (artifact id: '4ccfebfe3c286f31119670be08ed4758') in 0.0092557 seconds
Number of updated asset objects reloaded before import = 0Number of asset objects unloaded after import = 2

========================================================================
Received Import Request.
  Time since last request: 0.000019 seconds.
  path: Assets/Graphisms/Tilesets/SubTiles/Outside_3576.asset
  artifactKey: Guid(39d934c917dcb814caddca2be5a1fc90) Importer(2089858483,b0f066a214c2f5e87bad3c948f4d605d)
Start importing Assets/Graphisms/Tilesets/SubTiles/Outside_3576.asset using Guid(39d934c917dcb814caddca2be5a1fc90) Importer(2089858483,b0f066a214c2f5e87bad3c948f4d605d) (ScriptedImporter) -> (artifact id: 'a4665c40135a560e4af32369428f3725') in 0.1632292 seconds
Number of updated asset objects reloaded before import = 0Number of asset objects unloaded after import = 2

========================================================================
Received Import Request.
  Time since last request: 0.000043 seconds.
  path: Assets/Graphisms/Tilesets/SubTiles/Outside_3375.asset
  artifactKey: Guid(38e66d52608a7ae4d9b03d4849625576) Importer(2089858483,b0f066a214c2f5e87bad3c948f4d605d)
Start importing Assets/Graphisms/Tilesets/SubTiles/Outside_3375.asset using Guid(38e66d52608a7ae4d9b03d4849625576) Importer(2089858483,b0f066a214c2f5e87bad3c948f4d605d) (ScriptedImporter) -> (artifact id: 'deeb226a515d077ad0eeef4f4a1f7bab') in 0.0118057 seconds
Number of updated asset objects reloaded before import = 0Number of asset objects unloaded after import = 2

========================================================================
Received Import Request.
  Time since last request: 0.000016 seconds.
  path: Assets/Graphisms/Tilesets/SubTiles/Outside_2836.asset
  artifactKey: Guid(22dec6a578298d947a8859b3b16d3410) Importer(2089858483,b0f066a214c2f5e87bad3c948f4d605d)
Start importing Assets/Graphisms/Tilesets/SubTiles/Outside_2836.asset using Guid(22dec6a578298d947a8859b3b16d3410) Importer(2089858483,b0f066a214c2f5e87bad3c948f4d605d) (ScriptedImporter) -> (artifact id: '57dae7a24dc44cbde9905ef2d311c521') in 0.0116181 seconds
Number of updated asset objects reloaded before import = 0Number of asset objects unloaded after import = 2

========================================================================
Received Import Request.
  Time since last request: 0.000021 seconds.
  path: Assets/Graphisms/Tilesets/SubTiles/Outside_2027.asset
  artifactKey: Guid(3b4f94ffeac142a4993c75ebbce7860c) Importer(2089858483,b0f066a214c2f5e87bad3c948f4d605d)
Start importing Assets/Graphisms/Tilesets/SubTiles/Outside_2027.asset using Guid(3b4f94ffeac142a4993c75ebbce7860c) Importer(2089858483,b0f066a214c2f5e87bad3c948f4d605d) (ScriptedImporter) -> (artifact id: 'dc4081b0b2281566644fc39536d9928d') in 0.0114513 seconds
Number of updated asset objects reloaded before import = 0Number of asset objects unloaded after import = 2

========================================================================
Received Import Request.
  Time since last request: 0.000034 seconds.
  path: Assets/Graphisms/Tilesets/SubTiles/Outside_2531.asset
  artifactKey: Guid(75035ebafe9519047b1e428beb005fc4) Importer(2089858483,b0f066a214c2f5e87bad3c948f4d605d)
Start importing Assets/Graphisms/Tilesets/SubTiles/Outside_2531.asset using Guid(75035ebafe9519047b1e428beb005fc4) Importer(2089858483,b0f066a214c2f5e87bad3c948f4d605d) (ScriptedImporter) -> (artifact id: 'a18ce034e1a49760a8a6cb5a1b35445f') in 0.0109008 seconds
Number of updated asset objects reloaded before import = 0Number of asset objects unloaded after import = 2

========================================================================
Received Import Request.
  Time since last request: 0.000023 seconds.
  path: Assets/Graphisms/Tilesets/SubTiles/Outside_358.asset
  artifactKey: Guid(d09b9780f1feb0746b523946aec9ac1d) Importer(2089858483,b0f066a214c2f5e87bad3c948f4d605d)
Start importing Assets/Graphisms/Tilesets/SubTiles/Outside_358.asset using Guid(d09b9780f1feb0746b523946aec9ac1d) Importer(2089858483,b0f066a214c2f5e87bad3c948f4d605d) (ScriptedImporter) -> (artifact id: '845dcf29fc1b4cc9bbd2fd7c67066a39') in 0.009782 seconds
Number of updated asset objects reloaded before import = 0Number of asset objects unloaded after import = 2

========================================================================
Received Import Request.
  Time since last request: 0.000035 seconds.
  path: Assets/Graphisms/Tilesets/SubTiles/Outside_2677.asset
  artifactKey: Guid(d7feb0f7182ad5b4ab9c4ca4e67acea3) Importer(2089858483,b0f066a214c2f5e87bad3c948f4d605d)
Start importing Assets/Graphisms/Tilesets/SubTiles/Outside_2677.asset using Guid(d7feb0f7182ad5b4ab9c4ca4e67acea3) Importer(2089858483,b0f066a214c2f5e87bad3c948f4d605d) (ScriptedImporter) -> (artifact id: '90c5e501ada25044bfa8271d9486db47') in 0.0118015 seconds
Number of updated asset objects reloaded before import = 0Number of asset objects unloaded after import = 2

========================================================================
Received Import Request.
  Time since last request: 0.000069 seconds.
  path: Assets/Graphisms/Tilesets/SubTiles/Outside_945.asset
  artifactKey: Guid(25da102dd3a8fdf4f9c1ce6c44606645) Importer(2089858483,b0f066a214c2f5e87bad3c948f4d605d)
Start importing Assets/Graphisms/Tilesets/SubTiles/Outside_945.asset using Guid(25da102dd3a8fdf4f9c1ce6c44606645) Importer(2089858483,b0f066a214c2f5e87bad3c948f4d605d) (ScriptedImporter) -> (artifact id: '285fa776f59dc47a14c6c5f12468e088') in 0.0148525 seconds
Number of updated asset objects reloaded before import = 0Number of asset objects unloaded after import = 2

========================================================================
Received Import Request.
  Time since last request: 0.000023 seconds.
  path: Assets/Graphisms/Tilesets/SubTiles/Outside_640.asset
  artifactKey: Guid(9112119c417d6014cbc2e34cda56b69e) Importer(2089858483,b0f066a214c2f5e87bad3c948f4d605d)
Start importing Assets/Graphisms/Tilesets/SubTiles/Outside_640.asset using Guid(9112119c417d6014cbc2e34cda56b69e) Importer(2089858483,b0f066a214c2f5e87bad3c948f4d605d) (ScriptedImporter) -> (artifact id: 'b5abaf40613f50298365cfcea99ced4d') in 0.2298624 seconds
Number of updated asset objects reloaded before import = 0Number of asset objects unloaded after import = 2

========================================================================
Received Import Request.
  Time since last request: 0.000025 seconds.
  path: Assets/Graphisms/Tilesets/SubTiles/Outside_2781.asset
  artifactKey: Guid(62cba7213f4f97e449e4e458a4b55fce) Importer(2089858483,b0f066a214c2f5e87bad3c948f4d605d)
Start importing Assets/Graphisms/Tilesets/SubTiles/Outside_2781.asset using Guid(62cba7213f4f97e449e4e458a4b55fce) Importer(2089858483,b0f066a214c2f5e87bad3c948f4d605d) (ScriptedImporter) -> (artifact id: 'd57ddea678704e21abf65437038e602f') in 0.0103727 seconds
Number of updated asset objects reloaded before import = 0Number of asset objects unloaded after import = 2

========================================================================
Received Import Request.
  Time since last request: 0.000031 seconds.
  path: Assets/Graphisms/Tilesets/SubTiles/Outside_4009.asset
  artifactKey: Guid(ddd76ddc7812fc74cb66b29b3f41207f) Importer(2089858483,b0f066a214c2f5e87bad3c948f4d605d)
Start importing Assets/Graphisms/Tilesets/SubTiles/Outside_4009.asset using Guid(ddd76ddc7812fc74cb66b29b3f41207f) Importer(2089858483,b0f066a214c2f5e87bad3c948f4d605d) (ScriptedImporter) -> (artifact id: 'f918703539109c75a6219a9ba574e1e5') in 0.0093893 seconds
Number of updated asset objects reloaded before import = 0Number of asset objects unloaded after import = 2

========================================================================
Received Import Request.
  Time since last request: 0.000018 seconds.
  path: Assets/Graphisms/Tilesets/SubTiles/Outside_2320.asset
  artifactKey: Guid(fbf502046d42cb147b4c942b253b0c41) Importer(2089858483,b0f066a214c2f5e87bad3c948f4d605d)
Start importing Assets/Graphisms/Tilesets/SubTiles/Outside_2320.asset using Guid(fbf502046d42cb147b4c942b253b0c41) Importer(2089858483,b0f066a214c2f5e87bad3c948f4d605d) (ScriptedImporter) -> (artifact id: '88140e95474fa2ec9473c1c52a5f82a6') in 0.0123891 seconds
Number of updated asset objects reloaded before import = 0Number of asset objects unloaded after import = 2

========================================================================
Received Import Request.
  Time since last request: 0.000023 seconds.
  path: Assets/Graphisms/Tilesets/SubTiles/Outside_2549.asset
  artifactKey: Guid(5ed801f28d636df49bc420f6ef86011c) Importer(2089858483,b0f066a214c2f5e87bad3c948f4d605d)
Start importing Assets/Graphisms/Tilesets/SubTiles/Outside_2549.asset using Guid(5ed801f28d636df49bc420f6ef86011c) Importer(2089858483,b0f066a214c2f5e87bad3c948f4d605d) (ScriptedImporter) -> (artifact id: 'baf650b0001f1115df56a1751ac8c404') in 0.0103288 seconds
Number of updated asset objects reloaded before import = 0Number of asset objects unloaded after import = 2

========================================================================
Received Import Request.
  Time since last request: 0.000024 seconds.
  path: Assets/Graphisms/Tilesets/SubTiles/Outside_3026.asset
  artifactKey: Guid(b43260a44059c6c49981caff16517613) Importer(2089858483,b0f066a214c2f5e87bad3c948f4d605d)
Start importing Assets/Graphisms/Tilesets/SubTiles/Outside_3026.asset using Guid(b43260a44059c6c49981caff16517613) Importer(2089858483,b0f066a214c2f5e87bad3c948f4d605d) (ScriptedImporter) -> (artifact id: '999ab6d94472fe5962abbdeb0b0d4a55') in 0.0108735 seconds
Number of updated asset objects reloaded before import = 0Number of asset objects unloaded after import = 2

========================================================================
Received Import Request.
  Time since last request: 0.000020 seconds.
  path: Assets/Graphisms/Tilesets/SubTiles/Outside_3129.asset
  artifactKey: Guid(9b577c363ec4a5940a36adf0d2703902) Importer(2089858483,b0f066a214c2f5e87bad3c948f4d605d)
Start importing Assets/Graphisms/Tilesets/SubTiles/Outside_3129.asset using Guid(9b577c363ec4a5940a36adf0d2703902) Importer(2089858483,b0f066a214c2f5e87bad3c948f4d605d) (ScriptedImporter) -> (artifact id: '5379664330c33037f5cad68852a2dc99') in 0.0102486 seconds
Number of updated asset objects reloaded before import = 0Number of asset objects unloaded after import = 2

========================================================================
Received Import Request.
  Time since last request: 0.000055 seconds.
  path: Assets/Graphisms/Tilesets/SubTiles/Outside_2170.asset
  artifactKey: Guid(468177b9a5d664848af1fbdbcbf41fd3) Importer(2089858483,b0f066a214c2f5e87bad3c948f4d605d)
Start importing Assets/Graphisms/Tilesets/SubTiles/Outside_2170.asset using Guid(468177b9a5d664848af1fbdbcbf41fd3) Importer(2089858483,b0f066a214c2f5e87bad3c948f4d605d) (ScriptedImporter) -> (artifact id: '7db51486a8a48cbfe7de7554727fcc93') in 0.0113294 seconds
Number of updated asset objects reloaded before import = 0Number of asset objects unloaded after import = 2

========================================================================
Received Import Request.
  Time since last request: 0.000020 seconds.
  path: Assets/Graphisms/Tilesets/SubTiles/Outside_2804.asset
  artifactKey: Guid(f6f286eb59c316e44aaeebc1659005d4) Importer(2089858483,b0f066a214c2f5e87bad3c948f4d605d)
Start importing Assets/Graphisms/Tilesets/SubTiles/Outside_2804.asset using Guid(f6f286eb59c316e44aaeebc1659005d4) Importer(2089858483,b0f066a214c2f5e87bad3c948f4d605d) (ScriptedImporter) -> (artifact id: 'bcea720d1c7c9f7bbfb58f25b5823358') in 0.0099143 seconds
Number of updated asset objects reloaded before import = 0Number of asset objects unloaded after import = 2

========================================================================
Received Import Request.
  Time since last request: 0.000027 seconds.
  path: Assets/Graphisms/Tilesets/SubTiles/Outside_2506.asset
  artifactKey: Guid(ef9c6e12412a92b47976ba96c02cfacc) Importer(2089858483,b0f066a214c2f5e87bad3c948f4d605d)
Start importing Assets/Graphisms/Tilesets/SubTiles/Outside_2506.asset using Guid(ef9c6e12412a92b47976ba96c02cfacc) Importer(2089858483,b0f066a214c2f5e87bad3c948f4d605d) (ScriptedImporter) -> (artifact id: '30a5fe6bc30d7d92e46f6bbfba14c4fb') in 0.0100608 seconds
Number of updated asset objects reloaded before import = 0Number of asset objects unloaded after import = 2

========================================================================
Received Import Request.
  Time since last request: 0.000025 seconds.
  path: Assets/Graphisms/Tilesets/SubTiles/Outside_961.asset
  artifactKey: Guid(6f31124162be55644b37efa5ca17d935) Importer(2089858483,b0f066a214c2f5e87bad3c948f4d605d)
Start importing Assets/Graphisms/Tilesets/SubTiles/Outside_961.asset using Guid(6f31124162be55644b37efa5ca17d935) Importer(2089858483,b0f066a214c2f5e87bad3c948f4d605d) (ScriptedImporter) -> (artifact id: '9945e8ff10947708c221f2a93d1e5da0') in 0.0096098 seconds
Number of updated asset objects reloaded before import = 0Number of asset objects unloaded after import = 2

========================================================================
Received Import Request.
  Time since last request: 0.000022 seconds.
  path: Assets/Graphisms/Tilesets/SubTiles/Outside_3675.asset
  artifactKey: Guid(470f9dcb3535fbd49a1501a31cf84b90) Importer(2089858483,b0f066a214c2f5e87bad3c948f4d605d)
Start importing Assets/Graphisms/Tilesets/SubTiles/Outside_3675.asset using Guid(470f9dcb3535fbd49a1501a31cf84b90) Importer(2089858483,b0f066a214c2f5e87bad3c948f4d605d) (ScriptedImporter) -> (artifact id: '6aa403220d175bb00994670546197084') in 0.0113872 seconds
Number of updated asset objects reloaded before import = 0Number of asset objects unloaded after import = 2

========================================================================
Received Import Request.
  Time since last request: 0.000030 seconds.
  path: Assets/Graphisms/Tilesets/SubTiles/Outside_3844.asset
  artifactKey: Guid(6f76a2a0ac1708843a2f018fc848d1af) Importer(2089858483,b0f066a214c2f5e87bad3c948f4d605d)
Start importing Assets/Graphisms/Tilesets/SubTiles/Outside_3844.asset using Guid(6f76a2a0ac1708843a2f018fc848d1af) Importer(2089858483,b0f066a214c2f5e87bad3c948f4d605d) (ScriptedImporter) -> (artifact id: '73a6d3ddc52260c2e346591ef321a577') in 0.0097083 seconds
Number of updated asset objects reloaded before import = 0Number of asset objects unloaded after import = 2

========================================================================
Received Import Request.
  Time since last request: 0.000020 seconds.
  path: Assets/Graphisms/Tilesets/SubTiles/Outside_2998.asset
  artifactKey: Guid(2e83c00aeaed6c54fb651c024effe150) Importer(2089858483,b0f066a214c2f5e87bad3c948f4d605d)
Start importing Assets/Graphisms/Tilesets/SubTiles/Outside_2998.asset using Guid(2e83c00aeaed6c54fb651c024effe150) Importer(2089858483,b0f066a214c2f5e87bad3c948f4d605d) (ScriptedImporter) -> (artifact id: '973a16273be6bc7fa28ab28286cbc910') in 0.010334 seconds
Number of updated asset objects reloaded before import = 0Number of asset objects unloaded after import = 2

========================================================================
Received Import Request.
  Time since last request: 0.000021 seconds.
  path: Assets/Graphisms/Tilesets/SubTiles/Outside_2181.asset
  artifactKey: Guid(b46b27fe8bf844a4eb9590f13ab8bf1c) Importer(2089858483,b0f066a214c2f5e87bad3c948f4d605d)
Start importing Assets/Graphisms/Tilesets/SubTiles/Outside_2181.asset using Guid(b46b27fe8bf844a4eb9590f13ab8bf1c) Importer(2089858483,b0f066a214c2f5e87bad3c948f4d605d) (ScriptedImporter) -> (artifact id: 'ed295b80976632a4d909a2b3ea734660') in 0.0113877 seconds
Number of updated asset objects reloaded before import = 0Number of asset objects unloaded after import = 2

========================================================================
Received Import Request.
  Time since last request: 0.000037 seconds.
  path: Assets/Graphisms/Tilesets/SubTiles/Outside_2625.asset
  artifactKey: Guid(2a772f9371b0d794c9575fd92aceb66b) Importer(2089858483,b0f066a214c2f5e87bad3c948f4d605d)
Start importing Assets/Graphisms/Tilesets/SubTiles/Outside_2625.asset using Guid(2a772f9371b0d794c9575fd92aceb66b) Importer(2089858483,b0f066a214c2f5e87bad3c948f4d605d) (ScriptedImporter) -> (artifact id: 'b6cff01976df12a7649ede3e17bdb7ed') in 0.0120694 seconds
Number of updated asset objects reloaded before import = 0Number of asset objects unloaded after import = 2

========================================================================
Received Import Request.
  Time since last request: 0.000037 seconds.
  path: Assets/Graphisms/Tilesets/SubTiles/Outside_962.asset
  artifactKey: Guid(005f66f0ecebd504b8e37932457b5809) Importer(2089858483,b0f066a214c2f5e87bad3c948f4d605d)
Start importing Assets/Graphisms/Tilesets/SubTiles/Outside_962.asset using Guid(005f66f0ecebd504b8e37932457b5809) Importer(2089858483,b0f066a214c2f5e87bad3c948f4d605d) (ScriptedImporter) -> (artifact id: '3ad4c5d76e539a2eecb20cd555589f75') in 0.0165538 seconds
Number of updated asset objects reloaded before import = 0Number of asset objects unloaded after import = 2

========================================================================
Received Import Request.
  Time since last request: 0.000022 seconds.
  path: Assets/Graphisms/Tilesets/SubTiles/Outside_783.asset
  artifactKey: Guid(6d6c34894d133f94e86055810b0ec1e2) Importer(2089858483,b0f066a214c2f5e87bad3c948f4d605d)
Start importing Assets/Graphisms/Tilesets/SubTiles/Outside_783.asset using Guid(6d6c34894d133f94e86055810b0ec1e2) Importer(2089858483,b0f066a214c2f5e87bad3c948f4d605d) (ScriptedImporter) -> (artifact id: '34470d158b61304f380c26d560de28e5') in 0.0085218 seconds
Number of updated asset objects reloaded before import = 0Number of asset objects unloaded after import = 2

========================================================================
Received Import Request.
  Time since last request: 0.000021 seconds.
  path: Assets/Graphisms/Tilesets/SubTiles/Outside_996.asset
  artifactKey: Guid(ea9dce58ca3523f41875a649513d0d76) Importer(2089858483,b0f066a214c2f5e87bad3c948f4d605d)
Start importing Assets/Graphisms/Tilesets/SubTiles/Outside_996.asset using Guid(ea9dce58ca3523f41875a649513d0d76) Importer(2089858483,b0f066a214c2f5e87bad3c948f4d605d) (ScriptedImporter) -> (artifact id: '03ca5a1625f92f01215827244d24e725') in 0.0116041 seconds
Number of updated asset objects reloaded before import = 0Number of asset objects unloaded after import = 2

========================================================================
Received Import Request.
  Time since last request: 0.000020 seconds.
  path: Assets/Graphisms/Tilesets/SubTiles/Outside_1492.asset
  artifactKey: Guid(fcde3e39eda1432449618dd0e430bce0) Importer(2089858483,b0f066a214c2f5e87bad3c948f4d605d)
Start importing Assets/Graphisms/Tilesets/SubTiles/Outside_1492.asset using Guid(fcde3e39eda1432449618dd0e430bce0) Importer(2089858483,b0f066a214c2f5e87bad3c948f4d605d) (ScriptedImporter) -> (artifact id: '1707b791e930311db7343e0ad77e9f93') in 0.0097835 seconds
Number of updated asset objects reloaded before import = 0Number of asset objects unloaded after import = 2

========================================================================
Received Import Request.
  Time since last request: 0.000024 seconds.
  path: Assets/Graphisms/Tilesets/SubTiles/Outside_1895.asset
  artifactKey: Guid(b5b05fc25827a8a42b357c671fe21a29) Importer(2089858483,b0f066a214c2f5e87bad3c948f4d605d)
Start importing Assets/Graphisms/Tilesets/SubTiles/Outside_1895.asset using Guid(b5b05fc25827a8a42b357c671fe21a29) Importer(2089858483,b0f066a214c2f5e87bad3c948f4d605d) (ScriptedImporter) -> (artifact id: '72c84b39803f7135039da09413d7d131') in 0.0107887 seconds
Number of updated asset objects reloaded before import = 0Number of asset objects unloaded after import = 2

========================================================================
Received Import Request.
  Time since last request: 0.000040 seconds.
  path: Assets/Graphisms/Tilesets/SubTiles/Outside_162.asset
  artifactKey: Guid(8fc0875be1d28744b84cec7fdb88d036) Importer(2089858483,b0f066a214c2f5e87bad3c948f4d605d)
Start importing Assets/Graphisms/Tilesets/SubTiles/Outside_162.asset using Guid(8fc0875be1d28744b84cec7fdb88d036) Importer(2089858483,b0f066a214c2f5e87bad3c948f4d605d) (ScriptedImporter) -> (artifact id: 'afeaf028471cef1146e1fd694ec86b2c') in 0.0090796 seconds
Number of updated asset objects reloaded before import = 0Number of asset objects unloaded after import = 2

========================================================================
Received Import Request.
  Time since last request: 0.000021 seconds.
  path: Assets/Graphisms/Tilesets/SubTiles/Outside_2542.asset
  artifactKey: Guid(8795daeeedae38e41b31b4db913c15ee) Importer(2089858483,b0f066a214c2f5e87bad3c948f4d605d)
Start importing Assets/Graphisms/Tilesets/SubTiles/Outside_2542.asset using Guid(8795daeeedae38e41b31b4db913c15ee) Importer(2089858483,b0f066a214c2f5e87bad3c948f4d605d) (ScriptedImporter) -> (artifact id: '35e2c81cccfce0c4883e965351f435e9') in 0.0095435 seconds
Number of updated asset objects reloaded before import = 0Number of asset objects unloaded after import = 2

========================================================================
Received Import Request.
  Time since last request: 0.000025 seconds.
  path: Assets/Graphisms/Tilesets/SubTiles/Outside_2243.asset
  artifactKey: Guid(83159b1d4dc5e40428f0f8f867544fed) Importer(2089858483,b0f066a214c2f5e87bad3c948f4d605d)
Start importing Assets/Graphisms/Tilesets/SubTiles/Outside_2243.asset using Guid(83159b1d4dc5e40428f0f8f867544fed) Importer(2089858483,b0f066a214c2f5e87bad3c948f4d605d) (ScriptedImporter) -> (artifact id: 'b48e76c807bfa8ae08ae4afe2b73076a') in 0.0095091 seconds
Number of updated asset objects reloaded before import = 0Number of asset objects unloaded after import = 2

========================================================================
Received Import Request.
  Time since last request: 0.000020 seconds.
  path: Assets/Graphisms/Tilesets/SubTiles/Outside_1761.asset
  artifactKey: Guid(bddb1413675ccf24e9e6730b9926206d) Importer(2089858483,b0f066a214c2f5e87bad3c948f4d605d)
Start importing Assets/Graphisms/Tilesets/SubTiles/Outside_1761.asset using Guid(bddb1413675ccf24e9e6730b9926206d) Importer(2089858483,b0f066a214c2f5e87bad3c948f4d605d) (ScriptedImporter) -> (artifact id: '800ff078ee47e62f03b3a93253808bfa') in 0.010132 seconds
Number of updated asset objects reloaded before import = 0Number of asset objects unloaded after import = 2

========================================================================
Received Import Request.
  Time since last request: 0.000021 seconds.
  path: Assets/Graphisms/Tilesets/SubTiles/Outside_1230.asset
  artifactKey: Guid(7c980b06e68116f45978f725a4cc11db) Importer(2089858483,b0f066a214c2f5e87bad3c948f4d605d)
Start importing Assets/Graphisms/Tilesets/SubTiles/Outside_1230.asset using Guid(7c980b06e68116f45978f725a4cc11db) Importer(2089858483,b0f066a214c2f5e87bad3c948f4d605d) (ScriptedImporter) -> (artifact id: 'edf65421d05405dbe3de2924c50603e6') in 0.0093995 seconds
Number of updated asset objects reloaded before import = 0Number of asset objects unloaded after import = 2

========================================================================
Received Import Request.
  Time since last request: 0.000071 seconds.
  path: Assets/Graphisms/Tilesets/SubTiles/Outside_129.asset
  artifactKey: Guid(d0679c58834882a4eb8bd2c0c0772c42) Importer(2089858483,b0f066a214c2f5e87bad3c948f4d605d)
Start importing Assets/Graphisms/Tilesets/SubTiles/Outside_129.asset using Guid(d0679c58834882a4eb8bd2c0c0772c42) Importer(2089858483,b0f066a214c2f5e87bad3c948f4d605d) (ScriptedImporter) -> (artifact id: 'e76972fe308891904845d12545b6cdb6') in 0.0101548 seconds
Number of updated asset objects reloaded before import = 0Number of asset objects unloaded after import = 2

========================================================================
Received Import Request.
  Time since last request: 0.000023 seconds.
  path: Assets/Graphisms/Tilesets/SubTiles/Outside_3645.asset
  artifactKey: Guid(0f13ace2daee8654b9530edf518eddef) Importer(2089858483,b0f066a214c2f5e87bad3c948f4d605d)
Start importing Assets/Graphisms/Tilesets/SubTiles/Outside_3645.asset using Guid(0f13ace2daee8654b9530edf518eddef) Importer(2089858483,b0f066a214c2f5e87bad3c948f4d605d) (ScriptedImporter) -> (artifact id: '81b016dc7914891aff4f870437545c8f') in 0.0119256 seconds
Number of updated asset objects reloaded before import = 0Number of asset objects unloaded after import = 2

========================================================================
Received Import Request.
  Time since last request: 0.000023 seconds.
  path: Assets/Graphisms/Tilesets/SubTiles/Outside_65.asset
  artifactKey: Guid(5d7298ab5503fce4f98129dddbf004a9) Importer(2089858483,b0f066a214c2f5e87bad3c948f4d605d)
Start importing Assets/Graphisms/Tilesets/SubTiles/Outside_65.asset using Guid(5d7298ab5503fce4f98129dddbf004a9) Importer(2089858483,b0f066a214c2f5e87bad3c948f4d605d) (ScriptedImporter) -> (artifact id: '2af7f3f499d2ba9d69f20e14db9a79d3') in 0.0285317 seconds
Number of updated asset objects reloaded before import = 0Number of asset objects unloaded after import = 2

========================================================================
Received Import Request.
  Time since last request: 0.000025 seconds.
  path: Assets/Graphisms/Tilesets/SubTiles/Outside_2510.asset
  artifactKey: Guid(b364d92ab8bfbc04fb161d4f87682216) Importer(2089858483,b0f066a214c2f5e87bad3c948f4d605d)
Start importing Assets/Graphisms/Tilesets/SubTiles/Outside_2510.asset using Guid(b364d92ab8bfbc04fb161d4f87682216) Importer(2089858483,b0f066a214c2f5e87bad3c948f4d605d) (ScriptedImporter) -> (artifact id: 'fc7bf46e2d4c644a0b4d201249f4b392') in 0.0100808 seconds
Number of updated asset objects reloaded before import = 0Number of asset objects unloaded after import = 2

========================================================================
Received Import Request.
  Time since last request: 0.000043 seconds.
  path: Assets/Graphisms/Tilesets/SubTiles/Outside_1476.asset
  artifactKey: Guid(26032d1da2d10f6449d1eb703359a710) Importer(2089858483,b0f066a214c2f5e87bad3c948f4d605d)
Start importing Assets/Graphisms/Tilesets/SubTiles/Outside_1476.asset using Guid(26032d1da2d10f6449d1eb703359a710) Importer(2089858483,b0f066a214c2f5e87bad3c948f4d605d) (ScriptedImporter) -> (artifact id: '4217ebac5a45a9e1a9a0c8186b7f4d08') in 0.0106254 seconds
Number of updated asset objects reloaded before import = 0Number of asset objects unloaded after import = 2

========================================================================
Received Import Request.
  Time since last request: 0.000028 seconds.
  path: Assets/Graphisms/Tilesets/SubTiles/Outside_2445.asset
  artifactKey: Guid(ae32d1c55a77c804984faf4d14367a1e) Importer(2089858483,b0f066a214c2f5e87bad3c948f4d605d)
Start importing Assets/Graphisms/Tilesets/SubTiles/Outside_2445.asset using Guid(ae32d1c55a77c804984faf4d14367a1e) Importer(2089858483,b0f066a214c2f5e87bad3c948f4d605d) (ScriptedImporter) -> (artifact id: 'eaa55b68e7966209eb65fd4083be6811') in 0.010129 seconds
Number of updated asset objects reloaded before import = 0Number of asset objects unloaded after import = 2

========================================================================
Received Import Request.
  Time since last request: 0.000027 seconds.
  path: Assets/Graphisms/Tilesets/SubTiles/Outside_2830.asset
  artifactKey: Guid(2eaa16558f37bfb4aa2fe1dcb35a180d) Importer(2089858483,b0f066a214c2f5e87bad3c948f4d605d)
Start importing Assets/Graphisms/Tilesets/SubTiles/Outside_2830.asset using Guid(2eaa16558f37bfb4aa2fe1dcb35a180d) Importer(2089858483,b0f066a214c2f5e87bad3c948f4d605d) (ScriptedImporter) -> (artifact id: '1d517ec3f26641ea3babbb04b73ee527') in 0.0108984 seconds
Number of updated asset objects reloaded before import = 0Number of asset objects unloaded after import = 2

========================================================================
Received Import Request.
  Time since last request: 0.000024 seconds.
  path: Assets/Graphisms/Tilesets/SubTiles/Outside_3286.asset
  artifactKey: Guid(c62ba275d94607d469713072318a63a7) Importer(2089858483,b0f066a214c2f5e87bad3c948f4d605d)
Start importing Assets/Graphisms/Tilesets/SubTiles/Outside_3286.asset using Guid(c62ba275d94607d469713072318a63a7) Importer(2089858483,b0f066a214c2f5e87bad3c948f4d605d) (ScriptedImporter) -> (artifact id: '5e5a66c719ec5404f435ecd39e13ae0e') in 0.0101691 seconds
Number of updated asset objects reloaded before import = 0Number of asset objects unloaded after import = 2

========================================================================
Received Import Request.
  Time since last request: 0.000023 seconds.
  path: Assets/Graphisms/Tilesets/SubTiles/Outside_2219.asset
  artifactKey: Guid(b704c08486ade394fac7adac0316fd50) Importer(2089858483,b0f066a214c2f5e87bad3c948f4d605d)
Start importing Assets/Graphisms/Tilesets/SubTiles/Outside_2219.asset using Guid(b704c08486ade394fac7adac0316fd50) Importer(2089858483,b0f066a214c2f5e87bad3c948f4d605d) (ScriptedImporter) -> (artifact id: '0c63ccca91bc80ccddc3928d420e341e') in 0.0099689 seconds
Number of updated asset objects reloaded before import = 0Number of asset objects unloaded after import = 2

========================================================================
Received Import Request.
  Time since last request: 0.000033 seconds.
  path: Assets/Graphisms/Tilesets/SubTiles/Outside_3886.asset
  artifactKey: Guid(885c1a6ca1b6b054bb7f2c5f02e09842) Importer(2089858483,b0f066a214c2f5e87bad3c948f4d605d)
Start importing Assets/Graphisms/Tilesets/SubTiles/Outside_3886.asset using Guid(885c1a6ca1b6b054bb7f2c5f02e09842) Importer(2089858483,b0f066a214c2f5e87bad3c948f4d605d) (ScriptedImporter) -> (artifact id: '32a414a963e0f60852db0d4d526c9c5b') in 0.0117458 seconds
Number of updated asset objects reloaded before import = 0Number of asset objects unloaded after import = 2

========================================================================
Received Import Request.
  Time since last request: 0.000018 seconds.
  path: Assets/Graphisms/Tilesets/SubTiles/Outside_1216.asset
  artifactKey: Guid(c1849c71a1aaa684990ca0b09dcb4f23) Importer(2089858483,b0f066a214c2f5e87bad3c948f4d605d)
Start importing Assets/Graphisms/Tilesets/SubTiles/Outside_1216.asset using Guid(c1849c71a1aaa684990ca0b09dcb4f23) Importer(2089858483,b0f066a214c2f5e87bad3c948f4d605d) (ScriptedImporter) -> (artifact id: 'f68d45f11be2fd11d2f07ff5096a2f5b') in 0.0109271 seconds
Number of updated asset objects reloaded before import = 0Number of asset objects unloaded after import = 2

========================================================================
Received Import Request.
  Time since last request: 0.000039 seconds.
  path: Assets/Graphisms/Tilesets/SubTiles/Outside_2350.asset
  artifactKey: Guid(6ec1080c7b3775343afccd805e3cca1e) Importer(2089858483,b0f066a214c2f5e87bad3c948f4d605d)
Start importing Assets/Graphisms/Tilesets/SubTiles/Outside_2350.asset using Guid(6ec1080c7b3775343afccd805e3cca1e) Importer(2089858483,b0f066a214c2f5e87bad3c948f4d605d) (ScriptedImporter) -> (artifact id: '667f19d1f0a5a565c2da4c29874f95a1') in 0.0119847 seconds
Number of updated asset objects reloaded before import = 0Number of asset objects unloaded after import = 2

========================================================================
Received Import Request.
  Time since last request: 0.000020 seconds.
  path: Assets/Graphisms/Tilesets/SubTiles/Outside_296.asset
  artifactKey: Guid(62403316c7aa0b543a011d099eab8927) Importer(2089858483,b0f066a214c2f5e87bad3c948f4d605d)
Start importing Assets/Graphisms/Tilesets/SubTiles/Outside_296.asset using Guid(62403316c7aa0b543a011d099eab8927) Importer(2089858483,b0f066a214c2f5e87bad3c948f4d605d) (ScriptedImporter) -> (artifact id: '45bb1627ac789838df30606cbc68d0f1') in 0.0094764 seconds
Number of updated asset objects reloaded before import = 0Number of asset objects unloaded after import = 2

========================================================================
Received Import Request.
  Time since last request: 0.000023 seconds.
  path: Assets/Graphisms/Tilesets/SubTiles/Outside_3069.asset
  artifactKey: Guid(19c31b1a431495241a5698e245f7ba99) Importer(2089858483,b0f066a214c2f5e87bad3c948f4d605d)
Start importing Assets/Graphisms/Tilesets/SubTiles/Outside_3069.asset using Guid(19c31b1a431495241a5698e245f7ba99) Importer(2089858483,b0f066a214c2f5e87bad3c948f4d605d) (ScriptedImporter) -> (artifact id: '592726a28148aafb46dad214b4434a44') in 0.0237227 seconds
Number of updated asset objects reloaded before import = 0Number of asset objects unloaded after import = 2

========================================================================
Received Import Request.
  Time since last request: 0.000033 seconds.
  path: Assets/Graphisms/Tilesets/SubTiles/Outside_487.asset
  artifactKey: Guid(cb15bfb35b4cba742b4c51d0d784d660) Importer(2089858483,b0f066a214c2f5e87bad3c948f4d605d)
Start importing Assets/Graphisms/Tilesets/SubTiles/Outside_487.asset using Guid(cb15bfb35b4cba742b4c51d0d784d660) Importer(2089858483,b0f066a214c2f5e87bad3c948f4d605d) (ScriptedImporter) -> (artifact id: 'cf0055cb835c717367c6ced9e2c92aba') in 0.0101911 seconds
Number of updated asset objects reloaded before import = 0Number of asset objects unloaded after import = 2

========================================================================
Received Import Request.
  Time since last request: 0.000024 seconds.
  path: Assets/Graphisms/Tilesets/SubTiles/Outside_2184.asset
  artifactKey: Guid(dfcc03e4840b5194fba6bd54f1334436) Importer(2089858483,b0f066a214c2f5e87bad3c948f4d605d)
Start importing Assets/Graphisms/Tilesets/SubTiles/Outside_2184.asset using Guid(dfcc03e4840b5194fba6bd54f1334436) Importer(2089858483,b0f066a214c2f5e87bad3c948f4d605d) (ScriptedImporter) -> (artifact id: '3f8f2ae085a1f7b6630c1792babe2c78') in 0.0752307 seconds
Number of updated asset objects reloaded before import = 0Number of asset objects unloaded after import = 2

========================================================================
Received Import Request.
  Time since last request: 0.000019 seconds.
  path: Assets/Graphisms/Tilesets/SubTiles/Outside_2354.asset
  artifactKey: Guid(d2e6c1dc1946d4e478c1ca2cae393b13) Importer(2089858483,b0f066a214c2f5e87bad3c948f4d605d)
Start importing Assets/Graphisms/Tilesets/SubTiles/Outside_2354.asset using Guid(d2e6c1dc1946d4e478c1ca2cae393b13) Importer(2089858483,b0f066a214c2f5e87bad3c948f4d605d) (ScriptedImporter) -> (artifact id: 'e71a473d2fb097fbdc796bc324ffa643') in 0.0117556 seconds
Number of updated asset objects reloaded before import = 0Number of asset objects unloaded after import = 2

========================================================================
Received Import Request.
  Time since last request: 0.000032 seconds.
  path: Assets/Graphisms/Tilesets/SubTiles/Outside_2334.asset
  artifactKey: Guid(ca75951aa3887924fba8362aba4e6764) Importer(2089858483,b0f066a214c2f5e87bad3c948f4d605d)
Start importing Assets/Graphisms/Tilesets/SubTiles/Outside_2334.asset using Guid(ca75951aa3887924fba8362aba4e6764) Importer(2089858483,b0f066a214c2f5e87bad3c948f4d605d) (ScriptedImporter) -> (artifact id: '81ff8e8564e03e8a4784fd77a8a9db66') in 0.011881 seconds
Number of updated asset objects reloaded before import = 0Number of asset objects unloaded after import = 2

========================================================================
Received Import Request.
  Time since last request: 0.000045 seconds.
  path: Assets/Graphisms/Tilesets/SubTiles/Outside_1890.asset
  artifactKey: Guid(22f12663d46039f46b4f6326221194ea) Importer(2089858483,b0f066a214c2f5e87bad3c948f4d605d)
Start importing Assets/Graphisms/Tilesets/SubTiles/Outside_1890.asset using Guid(22f12663d46039f46b4f6326221194ea) Importer(2089858483,b0f066a214c2f5e87bad3c948f4d605d) (ScriptedImporter) -> (artifact id: '12ca28eec9239d149bf3973bfb5c73f1') in 0.0143052 seconds
Number of updated asset objects reloaded before import = 0Number of asset objects unloaded after import = 2

========================================================================
Received Import Request.
  Time since last request: 0.000026 seconds.
  path: Assets/Graphisms/Tilesets/SubTiles/Outside_3430.asset
  artifactKey: Guid(afc8b5550d4d7d249bad8029d7366d4f) Importer(2089858483,b0f066a214c2f5e87bad3c948f4d605d)
Start importing Assets/Graphisms/Tilesets/SubTiles/Outside_3430.asset using Guid(afc8b5550d4d7d249bad8029d7366d4f) Importer(2089858483,b0f066a214c2f5e87bad3c948f4d605d) (ScriptedImporter) -> (artifact id: '5b693c9be8628a444bc75fd32e9612bb') in 0.0101075 seconds
Number of updated asset objects reloaded before import = 0Number of asset objects unloaded after import = 2

========================================================================
Received Import Request.
  Time since last request: 0.000020 seconds.
  path: Assets/Graphisms/Tilesets/SubTiles/Outside_1260.asset
  artifactKey: Guid(d5e9d8431e0d5a740986c3205f070316) Importer(2089858483,b0f066a214c2f5e87bad3c948f4d605d)
Start importing Assets/Graphisms/Tilesets/SubTiles/Outside_1260.asset using Guid(d5e9d8431e0d5a740986c3205f070316) Importer(2089858483,b0f066a214c2f5e87bad3c948f4d605d) (ScriptedImporter) -> (artifact id: '9eb7ef4ac832a8fa1aa9a88c6431a73b') in 0.0113922 seconds
Number of updated asset objects reloaded before import = 0Number of asset objects unloaded after import = 2

========================================================================
Received Import Request.
  Time since last request: 0.000020 seconds.
  path: Assets/Graphisms/Tilesets/SubTiles/Outside_3918.asset
  artifactKey: Guid(3435ffc680d3a4e468773268eca2c325) Importer(2089858483,b0f066a214c2f5e87bad3c948f4d605d)
Start importing Assets/Graphisms/Tilesets/SubTiles/Outside_3918.asset using Guid(3435ffc680d3a4e468773268eca2c325) Importer(2089858483,b0f066a214c2f5e87bad3c948f4d605d) (ScriptedImporter) -> (artifact id: '1398c1c786caf1a85c7d74c4373d7727') in 0.0101346 seconds
Number of updated asset objects reloaded before import = 0Number of asset objects unloaded after import = 2

========================================================================
Received Import Request.
  Time since last request: 0.000029 seconds.
  path: Assets/Graphisms/Tilesets/SubTiles/Outside_502.asset
  artifactKey: Guid(c838f16d1e1115840956e0ca18c43d6f) Importer(2089858483,b0f066a214c2f5e87bad3c948f4d605d)
Start importing Assets/Graphisms/Tilesets/SubTiles/Outside_502.asset using Guid(c838f16d1e1115840956e0ca18c43d6f) Importer(2089858483,b0f066a214c2f5e87bad3c948f4d605d) (ScriptedImporter) -> (artifact id: 'f2be37eaabe0b99e4c6f65243eb89df2') in 0.0116369 seconds
Number of updated asset objects reloaded before import = 0Number of asset objects unloaded after import = 2

========================================================================
Received Import Request.
  Time since last request: 0.000038 seconds.
  path: Assets/Graphisms/Tilesets/SubTiles/Outside_624.asset
  artifactKey: Guid(6bbce8e64ab5a15409dfdb6940bbda41) Importer(2089858483,b0f066a214c2f5e87bad3c948f4d605d)
Start importing Assets/Graphisms/Tilesets/SubTiles/Outside_624.asset using Guid(6bbce8e64ab5a15409dfdb6940bbda41) Importer(2089858483,b0f066a214c2f5e87bad3c948f4d605d) (ScriptedImporter) -> (artifact id: 'f9762c2efd1631f5654c246eb3685f11') in 0.0098378 seconds
Number of updated asset objects reloaded before import = 0Number of asset objects unloaded after import = 2

========================================================================
Received Import Request.
  Time since last request: 0.000026 seconds.
  path: Assets/Graphisms/Tilesets/SubTiles/Outside_1033.asset
  artifactKey: Guid(f587694db2d503c449e63efffe84c4c2) Importer(2089858483,b0f066a214c2f5e87bad3c948f4d605d)
Start importing Assets/Graphisms/Tilesets/SubTiles/Outside_1033.asset using Guid(f587694db2d503c449e63efffe84c4c2) Importer(2089858483,b0f066a214c2f5e87bad3c948f4d605d) (ScriptedImporter) -> (artifact id: '1568494c3902f739862ea182b44d0a72') in 0.1829172 seconds
Number of updated asset objects reloaded before import = 0Number of asset objects unloaded after import = 2

========================================================================
Received Import Request.
  Time since last request: 0.000022 seconds.
  path: Assets/Graphisms/Tilesets/SubTiles/Outside_1456.asset
  artifactKey: Guid(39fe5da7d64511943b3134a76608346b) Importer(2089858483,b0f066a214c2f5e87bad3c948f4d605d)
Start importing Assets/Graphisms/Tilesets/SubTiles/Outside_1456.asset using Guid(39fe5da7d64511943b3134a76608346b) Importer(2089858483,b0f066a214c2f5e87bad3c948f4d605d) (ScriptedImporter) -> (artifact id: '1785a31a5def4e2ec6c590e05a116c1a') in 0.0110456 seconds
Number of updated asset objects reloaded before import = 0Number of asset objects unloaded after import = 2

========================================================================
Received Import Request.
  Time since last request: 0.000034 seconds.
  path: Assets/Graphisms/Tilesets/SubTiles/Outside_1581.asset
  artifactKey: Guid(f54ad18b6adabdc4c91c0d1464fae016) Importer(2089858483,b0f066a214c2f5e87bad3c948f4d605d)
Start importing Assets/Graphisms/Tilesets/SubTiles/Outside_1581.asset using Guid(f54ad18b6adabdc4c91c0d1464fae016) Importer(2089858483,b0f066a214c2f5e87bad3c948f4d605d) (ScriptedImporter) -> (artifact id: 'b3063aa5a2c5b8cddfa190305943327e') in 0.011835 seconds
Number of updated asset objects reloaded before import = 0Number of asset objects unloaded after import = 2

========================================================================
Received Import Request.
  Time since last request: 0.000024 seconds.
  path: Assets/Graphisms/Tilesets/SubTiles/Outside_3381.asset
  artifactKey: Guid(005628690c7e1794fa35070cc1600ef7) Importer(2089858483,b0f066a214c2f5e87bad3c948f4d605d)
Start importing Assets/Graphisms/Tilesets/SubTiles/Outside_3381.asset using Guid(005628690c7e1794fa35070cc1600ef7) Importer(2089858483,b0f066a214c2f5e87bad3c948f4d605d) (ScriptedImporter) -> (artifact id: '0bb54b600b2a8bc704084faf307a1938') in 0.0133272 seconds
Number of updated asset objects reloaded before import = 0Number of asset objects unloaded after import = 2

========================================================================
Received Import Request.
  Time since last request: 0.000013 seconds.
  path: Assets/Graphisms/Tilesets/SubTiles/Outside_2807.asset
  artifactKey: Guid(c45f2009349c3894587b2d20681a3c9e) Importer(2089858483,b0f066a214c2f5e87bad3c948f4d605d)
Start importing Assets/Graphisms/Tilesets/SubTiles/Outside_2807.asset using Guid(c45f2009349c3894587b2d20681a3c9e) Importer(2089858483,b0f066a214c2f5e87bad3c948f4d605d) (ScriptedImporter) -> (artifact id: 'e03d441c85518407e8af568a63b7a0e5') in 0.0101145 seconds
Number of updated asset objects reloaded before import = 0Number of asset objects unloaded after import = 2

========================================================================
Received Import Request.
  Time since last request: 0.000022 seconds.
  path: Assets/Graphisms/Tilesets/SubTiles/Outside_2938.asset
  artifactKey: Guid(c85d3dfc3a975fe41b9f4a172c135aac) Importer(2089858483,b0f066a214c2f5e87bad3c948f4d605d)
Start importing Assets/Graphisms/Tilesets/SubTiles/Outside_2938.asset using Guid(c85d3dfc3a975fe41b9f4a172c135aac) Importer(2089858483,b0f066a214c2f5e87bad3c948f4d605d) (ScriptedImporter) -> (artifact id: 'a2ffda400c1c9838f1378153639a830b') in 0.0146912 seconds
Number of updated asset objects reloaded before import = 0Number of asset objects unloaded after import = 2

========================================================================
Received Import Request.
  Time since last request: 0.000022 seconds.
  path: Assets/Graphisms/Tilesets/SubTiles/Outside_3195.asset
  artifactKey: Guid(5343c9d4d1c7742429d6b5f781b93075) Importer(2089858483,b0f066a214c2f5e87bad3c948f4d605d)
Start importing Assets/Graphisms/Tilesets/SubTiles/Outside_3195.asset using Guid(5343c9d4d1c7742429d6b5f781b93075) Importer(2089858483,b0f066a214c2f5e87bad3c948f4d605d) (ScriptedImporter) -> (artifact id: '761e8b440dc42f99fb8b1f84aea783e6') in 0.0098078 seconds
Number of updated asset objects reloaded before import = 0Number of asset objects unloaded after import = 2

========================================================================
Received Import Request.
  Time since last request: 0.000048 seconds.
  path: Assets/Graphisms/Tilesets/SubTiles/Outside_994.asset
  artifactKey: Guid(5247dd960f535ae49abd6f4d9abd76b6) Importer(2089858483,b0f066a214c2f5e87bad3c948f4d605d)
Start importing Assets/Graphisms/Tilesets/SubTiles/Outside_994.asset using Guid(5247dd960f535ae49abd6f4d9abd76b6) Importer(2089858483,b0f066a214c2f5e87bad3c948f4d605d) (ScriptedImporter) -> (artifact id: '0159df3c41ce2117e63725b3d8299e59') in 0.0122206 seconds
Number of updated asset objects reloaded before import = 0Number of asset objects unloaded after import = 2

========================================================================
Received Import Request.
  Time since last request: 0.000019 seconds.
  path: Assets/Graphisms/Tilesets/SubTiles/Outside_174.asset
  artifactKey: Guid(81a833d27fae25743b5413789563f3ed) Importer(2089858483,b0f066a214c2f5e87bad3c948f4d605d)
Start importing Assets/Graphisms/Tilesets/SubTiles/Outside_174.asset using Guid(81a833d27fae25743b5413789563f3ed) Importer(2089858483,b0f066a214c2f5e87bad3c948f4d605d) (ScriptedImporter) -> (artifact id: '8941689d592b9058e197b2058520ff1a') in 0.0123245 seconds
Number of updated asset objects reloaded before import = 0Number of asset objects unloaded after import = 2

========================================================================
Received Import Request.
  Time since last request: 0.000032 seconds.
  path: Assets/Graphisms/Tilesets/SubTiles/Outside_1043.asset
  artifactKey: Guid(c771b66f89039fb4b8c6908b992a69b0) Importer(2089858483,b0f066a214c2f5e87bad3c948f4d605d)
Start importing Assets/Graphisms/Tilesets/SubTiles/Outside_1043.asset using Guid(c771b66f89039fb4b8c6908b992a69b0) Importer(2089858483,b0f066a214c2f5e87bad3c948f4d605d) (ScriptedImporter) -> (artifact id: 'c005f824ca1cf42c6e469bdd21fef4ac') in 0.0109828 seconds
Number of updated asset objects reloaded before import = 0Number of asset objects unloaded after import = 2

========================================================================
Received Import Request.
  Time since last request: 0.000036 seconds.
  path: Assets/Graphisms/Tilesets/SubTiles/Outside_2666.asset
  artifactKey: Guid(f932abe4ac1e4364f9fd8ef1f6d596dc) Importer(2089858483,b0f066a214c2f5e87bad3c948f4d605d)
Start importing Assets/Graphisms/Tilesets/SubTiles/Outside_2666.asset using Guid(f932abe4ac1e4364f9fd8ef1f6d596dc) Importer(2089858483,b0f066a214c2f5e87bad3c948f4d605d) (ScriptedImporter) -> (artifact id: '1ceae02ec6fe5f3caefd12f5a52ce25a') in 0.0104092 seconds
Number of updated asset objects reloaded before import = 0Number of asset objects unloaded after import = 2

========================================================================
Received Import Request.
  Time since last request: 0.000039 seconds.
  path: Assets/Graphisms/Tilesets/SubTiles/Outside_3901.asset
  artifactKey: Guid(210d225cfc370264c8de6c2b8f2a2507) Importer(2089858483,b0f066a214c2f5e87bad3c948f4d605d)
Start importing Assets/Graphisms/Tilesets/SubTiles/Outside_3901.asset using Guid(210d225cfc370264c8de6c2b8f2a2507) Importer(2089858483,b0f066a214c2f5e87bad3c948f4d605d) (ScriptedImporter) -> (artifact id: '73aa044ae21f72a78ec40a3f908dcbe7') in 0.0099953 seconds
Number of updated asset objects reloaded before import = 0Number of asset objects unloaded after import = 2

========================================================================
Received Import Request.
  Time since last request: 0.000023 seconds.
  path: Assets/Graphisms/Tilesets/SubTiles/Outside_2737.asset
  artifactKey: Guid(3be91fc2a3dd5ae42b7e5bd4cdbef358) Importer(2089858483,b0f066a214c2f5e87bad3c948f4d605d)
Start importing Assets/Graphisms/Tilesets/SubTiles/Outside_2737.asset using Guid(3be91fc2a3dd5ae42b7e5bd4cdbef358) Importer(2089858483,b0f066a214c2f5e87bad3c948f4d605d) (ScriptedImporter) -> (artifact id: 'b5098272481375f32f354ef1c52e8db4') in 0.0132749 seconds
Number of updated asset objects reloaded before import = 0Number of asset objects unloaded after import = 2

========================================================================
Received Import Request.
  Time since last request: 0.000020 seconds.
  path: Assets/Graphisms/Tilesets/SubTiles/Outside_3132.asset
  artifactKey: Guid(61870b46046f55440825c6f58e783601) Importer(2089858483,b0f066a214c2f5e87bad3c948f4d605d)
Start importing Assets/Graphisms/Tilesets/SubTiles/Outside_3132.asset using Guid(61870b46046f55440825c6f58e783601) Importer(2089858483,b0f066a214c2f5e87bad3c948f4d605d) (ScriptedImporter) -> (artifact id: '0b724e9df43528e40282bf56903f6e28') in 0.0111015 seconds
Number of updated asset objects reloaded before import = 0Number of asset objects unloaded after import = 2

========================================================================
Received Import Request.
  Time since last request: 0.000021 seconds.
  path: Assets/Graphisms/Tilesets/SubTiles/Outside_310.asset
  artifactKey: Guid(1d4160dcf86a54749bc0a7e5c9d10030) Importer(2089858483,b0f066a214c2f5e87bad3c948f4d605d)
Start importing Assets/Graphisms/Tilesets/SubTiles/Outside_310.asset using Guid(1d4160dcf86a54749bc0a7e5c9d10030) Importer(2089858483,b0f066a214c2f5e87bad3c948f4d605d) (ScriptedImporter) -> (artifact id: '0236cdf5720135f342aae3231312e9cb') in 0.0576177 seconds
Number of updated asset objects reloaded before import = 0Number of asset objects unloaded after import = 2

========================================================================
Received Import Request.
  Time since last request: 0.000030 seconds.
  path: Assets/Graphisms/Tilesets/SubTiles/Outside_2581.asset
  artifactKey: Guid(2a3da35474efbe6458e46b80f9842caf) Importer(2089858483,b0f066a214c2f5e87bad3c948f4d605d)
Start importing Assets/Graphisms/Tilesets/SubTiles/Outside_2581.asset using Guid(2a3da35474efbe6458e46b80f9842caf) Importer(2089858483,b0f066a214c2f5e87bad3c948f4d605d) (ScriptedImporter) -> (artifact id: 'c181b1c50b70f6e00b69cadb0bfc9ba5') in 0.0105184 seconds
Number of updated asset objects reloaded before import = 0Number of asset objects unloaded after import = 2

========================================================================
Received Import Request.
  Time since last request: 0.000040 seconds.
  path: Assets/Graphisms/Tilesets/SubTiles/Outside_767.asset
  artifactKey: Guid(cca2f35356aeb864380a61b335f3186f) Importer(2089858483,b0f066a214c2f5e87bad3c948f4d605d)
Start importing Assets/Graphisms/Tilesets/SubTiles/Outside_767.asset using Guid(cca2f35356aeb864380a61b335f3186f) Importer(2089858483,b0f066a214c2f5e87bad3c948f4d605d) (ScriptedImporter) -> (artifact id: 'c984be2c526155517c356257d834a882') in 0.0901928 seconds
Number of updated asset objects reloaded before import = 0Number of asset objects unloaded after import = 2

========================================================================
Received Import Request.
  Time since last request: 0.000021 seconds.
  path: Assets/Graphisms/Tilesets/SubTiles/Outside_1181.asset
  artifactKey: Guid(fbd200d0570990f49934199da2b67fe5) Importer(2089858483,b0f066a214c2f5e87bad3c948f4d605d)
Start importing Assets/Graphisms/Tilesets/SubTiles/Outside_1181.asset using Guid(fbd200d0570990f49934199da2b67fe5) Importer(2089858483,b0f066a214c2f5e87bad3c948f4d605d) (ScriptedImporter) -> (artifact id: 'a0d66d22106b67adff3f4505cb357559') in 0.0092998 seconds
Number of updated asset objects reloaded before import = 0Number of asset objects unloaded after import = 2

========================================================================
Received Import Request.
  Time since last request: 0.000036 seconds.
  path: Assets/Graphisms/Tilesets/SubTiles/Outside_3784.asset
  artifactKey: Guid(9aa66468b443bdc4d88b3116d5c79fe1) Importer(2089858483,b0f066a214c2f5e87bad3c948f4d605d)
Start importing Assets/Graphisms/Tilesets/SubTiles/Outside_3784.asset using Guid(9aa66468b443bdc4d88b3116d5c79fe1) Importer(2089858483,b0f066a214c2f5e87bad3c948f4d605d) (ScriptedImporter) -> (artifact id: '923299c18ea5fba3a33045522c177a62') in 0.0100913 seconds
Number of updated asset objects reloaded before import = 0Number of asset objects unloaded after import = 2

========================================================================
Received Import Request.
  Time since last request: 0.000023 seconds.
  path: Assets/Graphisms/Tilesets/SubTiles/Outside_3693.asset
  artifactKey: Guid(224355e2f278f0c40bb31c562207d02f) Importer(2089858483,b0f066a214c2f5e87bad3c948f4d605d)
Start importing Assets/Graphisms/Tilesets/SubTiles/Outside_3693.asset using Guid(224355e2f278f0c40bb31c562207d02f) Importer(2089858483,b0f066a214c2f5e87bad3c948f4d605d) (ScriptedImporter) -> (artifact id: '71be08d37d5c24b2a52a9cf0c05661ea') in 0.0688862 seconds
Number of updated asset objects reloaded before import = 0Number of asset objects unloaded after import = 2

========================================================================
Received Import Request.
  Time since last request: 0.000051 seconds.
  path: Assets/Graphisms/Tilesets/SubTiles/Outside_3876.asset
  artifactKey: Guid(2caf2cff9017015458e015de1092545f) Importer(2089858483,b0f066a214c2f5e87bad3c948f4d605d)
Start importing Assets/Graphisms/Tilesets/SubTiles/Outside_3876.asset using Guid(2caf2cff9017015458e015de1092545f) Importer(2089858483,b0f066a214c2f5e87bad3c948f4d605d) (ScriptedImporter) -> (artifact id: '4363abfd6e7639317cd885bdc5b4c1a5') in 0.0115168 seconds
Number of updated asset objects reloaded before import = 0Number of asset objects unloaded after import = 2

========================================================================
Received Import Request.
  Time since last request: 0.000018 seconds.
  path: Assets/Graphisms/Tilesets/SubTiles/Outside_497.asset
  artifactKey: Guid(298c9e789398a004dbe6fe5ebe2e244b) Importer(2089858483,b0f066a214c2f5e87bad3c948f4d605d)
Start importing Assets/Graphisms/Tilesets/SubTiles/Outside_497.asset using Guid(298c9e789398a004dbe6fe5ebe2e244b) Importer(2089858483,b0f066a214c2f5e87bad3c948f4d605d) (ScriptedImporter) -> (artifact id: '4b4ecc287910c43761f2717f1822dcae') in 0.0097931 seconds
Number of updated asset objects reloaded before import = 0Number of asset objects unloaded after import = 2

========================================================================
Received Import Request.
  Time since last request: 0.000017 seconds.
  path: Assets/Graphisms/Tilesets/SubTiles/Outside_881.asset
  artifactKey: Guid(586680fe653e7a348a5b0dda071df80f) Importer(2089858483,b0f066a214c2f5e87bad3c948f4d605d)
Start importing Assets/Graphisms/Tilesets/SubTiles/Outside_881.asset using Guid(586680fe653e7a348a5b0dda071df80f) Importer(2089858483,b0f066a214c2f5e87bad3c948f4d605d) (ScriptedImporter) -> (artifact id: '3f0de2daa640f8f94cd631cfee106b25') in 0.0102953 seconds
Number of updated asset objects reloaded before import = 0Number of asset objects unloaded after import = 2

========================================================================
Received Import Request.
  Time since last request: 0.000034 seconds.
  path: Assets/Graphisms/Tilesets/SubTiles/Outside_849.asset
  artifactKey: Guid(39c3162ca7982a84986ef784ae9e596a) Importer(2089858483,b0f066a214c2f5e87bad3c948f4d605d)
Start importing Assets/Graphisms/Tilesets/SubTiles/Outside_849.asset using Guid(39c3162ca7982a84986ef784ae9e596a) Importer(2089858483,b0f066a214c2f5e87bad3c948f4d605d) (ScriptedImporter) -> (artifact id: '8c65a9e70e77670c6fad9029ed30f554') in 0.0104524 seconds
Number of updated asset objects reloaded before import = 0Number of asset objects unloaded after import = 2

========================================================================
Received Import Request.
  Time since last request: 0.000025 seconds.
  path: Assets/Graphisms/Tilesets/SubTiles/Outside_3189.asset
  artifactKey: Guid(b8a051c820633cd4d99b5a857e8c5737) Importer(2089858483,b0f066a214c2f5e87bad3c948f4d605d)
Start importing Assets/Graphisms/Tilesets/SubTiles/Outside_3189.asset using Guid(b8a051c820633cd4d99b5a857e8c5737) Importer(2089858483,b0f066a214c2f5e87bad3c948f4d605d) (ScriptedImporter) -> (artifact id: 'db59e99f157cf08956f0b39202999fa6') in 0.0103573 seconds
Number of updated asset objects reloaded before import = 0Number of asset objects unloaded after import = 2

========================================================================
Received Import Request.
  Time since last request: 0.000034 seconds.
  path: Assets/Graphisms/Tilesets/SubTiles/Outside_3753.asset
  artifactKey: Guid(4029b04b1876b3a43b6d39176afad44b) Importer(2089858483,b0f066a214c2f5e87bad3c948f4d605d)
Start importing Assets/Graphisms/Tilesets/SubTiles/Outside_3753.asset using Guid(4029b04b1876b3a43b6d39176afad44b) Importer(2089858483,b0f066a214c2f5e87bad3c948f4d605d) (ScriptedImporter) -> (artifact id: '5e6a0ac7d00200bb4b3e9903b2680c38') in 0.0105594 seconds
Number of updated asset objects reloaded before import = 0Number of asset objects unloaded after import = 2

========================================================================
Received Import Request.
  Time since last request: 0.000016 seconds.
  path: Assets/Graphisms/Tilesets/SubTiles/Outside_2609.asset
  artifactKey: Guid(2c3ad70af9d2e934aa881e6cd381b3d1) Importer(2089858483,b0f066a214c2f5e87bad3c948f4d605d)
Start importing Assets/Graphisms/Tilesets/SubTiles/Outside_2609.asset using Guid(2c3ad70af9d2e934aa881e6cd381b3d1) Importer(2089858483,b0f066a214c2f5e87bad3c948f4d605d) (ScriptedImporter) -> (artifact id: '51808b1b386d671c5a0660e9587db67c') in 0.0095163 seconds
Number of updated asset objects reloaded before import = 0Number of asset objects unloaded after import = 2

========================================================================
Received Import Request.
  Time since last request: 0.000025 seconds.
  path: Assets/Graphisms/Tilesets/SubTiles/Outside_930.asset
  artifactKey: Guid(f62b3dbf58539c243b53002b51e37f49) Importer(2089858483,b0f066a214c2f5e87bad3c948f4d605d)
Start importing Assets/Graphisms/Tilesets/SubTiles/Outside_930.asset using Guid(f62b3dbf58539c243b53002b51e37f49) Importer(2089858483,b0f066a214c2f5e87bad3c948f4d605d) (ScriptedImporter) -> (artifact id: 'f294879dea8cc66c5ca3ced31168b38c') in 0.0107541 seconds
Number of updated asset objects reloaded before import = 0Number of asset objects unloaded after import = 2

========================================================================
Received Import Request.
  Time since last request: 0.000019 seconds.
  path: Assets/Graphisms/Tilesets/SubTiles/Outside_3039.asset
  artifactKey: Guid(ccb4756e44a75be4e86a334548ddf5e2) Importer(2089858483,b0f066a214c2f5e87bad3c948f4d605d)
Start importing Assets/Graphisms/Tilesets/SubTiles/Outside_3039.asset using Guid(ccb4756e44a75be4e86a334548ddf5e2) Importer(2089858483,b0f066a214c2f5e87bad3c948f4d605d) (ScriptedImporter) -> (artifact id: 'e51f5462a843cbc11e0383b528af07d4') in 0.0444153 seconds
Number of updated asset objects reloaded before import = 0Number of asset objects unloaded after import = 2

========================================================================
Received Import Request.
  Time since last request: 0.000035 seconds.
  path: Assets/Graphisms/Tilesets/SubTiles/Outside_87.asset
  artifactKey: Guid(4a2dc454fe2e339469f6581e73e7e445) Importer(2089858483,b0f066a214c2f5e87bad3c948f4d605d)
Start importing Assets/Graphisms/Tilesets/SubTiles/Outside_87.asset using Guid(4a2dc454fe2e339469f6581e73e7e445) Importer(2089858483,b0f066a214c2f5e87bad3c948f4d605d) (ScriptedImporter) -> (artifact id: '7ad5f4ab11368c571415ef49cb5a0d16') in 0.0423646 seconds
Number of updated asset objects reloaded before import = 0Number of asset objects unloaded after import = 2

========================================================================
Received Import Request.
  Time since last request: 0.000039 seconds.
  path: Assets/Graphisms/Tilesets/SubTiles/Outside_1118.asset
  artifactKey: Guid(c070c893ac5216b4f8299b70c767683a) Importer(2089858483,b0f066a214c2f5e87bad3c948f4d605d)
Start importing Assets/Graphisms/Tilesets/SubTiles/Outside_1118.asset using Guid(c070c893ac5216b4f8299b70c767683a) Importer(2089858483,b0f066a214c2f5e87bad3c948f4d605d) (ScriptedImporter) -> (artifact id: '6b3f1a298ab2eed9a008d37ef6ffe570') in 0.0113815 seconds
Number of updated asset objects reloaded before import = 0Number of asset objects unloaded after import = 2

========================================================================
Received Import Request.
  Time since last request: 0.000028 seconds.
  path: Assets/Graphisms/Tilesets/SubTiles/Outside_811.asset
  artifactKey: Guid(bc87320d43a46de4b848a8d130699208) Importer(2089858483,b0f066a214c2f5e87bad3c948f4d605d)
Start importing Assets/Graphisms/Tilesets/SubTiles/Outside_811.asset using Guid(bc87320d43a46de4b848a8d130699208) Importer(2089858483,b0f066a214c2f5e87bad3c948f4d605d) (ScriptedImporter) -> (artifact id: '63068001cd3c1c3da912988404041f01') in 0.0115793 seconds
Number of updated asset objects reloaded before import = 0Number of asset objects unloaded after import = 2

========================================================================
Received Import Request.
  Time since last request: 0.000019 seconds.
  path: Assets/Graphisms/Tilesets/SubTiles/Outside_2571.asset
  artifactKey: Guid(a349b5ca75083474591d6759ddba8522) Importer(2089858483,b0f066a214c2f5e87bad3c948f4d605d)
Start importing Assets/Graphisms/Tilesets/SubTiles/Outside_2571.asset using Guid(a349b5ca75083474591d6759ddba8522) Importer(2089858483,b0f066a214c2f5e87bad3c948f4d605d) (ScriptedImporter) -> (artifact id: '4d0a488f6de30bd8f285800fb99ade26') in 0.0104895 seconds
Number of updated asset objects reloaded before import = 0Number of asset objects unloaded after import = 2

========================================================================
Received Import Request.
  Time since last request: 0.000026 seconds.
  path: Assets/Graphisms/Tilesets/SubTiles/Outside_3220.asset
  artifactKey: Guid(86de6136d6a710446aeeb3f26098a0d9) Importer(2089858483,b0f066a214c2f5e87bad3c948f4d605d)
Start importing Assets/Graphisms/Tilesets/SubTiles/Outside_3220.asset using Guid(86de6136d6a710446aeeb3f26098a0d9) Importer(2089858483,b0f066a214c2f5e87bad3c948f4d605d) (ScriptedImporter) -> (artifact id: '421c0bb80c446a142d33300f756275a7') in 0.0133575 seconds
Number of updated asset objects reloaded before import = 0Number of asset objects unloaded after import = 2

========================================================================
Received Import Request.
  Time since last request: 0.000031 seconds.
  path: Assets/Graphisms/Tilesets/SubTiles/Outside_3059.asset
  artifactKey: Guid(0901709bc9c23a647a89f932b4d7f1e0) Importer(2089858483,b0f066a214c2f5e87bad3c948f4d605d)
Start importing Assets/Graphisms/Tilesets/SubTiles/Outside_3059.asset using Guid(0901709bc9c23a647a89f932b4d7f1e0) Importer(2089858483,b0f066a214c2f5e87bad3c948f4d605d) (ScriptedImporter) -> (artifact id: '02b82fe7a4a9b79e4e6b8eebf6c124db') in 0.0121035 seconds
Number of updated asset objects reloaded before import = 0Number of asset objects unloaded after import = 2

========================================================================
Received Import Request.
  Time since last request: 0.000035 seconds.
  path: Assets/Graphisms/Tilesets/SubTiles/Outside_3655.asset
  artifactKey: Guid(7237e226c9cb78e4a91ea8615cef0813) Importer(2089858483,b0f066a214c2f5e87bad3c948f4d605d)
Start importing Assets/Graphisms/Tilesets/SubTiles/Outside_3655.asset using Guid(7237e226c9cb78e4a91ea8615cef0813) Importer(2089858483,b0f066a214c2f5e87bad3c948f4d605d) (ScriptedImporter) -> (artifact id: 'c9ec236170c4049be61c82073d51dc1c') in 0.0126114 seconds
Number of updated asset objects reloaded before import = 0Number of asset objects unloaded after import = 2

========================================================================
Received Import Request.
  Time since last request: 0.000022 seconds.
  path: Assets/Graphisms/Tilesets/SubTiles/Outside_2293.asset
  artifactKey: Guid(16301ce8ad59df349973ff99a5d4e1d5) Importer(2089858483,b0f066a214c2f5e87bad3c948f4d605d)
Start importing Assets/Graphisms/Tilesets/SubTiles/Outside_2293.asset using Guid(16301ce8ad59df349973ff99a5d4e1d5) Importer(2089858483,b0f066a214c2f5e87bad3c948f4d605d) (ScriptedImporter) -> (artifact id: '8ad5148017f4cd0fcbb5307e1c477607') in 0.0096381 seconds
Number of updated asset objects reloaded before import = 0Number of asset objects unloaded after import = 2

========================================================================
Received Import Request.
  Time since last request: 0.000063 seconds.
  path: Assets/Graphisms/Tilesets/SubTiles/Outside_1004.asset
  artifactKey: Guid(9e2598f3d8970c44fab7db339dc3674b) Importer(2089858483,b0f066a214c2f5e87bad3c948f4d605d)
Start importing Assets/Graphisms/Tilesets/SubTiles/Outside_1004.asset using Guid(9e2598f3d8970c44fab7db339dc3674b) Importer(2089858483,b0f066a214c2f5e87bad3c948f4d605d) (ScriptedImporter) -> (artifact id: '50288554ba49877e813de4caf1fe9b8c') in 0.0101022 seconds
Number of updated asset objects reloaded before import = 0Number of asset objects unloaded after import = 2

========================================================================
Received Import Request.
  Time since last request: 0.000031 seconds.
  path: Assets/Graphisms/Tilesets/SubTiles/Outside_274.asset
  artifactKey: Guid(42a9452a20ff029419ca6b4be4f462e9) Importer(2089858483,b0f066a214c2f5e87bad3c948f4d605d)
Start importing Assets/Graphisms/Tilesets/SubTiles/Outside_274.asset using Guid(42a9452a20ff029419ca6b4be4f462e9) Importer(2089858483,b0f066a214c2f5e87bad3c948f4d605d) (ScriptedImporter) -> (artifact id: '177e9d1a08d7be8d1ac4045e043c7308') in 0.0142162 seconds
Number of updated asset objects reloaded before import = 0Number of asset objects unloaded after import = 2

========================================================================
Received Import Request.
  Time since last request: 0.000028 seconds.
  path: Assets/Graphisms/Tilesets/SubTiles/Outside_3962.asset
  artifactKey: Guid(a0a065e0d8847064eb30e007525529f2) Importer(2089858483,b0f066a214c2f5e87bad3c948f4d605d)
Start importing Assets/Graphisms/Tilesets/SubTiles/Outside_3962.asset using Guid(a0a065e0d8847064eb30e007525529f2) Importer(2089858483,b0f066a214c2f5e87bad3c948f4d605d) (ScriptedImporter) -> (artifact id: '062d9ab7a8c11308f1e8c05d3674e5f7') in 0.0096211 seconds
Number of updated asset objects reloaded before import = 0Number of asset objects unloaded after import = 2

========================================================================
Received Import Request.
  Time since last request: 0.000048 seconds.
  path: Assets/Graphisms/Tilesets/SubTiles/Outside_2197.asset
  artifactKey: Guid(88549a567d9c95c468f17384f95f6a31) Importer(2089858483,b0f066a214c2f5e87bad3c948f4d605d)
Start importing Assets/Graphisms/Tilesets/SubTiles/Outside_2197.asset using Guid(88549a567d9c95c468f17384f95f6a31) Importer(2089858483,b0f066a214c2f5e87bad3c948f4d605d) (ScriptedImporter) -> (artifact id: '796413545064ca58a8752ff8bc0aae0f') in 0.0111796 seconds
Number of updated asset objects reloaded before import = 0Number of asset objects unloaded after import = 2

========================================================================
Received Import Request.
  Time since last request: 0.000021 seconds.
  path: Assets/Graphisms/Tilesets/SubTiles/Outside_932.asset
  artifactKey: Guid(173c7849014f0e84887fb5d4a83f3744) Importer(2089858483,b0f066a214c2f5e87bad3c948f4d605d)
Start importing Assets/Graphisms/Tilesets/SubTiles/Outside_932.asset using Guid(173c7849014f0e84887fb5d4a83f3744) Importer(2089858483,b0f066a214c2f5e87bad3c948f4d605d) (ScriptedImporter) -> (artifact id: '968af0714432845319bba82a2cad4ccb') in 0.0108624 seconds
Number of updated asset objects reloaded before import = 0Number of asset objects unloaded after import = 2

========================================================================
Received Import Request.
  Time since last request: 0.000028 seconds.
  path: Assets/Graphisms/Tilesets/SubTiles/Outside_2764.asset
  artifactKey: Guid(28c4b40a9f04c68488f0fb8cec2c12a0) Importer(2089858483,b0f066a214c2f5e87bad3c948f4d605d)
Start importing Assets/Graphisms/Tilesets/SubTiles/Outside_2764.asset using Guid(28c4b40a9f04c68488f0fb8cec2c12a0) Importer(2089858483,b0f066a214c2f5e87bad3c948f4d605d) (ScriptedImporter) -> (artifact id: 'f4429b7600bc6248c1a69cb52c5a0b8d') in 0.0096905 seconds
Number of updated asset objects reloaded before import = 0Number of asset objects unloaded after import = 2

========================================================================
Received Import Request.
  Time since last request: 0.000021 seconds.
  path: Assets/Graphisms/Tilesets/SubTiles/Outside_3777.asset
  artifactKey: Guid(a7dafb97733d1b34eb0587f8db7c7a36) Importer(2089858483,b0f066a214c2f5e87bad3c948f4d605d)
Start importing Assets/Graphisms/Tilesets/SubTiles/Outside_3777.asset using Guid(a7dafb97733d1b34eb0587f8db7c7a36) Importer(2089858483,b0f066a214c2f5e87bad3c948f4d605d) (ScriptedImporter) -> (artifact id: '64320e62b12ed23c38540433be966211') in 0.0090492 seconds
Number of updated asset objects reloaded before import = 0Number of asset objects unloaded after import = 2

========================================================================
Received Import Request.
  Time since last request: 0.000028 seconds.
  path: Assets/Graphisms/Tilesets/SubTiles/Outside_3912.asset
  artifactKey: Guid(eb94ba37f70c9ec49ba95e1c69e3e9f4) Importer(2089858483,b0f066a214c2f5e87bad3c948f4d605d)
Start importing Assets/Graphisms/Tilesets/SubTiles/Outside_3912.asset using Guid(eb94ba37f70c9ec49ba95e1c69e3e9f4) Importer(2089858483,b0f066a214c2f5e87bad3c948f4d605d) (ScriptedImporter) -> (artifact id: 'dab1a28a71a0a98851aa57136aeafeaa') in 0.0120025 seconds
Number of updated asset objects reloaded before import = 0Number of asset objects unloaded after import = 2

========================================================================
Received Import Request.
  Time since last request: 0.000036 seconds.
  path: Assets/Graphisms/Tilesets/SubTiles/Outside_707.asset
  artifactKey: Guid(6e93038522ecba446ace02f4c705d05b) Importer(2089858483,b0f066a214c2f5e87bad3c948f4d605d)
Start importing Assets/Graphisms/Tilesets/SubTiles/Outside_707.asset using Guid(6e93038522ecba446ace02f4c705d05b) Importer(2089858483,b0f066a214c2f5e87bad3c948f4d605d) (ScriptedImporter) -> (artifact id: '0feb91f067d0eb58ea93fe981b2ce21d') in 0.0095988 seconds
Number of updated asset objects reloaded before import = 0Number of asset objects unloaded after import = 2

========================================================================
Received Import Request.
  Time since last request: 0.000022 seconds.
  path: Assets/Graphisms/Tilesets/SubTiles/Outside_193.asset
  artifactKey: Guid(ba700a8fe22d45b43b32d251cefa488f) Importer(2089858483,b0f066a214c2f5e87bad3c948f4d605d)
Start importing Assets/Graphisms/Tilesets/SubTiles/Outside_193.asset using Guid(ba700a8fe22d45b43b32d251cefa488f) Importer(2089858483,b0f066a214c2f5e87bad3c948f4d605d) (ScriptedImporter) -> (artifact id: '21095f5a92447e57cbd62fdc79dc11a9') in 0.0102382 seconds
Number of updated asset objects reloaded before import = 0Number of asset objects unloaded after import = 2

========================================================================
Received Import Request.
  Time since last request: 0.000036 seconds.
  path: Assets/Graphisms/Tilesets/SubTiles/Outside_443.asset
  artifactKey: Guid(86011f999b28d0842ac8cf55b04e5363) Importer(2089858483,b0f066a214c2f5e87bad3c948f4d605d)
Start importing Assets/Graphisms/Tilesets/SubTiles/Outside_443.asset using Guid(86011f999b28d0842ac8cf55b04e5363) Importer(2089858483,b0f066a214c2f5e87bad3c948f4d605d) (ScriptedImporter) -> (artifact id: '69a98b68419f114bc21cf08a886334e6') in 0.0108363 seconds
Number of updated asset objects reloaded before import = 0Number of asset objects unloaded after import = 2

========================================================================
Received Import Request.
  Time since last request: 0.000031 seconds.
  path: Assets/Graphisms/Tilesets/SubTiles/Outside_84.asset
  artifactKey: Guid(14dbd606132a78e4c9316ab70f03f395) Importer(2089858483,b0f066a214c2f5e87bad3c948f4d605d)
Start importing Assets/Graphisms/Tilesets/SubTiles/Outside_84.asset using Guid(14dbd606132a78e4c9316ab70f03f395) Importer(2089858483,b0f066a214c2f5e87bad3c948f4d605d) (ScriptedImporter) -> (artifact id: '87739ff90f6bfc5052098f7dd9c2074d') in 0.0105463 seconds
Number of updated asset objects reloaded before import = 0Number of asset objects unloaded after import = 2

========================================================================
Received Import Request.
  Time since last request: 0.000034 seconds.
  path: Assets/Graphisms/Tilesets/SubTiles/Outside_1825.asset
  artifactKey: Guid(f986fd18a69843e4ba990388f574cbf0) Importer(2089858483,b0f066a214c2f5e87bad3c948f4d605d)
Start importing Assets/Graphisms/Tilesets/SubTiles/Outside_1825.asset using Guid(f986fd18a69843e4ba990388f574cbf0) Importer(2089858483,b0f066a214c2f5e87bad3c948f4d605d) (ScriptedImporter) -> (artifact id: 'cf811fe2868a01b5d0cd47abd1f7d933') in 0.0105579 seconds
Number of updated asset objects reloaded before import = 0Number of asset objects unloaded after import = 2

========================================================================
Received Import Request.
  Time since last request: 0.000034 seconds.
  path: Assets/Graphisms/Tilesets/SubTiles/Outside_1294.asset
  artifactKey: Guid(341942dfcfb025946b9f67a4f76e6a4d) Importer(2089858483,b0f066a214c2f5e87bad3c948f4d605d)
Start importing Assets/Graphisms/Tilesets/SubTiles/Outside_1294.asset using Guid(341942dfcfb025946b9f67a4f76e6a4d) Importer(2089858483,b0f066a214c2f5e87bad3c948f4d605d) (ScriptedImporter) -> (artifact id: 'ea0377fca40524aaee98e7692ee7c356') in 0.0244909 seconds
Number of updated asset objects reloaded before import = 0Number of asset objects unloaded after import = 2

========================================================================
Received Import Request.
  Time since last request: 0.000037 seconds.
  path: Assets/Graphisms/Tilesets/SubTiles/Outside_3158.asset
  artifactKey: Guid(286c3230bd663174cb755269513ebff0) Importer(2089858483,b0f066a214c2f5e87bad3c948f4d605d)
Start importing Assets/Graphisms/Tilesets/SubTiles/Outside_3158.asset using Guid(286c3230bd663174cb755269513ebff0) Importer(2089858483,b0f066a214c2f5e87bad3c948f4d605d) (ScriptedImporter) -> (artifact id: '3d8e8e13c5afccee0bead8f2552d9937') in 0.0097769 seconds
Number of updated asset objects reloaded before import = 0Number of asset objects unloaded after import = 2

========================================================================
Received Import Request.
  Time since last request: 0.000023 seconds.
  path: Assets/Graphisms/Tilesets/SubTiles/Outside_1034.asset
  artifactKey: Guid(805817a4c02a9f149b216d324fc58340) Importer(2089858483,b0f066a214c2f5e87bad3c948f4d605d)
Start importing Assets/Graphisms/Tilesets/SubTiles/Outside_1034.asset using Guid(805817a4c02a9f149b216d324fc58340) Importer(2089858483,b0f066a214c2f5e87bad3c948f4d605d) (ScriptedImporter) -> (artifact id: 'c003d7e9dfd9125092031b77e4e4b1a6') in 0.009251 seconds
Number of updated asset objects reloaded before import = 0Number of asset objects unloaded after import = 2

========================================================================
Received Import Request.
  Time since last request: 0.000024 seconds.
  path: Assets/Graphisms/Tilesets/SubTiles/Outside_3517.asset
  artifactKey: Guid(9574e602455c61c4581ff9d095c65de7) Importer(2089858483,b0f066a214c2f5e87bad3c948f4d605d)
Start importing Assets/Graphisms/Tilesets/SubTiles/Outside_3517.asset using Guid(9574e602455c61c4581ff9d095c65de7) Importer(2089858483,b0f066a214c2f5e87bad3c948f4d605d) (ScriptedImporter) -> (artifact id: '5e3dad4cf86f42cf023c07a668c4b8bc') in 0.0110555 seconds
Number of updated asset objects reloaded before import = 0Number of asset objects unloaded after import = 2

========================================================================
Received Import Request.
  Time since last request: 0.000029 seconds.
  path: Assets/Graphisms/Tilesets/SubTiles/Outside_3112.asset
  artifactKey: Guid(777e75dda9c0630489f6f398b54a776e) Importer(2089858483,b0f066a214c2f5e87bad3c948f4d605d)
Start importing Assets/Graphisms/Tilesets/SubTiles/Outside_3112.asset using Guid(777e75dda9c0630489f6f398b54a776e) Importer(2089858483,b0f066a214c2f5e87bad3c948f4d605d) (ScriptedImporter) -> (artifact id: '091cfdd0e19855d10095db6052651720') in 0.0101674 seconds
Number of updated asset objects reloaded before import = 0Number of asset objects unloaded after import = 2

========================================================================
Received Import Request.
  Time since last request: 0.000055 seconds.
  path: Assets/Graphisms/Tilesets/SubTiles/Outside_242.asset
  artifactKey: Guid(8bdb07916f92f2748a94d827ff6d0928) Importer(2089858483,b0f066a214c2f5e87bad3c948f4d605d)
Start importing Assets/Graphisms/Tilesets/SubTiles/Outside_242.asset using Guid(8bdb07916f92f2748a94d827ff6d0928) Importer(2089858483,b0f066a214c2f5e87bad3c948f4d605d) (ScriptedImporter) -> (artifact id: 'd62222056d49f7bd2ae141d66ab4a81c') in 0.010398 seconds
Number of updated asset objects reloaded before import = 0Number of asset objects unloaded after import = 2

========================================================================
Received Import Request.
  Time since last request: 0.000032 seconds.
  path: Assets/Graphisms/Tilesets/SubTiles/Outside_1673.asset
  artifactKey: Guid(55c9ad14648feb647b60d821d67326b0) Importer(2089858483,b0f066a214c2f5e87bad3c948f4d605d)
Start importing Assets/Graphisms/Tilesets/SubTiles/Outside_1673.asset using Guid(55c9ad14648feb647b60d821d67326b0) Importer(2089858483,b0f066a214c2f5e87bad3c948f4d605d) (ScriptedImporter) -> (artifact id: '5fa40a094a7845ac4052cae7ee1cab45') in 0.0089356 seconds
Number of updated asset objects reloaded before import = 0Number of asset objects unloaded after import = 2

========================================================================
Received Import Request.
  Time since last request: 0.000020 seconds.
  path: Assets/Graphisms/Tilesets/SubTiles/Outside_3124.asset
  artifactKey: Guid(ae99249ec8618824cb9e8f902e30c142) Importer(2089858483,b0f066a214c2f5e87bad3c948f4d605d)
Start importing Assets/Graphisms/Tilesets/SubTiles/Outside_3124.asset using Guid(ae99249ec8618824cb9e8f902e30c142) Importer(2089858483,b0f066a214c2f5e87bad3c948f4d605d) (ScriptedImporter) -> (artifact id: '48fd0e4954b120872b902fdaaeed6cd3') in 0.0117937 seconds
Number of updated asset objects reloaded before import = 0Number of asset objects unloaded after import = 2

========================================================================
Received Import Request.
  Time since last request: 0.000020 seconds.
  path: Assets/Graphisms/Tilesets/SubTiles/Outside_3031.asset
  artifactKey: Guid(17a07ea17afbde04fb2d9314c375951a) Importer(2089858483,b0f066a214c2f5e87bad3c948f4d605d)
Start importing Assets/Graphisms/Tilesets/SubTiles/Outside_3031.asset using Guid(17a07ea17afbde04fb2d9314c375951a) Importer(2089858483,b0f066a214c2f5e87bad3c948f4d605d) (ScriptedImporter) -> (artifact id: '0982801f3b974376736a7967997fd8bb') in 0.0092949 seconds
Number of updated asset objects reloaded before import = 0Number of asset objects unloaded after import = 2

========================================================================
Received Import Request.
  Time since last request: 0.000035 seconds.
  path: Assets/Graphisms/Tilesets/SubTiles/Outside_3930.asset
  artifactKey: Guid(ae0c1f8ed248a85479c2800ff7894337) Importer(2089858483,b0f066a214c2f5e87bad3c948f4d605d)
Start importing Assets/Graphisms/Tilesets/SubTiles/Outside_3930.asset using Guid(ae0c1f8ed248a85479c2800ff7894337) Importer(2089858483,b0f066a214c2f5e87bad3c948f4d605d) (ScriptedImporter) -> (artifact id: 'b48467340d4a8bb1063c571ad0d45e01') in 0.0090187 seconds
Number of updated asset objects reloaded before import = 0Number of asset objects unloaded after import = 2

========================================================================
Received Import Request.
  Time since last request: 0.000041 seconds.
  path: Assets/Graphisms/Tilesets/SubTiles/Outside_1691.asset
  artifactKey: Guid(8debb45683e62d242b4e21886c693184) Importer(2089858483,b0f066a214c2f5e87bad3c948f4d605d)
Start importing Assets/Graphisms/Tilesets/SubTiles/Outside_1691.asset using Guid(8debb45683e62d242b4e21886c693184) Importer(2089858483,b0f066a214c2f5e87bad3c948f4d605d) (ScriptedImporter) -> (artifact id: '6d3c2b4869fa8a8cedfb3d787e397e55') in 0.0091121 seconds
Number of updated asset objects reloaded before import = 0Number of asset objects unloaded after import = 2

========================================================================
Received Import Request.
  Time since last request: 0.000023 seconds.
  path: Assets/Graphisms/Tilesets/SubTiles/Outside_220.asset
  artifactKey: Guid(e441d6d056d8b154da712c51ab3ce466) Importer(2089858483,b0f066a214c2f5e87bad3c948f4d605d)
Start importing Assets/Graphisms/Tilesets/SubTiles/Outside_220.asset using Guid(e441d6d056d8b154da712c51ab3ce466) Importer(2089858483,b0f066a214c2f5e87bad3c948f4d605d) (ScriptedImporter) -> (artifact id: '90a42d8b00db4bf846c472abae02f380') in 0.0151696 seconds
Number of updated asset objects reloaded before import = 0Number of asset objects unloaded after import = 2

========================================================================
Received Import Request.
  Time since last request: 0.000028 seconds.
  path: Assets/Graphisms/Tilesets/SubTiles/Outside_3947.asset
  artifactKey: Guid(69d5b26a64ca9e146b279cd8843fd7d6) Importer(2089858483,b0f066a214c2f5e87bad3c948f4d605d)
Start importing Assets/Graphisms/Tilesets/SubTiles/Outside_3947.asset using Guid(69d5b26a64ca9e146b279cd8843fd7d6) Importer(2089858483,b0f066a214c2f5e87bad3c948f4d605d) (ScriptedImporter) -> (artifact id: 'f32faee91c2e206316bf8029705b803c') in 0.0103933 seconds
Number of updated asset objects reloaded before import = 0Number of asset objects unloaded after import = 2

========================================================================
Received Import Request.
  Time since last request: 0.000025 seconds.
  path: Assets/Graphisms/Tilesets/SubTiles/Outside_3510.asset
  artifactKey: Guid(d9854e5adbf13d54cbeae36f2beb86e1) Importer(2089858483,b0f066a214c2f5e87bad3c948f4d605d)
Start importing Assets/Graphisms/Tilesets/SubTiles/Outside_3510.asset using Guid(d9854e5adbf13d54cbeae36f2beb86e1) Importer(2089858483,b0f066a214c2f5e87bad3c948f4d605d) (ScriptedImporter) -> (artifact id: '08efccf1290bea5c8efefbabe680be45') in 0.0114123 seconds
Number of updated asset objects reloaded before import = 0Number of asset objects unloaded after import = 2

========================================================================
Received Import Request.
  Time since last request: 0.000029 seconds.
  path: Assets/Graphisms/Tilesets/SubTiles/Outside_2522.asset
  artifactKey: Guid(1e6389145134b3244a978b4333fb0f17) Importer(2089858483,b0f066a214c2f5e87bad3c948f4d605d)
Start importing Assets/Graphisms/Tilesets/SubTiles/Outside_2522.asset using Guid(1e6389145134b3244a978b4333fb0f17) Importer(2089858483,b0f066a214c2f5e87bad3c948f4d605d) (ScriptedImporter) -> (artifact id: '0acac6a71ade67bf88a11b5da2535172') in 0.0110621 seconds
Number of updated asset objects reloaded before import = 0Number of asset objects unloaded after import = 2

========================================================================
Received Import Request.
  Time since last request: 0.000042 seconds.
  path: Assets/Graphisms/Tilesets/SubTiles/Outside_3855.asset
  artifactKey: Guid(57e757dd4078cab40b98e87b9d50cd77) Importer(2089858483,b0f066a214c2f5e87bad3c948f4d605d)
Start importing Assets/Graphisms/Tilesets/SubTiles/Outside_3855.asset using Guid(57e757dd4078cab40b98e87b9d50cd77) Importer(2089858483,b0f066a214c2f5e87bad3c948f4d605d) (ScriptedImporter) -> (artifact id: 'a4b00c0a456cd5c4cc70cb39228009b7') in 0.0142578 seconds
Number of updated asset objects reloaded before import = 0Number of asset objects unloaded after import = 2

========================================================================
Received Import Request.
  Time since last request: 0.000037 seconds.
  path: Assets/Graphisms/Tilesets/SubTiles/Outside_3701.asset
  artifactKey: Guid(8e3502d2ffb95bb4cac7cfc01d1b2d2c) Importer(2089858483,b0f066a214c2f5e87bad3c948f4d605d)
Start importing Assets/Graphisms/Tilesets/SubTiles/Outside_3701.asset using Guid(8e3502d2ffb95bb4cac7cfc01d1b2d2c) Importer(2089858483,b0f066a214c2f5e87bad3c948f4d605d) (ScriptedImporter) -> (artifact id: '75158cc7c3314de3c05a4418d60d43b2') in 0.0113468 seconds
Number of updated asset objects reloaded before import = 0Number of asset objects unloaded after import = 2

========================================================================
Received Import Request.
  Time since last request: 0.000024 seconds.
  path: Assets/Graphisms/Tilesets/SubTiles/Outside_2011.asset
  artifactKey: Guid(0837a152be0b598478f28e82d306d761) Importer(2089858483,b0f066a214c2f5e87bad3c948f4d605d)
Start importing Assets/Graphisms/Tilesets/SubTiles/Outside_2011.asset using Guid(0837a152be0b598478f28e82d306d761) Importer(2089858483,b0f066a214c2f5e87bad3c948f4d605d) (ScriptedImporter) -> (artifact id: '9a7144205506ae3475b9a98f0e6dbf63') in 0.0098975 seconds
Number of updated asset objects reloaded before import = 0Number of asset objects unloaded after import = 2

========================================================================
Received Import Request.
  Time since last request: 0.000029 seconds.
  path: Assets/Graphisms/Tilesets/SubTiles/Outside_285.asset
  artifactKey: Guid(c935dfd98fab31d458c1d2fd025230d1) Importer(2089858483,b0f066a214c2f5e87bad3c948f4d605d)
Start importing Assets/Graphisms/Tilesets/SubTiles/Outside_285.asset using Guid(c935dfd98fab31d458c1d2fd025230d1) Importer(2089858483,b0f066a214c2f5e87bad3c948f4d605d) (ScriptedImporter) -> (artifact id: '07bb2811ec875ae236269abbf8bd3fd2') in 0.0112693 seconds
Number of updated asset objects reloaded before import = 0Number of asset objects unloaded after import = 2

========================================================================
Received Import Request.
  Time since last request: 0.000049 seconds.
  path: Assets/Graphisms/Tilesets/SubTiles/Outside_15.asset
  artifactKey: Guid(00d219195c99b484b9d75b15f295c6d2) Importer(2089858483,b0f066a214c2f5e87bad3c948f4d605d)
Start importing Assets/Graphisms/Tilesets/SubTiles/Outside_15.asset using Guid(00d219195c99b484b9d75b15f295c6d2) Importer(2089858483,b0f066a214c2f5e87bad3c948f4d605d) (ScriptedImporter) -> (artifact id: 'ef0e00360d2166380209f2397447d325') in 0.0270591 seconds
Number of updated asset objects reloaded before import = 0Number of asset objects unloaded after import = 2

========================================================================
Received Import Request.
  Time since last request: 0.000024 seconds.
  path: Assets/Graphisms/Tilesets/SubTiles/Outside_2022.asset
  artifactKey: Guid(2901eea9883994e4ea38798da6657ca3) Importer(2089858483,b0f066a214c2f5e87bad3c948f4d605d)
Start importing Assets/Graphisms/Tilesets/SubTiles/Outside_2022.asset using Guid(2901eea9883994e4ea38798da6657ca3) Importer(2089858483,b0f066a214c2f5e87bad3c948f4d605d) (ScriptedImporter) -> (artifact id: '6c37e884c10377ec093ae826a8204057') in 0.0115961 seconds
Number of updated asset objects reloaded before import = 0Number of asset objects unloaded after import = 2

========================================================================
Received Import Request.
  Time since last request: 0.000026 seconds.
  path: Assets/Graphisms/Tilesets/SubTiles/Outside_1200.asset
  artifactKey: Guid(2604fba1fce1bcb46a53eea2c582f1b4) Importer(2089858483,b0f066a214c2f5e87bad3c948f4d605d)
Start importing Assets/Graphisms/Tilesets/SubTiles/Outside_1200.asset using Guid(2604fba1fce1bcb46a53eea2c582f1b4) Importer(2089858483,b0f066a214c2f5e87bad3c948f4d605d) (ScriptedImporter) -> (artifact id: 'f965e5b2258f3b4bb5849958f88ef5f1') in 0.0544404 seconds
Number of updated asset objects reloaded before import = 0Number of asset objects unloaded after import = 2

========================================================================
Received Import Request.
  Time since last request: 0.000039 seconds.
  path: Assets/Graphisms/Tilesets/SubTiles/Outside_1037.asset
  artifactKey: Guid(285032e73b2d5324486b80bf973ad193) Importer(2089858483,b0f066a214c2f5e87bad3c948f4d605d)
Start importing Assets/Graphisms/Tilesets/SubTiles/Outside_1037.asset using Guid(285032e73b2d5324486b80bf973ad193) Importer(2089858483,b0f066a214c2f5e87bad3c948f4d605d) (ScriptedImporter) -> (artifact id: '2f6960830111a72ac1655fbfe4c4f95a') in 0.0100649 seconds
Number of updated asset objects reloaded before import = 0Number of asset objects unloaded after import = 2

========================================================================
Received Import Request.
  Time since last request: 0.000029 seconds.
  path: Assets/Graphisms/Tilesets/SubTiles/Outside_2446.asset
  artifactKey: Guid(5c50ca24800dd4142b33d7f552ffce8e) Importer(2089858483,b0f066a214c2f5e87bad3c948f4d605d)
Start importing Assets/Graphisms/Tilesets/SubTiles/Outside_2446.asset using Guid(5c50ca24800dd4142b33d7f552ffce8e) Importer(2089858483,b0f066a214c2f5e87bad3c948f4d605d) (ScriptedImporter) -> (artifact id: '363e7231d5cc177689a06183208ebddd') in 0.0097234 seconds
Number of updated asset objects reloaded before import = 0Number of asset objects unloaded after import = 2

========================================================================
Received Import Request.
  Time since last request: 0.000025 seconds.
  path: Assets/Graphisms/Tilesets/SubTiles/Outside_1129.asset
  artifactKey: Guid(d44aaf34eeea3624f96fbfec80a6d600) Importer(2089858483,b0f066a214c2f5e87bad3c948f4d605d)
Start importing Assets/Graphisms/Tilesets/SubTiles/Outside_1129.asset using Guid(d44aaf34eeea3624f96fbfec80a6d600) Importer(2089858483,b0f066a214c2f5e87bad3c948f4d605d) (ScriptedImporter) -> (artifact id: 'fef03213bbde746f136b231953fa1628') in 0.0109472 seconds
Number of updated asset objects reloaded before import = 0Number of asset objects unloaded after import = 2

========================================================================
Received Import Request.
  Time since last request: 0.000021 seconds.
  path: Assets/Graphisms/Tilesets/SubTiles/Outside_3757.asset
  artifactKey: Guid(1f9bbb577ccb9374b83de834803ffc31) Importer(2089858483,b0f066a214c2f5e87bad3c948f4d605d)
Start importing Assets/Graphisms/Tilesets/SubTiles/Outside_3757.asset using Guid(1f9bbb577ccb9374b83de834803ffc31) Importer(2089858483,b0f066a214c2f5e87bad3c948f4d605d) (ScriptedImporter) -> (artifact id: '43c5e97316d059bcfc8e38e91b74268b') in 0.0116723 seconds
Number of updated asset objects reloaded before import = 0Number of asset objects unloaded after import = 2

========================================================================
Received Import Request.
  Time since last request: 0.000018 seconds.
  path: Assets/Graphisms/Tilesets/SubTiles/Outside_319.asset
  artifactKey: Guid(d3445900dc7446949a536dc822fd550e) Importer(2089858483,b0f066a214c2f5e87bad3c948f4d605d)
Start importing Assets/Graphisms/Tilesets/SubTiles/Outside_319.asset using Guid(d3445900dc7446949a536dc822fd550e) Importer(2089858483,b0f066a214c2f5e87bad3c948f4d605d) (ScriptedImporter) -> (artifact id: 'd5fda883b35e0618389eb6366509a2b1') in 0.0092174 seconds
Number of updated asset objects reloaded before import = 0Number of asset objects unloaded after import = 2

========================================================================
Received Import Request.
  Time since last request: 0.000023 seconds.
  path: Assets/Graphisms/Tilesets/SubTiles/Outside_1039.asset
  artifactKey: Guid(e8f6f9aae82cd6548818ac08de79da91) Importer(2089858483,b0f066a214c2f5e87bad3c948f4d605d)
Start importing Assets/Graphisms/Tilesets/SubTiles/Outside_1039.asset using Guid(e8f6f9aae82cd6548818ac08de79da91) Importer(2089858483,b0f066a214c2f5e87bad3c948f4d605d) (ScriptedImporter) -> (artifact id: 'a010d71acfbf1f95530f876b0bbfdd1e') in 0.0102228 seconds
Number of updated asset objects reloaded before import = 0Number of asset objects unloaded after import = 2

========================================================================
Received Import Request.
  Time since last request: 0.000037 seconds.
  path: Assets/Graphisms/Tilesets/SubTiles/Outside_1134.asset
  artifactKey: Guid(7f68a1d35217b6546b848a1e09883e53) Importer(2089858483,b0f066a214c2f5e87bad3c948f4d605d)
Start importing Assets/Graphisms/Tilesets/SubTiles/Outside_1134.asset using Guid(7f68a1d35217b6546b848a1e09883e53) Importer(2089858483,b0f066a214c2f5e87bad3c948f4d605d) (ScriptedImporter) -> (artifact id: '5cd0ad2db4b734dcec55c5723b3326a1') in 0.0109357 seconds
Number of updated asset objects reloaded before import = 0Number of asset objects unloaded after import = 2

========================================================================
Received Import Request.
  Time since last request: 0.000019 seconds.
  path: Assets/Graphisms/Tilesets/SubTiles/Outside_3839.asset
  artifactKey: Guid(4cebee96010cc3341b99c60a179da826) Importer(2089858483,b0f066a214c2f5e87bad3c948f4d605d)
Start importing Assets/Graphisms/Tilesets/SubTiles/Outside_3839.asset using Guid(4cebee96010cc3341b99c60a179da826) Importer(2089858483,b0f066a214c2f5e87bad3c948f4d605d) (ScriptedImporter) -> (artifact id: '1514e2e922aece947eed258c27f18cc0') in 0.0103408 seconds
Number of updated asset objects reloaded before import = 0Number of asset objects unloaded after import = 2

========================================================================
Received Import Request.
  Time since last request: 0.000050 seconds.
  path: Assets/Graphisms/Tilesets/SubTiles/Outside_2231.asset
  artifactKey: Guid(3d00dc93fb43dd54c86d56a18a63f36b) Importer(2089858483,b0f066a214c2f5e87bad3c948f4d605d)
Start importing Assets/Graphisms/Tilesets/SubTiles/Outside_2231.asset using Guid(3d00dc93fb43dd54c86d56a18a63f36b) Importer(2089858483,b0f066a214c2f5e87bad3c948f4d605d) (ScriptedImporter) -> (artifact id: 'ebec089a9777fa03b258179f2151ea27') in 0.0115598 seconds
Number of updated asset objects reloaded before import = 0Number of asset objects unloaded after import = 2

========================================================================
Received Import Request.
  Time since last request: 0.000016 seconds.
  path: Assets/Graphisms/Tilesets/SubTiles/Outside_2137.asset
  artifactKey: Guid(2d76b024d87f3904cbb8c8b4a020e9e4) Importer(2089858483,b0f066a214c2f5e87bad3c948f4d605d)
Start importing Assets/Graphisms/Tilesets/SubTiles/Outside_2137.asset using Guid(2d76b024d87f3904cbb8c8b4a020e9e4) Importer(2089858483,b0f066a214c2f5e87bad3c948f4d605d) (ScriptedImporter) -> (artifact id: 'b33053bed07e7f8fdaed29d7f0fa11ac') in 0.0116034 seconds
Number of updated asset objects reloaded before import = 0Number of asset objects unloaded after import = 2

========================================================================
Received Import Request.
  Time since last request: 0.000031 seconds.
  path: Assets/Graphisms/Tilesets/SubTiles/Outside_1743.asset
  artifactKey: Guid(d5a6dc1d782b2c846994b148d996c3ea) Importer(2089858483,b0f066a214c2f5e87bad3c948f4d605d)
Start importing Assets/Graphisms/Tilesets/SubTiles/Outside_1743.asset using Guid(d5a6dc1d782b2c846994b148d996c3ea) Importer(2089858483,b0f066a214c2f5e87bad3c948f4d605d) (ScriptedImporter) -> (artifact id: '0261fa6b477b6c6d02209a5bddf82211') in 0.0110234 seconds
Number of updated asset objects reloaded before import = 0Number of asset objects unloaded after import = 2

========================================================================
Received Import Request.
  Time since last request: 0.000035 seconds.
  path: Assets/Graphisms/Tilesets/SubTiles/Outside_507.asset
  artifactKey: Guid(2fd565fd32776da479ea2f3e66a7def1) Importer(2089858483,b0f066a214c2f5e87bad3c948f4d605d)
Start importing Assets/Graphisms/Tilesets/SubTiles/Outside_507.asset using Guid(2fd565fd32776da479ea2f3e66a7def1) Importer(2089858483,b0f066a214c2f5e87bad3c948f4d605d) (ScriptedImporter) -> (artifact id: '1dd8de0365933d7057e680c9989ff5ab') in 0.0180327 seconds
Number of updated asset objects reloaded before import = 0Number of asset objects unloaded after import = 2

========================================================================
Received Import Request.
  Time since last request: 0.000019 seconds.
  path: Assets/Graphisms/Tilesets/SubTiles/Outside_2834.asset
  artifactKey: Guid(eb05955eaf10a194fa1df2e8340d1e54) Importer(2089858483,b0f066a214c2f5e87bad3c948f4d605d)
Start importing Assets/Graphisms/Tilesets/SubTiles/Outside_2834.asset using Guid(eb05955eaf10a194fa1df2e8340d1e54) Importer(2089858483,b0f066a214c2f5e87bad3c948f4d605d) (ScriptedImporter) -> (artifact id: '0f6d97f81e27bb2aab652bd69a765bfd') in 0.0115173 seconds
Number of updated asset objects reloaded before import = 0Number of asset objects unloaded after import = 2

========================================================================
Received Import Request.
  Time since last request: 0.000021 seconds.
  path: Assets/Graphisms/Tilesets/SubTiles/Outside_694.asset
  artifactKey: Guid(fc6e2f09ef919a448900caaf65e0a62f) Importer(2089858483,b0f066a214c2f5e87bad3c948f4d605d)
Start importing Assets/Graphisms/Tilesets/SubTiles/Outside_694.asset using Guid(fc6e2f09ef919a448900caaf65e0a62f) Importer(2089858483,b0f066a214c2f5e87bad3c948f4d605d) (ScriptedImporter) -> (artifact id: 'f9fb00238e8f56dd8ec7399376e85489') in 0.0095713 seconds
Number of updated asset objects reloaded before import = 0Number of asset objects unloaded after import = 2

========================================================================
Received Import Request.
  Time since last request: 0.000015 seconds.
  path: Assets/Graphisms/Tilesets/SubTiles/Outside_3913.asset
  artifactKey: Guid(b687a25501f61c943a71493f27aee1d2) Importer(2089858483,b0f066a214c2f5e87bad3c948f4d605d)
Start importing Assets/Graphisms/Tilesets/SubTiles/Outside_3913.asset using Guid(b687a25501f61c943a71493f27aee1d2) Importer(2089858483,b0f066a214c2f5e87bad3c948f4d605d) (ScriptedImporter) -> (artifact id: '6a7e76d69e550aaac76ce6b9b6595324') in 0.0104131 seconds
Number of updated asset objects reloaded before import = 0Number of asset objects unloaded after import = 2

========================================================================
Received Import Request.
  Time since last request: 0.000028 seconds.
  path: Assets/Graphisms/Tilesets/SubTiles/Outside_967.asset
  artifactKey: Guid(c8258d238ba8d7349a8548378d18bffe) Importer(2089858483,b0f066a214c2f5e87bad3c948f4d605d)
Start importing Assets/Graphisms/Tilesets/SubTiles/Outside_967.asset using Guid(c8258d238ba8d7349a8548378d18bffe) Importer(2089858483,b0f066a214c2f5e87bad3c948f4d605d) (ScriptedImporter) -> (artifact id: '22952deb86ecb2a0102ec03b840f9494') in 0.0116442 seconds
Number of updated asset objects reloaded before import = 0Number of asset objects unloaded after import = 2

========================================================================
Received Import Request.
  Time since last request: 0.000051 seconds.
  path: Assets/Graphisms/Tilesets/SubTiles/Outside_1353.asset
  artifactKey: Guid(8b7d3cb9a2cb10d44bb79f75c17065f4) Importer(2089858483,b0f066a214c2f5e87bad3c948f4d605d)
Start importing Assets/Graphisms/Tilesets/SubTiles/Outside_1353.asset using Guid(8b7d3cb9a2cb10d44bb79f75c17065f4) Importer(2089858483,b0f066a214c2f5e87bad3c948f4d605d) (ScriptedImporter) -> (artifact id: '847467c945ce6ee7641073169e04f006') in 0.0112685 seconds
Number of updated asset objects reloaded before import = 0Number of asset objects unloaded after import = 2

========================================================================
Received Import Request.
  Time since last request: 0.000032 seconds.
  path: Assets/Graphisms/Tilesets/SubTiles/Outside_2465.asset
  artifactKey: Guid(3e59a1e0222f0f74cbba4783822d227b) Importer(2089858483,b0f066a214c2f5e87bad3c948f4d605d)
Start importing Assets/Graphisms/Tilesets/SubTiles/Outside_2465.asset using Guid(3e59a1e0222f0f74cbba4783822d227b) Importer(2089858483,b0f066a214c2f5e87bad3c948f4d605d) (ScriptedImporter) -> (artifact id: '3b32104ea824a09d034e079f4be65e66') in 0.0104162 seconds
Number of updated asset objects reloaded before import = 0Number of asset objects unloaded after import = 2

========================================================================
Received Import Request.
  Time since last request: 0.000023 seconds.
  path: Assets/Graphisms/Tilesets/SubTiles/Outside_958.asset
  artifactKey: Guid(16a8f9c9599f1d642ae2e1520feeafcb) Importer(2089858483,b0f066a214c2f5e87bad3c948f4d605d)
Start importing Assets/Graphisms/Tilesets/SubTiles/Outside_958.asset using Guid(16a8f9c9599f1d642ae2e1520feeafcb) Importer(2089858483,b0f066a214c2f5e87bad3c948f4d605d) (ScriptedImporter) -> (artifact id: '8579317ba64dab89983912a2a52ce87c') in 0.0134808 seconds
Number of updated asset objects reloaded before import = 0Number of asset objects unloaded after import = 2

========================================================================
Received Import Request.
  Time since last request: 0.000024 seconds.
  path: Assets/Graphisms/Tilesets/SubTiles/Outside_422.asset
  artifactKey: Guid(1890ab9a05ec45b4bb2a295ceffca76a) Importer(2089858483,b0f066a214c2f5e87bad3c948f4d605d)
Start importing Assets/Graphisms/Tilesets/SubTiles/Outside_422.asset using Guid(1890ab9a05ec45b4bb2a295ceffca76a) Importer(2089858483,b0f066a214c2f5e87bad3c948f4d605d) (ScriptedImporter) -> (artifact id: 'f2c298d433ca130266c6d12db071db1d') in 0.0106704 seconds
Number of updated asset objects reloaded before import = 0Number of asset objects unloaded after import = 2

========================================================================
Received Import Request.
  Time since last request: 0.000024 seconds.
  path: Assets/Graphisms/Tilesets/SubTiles/Outside_406.asset
  artifactKey: Guid(e4655cc49c22256409a0495ed3564004) Importer(2089858483,b0f066a214c2f5e87bad3c948f4d605d)
Start importing Assets/Graphisms/Tilesets/SubTiles/Outside_406.asset using Guid(e4655cc49c22256409a0495ed3564004) Importer(2089858483,b0f066a214c2f5e87bad3c948f4d605d) (ScriptedImporter) -> (artifact id: '0a2da91e1a544d80dc325f33890f9f37') in 0.0109177 seconds
Number of updated asset objects reloaded before import = 0Number of asset objects unloaded after import = 2

========================================================================
Received Import Request.
  Time since last request: 0.000036 seconds.
  path: Assets/Graphisms/Tilesets/SubTiles/Outside_2736.asset
  artifactKey: Guid(70e2f33e922193c4487b68a9815c33fb) Importer(2089858483,b0f066a214c2f5e87bad3c948f4d605d)
Start importing Assets/Graphisms/Tilesets/SubTiles/Outside_2736.asset using Guid(70e2f33e922193c4487b68a9815c33fb) Importer(2089858483,b0f066a214c2f5e87bad3c948f4d605d) (ScriptedImporter) -> (artifact id: '840ee3b34f986ee8023b610d61b11943') in 0.0115581 seconds
Number of updated asset objects reloaded before import = 0Number of asset objects unloaded after import = 2

========================================================================
Received Import Request.
  Time since last request: 0.000024 seconds.
  path: Assets/Graphisms/Tilesets/SubTiles/Outside_2661.asset
  artifactKey: Guid(59b8ecf6a0bd00140ab655eb086b73c8) Importer(2089858483,b0f066a214c2f5e87bad3c948f4d605d)
Start importing Assets/Graphisms/Tilesets/SubTiles/Outside_2661.asset using Guid(59b8ecf6a0bd00140ab655eb086b73c8) Importer(2089858483,b0f066a214c2f5e87bad3c948f4d605d) (ScriptedImporter) -> (artifact id: '8787d912fa536e814dbb8a5eb51356cd') in 0.0107649 seconds
Number of updated asset objects reloaded before import = 0Number of asset objects unloaded after import = 2

========================================================================
Received Import Request.
  Time since last request: 0.000021 seconds.
  path: Assets/Graphisms/Tilesets/SubTiles/Outside_3971.asset
  artifactKey: Guid(2e031c7f4ce764a488ba167fdcfac9dd) Importer(2089858483,b0f066a214c2f5e87bad3c948f4d605d)
Start importing Assets/Graphisms/Tilesets/SubTiles/Outside_3971.asset using Guid(2e031c7f4ce764a488ba167fdcfac9dd) Importer(2089858483,b0f066a214c2f5e87bad3c948f4d605d) (ScriptedImporter) -> (artifact id: '5455de1b3b4c51258cd911c5ff62dd7d') in 0.011484 seconds
Number of updated asset objects reloaded before import = 0Number of asset objects unloaded after import = 2

========================================================================
Received Import Request.
  Time since last request: 0.000024 seconds.
  path: Assets/Graphisms/Tilesets/SubTiles/Outside_3627.asset
  artifactKey: Guid(0d1ad79bfa4102a46949fd53852b7545) Importer(2089858483,b0f066a214c2f5e87bad3c948f4d605d)
Start importing Assets/Graphisms/Tilesets/SubTiles/Outside_3627.asset using Guid(0d1ad79bfa4102a46949fd53852b7545) Importer(2089858483,b0f066a214c2f5e87bad3c948f4d605d) (ScriptedImporter) -> (artifact id: 'c02839b8f1586c248780a685e1f61ef6') in 0.016131 seconds
Number of updated asset objects reloaded before import = 0Number of asset objects unloaded after import = 2

========================================================================
Received Import Request.
  Time since last request: 0.000042 seconds.
  path: Assets/Graphisms/Tilesets/SubTiles/Outside_64.asset
  artifactKey: Guid(00f02d1844d350a47b9a09387ed943de) Importer(2089858483,b0f066a214c2f5e87bad3c948f4d605d)
Start importing Assets/Graphisms/Tilesets/SubTiles/Outside_64.asset using Guid(00f02d1844d350a47b9a09387ed943de) Importer(2089858483,b0f066a214c2f5e87bad3c948f4d605d) (ScriptedImporter) -> (artifact id: '9cd0b1b4ef1aa98f1ea94048765cb01b') in 0.0240479 seconds
Number of updated asset objects reloaded before import = 0Number of asset objects unloaded after import = 2

========================================================================
Received Import Request.
  Time since last request: 0.000022 seconds.
  path: Assets/Graphisms/Tilesets/SubTiles/Outside_1274.asset
  artifactKey: Guid(c9157e784585b464fb74d0b8b775f958) Importer(2089858483,b0f066a214c2f5e87bad3c948f4d605d)
Start importing Assets/Graphisms/Tilesets/SubTiles/Outside_1274.asset using Guid(c9157e784585b464fb74d0b8b775f958) Importer(2089858483,b0f066a214c2f5e87bad3c948f4d605d) (ScriptedImporter) -> (artifact id: 'b70ca6612dba8314b1b1e6499d03b42d') in 0.012663 seconds
Number of updated asset objects reloaded before import = 0Number of asset objects unloaded after import = 2

========================================================================
Received Import Request.
  Time since last request: 0.000027 seconds.
  path: Assets/Graphisms/Tilesets/SubTiles/Outside_846.asset
  artifactKey: Guid(20c7cbdb8917c394e9a44e350fae0b00) Importer(2089858483,b0f066a214c2f5e87bad3c948f4d605d)
Start importing Assets/Graphisms/Tilesets/SubTiles/Outside_846.asset using Guid(20c7cbdb8917c394e9a44e350fae0b00) Importer(2089858483,b0f066a214c2f5e87bad3c948f4d605d) (ScriptedImporter) -> (artifact id: '6fba13d40aa1eb36e70223213a1e5677') in 0.010919 seconds
Number of updated asset objects reloaded before import = 0Number of asset objects unloaded after import = 2

========================================================================
Received Import Request.
  Time since last request: 0.000018 seconds.
  path: Assets/Graphisms/Tilesets/SubTiles/Outside_2133.asset
  artifactKey: Guid(ed8606e6066748e4694158859f33f25f) Importer(2089858483,b0f066a214c2f5e87bad3c948f4d605d)
Start importing Assets/Graphisms/Tilesets/SubTiles/Outside_2133.asset using Guid(ed8606e6066748e4694158859f33f25f) Importer(2089858483,b0f066a214c2f5e87bad3c948f4d605d) (ScriptedImporter) -> (artifact id: '40c3aff7237902d5820a7fd33bd46ab0') in 0.0097965 seconds
Number of updated asset objects reloaded before import = 0Number of asset objects unloaded after import = 2

========================================================================
Received Import Request.
  Time since last request: 0.000027 seconds.
  path: Assets/Graphisms/Tilesets/SubTiles/Outside_1019.asset
  artifactKey: Guid(026699463a89c594199d538e8d1d8332) Importer(2089858483,b0f066a214c2f5e87bad3c948f4d605d)
Start importing Assets/Graphisms/Tilesets/SubTiles/Outside_1019.asset using Guid(026699463a89c594199d538e8d1d8332) Importer(2089858483,b0f066a214c2f5e87bad3c948f4d605d) (ScriptedImporter) -> (artifact id: '91d3e08f3c75d1c96299d88e7575b623') in 0.0274889 seconds
Number of updated asset objects reloaded before import = 0Number of asset objects unloaded after import = 2

========================================================================
Received Import Request.
  Time since last request: 0.000037 seconds.
  path: Assets/Graphisms/Tilesets/SubTiles/Outside_1780.asset
  artifactKey: Guid(5492276b0f16125439311fb24f131e76) Importer(2089858483,b0f066a214c2f5e87bad3c948f4d605d)
Start importing Assets/Graphisms/Tilesets/SubTiles/Outside_1780.asset using Guid(5492276b0f16125439311fb24f131e76) Importer(2089858483,b0f066a214c2f5e87bad3c948f4d605d) (ScriptedImporter) -> (artifact id: '238b9ce67193f9df8285d6717cb6ef24') in 0.012212 seconds
Number of updated asset objects reloaded before import = 0Number of asset objects unloaded after import = 2

========================================================================
Received Import Request.
  Time since last request: 0.000021 seconds.
  path: Assets/Graphisms/Tilesets/SubTiles/Outside_1652.asset
  artifactKey: Guid(f6058df511df014458422b8334308da1) Importer(2089858483,b0f066a214c2f5e87bad3c948f4d605d)
Start importing Assets/Graphisms/Tilesets/SubTiles/Outside_1652.asset using Guid(f6058df511df014458422b8334308da1) Importer(2089858483,b0f066a214c2f5e87bad3c948f4d605d) (ScriptedImporter) -> (artifact id: 'db6dc1e6a9668b841da8512de7da5115') in 0.0102478 seconds
Number of updated asset objects reloaded before import = 0Number of asset objects unloaded after import = 2

========================================================================
Received Import Request.
  Time since last request: 0.000030 seconds.
  path: Assets/Graphisms/Tilesets/SubTiles/Outside_1349.asset
  artifactKey: Guid(9b8eb0d204e009f4b8b6f9f2d5e91c56) Importer(2089858483,b0f066a214c2f5e87bad3c948f4d605d)
Start importing Assets/Graphisms/Tilesets/SubTiles/Outside_1349.asset using Guid(9b8eb0d204e009f4b8b6f9f2d5e91c56) Importer(2089858483,b0f066a214c2f5e87bad3c948f4d605d) (ScriptedImporter) -> (artifact id: '3ca7faed10060a52a5616c3f3d59b6d1') in 0.0096366 seconds
Number of updated asset objects reloaded before import = 0Number of asset objects unloaded after import = 2

========================================================================
Received Import Request.
  Time since last request: 0.000023 seconds.
  path: Assets/Graphisms/Tilesets/SubTiles/Outside_4006.asset
  artifactKey: Guid(18583a8c3ef21b44aab8e679c5f23f22) Importer(2089858483,b0f066a214c2f5e87bad3c948f4d605d)
Start importing Assets/Graphisms/Tilesets/SubTiles/Outside_4006.asset using Guid(18583a8c3ef21b44aab8e679c5f23f22) Importer(2089858483,b0f066a214c2f5e87bad3c948f4d605d) (ScriptedImporter) -> (artifact id: '0b8f803a8271dcfbc7562bde3b9e30d6') in 0.009792 seconds
Number of updated asset objects reloaded before import = 0Number of asset objects unloaded after import = 2

========================================================================
Received Import Request.
  Time since last request: 0.000026 seconds.
  path: Assets/Graphisms/Tilesets/SubTiles/Outside_1237.asset
  artifactKey: Guid(50631962b922f5847b2c81a9c18045eb) Importer(2089858483,b0f066a214c2f5e87bad3c948f4d605d)
Start importing Assets/Graphisms/Tilesets/SubTiles/Outside_1237.asset using Guid(50631962b922f5847b2c81a9c18045eb) Importer(2089858483,b0f066a214c2f5e87bad3c948f4d605d) (ScriptedImporter) -> (artifact id: 'fbd3490dacf00ce9f1e02c7fe04fdf23') in 0.0100869 seconds
Number of updated asset objects reloaded before import = 0Number of asset objects unloaded after import = 2

========================================================================
Received Import Request.
  Time since last request: 0.000035 seconds.
  path: Assets/Graphisms/Tilesets/SubTiles/Outside_2660.asset
  artifactKey: Guid(50a6ca6556c1ba645b5fe77697a4728f) Importer(2089858483,b0f066a214c2f5e87bad3c948f4d605d)
Start importing Assets/Graphisms/Tilesets/SubTiles/Outside_2660.asset using Guid(50a6ca6556c1ba645b5fe77697a4728f) Importer(2089858483,b0f066a214c2f5e87bad3c948f4d605d) (ScriptedImporter) -> (artifact id: 'bb2c47aa08e052a04daf50471e2a9770') in 0.0097154 seconds
Number of updated asset objects reloaded before import = 0Number of asset objects unloaded after import = 2

========================================================================
Received Import Request.
  Time since last request: 0.000018 seconds.
  path: Assets/Graphisms/Tilesets/SubTiles/Outside_1816.asset
  artifactKey: Guid(417085105d7c9914b8d13348695caf48) Importer(2089858483,b0f066a214c2f5e87bad3c948f4d605d)
Start importing Assets/Graphisms/Tilesets/SubTiles/Outside_1816.asset using Guid(417085105d7c9914b8d13348695caf48) Importer(2089858483,b0f066a214c2f5e87bad3c948f4d605d) (ScriptedImporter) -> (artifact id: 'dd59f7f6c9d8d7c18cee5e7c2de6fba9') in 0.0100332 seconds
Number of updated asset objects reloaded before import = 0Number of asset objects unloaded after import = 2

========================================================================
Received Import Request.
  Time since last request: 0.000023 seconds.
  path: Assets/Graphisms/Tilesets/SubTiles/Outside_1301.asset
  artifactKey: Guid(1dfa56db818fd9342bd1fbf72d3b0174) Importer(2089858483,b0f066a214c2f5e87bad3c948f4d605d)
Start importing Assets/Graphisms/Tilesets/SubTiles/Outside_1301.asset using Guid(1dfa56db818fd9342bd1fbf72d3b0174) Importer(2089858483,b0f066a214c2f5e87bad3c948f4d605d) (ScriptedImporter) -> (artifact id: '0f8caeaaa212aa87d11fa81abcf57d50') in 0.0120595 seconds
Number of updated asset objects reloaded before import = 0Number of asset objects unloaded after import = 2

========================================================================
Received Import Request.
  Time since last request: 0.000034 seconds.
  path: Assets/Graphisms/Tilesets/SubTiles/Outside_1672.asset
  artifactKey: Guid(4cedce3e13a44564cb7a2d7e93bbf7e0) Importer(2089858483,b0f066a214c2f5e87bad3c948f4d605d)
Start importing Assets/Graphisms/Tilesets/SubTiles/Outside_1672.asset using Guid(4cedce3e13a44564cb7a2d7e93bbf7e0) Importer(2089858483,b0f066a214c2f5e87bad3c948f4d605d) (ScriptedImporter) -> (artifact id: 'a50369ee8266f609ab1bf9202b7403a9') in 0.0151578 seconds
Number of updated asset objects reloaded before import = 0Number of asset objects unloaded after import = 2

========================================================================
Received Import Request.
  Time since last request: 0.000051 seconds.
  path: Assets/Graphisms/Tilesets/SubTiles/Outside_2575.asset
  artifactKey: Guid(a81856829a0d1a544a36c416958ea66d) Importer(2089858483,b0f066a214c2f5e87bad3c948f4d605d)
Start importing Assets/Graphisms/Tilesets/SubTiles/Outside_2575.asset using Guid(a81856829a0d1a544a36c416958ea66d) Importer(2089858483,b0f066a214c2f5e87bad3c948f4d605d) (ScriptedImporter) -> (artifact id: '2a22d1161d663121fbe77b42af2ec86e') in 0.0311489 seconds
Number of updated asset objects reloaded before import = 0Number of asset objects unloaded after import = 2

========================================================================
Received Import Request.
  Time since last request: 0.000029 seconds.
  path: Assets/Graphisms/Tilesets/SubTiles/Outside_2665.asset
  artifactKey: Guid(b6b890b93773f074cbfe7c63b4254634) Importer(2089858483,b0f066a214c2f5e87bad3c948f4d605d)
Start importing Assets/Graphisms/Tilesets/SubTiles/Outside_2665.asset using Guid(b6b890b93773f074cbfe7c63b4254634) Importer(2089858483,b0f066a214c2f5e87bad3c948f4d605d) (ScriptedImporter) -> (artifact id: '9d7d446b09b6267e081238679eaaabb0') in 0.0103464 seconds
Number of updated asset objects reloaded before import = 0Number of asset objects unloaded after import = 2

========================================================================
Received Import Request.
  Time since last request: 0.000025 seconds.
  path: Assets/Graphisms/Tilesets/SubTiles/Outside_550.asset
  artifactKey: Guid(39c177654a22fdd409c2e454faed5707) Importer(2089858483,b0f066a214c2f5e87bad3c948f4d605d)
Start importing Assets/Graphisms/Tilesets/SubTiles/Outside_550.asset using Guid(39c177654a22fdd409c2e454faed5707) Importer(2089858483,b0f066a214c2f5e87bad3c948f4d605d) (ScriptedImporter) -> (artifact id: 'ee33400c398ba00afa6f44251453d427') in 0.0104085 seconds
Number of updated asset objects reloaded before import = 0Number of asset objects unloaded after import = 2

========================================================================
Received Import Request.
  Time since last request: 0.000033 seconds.
  path: Assets/Graphisms/Tilesets/SubTiles/Outside_2906.asset
  artifactKey: Guid(8b61498fd65d4a246a7b44b4b477dfa4) Importer(2089858483,b0f066a214c2f5e87bad3c948f4d605d)
Start importing Assets/Graphisms/Tilesets/SubTiles/Outside_2906.asset using Guid(8b61498fd65d4a246a7b44b4b477dfa4) Importer(2089858483,b0f066a214c2f5e87bad3c948f4d605d) (ScriptedImporter) -> (artifact id: 'b42203e0cc4393c2d9ac18ec89499299') in 0.0105631 seconds
Number of updated asset objects reloaded before import = 0Number of asset objects unloaded after import = 2

========================================================================
Received Import Request.
  Time since last request: 0.000034 seconds.
  path: Assets/Graphisms/Tilesets/SubTiles/Outside_2008.asset
  artifactKey: Guid(75c3b40e22b86a843a900787323959bb) Importer(2089858483,b0f066a214c2f5e87bad3c948f4d605d)
Start importing Assets/Graphisms/Tilesets/SubTiles/Outside_2008.asset using Guid(75c3b40e22b86a843a900787323959bb) Importer(2089858483,b0f066a214c2f5e87bad3c948f4d605d) (ScriptedImporter) -> (artifact id: '35750ce9b644956c5c6428c25eed8903') in 0.0108007 seconds
Number of updated asset objects reloaded before import = 0Number of asset objects unloaded after import = 2

========================================================================
Received Import Request.
  Time since last request: 0.000025 seconds.
  path: Assets/Graphisms/Tilesets/SubTiles/Outside_3127.asset
  artifactKey: Guid(c84daeb1eb33ce54e9e0c7d58ff374ac) Importer(2089858483,b0f066a214c2f5e87bad3c948f4d605d)
Start importing Assets/Graphisms/Tilesets/SubTiles/Outside_3127.asset using Guid(c84daeb1eb33ce54e9e0c7d58ff374ac) Importer(2089858483,b0f066a214c2f5e87bad3c948f4d605d) (ScriptedImporter) -> (artifact id: 'a845cdffee858a28691e7df15e70bba9') in 0.0108492 seconds
Number of updated asset objects reloaded before import = 0Number of asset objects unloaded after import = 2

========================================================================
Received Import Request.
  Time since last request: 0.000025 seconds.
  path: Assets/Graphisms/Tilesets/SubTiles/Outside_2604.asset
  artifactKey: Guid(af5a9ad91292f9f45b3f648cef5c8864) Importer(2089858483,b0f066a214c2f5e87bad3c948f4d605d)
Start importing Assets/Graphisms/Tilesets/SubTiles/Outside_2604.asset using Guid(af5a9ad91292f9f45b3f648cef5c8864) Importer(2089858483,b0f066a214c2f5e87bad3c948f4d605d) (ScriptedImporter) -> (artifact id: '575eb7fd2ee0be215ac76ad6a27439af') in 0.0118244 seconds
Number of updated asset objects reloaded before import = 0Number of asset objects unloaded after import = 2

========================================================================
Received Import Request.
  Time since last request: 0.000023 seconds.
  path: Assets/Graphisms/Tilesets/SubTiles/Outside_1090.asset
  artifactKey: Guid(c8d0eb9c3ef44474c9b7d5b84dda306f) Importer(2089858483,b0f066a214c2f5e87bad3c948f4d605d)
Start importing Assets/Graphisms/Tilesets/SubTiles/Outside_1090.asset using Guid(c8d0eb9c3ef44474c9b7d5b84dda306f) Importer(2089858483,b0f066a214c2f5e87bad3c948f4d605d) (ScriptedImporter) -> (artifact id: '8e7b316887ddebde75f17b2d9090dfb2') in 0.0145372 seconds
Number of updated asset objects reloaded before import = 0Number of asset objects unloaded after import = 2

========================================================================
Received Import Request.
  Time since last request: 0.000028 seconds.
  path: Assets/Graphisms/Tilesets/SubTiles/Outside_127.asset
  artifactKey: Guid(86def2da3ff148a46859f2619fc424bd) Importer(2089858483,b0f066a214c2f5e87bad3c948f4d605d)
Start importing Assets/Graphisms/Tilesets/SubTiles/Outside_127.asset using Guid(86def2da3ff148a46859f2619fc424bd) Importer(2089858483,b0f066a214c2f5e87bad3c948f4d605d) (ScriptedImporter) -> (artifact id: '3bb28974ad18acf5c54b3008e2ab6510') in 0.0159354 seconds
Number of updated asset objects reloaded before import = 0Number of asset objects unloaded after import = 2

========================================================================
Received Import Request.
  Time since last request: 0.000034 seconds.
  path: Assets/Graphisms/Tilesets/SubTiles/Outside_2110.asset
  artifactKey: Guid(65cfb9327a60dd94d97fd7b43b589b38) Importer(2089858483,b0f066a214c2f5e87bad3c948f4d605d)
Start importing Assets/Graphisms/Tilesets/SubTiles/Outside_2110.asset using Guid(65cfb9327a60dd94d97fd7b43b589b38) Importer(2089858483,b0f066a214c2f5e87bad3c948f4d605d) (ScriptedImporter) -> (artifact id: '40be94116d77cb6901f8dc1701295957') in 0.0097117 seconds
Number of updated asset objects reloaded before import = 0Number of asset objects unloaded after import = 2

========================================================================
Received Import Request.
  Time since last request: 0.000025 seconds.
  path: Assets/Graphisms/Tilesets/SubTiles/Outside_3448.asset
  artifactKey: Guid(fbeb9af4e2a0e8d498a8e7dd5dc8d053) Importer(2089858483,b0f066a214c2f5e87bad3c948f4d605d)
Start importing Assets/Graphisms/Tilesets/SubTiles/Outside_3448.asset using Guid(fbeb9af4e2a0e8d498a8e7dd5dc8d053) Importer(2089858483,b0f066a214c2f5e87bad3c948f4d605d) (ScriptedImporter) -> (artifact id: '52c23d6d7bc6938c58ce4ba98dfc5428') in 0.0093425 seconds
Number of updated asset objects reloaded before import = 0Number of asset objects unloaded after import = 2

========================================================================
Received Import Request.
  Time since last request: 0.000028 seconds.
  path: Assets/Graphisms/Tilesets/SubTiles/Outside_2825.asset
  artifactKey: Guid(a7b610d5a46d94f46ac0365e8c6502e1) Importer(2089858483,b0f066a214c2f5e87bad3c948f4d605d)
Start importing Assets/Graphisms/Tilesets/SubTiles/Outside_2825.asset using Guid(a7b610d5a46d94f46ac0365e8c6502e1) Importer(2089858483,b0f066a214c2f5e87bad3c948f4d605d) (ScriptedImporter) -> (artifact id: 'e8941cc37a1b59184e6408c196098939') in 0.0109365 seconds
Number of updated asset objects reloaded before import = 0Number of asset objects unloaded after import = 2

========================================================================
Received Import Request.
  Time since last request: 0.000025 seconds.
  path: Assets/Graphisms/Tilesets/SubTiles/Outside_2795.asset
  artifactKey: Guid(ee64eff06e70d0342b5787549f480e0d) Importer(2089858483,b0f066a214c2f5e87bad3c948f4d605d)
Start importing Assets/Graphisms/Tilesets/SubTiles/Outside_2795.asset using Guid(ee64eff06e70d0342b5787549f480e0d) Importer(2089858483,b0f066a214c2f5e87bad3c948f4d605d) (ScriptedImporter) -> (artifact id: '7794400a0c5753f0c8ed9cfde0a71c60') in 0.0116328 seconds
Number of updated asset objects reloaded before import = 0Number of asset objects unloaded after import = 2

========================================================================
Received Import Request.
  Time since last request: 0.000031 seconds.
  path: Assets/Graphisms/Tilesets/SubTiles/Outside_3201.asset
  artifactKey: Guid(b676c9930e9e57d4cbd4b9335c868f67) Importer(2089858483,b0f066a214c2f5e87bad3c948f4d605d)
Start importing Assets/Graphisms/Tilesets/SubTiles/Outside_3201.asset using Guid(b676c9930e9e57d4cbd4b9335c868f67) Importer(2089858483,b0f066a214c2f5e87bad3c948f4d605d) (ScriptedImporter) -> (artifact id: 'a0613e7cd8f6033dc1c217cf1df934ff') in 0.0098203 seconds
Number of updated asset objects reloaded before import = 0Number of asset objects unloaded after import = 2

========================================================================
Received Import Request.
  Time since last request: 0.000028 seconds.
  path: Assets/Graphisms/Tilesets/SubTiles/Outside_176.asset
  artifactKey: Guid(d8f386a93dde8db489bf755dc1e298bc) Importer(2089858483,b0f066a214c2f5e87bad3c948f4d605d)
Start importing Assets/Graphisms/Tilesets/SubTiles/Outside_176.asset using Guid(d8f386a93dde8db489bf755dc1e298bc) Importer(2089858483,b0f066a214c2f5e87bad3c948f4d605d) (ScriptedImporter) -> (artifact id: 'c9dcbf86fe0d726a0eb12cda00bb2ae9') in 0.010488 seconds
Number of updated asset objects reloaded before import = 0Number of asset objects unloaded after import = 2

========================================================================
Received Import Request.
  Time since last request: 0.000037 seconds.
  path: Assets/Graphisms/Tilesets/SubTiles/Outside_1869.asset
  artifactKey: Guid(b22d25c799197f04aa7af54693462597) Importer(2089858483,b0f066a214c2f5e87bad3c948f4d605d)
Start importing Assets/Graphisms/Tilesets/SubTiles/Outside_1869.asset using Guid(b22d25c799197f04aa7af54693462597) Importer(2089858483,b0f066a214c2f5e87bad3c948f4d605d) (ScriptedImporter) -> (artifact id: '7b502b2f965a1e40cdbb51303b77a5b0') in 0.0089947 seconds
Number of updated asset objects reloaded before import = 0Number of asset objects unloaded after import = 2

========================================================================
Received Import Request.
  Time since last request: 0.000021 seconds.
  path: Assets/Graphisms/Tilesets/SubTiles/Outside_3424.asset
  artifactKey: Guid(f9adb77f7e8e01749a101334a790ef92) Importer(2089858483,b0f066a214c2f5e87bad3c948f4d605d)
Start importing Assets/Graphisms/Tilesets/SubTiles/Outside_3424.asset using Guid(f9adb77f7e8e01749a101334a790ef92) Importer(2089858483,b0f066a214c2f5e87bad3c948f4d605d) (ScriptedImporter) -> (artifact id: '36709bd3d98a53f4a9f24e6773d83cb0') in 0.0088622 seconds
Number of updated asset objects reloaded before import = 0Number of asset objects unloaded after import = 2

========================================================================
Received Import Request.
  Time since last request: 0.000032 seconds.
  path: Assets/Graphisms/Tilesets/SubTiles/Outside_1819.asset
  artifactKey: Guid(3e72e3397b9c4984eaba2eed620f07aa) Importer(2089858483,b0f066a214c2f5e87bad3c948f4d605d)
Start importing Assets/Graphisms/Tilesets/SubTiles/Outside_1819.asset using Guid(3e72e3397b9c4984eaba2eed620f07aa) Importer(2089858483,b0f066a214c2f5e87bad3c948f4d605d) (ScriptedImporter) -> (artifact id: '92f9149dba9edd116d4aeca3021bafdd') in 0.0115055 seconds
Number of updated asset objects reloaded before import = 0Number of asset objects unloaded after import = 2

========================================================================
Received Import Request.
  Time since last request: 0.000024 seconds.
  path: Assets/Graphisms/Tilesets/SubTiles/Outside_1096.asset
  artifactKey: Guid(bb1005a30e4ff5c44b22f326eaa5d481) Importer(2089858483,b0f066a214c2f5e87bad3c948f4d605d)
Start importing Assets/Graphisms/Tilesets/SubTiles/Outside_1096.asset using Guid(bb1005a30e4ff5c44b22f326eaa5d481) Importer(2089858483,b0f066a214c2f5e87bad3c948f4d605d) (ScriptedImporter) -> (artifact id: '889330088759906516bc73aa3337a83d') in 0.0103262 seconds
Number of updated asset objects reloaded before import = 0Number of asset objects unloaded after import = 2

========================================================================
Received Import Request.
  Time since last request: 0.000035 seconds.
  path: Assets/Graphisms/Tilesets/SubTiles/Outside_395.asset
  artifactKey: Guid(407d58b1d0e58fc49a4850a03277b9b1) Importer(2089858483,b0f066a214c2f5e87bad3c948f4d605d)
Start importing Assets/Graphisms/Tilesets/SubTiles/Outside_395.asset using Guid(407d58b1d0e58fc49a4850a03277b9b1) Importer(2089858483,b0f066a214c2f5e87bad3c948f4d605d) (ScriptedImporter) -> (artifact id: '05829aa42baca5d536e91eebea837d52') in 0.0098945 seconds
Number of updated asset objects reloaded before import = 0Number of asset objects unloaded after import = 2

========================================================================
Received Import Request.
  Time since last request: 0.000027 seconds.
  path: Assets/Graphisms/Tilesets/SubTiles/Outside_2645.asset
  artifactKey: Guid(7bd947e4dd4ba574f8586f5c9f06c42d) Importer(2089858483,b0f066a214c2f5e87bad3c948f4d605d)
Start importing Assets/Graphisms/Tilesets/SubTiles/Outside_2645.asset using Guid(7bd947e4dd4ba574f8586f5c9f06c42d) Importer(2089858483,b0f066a214c2f5e87bad3c948f4d605d) (ScriptedImporter) -> (artifact id: 'f13ba8604318e954e53a3627ab55e4d5') in 0.0103775 seconds
Number of updated asset objects reloaded before import = 0Number of asset objects unloaded after import = 2

========================================================================
Received Import Request.
  Time since last request: 0.000023 seconds.
  path: Assets/Graphisms/Tilesets/SubTiles/Outside_1627.asset
  artifactKey: Guid(718faa1c722e5f44ca224642bae958d4) Importer(2089858483,b0f066a214c2f5e87bad3c948f4d605d)
Start importing Assets/Graphisms/Tilesets/SubTiles/Outside_1627.asset using Guid(718faa1c722e5f44ca224642bae958d4) Importer(2089858483,b0f066a214c2f5e87bad3c948f4d605d) (ScriptedImporter) -> (artifact id: '1690df1faff4991ed96a590e66d841af') in 0.0097548 seconds
Number of updated asset objects reloaded before import = 0Number of asset objects unloaded after import = 2

========================================================================
Received Import Request.
  Time since last request: 0.000027 seconds.
  path: Assets/Graphisms/Tilesets/SubTiles/Outside_1049.asset
  artifactKey: Guid(5c3dc21b417b49b4cb2af08d5cdf9cb3) Importer(2089858483,b0f066a214c2f5e87bad3c948f4d605d)
Start importing Assets/Graphisms/Tilesets/SubTiles/Outside_1049.asset using Guid(5c3dc21b417b49b4cb2af08d5cdf9cb3) Importer(2089858483,b0f066a214c2f5e87bad3c948f4d605d) (ScriptedImporter) -> (artifact id: 'e09d39a90be8fd79a5336d807a8fed07') in 0.0106556 seconds
Number of updated asset objects reloaded before import = 0Number of asset objects unloaded after import = 2

========================================================================
Received Import Request.
  Time since last request: 0.000022 seconds.
  path: Assets/Graphisms/Tilesets/SubTiles/Outside_157.asset
  artifactKey: Guid(9afb892ea5d0d1445ab09a5b988207cb) Importer(2089858483,b0f066a214c2f5e87bad3c948f4d605d)
Start importing Assets/Graphisms/Tilesets/SubTiles/Outside_157.asset using Guid(9afb892ea5d0d1445ab09a5b988207cb) Importer(2089858483,b0f066a214c2f5e87bad3c948f4d605d) (ScriptedImporter) -> (artifact id: 'b5ca873f73259dfb5f22ff86b788ea95') in 0.0106174 seconds
Number of updated asset objects reloaded before import = 0Number of asset objects unloaded after import = 2

========================================================================
Received Import Request.
  Time since last request: 0.000039 seconds.
  path: Assets/Graphisms/Tilesets/SubTiles/Outside_3136.asset
  artifactKey: Guid(492b622fca905cb418d1fcfc59c6ae13) Importer(2089858483,b0f066a214c2f5e87bad3c948f4d605d)
Start importing Assets/Graphisms/Tilesets/SubTiles/Outside_3136.asset using Guid(492b622fca905cb418d1fcfc59c6ae13) Importer(2089858483,b0f066a214c2f5e87bad3c948f4d605d) (ScriptedImporter) -> (artifact id: '62c4c1ea76739c07d9716362793f510f') in 0.0102669 seconds
Number of updated asset objects reloaded before import = 0Number of asset objects unloaded after import = 2

========================================================================
Received Import Request.
  Time since last request: 0.000032 seconds.
  path: Assets/Graphisms/Tilesets/SubTiles/Outside_54.asset
  artifactKey: Guid(48d8b8f9e3351164b89dcca4f58bef64) Importer(2089858483,b0f066a214c2f5e87bad3c948f4d605d)
Start importing Assets/Graphisms/Tilesets/SubTiles/Outside_54.asset using Guid(48d8b8f9e3351164b89dcca4f58bef64) Importer(2089858483,b0f066a214c2f5e87bad3c948f4d605d) (ScriptedImporter) -> (artifact id: 'e161c3585ef4d2aa234f96cca2057021') in 0.0246781 seconds
Number of updated asset objects reloaded before import = 0Number of asset objects unloaded after import = 2

========================================================================
Received Import Request.
  Time since last request: 0.000032 seconds.
  path: Assets/Graphisms/Tilesets/SubTiles/Outside_703.asset
  artifactKey: Guid(09906abdb6631704cbe91b90864f0d2d) Importer(2089858483,b0f066a214c2f5e87bad3c948f4d605d)
Start importing Assets/Graphisms/Tilesets/SubTiles/Outside_703.asset using Guid(09906abdb6631704cbe91b90864f0d2d) Importer(2089858483,b0f066a214c2f5e87bad3c948f4d605d) (ScriptedImporter) -> (artifact id: 'f712ae02ad688962bae9d153ae023ede') in 0.0094438 seconds
Number of updated asset objects reloaded before import = 0Number of asset objects unloaded after import = 2

========================================================================
Received Import Request.
  Time since last request: 0.000022 seconds.
  path: Assets/Graphisms/Tilesets/SubTiles/Outside_3193.asset
  artifactKey: Guid(9b279af7e7c6984498061fa50810bed8) Importer(2089858483,b0f066a214c2f5e87bad3c948f4d605d)
Start importing Assets/Graphisms/Tilesets/SubTiles/Outside_3193.asset using Guid(9b279af7e7c6984498061fa50810bed8) Importer(2089858483,b0f066a214c2f5e87bad3c948f4d605d) (ScriptedImporter) -> (artifact id: 'cf22a5eaa9eb0df970a2ecf14a6cb1fa') in 0.0170857 seconds
Number of updated asset objects reloaded before import = 0Number of asset objects unloaded after import = 2

========================================================================
Received Import Request.
  Time since last request: 0.000023 seconds.
  path: Assets/Graphisms/Tilesets/SubTiles/Outside_1080.asset
  artifactKey: Guid(6a9adb0ca50240e4bbaeee92b26ef094) Importer(2089858483,b0f066a214c2f5e87bad3c948f4d605d)
Start importing Assets/Graphisms/Tilesets/SubTiles/Outside_1080.asset using Guid(6a9adb0ca50240e4bbaeee92b26ef094) Importer(2089858483,b0f066a214c2f5e87bad3c948f4d605d) (ScriptedImporter) -> (artifact id: 'b55190d5fdf924a2a31f14ea75408543') in 0.0093985 seconds
Number of updated asset objects reloaded before import = 0Number of asset objects unloaded after import = 2

========================================================================
Received Import Request.
  Time since last request: 0.000057 seconds.
  path: Assets/Graphisms/Tilesets/SubTiles/Outside_2559.asset
  artifactKey: Guid(f886031a0b91315478de0b9b60857022) Importer(2089858483,b0f066a214c2f5e87bad3c948f4d605d)
Start importing Assets/Graphisms/Tilesets/SubTiles/Outside_2559.asset using Guid(f886031a0b91315478de0b9b60857022) Importer(2089858483,b0f066a214c2f5e87bad3c948f4d605d) (ScriptedImporter) -> (artifact id: 'b79f15397825ee2887d94cc509630feb') in 0.00953 seconds
Number of updated asset objects reloaded before import = 0Number of asset objects unloaded after import = 2

========================================================================
Received Import Request.
  Time since last request: 0.000021 seconds.
  path: Assets/Graphisms/Tilesets/SubTiles/Outside_1853.asset
  artifactKey: Guid(8ead4fcd5d9953741af8141ad6765274) Importer(2089858483,b0f066a214c2f5e87bad3c948f4d605d)
Start importing Assets/Graphisms/Tilesets/SubTiles/Outside_1853.asset using Guid(8ead4fcd5d9953741af8141ad6765274) Importer(2089858483,b0f066a214c2f5e87bad3c948f4d605d) (ScriptedImporter) -> (artifact id: '9e8c08a385b69d1d67b39d4f0b05e01c') in 0.011911 seconds
Number of updated asset objects reloaded before import = 0Number of asset objects unloaded after import = 2

========================================================================
Received Import Request.
  Time since last request: 0.000022 seconds.
  path: Assets/Graphisms/Tilesets/SubTiles/Outside_2452.asset
  artifactKey: Guid(d8e0bf59b43135d4d9289c532d14c880) Importer(2089858483,b0f066a214c2f5e87bad3c948f4d605d)
Start importing Assets/Graphisms/Tilesets/SubTiles/Outside_2452.asset using Guid(d8e0bf59b43135d4d9289c532d14c880) Importer(2089858483,b0f066a214c2f5e87bad3c948f4d605d) (ScriptedImporter) -> (artifact id: '674e5b9597b76911e51f710c553431af') in 0.011771 seconds
Number of updated asset objects reloaded before import = 0Number of asset objects unloaded after import = 2

========================================================================
Received Import Request.
  Time since last request: 0.000024 seconds.
  path: Assets/Graphisms/Tilesets/SubTiles/Outside_1608.asset
  artifactKey: Guid(4cda3de5ccf369442877d37f1db5f050) Importer(2089858483,b0f066a214c2f5e87bad3c948f4d605d)
Start importing Assets/Graphisms/Tilesets/SubTiles/Outside_1608.asset using Guid(4cda3de5ccf369442877d37f1db5f050) Importer(2089858483,b0f066a214c2f5e87bad3c948f4d605d) (ScriptedImporter) -> (artifact id: '45c26825a3945f5bd292de3fc657f292') in 0.0216673 seconds
Number of updated asset objects reloaded before import = 0Number of asset objects unloaded after import = 2

========================================================================
Received Import Request.
  Time since last request: 0.000026 seconds.
  path: Assets/Graphisms/Tilesets/SubTiles/Outside_2380.asset
  artifactKey: Guid(0f7c7655b7b403740a10916b744f4bfb) Importer(2089858483,b0f066a214c2f5e87bad3c948f4d605d)
Start importing Assets/Graphisms/Tilesets/SubTiles/Outside_2380.asset using Guid(0f7c7655b7b403740a10916b744f4bfb) Importer(2089858483,b0f066a214c2f5e87bad3c948f4d605d) (ScriptedImporter) -> (artifact id: '2c60f1b5f6d0c2a4fecbdfa2d3f77043') in 0.0103793 seconds
Number of updated asset objects reloaded before import = 0Number of asset objects unloaded after import = 2

========================================================================
Received Import Request.
  Time since last request: 0.000037 seconds.
  path: Assets/Graphisms/Tilesets/SubTiles/Outside_1074.asset
  artifactKey: Guid(236878724a2af1846a8a195238f43792) Importer(2089858483,b0f066a214c2f5e87bad3c948f4d605d)
Start importing Assets/Graphisms/Tilesets/SubTiles/Outside_1074.asset using Guid(236878724a2af1846a8a195238f43792) Importer(2089858483,b0f066a214c2f5e87bad3c948f4d605d) (ScriptedImporter) -> (artifact id: '2f670579bba4bced834fc9149f20c8eb') in 0.0099646 seconds
Number of updated asset objects reloaded before import = 0Number of asset objects unloaded after import = 2

========================================================================
Received Import Request.
  Time since last request: 0.000022 seconds.
  path: Assets/Graphisms/Tilesets/SubTiles/Outside_818.asset
  artifactKey: Guid(b25415d97c53855468aba0f303462bac) Importer(2089858483,b0f066a214c2f5e87bad3c948f4d605d)
Start importing Assets/Graphisms/Tilesets/SubTiles/Outside_818.asset using Guid(b25415d97c53855468aba0f303462bac) Importer(2089858483,b0f066a214c2f5e87bad3c948f4d605d) (ScriptedImporter) -> (artifact id: '5949364e1466f64f7b4909644f9f60d8') in 0.0137531 seconds
Number of updated asset objects reloaded before import = 0Number of asset objects unloaded after import = 2

========================================================================
Received Import Request.
  Time since last request: 0.000023 seconds.
  path: Assets/Graphisms/Tilesets/SubTiles/Outside_3232.asset
  artifactKey: Guid(215db9edc921a2a4aadb670da8e576b2) Importer(2089858483,b0f066a214c2f5e87bad3c948f4d605d)
Start importing Assets/Graphisms/Tilesets/SubTiles/Outside_3232.asset using Guid(215db9edc921a2a4aadb670da8e576b2) Importer(2089858483,b0f066a214c2f5e87bad3c948f4d605d) (ScriptedImporter) -> (artifact id: '1f2dc80eed8d120a931bc353f95e192e') in 0.0104189 seconds
Number of updated asset objects reloaded before import = 0Number of asset objects unloaded after import = 2

========================================================================
Received Import Request.
  Time since last request: 0.000027 seconds.
  path: Assets/Graphisms/Tilesets/SubTiles/Outside_3610.asset
  artifactKey: Guid(9026daabcfeb22a4b832591642334d31) Importer(2089858483,b0f066a214c2f5e87bad3c948f4d605d)
Start importing Assets/Graphisms/Tilesets/SubTiles/Outside_3610.asset using Guid(9026daabcfeb22a4b832591642334d31) Importer(2089858483,b0f066a214c2f5e87bad3c948f4d605d) (ScriptedImporter) -> (artifact id: '8eb85b3ff02297f6540fc2889a794900') in 0.0106741 seconds
Number of updated asset objects reloaded before import = 0Number of asset objects unloaded after import = 2

========================================================================
Received Import Request.
  Time since last request: 0.000025 seconds.
  path: Assets/Graphisms/Tilesets/SubTiles/Outside_3975.asset
  artifactKey: Guid(73fd2c3617ab978478524b513640761a) Importer(2089858483,b0f066a214c2f5e87bad3c948f4d605d)
Start importing Assets/Graphisms/Tilesets/SubTiles/Outside_3975.asset using Guid(73fd2c3617ab978478524b513640761a) Importer(2089858483,b0f066a214c2f5e87bad3c948f4d605d) (ScriptedImporter) -> (artifact id: '2cc8506650fdf7c2df4c5ef57acc413e') in 0.0121221 seconds
Number of updated asset objects reloaded before import = 0Number of asset objects unloaded after import = 2

========================================================================
Received Import Request.
  Time since last request: 0.000031 seconds.
  path: Assets/Graphisms/Tilesets/SubTiles/Outside_1464.asset
  artifactKey: Guid(022bd3365fa60094e911d4c2714469ad) Importer(2089858483,b0f066a214c2f5e87bad3c948f4d605d)
Start importing Assets/Graphisms/Tilesets/SubTiles/Outside_1464.asset using Guid(022bd3365fa60094e911d4c2714469ad) Importer(2089858483,b0f066a214c2f5e87bad3c948f4d605d) (ScriptedImporter) -> (artifact id: 'a61600b8bbbc6d9ab4ab5cbf223b64e9') in 0.0378109 seconds
Number of updated asset objects reloaded before import = 0Number of asset objects unloaded after import = 2

========================================================================
Received Import Request.
  Time since last request: 0.000025 seconds.
  path: Assets/Graphisms/Tilesets/SubTiles/Outside_3095.asset
  artifactKey: Guid(f3d755f0b2047cf48bd4a8e727bf0582) Importer(2089858483,b0f066a214c2f5e87bad3c948f4d605d)
Start importing Assets/Graphisms/Tilesets/SubTiles/Outside_3095.asset using Guid(f3d755f0b2047cf48bd4a8e727bf0582) Importer(2089858483,b0f066a214c2f5e87bad3c948f4d605d) (ScriptedImporter) -> (artifact id: '53b5be00bb07e0d36839898d4e1fca41') in 0.0102968 seconds
Number of updated asset objects reloaded before import = 0Number of asset objects unloaded after import = 2

========================================================================
Received Import Request.
  Time since last request: 0.000026 seconds.
  path: Assets/Graphisms/Tilesets/SubTiles/Outside_255.asset
  artifactKey: Guid(309a72164437fed47a8cb082b27ee6a7) Importer(2089858483,b0f066a214c2f5e87bad3c948f4d605d)
Start importing Assets/Graphisms/Tilesets/SubTiles/Outside_255.asset using Guid(309a72164437fed47a8cb082b27ee6a7) Importer(2089858483,b0f066a214c2f5e87bad3c948f4d605d) (ScriptedImporter) -> (artifact id: 'ffec57a0627ae698a01c29107f6da3f6') in 0.0094595 seconds
Number of updated asset objects reloaded before import = 0Number of asset objects unloaded after import = 2

========================================================================
Received Import Request.
  Time since last request: 0.000027 seconds.
  path: Assets/Graphisms/Tilesets/SubTiles/Outside_2866.asset
  artifactKey: Guid(661f1b38716f83349948209757a567e0) Importer(2089858483,b0f066a214c2f5e87bad3c948f4d605d)
Start importing Assets/Graphisms/Tilesets/SubTiles/Outside_2866.asset using Guid(661f1b38716f83349948209757a567e0) Importer(2089858483,b0f066a214c2f5e87bad3c948f4d605d) (ScriptedImporter) -> (artifact id: 'e9509fb819f174d3524908cbe2c6427b') in 0.0110008 seconds
Number of updated asset objects reloaded before import = 0Number of asset objects unloaded after import = 2

========================================================================
Received Import Request.
  Time since last request: 0.000040 seconds.
  path: Assets/Graphisms/Tilesets/SubTiles/Outside_1934.asset
  artifactKey: Guid(dc80a6f595a25cb4390510b096252d68) Importer(2089858483,b0f066a214c2f5e87bad3c948f4d605d)
Start importing Assets/Graphisms/Tilesets/SubTiles/Outside_1934.asset using Guid(dc80a6f595a25cb4390510b096252d68) Importer(2089858483,b0f066a214c2f5e87bad3c948f4d605d) (ScriptedImporter) -> (artifact id: '97770f3ab243dbca732cd45eee6c9386') in 0.0462688 seconds
Number of updated asset objects reloaded before import = 0Number of asset objects unloaded after import = 2

========================================================================
Received Import Request.
  Time since last request: 0.000035 seconds.
  path: Assets/Graphisms/Tilesets/SubTiles/Outside_770.asset
  artifactKey: Guid(4ec1234a2b937da4e9822d69365387e8) Importer(2089858483,b0f066a214c2f5e87bad3c948f4d605d)
Start importing Assets/Graphisms/Tilesets/SubTiles/Outside_770.asset using Guid(4ec1234a2b937da4e9822d69365387e8) Importer(2089858483,b0f066a214c2f5e87bad3c948f4d605d) (ScriptedImporter) -> (artifact id: 'edab894ecbc13cccad0bbe0a25cbe426') in 0.009745 seconds
Number of updated asset objects reloaded before import = 0Number of asset objects unloaded after import = 2

========================================================================
Received Import Request.
  Time since last request: 0.000019 seconds.
  path: Assets/Graphisms/Tilesets/SubTiles/Outside_467.asset
  artifactKey: Guid(72c1ddce96b7a2e4b92c095c6912b5e3) Importer(2089858483,b0f066a214c2f5e87bad3c948f4d605d)
Start importing Assets/Graphisms/Tilesets/SubTiles/Outside_467.asset using Guid(72c1ddce96b7a2e4b92c095c6912b5e3) Importer(2089858483,b0f066a214c2f5e87bad3c948f4d605d) (ScriptedImporter) -> (artifact id: '79fa87bd41bcd561c0a6803ed08d8c5e') in 0.0104708 seconds
Number of updated asset objects reloaded before import = 0Number of asset objects unloaded after import = 2

========================================================================
Received Import Request.
  Time since last request: 0.000026 seconds.
  path: Assets/Graphisms/Tilesets/SubTiles/Outside_839.asset
  artifactKey: Guid(e3f4bae046e2fdb4fae88517f1c73db8) Importer(2089858483,b0f066a214c2f5e87bad3c948f4d605d)
Start importing Assets/Graphisms/Tilesets/SubTiles/Outside_839.asset using Guid(e3f4bae046e2fdb4fae88517f1c73db8) Importer(2089858483,b0f066a214c2f5e87bad3c948f4d605d) (ScriptedImporter) -> (artifact id: 'ac6b21e6c893cf1e057f97d0e17dc2cd') in 0.0108931 seconds
Number of updated asset objects reloaded before import = 0Number of asset objects unloaded after import = 2

========================================================================
Received Import Request.
  Time since last request: 0.000028 seconds.
  path: Assets/Graphisms/Tilesets/SubTiles/Outside_7.asset
  artifactKey: Guid(414ab8d7b5925e148a6e453cf99d76bc) Importer(2089858483,b0f066a214c2f5e87bad3c948f4d605d)
Start importing Assets/Graphisms/Tilesets/SubTiles/Outside_7.asset using Guid(414ab8d7b5925e148a6e453cf99d76bc) Importer(2089858483,b0f066a214c2f5e87bad3c948f4d605d) (ScriptedImporter) -> (artifact id: 'c287a168fe3f6252906254f567393636') in 0.0306548 seconds
Number of updated asset objects reloaded before import = 0Number of asset objects unloaded after import = 2

========================================================================
Received Import Request.
  Time since last request: 0.000023 seconds.
  path: Assets/Graphisms/Tilesets/SubTiles/Outside_1150.asset
  artifactKey: Guid(ad25ac5cbed177542908e54abbef23ab) Importer(2089858483,b0f066a214c2f5e87bad3c948f4d605d)
Start importing Assets/Graphisms/Tilesets/SubTiles/Outside_1150.asset using Guid(ad25ac5cbed177542908e54abbef23ab) Importer(2089858483,b0f066a214c2f5e87bad3c948f4d605d) (ScriptedImporter) -> (artifact id: 'a64a2effda9b6c0fdc032c16c411c6a7') in 0.0106577 seconds
Number of updated asset objects reloaded before import = 0Number of asset objects unloaded after import = 2

========================================================================
Received Import Request.
  Time since last request: 0.000021 seconds.
  path: Assets/Graphisms/Tilesets/SubTiles/Outside_720.asset
  artifactKey: Guid(7bf2b558b6d77614191b4df075cfc490) Importer(2089858483,b0f066a214c2f5e87bad3c948f4d605d)
Start importing Assets/Graphisms/Tilesets/SubTiles/Outside_720.asset using Guid(7bf2b558b6d77614191b4df075cfc490) Importer(2089858483,b0f066a214c2f5e87bad3c948f4d605d) (ScriptedImporter) -> (artifact id: '5674283d3229e378c5968887054c7359') in 0.0132394 seconds
Number of updated asset objects reloaded before import = 0Number of asset objects unloaded after import = 2

========================================================================
Received Import Request.
  Time since last request: 0.000025 seconds.
  path: Assets/Graphisms/Tilesets/SubTiles/Outside_2974.asset
  artifactKey: Guid(33c7b31b6abfe9f40873aca04595b6e5) Importer(2089858483,b0f066a214c2f5e87bad3c948f4d605d)
Start importing Assets/Graphisms/Tilesets/SubTiles/Outside_2974.asset using Guid(33c7b31b6abfe9f40873aca04595b6e5) Importer(2089858483,b0f066a214c2f5e87bad3c948f4d605d) (ScriptedImporter) -> (artifact id: '0a0e0509d6e56f05acea2c373244eb8a') in 0.010281 seconds
Number of updated asset objects reloaded before import = 0Number of asset objects unloaded after import = 2

========================================================================
Received Import Request.
  Time since last request: 0.000057 seconds.
  path: Assets/Graphisms/Tilesets/SubTiles/Outside_1002.asset
  artifactKey: Guid(4991608a15301b846a519a831521b7db) Importer(2089858483,b0f066a214c2f5e87bad3c948f4d605d)
Start importing Assets/Graphisms/Tilesets/SubTiles/Outside_1002.asset using Guid(4991608a15301b846a519a831521b7db) Importer(2089858483,b0f066a214c2f5e87bad3c948f4d605d) (ScriptedImporter) -> (artifact id: '9fdb9e934ad64dd4254b414f332030a6') in 0.0107102 seconds
Number of updated asset objects reloaded before import = 0Number of asset objects unloaded after import = 2

========================================================================
Received Import Request.
  Time since last request: 0.000031 seconds.
  path: Assets/Graphisms/Tilesets/SubTiles/Outside_3664.asset
  artifactKey: Guid(680f792d5dc63a64faf9a62234a8d209) Importer(2089858483,b0f066a214c2f5e87bad3c948f4d605d)
Start importing Assets/Graphisms/Tilesets/SubTiles/Outside_3664.asset using Guid(680f792d5dc63a64faf9a62234a8d209) Importer(2089858483,b0f066a214c2f5e87bad3c948f4d605d) (ScriptedImporter) -> (artifact id: '3c316c361d48eab863722d094ba3a040') in 0.0110567 seconds
Number of updated asset objects reloaded before import = 0Number of asset objects unloaded after import = 2

========================================================================
Received Import Request.
  Time since last request: 0.000028 seconds.
  path: Assets/Graphisms/Tilesets/SubTiles/Outside_3248.asset
  artifactKey: Guid(32f7cb31fbb4b95439b853c5c0a97c59) Importer(2089858483,b0f066a214c2f5e87bad3c948f4d605d)
Start importing Assets/Graphisms/Tilesets/SubTiles/Outside_3248.asset using Guid(32f7cb31fbb4b95439b853c5c0a97c59) Importer(2089858483,b0f066a214c2f5e87bad3c948f4d605d) (ScriptedImporter) -> (artifact id: '596267ebb704343eba903e6d354ed135') in 0.0119333 seconds
Number of updated asset objects reloaded before import = 0Number of asset objects unloaded after import = 2

========================================================================
Received Import Request.
  Time since last request: 0.000034 seconds.
  path: Assets/Graphisms/Tilesets/SubTiles/Outside_1302.asset
  artifactKey: Guid(a1157bae10ed9d44ebd4a09d8d6d13ff) Importer(2089858483,b0f066a214c2f5e87bad3c948f4d605d)
Start importing Assets/Graphisms/Tilesets/SubTiles/Outside_1302.asset using Guid(a1157bae10ed9d44ebd4a09d8d6d13ff) Importer(2089858483,b0f066a214c2f5e87bad3c948f4d605d) (ScriptedImporter) -> (artifact id: '3f21832139c6c9fd6554c5c70078d388') in 0.0099004 seconds
Number of updated asset objects reloaded before import = 0Number of asset objects unloaded after import = 2

========================================================================
Received Import Request.
  Time since last request: 0.000034 seconds.
  path: Assets/Graphisms/Tilesets/SubTiles/Outside_3434.asset
  artifactKey: Guid(bf5d83413c628064bafc99561e2ca978) Importer(2089858483,b0f066a214c2f5e87bad3c948f4d605d)
Start importing Assets/Graphisms/Tilesets/SubTiles/Outside_3434.asset using Guid(bf5d83413c628064bafc99561e2ca978) Importer(2089858483,b0f066a214c2f5e87bad3c948f4d605d) (ScriptedImporter) -> (artifact id: '01d97d6b54a16fe61eb4fb0224a66787') in 0.0102433 seconds
Number of updated asset objects reloaded before import = 0Number of asset objects unloaded after import = 2

========================================================================
Received Import Request.
  Time since last request: 0.000022 seconds.
  path: Assets/Graphisms/Tilesets/SubTiles/Outside_385.asset
  artifactKey: Guid(62b817a97257e4d4289afda0f8df39e6) Importer(2089858483,b0f066a214c2f5e87bad3c948f4d605d)
Start importing Assets/Graphisms/Tilesets/SubTiles/Outside_385.asset using Guid(62b817a97257e4d4289afda0f8df39e6) Importer(2089858483,b0f066a214c2f5e87bad3c948f4d605d) (ScriptedImporter) -> (artifact id: '8f546c0fe50dd16734ec21cb4a833146') in 0.0100724 seconds
Number of updated asset objects reloaded before import = 0Number of asset objects unloaded after import = 2

========================================================================
Received Import Request.
  Time since last request: 0.000041 seconds.
  path: Assets/Graphisms/Tilesets/SubTiles/Outside_784.asset
  artifactKey: Guid(c3070f865fe406f4eb9b96cfc97e401b) Importer(2089858483,b0f066a214c2f5e87bad3c948f4d605d)
Start importing Assets/Graphisms/Tilesets/SubTiles/Outside_784.asset using Guid(c3070f865fe406f4eb9b96cfc97e401b) Importer(2089858483,b0f066a214c2f5e87bad3c948f4d605d) (ScriptedImporter) -> (artifact id: '1a8158fc4aa09e7b21235d8d1dd9d415') in 0.0104402 seconds
Number of updated asset objects reloaded before import = 0Number of asset objects unloaded after import = 2

========================================================================
Received Import Request.
  Time since last request: 0.000023 seconds.
  path: Assets/Graphisms/Tilesets/SubTiles/Outside_500.asset
  artifactKey: Guid(6ca128a20c4bdf644a194f9c71a04736) Importer(2089858483,b0f066a214c2f5e87bad3c948f4d605d)
Start importing Assets/Graphisms/Tilesets/SubTiles/Outside_500.asset using Guid(6ca128a20c4bdf644a194f9c71a04736) Importer(2089858483,b0f066a214c2f5e87bad3c948f4d605d) (ScriptedImporter) -> (artifact id: '06755c4c3fd2d7489f66d2ba08373f7a') in 0.0111253 seconds
Number of updated asset objects reloaded before import = 0Number of asset objects unloaded after import = 2

========================================================================
Received Import Request.
  Time since last request: 0.000027 seconds.
  path: Assets/Graphisms/Tilesets/SubTiles/Outside_391.asset
  artifactKey: Guid(1197a10834d08ab43b717409f587476b) Importer(2089858483,b0f066a214c2f5e87bad3c948f4d605d)
Start importing Assets/Graphisms/Tilesets/SubTiles/Outside_391.asset using Guid(1197a10834d08ab43b717409f587476b) Importer(2089858483,b0f066a214c2f5e87bad3c948f4d605d) (ScriptedImporter) -> (artifact id: 'ccc9b028ec1d2d16bd0db272e3cbe691') in 0.0104398 seconds
Number of updated asset objects reloaded before import = 0Number of asset objects unloaded after import = 2

========================================================================
Received Import Request.
  Time since last request: 0.000041 seconds.
  path: Assets/Graphisms/Tilesets/SubTiles/Outside_1978.asset
  artifactKey: Guid(e236070db425b3b4588e6e5f7584e063) Importer(2089858483,b0f066a214c2f5e87bad3c948f4d605d)
Start importing Assets/Graphisms/Tilesets/SubTiles/Outside_1978.asset using Guid(e236070db425b3b4588e6e5f7584e063) Importer(2089858483,b0f066a214c2f5e87bad3c948f4d605d) (ScriptedImporter) -> (artifact id: 'e0579d047a51c67ea2ac8c0a847288d3') in 0.0103686 seconds
Number of updated asset objects reloaded before import = 0Number of asset objects unloaded after import = 2

========================================================================
Received Import Request.
  Time since last request: 0.000026 seconds.
  path: Assets/Graphisms/Tilesets/SubTiles/Outside_283.asset
  artifactKey: Guid(e052c75a980be474d8177229bf82f0ec) Importer(2089858483,b0f066a214c2f5e87bad3c948f4d605d)
Start importing Assets/Graphisms/Tilesets/SubTiles/Outside_283.asset using Guid(e052c75a980be474d8177229bf82f0ec) Importer(2089858483,b0f066a214c2f5e87bad3c948f4d605d) (ScriptedImporter) -> (artifact id: '73dc4317e1cbacd44b31a2c849480fb1') in 0.0112886 seconds
Number of updated asset objects reloaded before import = 0Number of asset objects unloaded after import = 2

========================================================================
Received Import Request.
  Time since last request: 0.000025 seconds.
  path: Assets/Graphisms/Tilesets/SubTiles/Outside_791.asset
  artifactKey: Guid(3f22ae68f29aecc48a256e51f0c15dba) Importer(2089858483,b0f066a214c2f5e87bad3c948f4d605d)
Start importing Assets/Graphisms/Tilesets/SubTiles/Outside_791.asset using Guid(3f22ae68f29aecc48a256e51f0c15dba) Importer(2089858483,b0f066a214c2f5e87bad3c948f4d605d) (ScriptedImporter) -> (artifact id: '06f1ba1843fb960aea72b14fad4b295a') in 0.0102838 seconds
Number of updated asset objects reloaded before import = 0Number of asset objects unloaded after import = 2

========================================================================
Received Import Request.
  Time since last request: 0.000024 seconds.
  path: Assets/Graphisms/Tilesets/SubTiles/Outside_2626.asset
  artifactKey: Guid(39e8eb5584ff94d40877d2ee5569cccc) Importer(2089858483,b0f066a214c2f5e87bad3c948f4d605d)
Start importing Assets/Graphisms/Tilesets/SubTiles/Outside_2626.asset using Guid(39e8eb5584ff94d40877d2ee5569cccc) Importer(2089858483,b0f066a214c2f5e87bad3c948f4d605d) (ScriptedImporter) -> (artifact id: 'e74a38695e04c6203cd8e69815f18aa2') in 0.0087406 seconds
Number of updated asset objects reloaded before import = 0Number of asset objects unloaded after import = 2

========================================================================
Received Import Request.
  Time since last request: 0.000044 seconds.
  path: Assets/Graphisms/Tilesets/SubTiles/Outside_2146.asset
  artifactKey: Guid(231bf271a5b58ca40a4dc3dd562f5e37) Importer(2089858483,b0f066a214c2f5e87bad3c948f4d605d)
Start importing Assets/Graphisms/Tilesets/SubTiles/Outside_2146.asset using Guid(231bf271a5b58ca40a4dc3dd562f5e37) Importer(2089858483,b0f066a214c2f5e87bad3c948f4d605d) (ScriptedImporter) -> (artifact id: 'ae3c36138ffda5fa62fc03eb2eda7ade') in 0.0129744 seconds
Number of updated asset objects reloaded before import = 0Number of asset objects unloaded after import = 2

========================================================================
Received Import Request.
  Time since last request: 0.000019 seconds.
  path: Assets/Graphisms/Tilesets/SubTiles/Outside_1201.asset
  artifactKey: Guid(c566d31685af0ea4cba9ef4619df7f1c) Importer(2089858483,b0f066a214c2f5e87bad3c948f4d605d)
Start importing Assets/Graphisms/Tilesets/SubTiles/Outside_1201.asset using Guid(c566d31685af0ea4cba9ef4619df7f1c) Importer(2089858483,b0f066a214c2f5e87bad3c948f4d605d) (ScriptedImporter) -> (artifact id: 'e1ed973e5c992e7db057643854de0c1e') in 0.0121304 seconds
Number of updated asset objects reloaded before import = 0Number of asset objects unloaded after import = 2

========================================================================
Received Import Request.
  Time since last request: 0.000022 seconds.
  path: Assets/Graphisms/Tilesets/SubTiles/Outside_2089.asset
  artifactKey: Guid(22589b09c6a01144ea6c00a7bf351d01) Importer(2089858483,b0f066a214c2f5e87bad3c948f4d605d)
Start importing Assets/Graphisms/Tilesets/SubTiles/Outside_2089.asset using Guid(22589b09c6a01144ea6c00a7bf351d01) Importer(2089858483,b0f066a214c2f5e87bad3c948f4d605d) (ScriptedImporter) -> (artifact id: 'd7a7efa83f0035f78570c7b78621f70b') in 0.0105728 seconds
Number of updated asset objects reloaded before import = 0Number of asset objects unloaded after import = 2

========================================================================
Received Import Request.
  Time since last request: 0.000028 seconds.
  path: Assets/Graphisms/Tilesets/SubTiles/Outside_766.asset
  artifactKey: Guid(2b82f132a7b2f1346b5be06a74a69501) Importer(2089858483,b0f066a214c2f5e87bad3c948f4d605d)
Start importing Assets/Graphisms/Tilesets/SubTiles/Outside_766.asset using Guid(2b82f132a7b2f1346b5be06a74a69501) Importer(2089858483,b0f066a214c2f5e87bad3c948f4d605d) (ScriptedImporter) -> (artifact id: 'd258e86bcb734d2dda98b78fd274cf7c') in 0.011431 seconds
Number of updated asset objects reloaded before import = 0Number of asset objects unloaded after import = 2

========================================================================
Received Import Request.
  Time since last request: 0.000026 seconds.
  path: Assets/Graphisms/Tilesets/SubTiles/Outside_3532.asset
  artifactKey: Guid(94e3d89bb8cb4aa47b15df59058d460c) Importer(2089858483,b0f066a214c2f5e87bad3c948f4d605d)
Start importing Assets/Graphisms/Tilesets/SubTiles/Outside_3532.asset using Guid(94e3d89bb8cb4aa47b15df59058d460c) Importer(2089858483,b0f066a214c2f5e87bad3c948f4d605d) (ScriptedImporter) -> (artifact id: 'b1d18023a72ffad4cce05f39464da2fe') in 0.0124367 seconds
Number of updated asset objects reloaded before import = 0Number of asset objects unloaded after import = 2

========================================================================
Received Import Request.
  Time since last request: 0.000047 seconds.
  path: Assets/Graphisms/Tilesets/SubTiles/Outside_1768.asset
  artifactKey: Guid(f6d5b3044d6773f4fa96f697dd8a73f1) Importer(2089858483,b0f066a214c2f5e87bad3c948f4d605d)
Start importing Assets/Graphisms/Tilesets/SubTiles/Outside_1768.asset using Guid(f6d5b3044d6773f4fa96f697dd8a73f1) Importer(2089858483,b0f066a214c2f5e87bad3c948f4d605d) (ScriptedImporter) -> (artifact id: '59c0a9e61a7912c0149d18129414d87d') in 0.2145818 seconds
Number of updated asset objects reloaded before import = 0Number of asset objects unloaded after import = 2

========================================================================
Received Import Request.
  Time since last request: 0.000017 seconds.
  path: Assets/Graphisms/Tilesets/SubTiles/Outside_2722.asset
  artifactKey: Guid(766943277ddd7da48bbc2fca543ec3e9) Importer(2089858483,b0f066a214c2f5e87bad3c948f4d605d)
Start importing Assets/Graphisms/Tilesets/SubTiles/Outside_2722.asset using Guid(766943277ddd7da48bbc2fca543ec3e9) Importer(2089858483,b0f066a214c2f5e87bad3c948f4d605d) (ScriptedImporter) -> (artifact id: 'a34311974d1ad9aa97f0f39a76b9d7a5') in 0.0570966 seconds
Number of updated asset objects reloaded before import = 0Number of asset objects unloaded after import = 2

========================================================================
Received Import Request.
  Time since last request: 0.000032 seconds.
  path: Assets/Graphisms/Tilesets/SubTiles/Outside_2492.asset
  artifactKey: Guid(b4f0660b00f67cd4cadeb689136b60b9) Importer(2089858483,b0f066a214c2f5e87bad3c948f4d605d)
Start importing Assets/Graphisms/Tilesets/SubTiles/Outside_2492.asset using Guid(b4f0660b00f67cd4cadeb689136b60b9) Importer(2089858483,b0f066a214c2f5e87bad3c948f4d605d) (ScriptedImporter) -> (artifact id: 'b1ced79531020da6cb8f4ebc1fa1b7c2') in 0.0109183 seconds
Number of updated asset objects reloaded before import = 0Number of asset objects unloaded after import = 2

========================================================================
Received Import Request.
  Time since last request: 0.000027 seconds.
  path: Assets/Graphisms/Tilesets/SubTiles/Outside_662.asset
  artifactKey: Guid(b362a7ef2c641d14db526eead31442c4) Importer(2089858483,b0f066a214c2f5e87bad3c948f4d605d)
Start importing Assets/Graphisms/Tilesets/SubTiles/Outside_662.asset using Guid(b362a7ef2c641d14db526eead31442c4) Importer(2089858483,b0f066a214c2f5e87bad3c948f4d605d) (ScriptedImporter) -> (artifact id: 'ae42f95f2bc5021f875ae99091b0ab99') in 0.0443885 seconds
Number of updated asset objects reloaded before import = 0Number of asset objects unloaded after import = 2

========================================================================
Received Import Request.
  Time since last request: 0.000035 seconds.
  path: Assets/Graphisms/Tilesets/SubTiles/Outside_2390.asset
  artifactKey: Guid(3aa2f7b32387fea429474e6c5b1acaf8) Importer(2089858483,b0f066a214c2f5e87bad3c948f4d605d)
Start importing Assets/Graphisms/Tilesets/SubTiles/Outside_2390.asset using Guid(3aa2f7b32387fea429474e6c5b1acaf8) Importer(2089858483,b0f066a214c2f5e87bad3c948f4d605d) (ScriptedImporter) -> (artifact id: '3ad529c7b2dd1049fea169ad07d3ad5e') in 0.0105547 seconds
Number of updated asset objects reloaded before import = 0Number of asset objects unloaded after import = 2

========================================================================
Received Import Request.
  Time since last request: 0.000024 seconds.
  path: Assets/Graphisms/Tilesets/SubTiles/Outside_777.asset
  artifactKey: Guid(578093a8359168848953731c4ae5c10f) Importer(2089858483,b0f066a214c2f5e87bad3c948f4d605d)
Start importing Assets/Graphisms/Tilesets/SubTiles/Outside_777.asset using Guid(578093a8359168848953731c4ae5c10f) Importer(2089858483,b0f066a214c2f5e87bad3c948f4d605d) (ScriptedImporter) -> (artifact id: '95c8c657f89f724335c7e39d5a7ad61a') in 0.0099173 seconds
Number of updated asset objects reloaded before import = 0Number of asset objects unloaded after import = 2

========================================================================
Received Import Request.
  Time since last request: 0.000037 seconds.
  path: Assets/Graphisms/Tilesets/SubTiles/Outside_1594.asset
  artifactKey: Guid(a3708342f58240740873c7674a71d728) Importer(2089858483,b0f066a214c2f5e87bad3c948f4d605d)
Start importing Assets/Graphisms/Tilesets/SubTiles/Outside_1594.asset using Guid(a3708342f58240740873c7674a71d728) Importer(2089858483,b0f066a214c2f5e87bad3c948f4d605d) (ScriptedImporter) -> (artifact id: '66be8199188f7a0d115cf3a5219b1d3e') in 0.0458684 seconds
Number of updated asset objects reloaded before import = 0Number of asset objects unloaded after import = 2

========================================================================
Received Import Request.
  Time since last request: 0.000021 seconds.
  path: Assets/Graphisms/Tilesets/SubTiles/Outside_318.asset
  artifactKey: Guid(bd9ec2ed61e632b4d96cf46d98d3bb84) Importer(2089858483,b0f066a214c2f5e87bad3c948f4d605d)
Start importing Assets/Graphisms/Tilesets/SubTiles/Outside_318.asset using Guid(bd9ec2ed61e632b4d96cf46d98d3bb84) Importer(2089858483,b0f066a214c2f5e87bad3c948f4d605d) (ScriptedImporter) -> (artifact id: '6c3a19434d7d4bc50335e6bf721eb30e') in 0.0105291 seconds
Number of updated asset objects reloaded before import = 0Number of asset objects unloaded after import = 2

========================================================================
Received Import Request.
  Time since last request: 0.000038 seconds.
  path: Assets/Graphisms/Tilesets/SubTiles/Outside_2725.asset
  artifactKey: Guid(0b357bcbfb8bea14bb99e140da8b1185) Importer(2089858483,b0f066a214c2f5e87bad3c948f4d605d)
Start importing Assets/Graphisms/Tilesets/SubTiles/Outside_2725.asset using Guid(0b357bcbfb8bea14bb99e140da8b1185) Importer(2089858483,b0f066a214c2f5e87bad3c948f4d605d) (ScriptedImporter) -> (artifact id: 'f863bf151ae43e3558bbcfd85f2f3f2b') in 0.0402789 seconds
Number of updated asset objects reloaded before import = 0Number of asset objects unloaded after import = 2

========================================================================
Received Import Request.
  Time since last request: 0.000034 seconds.
  path: Assets/Graphisms/Tilesets/SubTiles/Outside_2333.asset
  artifactKey: Guid(c766293320558d1408cd6d3526211c06) Importer(2089858483,b0f066a214c2f5e87bad3c948f4d605d)
Start importing Assets/Graphisms/Tilesets/SubTiles/Outside_2333.asset using Guid(c766293320558d1408cd6d3526211c06) Importer(2089858483,b0f066a214c2f5e87bad3c948f4d605d) (ScriptedImporter) -> (artifact id: 'd37a2eb4af601c6aa19c307aa2541f32') in 0.0134403 seconds
Number of updated asset objects reloaded before import = 0Number of asset objects unloaded after import = 2

========================================================================
Received Import Request.
  Time since last request: 0.000035 seconds.
  path: Assets/Graphisms/Tilesets/SubTiles/Outside_2112.asset
  artifactKey: Guid(38d8e121b148d824cb3126f80108d039) Importer(2089858483,b0f066a214c2f5e87bad3c948f4d605d)
Start importing Assets/Graphisms/Tilesets/SubTiles/Outside_2112.asset using Guid(38d8e121b148d824cb3126f80108d039) Importer(2089858483,b0f066a214c2f5e87bad3c948f4d605d) (ScriptedImporter) -> (artifact id: '14f9710a0c5450c4aba86a8bbbe6b841') in 0.0111339 seconds
Number of updated asset objects reloaded before import = 0Number of asset objects unloaded after import = 2

========================================================================
Received Import Request.
  Time since last request: 0.000022 seconds.
  path: Assets/Graphisms/Tilesets/SubTiles/Outside_3315.asset
  artifactKey: Guid(73f2504d78a97a74b9dc62aa358e1aac) Importer(2089858483,b0f066a214c2f5e87bad3c948f4d605d)
Start importing Assets/Graphisms/Tilesets/SubTiles/Outside_3315.asset using Guid(73f2504d78a97a74b9dc62aa358e1aac) Importer(2089858483,b0f066a214c2f5e87bad3c948f4d605d) (ScriptedImporter) -> (artifact id: '264d54ad22afc2864dda1caad7afb962') in 0.0109498 seconds
Number of updated asset objects reloaded before import = 0Number of asset objects unloaded after import = 2

========================================================================
Received Import Request.
  Time since last request: 0.000021 seconds.
  path: Assets/Graphisms/Tilesets/SubTiles/Outside_2915.asset
  artifactKey: Guid(c7cc987f747be864a9a395b4e5da137e) Importer(2089858483,b0f066a214c2f5e87bad3c948f4d605d)
Start importing Assets/Graphisms/Tilesets/SubTiles/Outside_2915.asset using Guid(c7cc987f747be864a9a395b4e5da137e) Importer(2089858483,b0f066a214c2f5e87bad3c948f4d605d) (ScriptedImporter) -> (artifact id: 'cb06a9de2a25510d0768314b53f353ef') in 0.0119912 seconds
Number of updated asset objects reloaded before import = 0Number of asset objects unloaded after import = 2

========================================================================
Received Import Request.
  Time since last request: 0.000036 seconds.
  path: Assets/Graphisms/Tilesets/SubTiles/Outside_1095.asset
  artifactKey: Guid(f6ca5d8f2e7e6aa4b818fee8fd3a873b) Importer(2089858483,b0f066a214c2f5e87bad3c948f4d605d)
Start importing Assets/Graphisms/Tilesets/SubTiles/Outside_1095.asset using Guid(f6ca5d8f2e7e6aa4b818fee8fd3a873b) Importer(2089858483,b0f066a214c2f5e87bad3c948f4d605d) (ScriptedImporter) -> (artifact id: 'ed0367e4c00450eb146a35729d81ecdf') in 0.0130017 seconds
Number of updated asset objects reloaded before import = 0Number of asset objects unloaded after import = 2

========================================================================
Received Import Request.
  Time since last request: 0.000026 seconds.
  path: Assets/Graphisms/Tilesets/SubTiles/Outside_2127.asset
  artifactKey: Guid(4708b492513bd2d438ca5116967ceb73) Importer(2089858483,b0f066a214c2f5e87bad3c948f4d605d)
Start importing Assets/Graphisms/Tilesets/SubTiles/Outside_2127.asset using Guid(4708b492513bd2d438ca5116967ceb73) Importer(2089858483,b0f066a214c2f5e87bad3c948f4d605d) (ScriptedImporter) -> (artifact id: 'b70bb4ab6139e3a2382079a605b7bf1b') in 0.0101462 seconds
Number of updated asset objects reloaded before import = 0Number of asset objects unloaded after import = 2

========================================================================
Received Import Request.
  Time since last request: 0.000023 seconds.
  path: Assets/Graphisms/Tilesets/SubTiles/Outside_755.asset
  artifactKey: Guid(a25e30d8f4c961d419c597f600a0727a) Importer(2089858483,b0f066a214c2f5e87bad3c948f4d605d)
Start importing Assets/Graphisms/Tilesets/SubTiles/Outside_755.asset using Guid(a25e30d8f4c961d419c597f600a0727a) Importer(2089858483,b0f066a214c2f5e87bad3c948f4d605d) (ScriptedImporter) -> (artifact id: '383c8d31d7e127276f89bfdcbc56ed3a') in 0.0115754 seconds
Number of updated asset objects reloaded before import = 0Number of asset objects unloaded after import = 2

========================================================================
Received Import Request.
  Time since last request: 0.000033 seconds.
  path: Assets/Graphisms/Tilesets/SubTiles/Outside_606.asset
  artifactKey: Guid(f73e7ceb449e1f140826f7514a7ae7c3) Importer(2089858483,b0f066a214c2f5e87bad3c948f4d605d)
Start importing Assets/Graphisms/Tilesets/SubTiles/Outside_606.asset using Guid(f73e7ceb449e1f140826f7514a7ae7c3) Importer(2089858483,b0f066a214c2f5e87bad3c948f4d605d) (ScriptedImporter) -> (artifact id: '3e841e861ddc64d63c389c091d088394') in 0.0345285 seconds
Number of updated asset objects reloaded before import = 0Number of asset objects unloaded after import = 2

========================================================================
Received Import Request.
  Time since last request: 0.000034 seconds.
  path: Assets/Graphisms/Tilesets/SubTiles/Outside_3060.asset
  artifactKey: Guid(0d8c3e52c2969b6499c9cb19c1542c7f) Importer(2089858483,b0f066a214c2f5e87bad3c948f4d605d)
Start importing Assets/Graphisms/Tilesets/SubTiles/Outside_3060.asset using Guid(0d8c3e52c2969b6499c9cb19c1542c7f) Importer(2089858483,b0f066a214c2f5e87bad3c948f4d605d) (ScriptedImporter) -> (artifact id: 'd16af69a7b3c8aac87f579f01d445213') in 0.0109705 seconds
Number of updated asset objects reloaded before import = 0Number of asset objects unloaded after import = 2

========================================================================
Received Import Request.
  Time since last request: 0.000035 seconds.
  path: Assets/Graphisms/Tilesets/SubTiles/Outside_382.asset
  artifactKey: Guid(256ac730fc2bb6942862e62af77cb470) Importer(2089858483,b0f066a214c2f5e87bad3c948f4d605d)
Start importing Assets/Graphisms/Tilesets/SubTiles/Outside_382.asset using Guid(256ac730fc2bb6942862e62af77cb470) Importer(2089858483,b0f066a214c2f5e87bad3c948f4d605d) (ScriptedImporter) -> (artifact id: 'db0e135f3ace28a4cf3b1bc2572144d6') in 0.01353 seconds
Number of updated asset objects reloaded before import = 0Number of asset objects unloaded after import = 2

========================================================================
Received Import Request.
  Time since last request: 0.000027 seconds.
  path: Assets/Graphisms/Tilesets/SubTiles/Outside_850.asset
  artifactKey: Guid(4124ea9ae2f80db4c8e0ec735aedab32) Importer(2089858483,b0f066a214c2f5e87bad3c948f4d605d)
Start importing Assets/Graphisms/Tilesets/SubTiles/Outside_850.asset using Guid(4124ea9ae2f80db4c8e0ec735aedab32) Importer(2089858483,b0f066a214c2f5e87bad3c948f4d605d) (ScriptedImporter) -> (artifact id: '3e72e6ab4dd0972156acfc42b0fdeaef') in 0.0116892 seconds
Number of updated asset objects reloaded before import = 0Number of asset objects unloaded after import = 2

========================================================================
Received Import Request.
  Time since last request: 0.000021 seconds.
  path: Assets/Graphisms/Tilesets/SubTiles/Outside_3135.asset
  artifactKey: Guid(d5df60086d35b9d4c8a23da12579cd67) Importer(2089858483,b0f066a214c2f5e87bad3c948f4d605d)
Start importing Assets/Graphisms/Tilesets/SubTiles/Outside_3135.asset using Guid(d5df60086d35b9d4c8a23da12579cd67) Importer(2089858483,b0f066a214c2f5e87bad3c948f4d605d) (ScriptedImporter) -> (artifact id: '7f6885cbbcea30ecc0f8347ccd001e5d') in 0.0104003 seconds
Number of updated asset objects reloaded before import = 0Number of asset objects unloaded after import = 2

========================================================================
Received Import Request.
  Time since last request: 0.000020 seconds.
  path: Assets/Graphisms/Tilesets/SubTiles/Outside_751.asset
  artifactKey: Guid(03ac6e8b8f1432f478c9576c979598bc) Importer(2089858483,b0f066a214c2f5e87bad3c948f4d605d)
Start importing Assets/Graphisms/Tilesets/SubTiles/Outside_751.asset using Guid(03ac6e8b8f1432f478c9576c979598bc) Importer(2089858483,b0f066a214c2f5e87bad3c948f4d605d) (ScriptedImporter) -> (artifact id: 'a7772510e95f13ad6fd9784813fc8d9e') in 0.0117253 seconds
Number of updated asset objects reloaded before import = 0Number of asset objects unloaded after import = 2

========================================================================
Received Import Request.
  Time since last request: 0.000035 seconds.
  path: Assets/Graphisms/Tilesets/SubTiles/Outside_315.asset
  artifactKey: Guid(0caba91fb7c571c43b53a4fa6c9799f7) Importer(2089858483,b0f066a214c2f5e87bad3c948f4d605d)
Start importing Assets/Graphisms/Tilesets/SubTiles/Outside_315.asset using Guid(0caba91fb7c571c43b53a4fa6c9799f7) Importer(2089858483,b0f066a214c2f5e87bad3c948f4d605d) (ScriptedImporter) -> (artifact id: '6a50838b7e8edafdc9b69801e62355a2') in 0.0183935 seconds
Number of updated asset objects reloaded before import = 0Number of asset objects unloaded after import = 2

========================================================================
Received Import Request.
  Time since last request: 0.000044 seconds.
  path: Assets/Graphisms/Tilesets/SubTiles/Outside_1295.asset
  artifactKey: Guid(ce58acb690d15314da3d1d0cc379836c) Importer(2089858483,b0f066a214c2f5e87bad3c948f4d605d)
Start importing Assets/Graphisms/Tilesets/SubTiles/Outside_1295.asset using Guid(ce58acb690d15314da3d1d0cc379836c) Importer(2089858483,b0f066a214c2f5e87bad3c948f4d605d) (ScriptedImporter) -> (artifact id: '18a6cd0bd10e3d6a30b68b641194d86d') in 0.0133639 seconds
Number of updated asset objects reloaded before import = 0Number of asset objects unloaded after import = 2

========================================================================
Received Import Request.
  Time since last request: 0.000023 seconds.
  path: Assets/Graphisms/Tilesets/SubTiles/Outside_2163.asset
  artifactKey: Guid(7d259f83c96abf244a31a04a545b8e4a) Importer(2089858483,b0f066a214c2f5e87bad3c948f4d605d)
Start importing Assets/Graphisms/Tilesets/SubTiles/Outside_2163.asset using Guid(7d259f83c96abf244a31a04a545b8e4a) Importer(2089858483,b0f066a214c2f5e87bad3c948f4d605d) (ScriptedImporter) -> (artifact id: '868bfc9e084d680eee9c74f3100757fc') in 0.0561662 seconds
Number of updated asset objects reloaded before import = 0Number of asset objects unloaded after import = 2

========================================================================
Received Import Request.
  Time since last request: 0.000046 seconds.
  path: Assets/Graphisms/Tilesets/SubTiles/Outside_1245.asset
  artifactKey: Guid(857dab2d0df05bb48944a318333ec9b4) Importer(2089858483,b0f066a214c2f5e87bad3c948f4d605d)
Start importing Assets/Graphisms/Tilesets/SubTiles/Outside_1245.asset using Guid(857dab2d0df05bb48944a318333ec9b4) Importer(2089858483,b0f066a214c2f5e87bad3c948f4d605d) (ScriptedImporter) -> (artifact id: '81aca57186c4f9b3367b6d8339dd2c86') in 0.0113176 seconds
Number of updated asset objects reloaded before import = 0Number of asset objects unloaded after import = 2

========================================================================
Received Import Request.
  Time since last request: 0.000024 seconds.
  path: Assets/Graphisms/Tilesets/SubTiles/Outside_1950.asset
  artifactKey: Guid(cf75afa8bf4373f4e8704461c50e525a) Importer(2089858483,b0f066a214c2f5e87bad3c948f4d605d)
Start importing Assets/Graphisms/Tilesets/SubTiles/Outside_1950.asset using Guid(cf75afa8bf4373f4e8704461c50e525a) Importer(2089858483,b0f066a214c2f5e87bad3c948f4d605d) (ScriptedImporter) -> (artifact id: 'e1dfafec3ed523eea81a134eea0bbcca') in 0.0108263 seconds
Number of updated asset objects reloaded before import = 0Number of asset objects unloaded after import = 2

========================================================================
Received Import Request.
  Time since last request: 0.000045 seconds.
  path: Assets/Graphisms/Tilesets/SubTiles/Outside_1838.asset
  artifactKey: Guid(0e60d149e214a934aac8876d4899bf22) Importer(2089858483,b0f066a214c2f5e87bad3c948f4d605d)
Start importing Assets/Graphisms/Tilesets/SubTiles/Outside_1838.asset using Guid(0e60d149e214a934aac8876d4899bf22) Importer(2089858483,b0f066a214c2f5e87bad3c948f4d605d) (ScriptedImporter) -> (artifact id: '906f4c6f44cb302916bec7ed9aebe65f') in 0.010042 seconds
Number of updated asset objects reloaded before import = 0Number of asset objects unloaded after import = 2

========================================================================
Received Import Request.
  Time since last request: 0.000024 seconds.
  path: Assets/Graphisms/Tilesets/SubTiles/Outside_3985.asset
  artifactKey: Guid(96b94acd5986a444293ce107d09a891f) Importer(2089858483,b0f066a214c2f5e87bad3c948f4d605d)
Start importing Assets/Graphisms/Tilesets/SubTiles/Outside_3985.asset using Guid(96b94acd5986a444293ce107d09a891f) Importer(2089858483,b0f066a214c2f5e87bad3c948f4d605d) (ScriptedImporter) -> (artifact id: '9f3ae6ccb5e18601bbab73c367ad208f') in 0.0115937 seconds
Number of updated asset objects reloaded before import = 0Number of asset objects unloaded after import = 2

========================================================================
Received Import Request.
  Time since last request: 0.000032 seconds.
  path: Assets/Graphisms/Tilesets/SubTiles/Outside_1605.asset
  artifactKey: Guid(cab5cd2cf4af8d04882e93109ea1f006) Importer(2089858483,b0f066a214c2f5e87bad3c948f4d605d)
Start importing Assets/Graphisms/Tilesets/SubTiles/Outside_1605.asset using Guid(cab5cd2cf4af8d04882e93109ea1f006) Importer(2089858483,b0f066a214c2f5e87bad3c948f4d605d) (ScriptedImporter) -> (artifact id: 'c8446e1da3a7f21c06f02846bf0aa9c6') in 0.0101318 seconds
Number of updated asset objects reloaded before import = 0Number of asset objects unloaded after import = 2

========================================================================
Received Import Request.
  Time since last request: 0.000022 seconds.
  path: Assets/Graphisms/Tilesets/SubTiles/Outside_1686.asset
  artifactKey: Guid(8da27103fc86f6a4988ab8ab1abcd2c1) Importer(2089858483,b0f066a214c2f5e87bad3c948f4d605d)
Start importing Assets/Graphisms/Tilesets/SubTiles/Outside_1686.asset using Guid(8da27103fc86f6a4988ab8ab1abcd2c1) Importer(2089858483,b0f066a214c2f5e87bad3c948f4d605d) (ScriptedImporter) -> (artifact id: '639818796af396b05d951190d57f39c3') in 0.0223739 seconds
Number of updated asset objects reloaded before import = 0Number of asset objects unloaded after import = 2

========================================================================
Received Import Request.
  Time since last request: 0.000036 seconds.
  path: Assets/Graphisms/Tilesets/SubTiles/Outside_2700.asset
  artifactKey: Guid(b934e64b79fbdcc4496dc07ed5ee57f0) Importer(2089858483,b0f066a214c2f5e87bad3c948f4d605d)
Start importing Assets/Graphisms/Tilesets/SubTiles/Outside_2700.asset using Guid(b934e64b79fbdcc4496dc07ed5ee57f0) Importer(2089858483,b0f066a214c2f5e87bad3c948f4d605d) (ScriptedImporter) -> (artifact id: '46c6b3399d4f7b11462402b094c2e217') in 0.0103831 seconds
Number of updated asset objects reloaded before import = 0Number of asset objects unloaded after import = 2

========================================================================
Received Import Request.
  Time since last request: 0.000026 seconds.
  path: Assets/Graphisms/Tilesets/SubTiles/Outside_2143.asset
  artifactKey: Guid(15b1dae3f4a67b847a66448b74a61242) Importer(2089858483,b0f066a214c2f5e87bad3c948f4d605d)
Start importing Assets/Graphisms/Tilesets/SubTiles/Outside_2143.asset using Guid(15b1dae3f4a67b847a66448b74a61242) Importer(2089858483,b0f066a214c2f5e87bad3c948f4d605d) (ScriptedImporter) -> (artifact id: '2a871a6e433906b77ff384fac9fdaa12') in 0.0161177 seconds
Number of updated asset objects reloaded before import = 0Number of asset objects unloaded after import = 2

========================================================================
Received Import Request.
  Time since last request: 0.000043 seconds.
  path: Assets/Graphisms/Tilesets/SubTiles/Outside_2239.asset
  artifactKey: Guid(413a9aa9458cac04caef63533f6884d4) Importer(2089858483,b0f066a214c2f5e87bad3c948f4d605d)
Start importing Assets/Graphisms/Tilesets/SubTiles/Outside_2239.asset using Guid(413a9aa9458cac04caef63533f6884d4) Importer(2089858483,b0f066a214c2f5e87bad3c948f4d605d) (ScriptedImporter) -> (artifact id: 'a76f8f2e77ab200e3824392db565e6e3') in 0.0108268 seconds
Number of updated asset objects reloaded before import = 0Number of asset objects unloaded after import = 2

========================================================================
Received Import Request.
  Time since last request: 0.000031 seconds.
  path: Assets/Graphisms/Tilesets/SubTiles/Outside_2548.asset
  artifactKey: Guid(dba903232ebb5604d93ee1f37715cb2d) Importer(2089858483,b0f066a214c2f5e87bad3c948f4d605d)
Start importing Assets/Graphisms/Tilesets/SubTiles/Outside_2548.asset using Guid(dba903232ebb5604d93ee1f37715cb2d) Importer(2089858483,b0f066a214c2f5e87bad3c948f4d605d) (ScriptedImporter) -> (artifact id: '076735f757fcbfec0b367cb89e4fd7a6') in 0.0095872 seconds
Number of updated asset objects reloaded before import = 0Number of asset objects unloaded after import = 2

========================================================================
Received Import Request.
  Time since last request: 0.000033 seconds.
  path: Assets/Graphisms/Tilesets/SubTiles/Outside_1387.asset
  artifactKey: Guid(305c2850795d9b84e8ac1fdfbd3e64c6) Importer(2089858483,b0f066a214c2f5e87bad3c948f4d605d)
Start importing Assets/Graphisms/Tilesets/SubTiles/Outside_1387.asset using Guid(305c2850795d9b84e8ac1fdfbd3e64c6) Importer(2089858483,b0f066a214c2f5e87bad3c948f4d605d) (ScriptedImporter) -> (artifact id: 'a0b3ae57397630ca6deb7acdcf5a38ce') in 0.0111608 seconds
Number of updated asset objects reloaded before import = 0Number of asset objects unloaded after import = 2

========================================================================
Received Import Request.
  Time since last request: 0.000090 seconds.
  path: Assets/Graphisms/Tilesets/SubTiles/Outside_796.asset
  artifactKey: Guid(d90cf24095d29ec469bd72200b37044a) Importer(2089858483,b0f066a214c2f5e87bad3c948f4d605d)
Start importing Assets/Graphisms/Tilesets/SubTiles/Outside_796.asset using Guid(d90cf24095d29ec469bd72200b37044a) Importer(2089858483,b0f066a214c2f5e87bad3c948f4d605d) (ScriptedImporter) -> (artifact id: '41617da852ccbaa7c120721ec77092dd') in 0.0147951 seconds
Number of updated asset objects reloaded before import = 0Number of asset objects unloaded after import = 2

========================================================================
Received Import Request.
  Time since last request: 0.000033 seconds.
  path: Assets/Graphisms/Tilesets/SubTiles/Outside_2389.asset
  artifactKey: Guid(a6319e636342f6f41a1e0a6ff5369e7f) Importer(2089858483,b0f066a214c2f5e87bad3c948f4d605d)
Start importing Assets/Graphisms/Tilesets/SubTiles/Outside_2389.asset using Guid(a6319e636342f6f41a1e0a6ff5369e7f) Importer(2089858483,b0f066a214c2f5e87bad3c948f4d605d) (ScriptedImporter) -> (artifact id: 'e67021ad0311dba4ea0ea91c0af7731b') in 0.0114821 seconds
Number of updated asset objects reloaded before import = 0Number of asset objects unloaded after import = 2

========================================================================
Received Import Request.
  Time since last request: 0.000024 seconds.
  path: Assets/Graphisms/Tilesets/SubTiles/Outside_677.asset
  artifactKey: Guid(5b87ef40e92073340b0fe5e8fa07c96f) Importer(2089858483,b0f066a214c2f5e87bad3c948f4d605d)
Start importing Assets/Graphisms/Tilesets/SubTiles/Outside_677.asset using Guid(5b87ef40e92073340b0fe5e8fa07c96f) Importer(2089858483,b0f066a214c2f5e87bad3c948f4d605d) (ScriptedImporter) -> (artifact id: '1bbb97b69cd6c5718c6569ecc59ffa50') in 0.0116213 seconds
Number of updated asset objects reloaded before import = 0Number of asset objects unloaded after import = 2

========================================================================
Received Import Request.
  Time since last request: 0.000047 seconds.
  path: Assets/Graphisms/Tilesets/SubTiles/Outside_2873.asset
  artifactKey: Guid(730081348afeed848a42dc070c96b9e0) Importer(2089858483,b0f066a214c2f5e87bad3c948f4d605d)
Start importing Assets/Graphisms/Tilesets/SubTiles/Outside_2873.asset using Guid(730081348afeed848a42dc070c96b9e0) Importer(2089858483,b0f066a214c2f5e87bad3c948f4d605d) (ScriptedImporter) -> (artifact id: '71635d0c07821f0a12fe0ba8d6508cd2') in 0.0158403 seconds
Number of updated asset objects reloaded before import = 0Number of asset objects unloaded after import = 2

========================================================================
Received Import Request.
  Time since last request: 0.000031 seconds.
  path: Assets/Graphisms/Tilesets/SubTiles/Outside_3184.asset
  artifactKey: Guid(da56cfa62ed1a4040a6a1eb55ff2236c) Importer(2089858483,b0f066a214c2f5e87bad3c948f4d605d)
Start importing Assets/Graphisms/Tilesets/SubTiles/Outside_3184.asset using Guid(da56cfa62ed1a4040a6a1eb55ff2236c) Importer(2089858483,b0f066a214c2f5e87bad3c948f4d605d) (ScriptedImporter) -> (artifact id: 'f4beffa12a7d49db8507d413d45698eb') in 0.0111013 seconds
Number of updated asset objects reloaded before import = 0Number of asset objects unloaded after import = 2

========================================================================
Received Import Request.
  Time since last request: 0.000047 seconds.
  path: Assets/Graphisms/Tilesets/SubTiles/Outside_3345.asset
  artifactKey: Guid(11bfa99ea71462a44ab0a27c5fbdb148) Importer(2089858483,b0f066a214c2f5e87bad3c948f4d605d)
Start importing Assets/Graphisms/Tilesets/SubTiles/Outside_3345.asset using Guid(11bfa99ea71462a44ab0a27c5fbdb148) Importer(2089858483,b0f066a214c2f5e87bad3c948f4d605d) (ScriptedImporter) -> (artifact id: '2dfa6f8d811dc4bb0f2a4b9970b791e4') in 0.0106677 seconds
Number of updated asset objects reloaded before import = 0Number of asset objects unloaded after import = 2

========================================================================
Received Import Request.
  Time since last request: 0.000023 seconds.
  path: Assets/Graphisms/Tilesets/SubTiles/Outside_2569.asset
  artifactKey: Guid(97d8829a813dab743a886afc95d17d58) Importer(2089858483,b0f066a214c2f5e87bad3c948f4d605d)
Start importing Assets/Graphisms/Tilesets/SubTiles/Outside_2569.asset using Guid(97d8829a813dab743a886afc95d17d58) Importer(2089858483,b0f066a214c2f5e87bad3c948f4d605d) (ScriptedImporter) -> (artifact id: '1f283734dbdc7edc17f21edb4e98121a') in 0.0108826 seconds
Number of updated asset objects reloaded before import = 0Number of asset objects unloaded after import = 2

========================================================================
Received Import Request.
  Time since last request: 0.000044 seconds.
  path: Assets/Graphisms/Tilesets/SubTiles/Outside_3163.asset
  artifactKey: Guid(0b365b1251d796c41b162a2c91fe7d30) Importer(2089858483,b0f066a214c2f5e87bad3c948f4d605d)
Start importing Assets/Graphisms/Tilesets/SubTiles/Outside_3163.asset using Guid(0b365b1251d796c41b162a2c91fe7d30) Importer(2089858483,b0f066a214c2f5e87bad3c948f4d605d) (ScriptedImporter) -> (artifact id: '7f3b9ae3d8ae3dfa1b105cb085501789') in 0.0124923 seconds
Number of updated asset objects reloaded before import = 0Number of asset objects unloaded after import = 2

========================================================================
Received Import Request.
  Time since last request: 0.000024 seconds.
  path: Assets/Graphisms/Tilesets/SubTiles/Outside_323.asset
  artifactKey: Guid(83dfa61ae0f9db249be9cbac42134f00) Importer(2089858483,b0f066a214c2f5e87bad3c948f4d605d)
Start importing Assets/Graphisms/Tilesets/SubTiles/Outside_323.asset using Guid(83dfa61ae0f9db249be9cbac42134f00) Importer(2089858483,b0f066a214c2f5e87bad3c948f4d605d) (ScriptedImporter) -> (artifact id: '49af945dfabfbdee2c8bb6d1759ca52e') in 0.0178593 seconds
Number of updated asset objects reloaded before import = 0Number of asset objects unloaded after import = 2

========================================================================
Received Import Request.
  Time since last request: 0.000025 seconds.
  path: Assets/Graphisms/Tilesets/SubTiles/Outside_3964.asset
  artifactKey: Guid(08f3ff6e4e9a76c4cac85887924a5456) Importer(2089858483,b0f066a214c2f5e87bad3c948f4d605d)
Start importing Assets/Graphisms/Tilesets/SubTiles/Outside_3964.asset using Guid(08f3ff6e4e9a76c4cac85887924a5456) Importer(2089858483,b0f066a214c2f5e87bad3c948f4d605d) (ScriptedImporter) -> (artifact id: '951152f99834e7bd756efa2125d0c196') in 0.0116539 seconds
Number of updated asset objects reloaded before import = 0Number of asset objects unloaded after import = 2

========================================================================
Received Import Request.
  Time since last request: 0.000029 seconds.
  path: Assets/Graphisms/Tilesets/SubTiles/Outside_3292.asset
  artifactKey: Guid(8d873f5fda2d39849b31f42e0ec5d32b) Importer(2089858483,b0f066a214c2f5e87bad3c948f4d605d)
Start importing Assets/Graphisms/Tilesets/SubTiles/Outside_3292.asset using Guid(8d873f5fda2d39849b31f42e0ec5d32b) Importer(2089858483,b0f066a214c2f5e87bad3c948f4d605d) (ScriptedImporter) -> (artifact id: '73364372029c87563bf1f0367a88b0fb') in 0.0107914 seconds
Number of updated asset objects reloaded before import = 0Number of asset objects unloaded after import = 2

========================================================================
Received Import Request.
  Time since last request: 0.000035 seconds.
  path: Assets/Graphisms/Tilesets/SubTiles/Outside_2869.asset
  artifactKey: Guid(fab659676a20ba94fbb15a73a50985a5) Importer(2089858483,b0f066a214c2f5e87bad3c948f4d605d)
Start importing Assets/Graphisms/Tilesets/SubTiles/Outside_2869.asset using Guid(fab659676a20ba94fbb15a73a50985a5) Importer(2089858483,b0f066a214c2f5e87bad3c948f4d605d) (ScriptedImporter) -> (artifact id: '0edf35a711603a98a2e3587bb7784347') in 0.0141009 seconds
Number of updated asset objects reloaded before import = 0Number of asset objects unloaded after import = 2

========================================================================
Received Import Request.
  Time since last request: 0.000028 seconds.
  path: Assets/Graphisms/Tilesets/SubTiles/Outside_96.asset
  artifactKey: Guid(a59c496184ba57946a4f1e16748ee851) Importer(2089858483,b0f066a214c2f5e87bad3c948f4d605d)
Start importing Assets/Graphisms/Tilesets/SubTiles/Outside_96.asset using Guid(a59c496184ba57946a4f1e16748ee851) Importer(2089858483,b0f066a214c2f5e87bad3c948f4d605d) (ScriptedImporter) -> (artifact id: 'f40acb60611be07619147abb73af316e') in 0.0209629 seconds
Number of updated asset objects reloaded before import = 0Number of asset objects unloaded after import = 2

========================================================================
Received Import Request.
  Time since last request: 0.000022 seconds.
  path: Assets/Graphisms/Tilesets/SubTiles/Outside_1706.asset
  artifactKey: Guid(5b2450e0f72cb624ea619fd446d07815) Importer(2089858483,b0f066a214c2f5e87bad3c948f4d605d)
Start importing Assets/Graphisms/Tilesets/SubTiles/Outside_1706.asset using Guid(5b2450e0f72cb624ea619fd446d07815) Importer(2089858483,b0f066a214c2f5e87bad3c948f4d605d) (ScriptedImporter) -> (artifact id: '0ae996b4358b228f1fd850380fce8dda') in 0.0100567 seconds
Number of updated asset objects reloaded before import = 0Number of asset objects unloaded after import = 2

========================================================================
Received Import Request.
  Time since last request: 0.000031 seconds.
  path: Assets/Graphisms/Tilesets/SubTiles/Outside_3993.asset
  artifactKey: Guid(7e7b726e7fec166479a209afe663a0f9) Importer(2089858483,b0f066a214c2f5e87bad3c948f4d605d)
Start importing Assets/Graphisms/Tilesets/SubTiles/Outside_3993.asset using Guid(7e7b726e7fec166479a209afe663a0f9) Importer(2089858483,b0f066a214c2f5e87bad3c948f4d605d) (ScriptedImporter) -> (artifact id: '0178031944e0fbbeb494f32ab2d0889d') in 0.0120573 seconds
Number of updated asset objects reloaded before import = 0Number of asset objects unloaded after import = 2

========================================================================
Received Import Request.
  Time since last request: 0.000034 seconds.
  path: Assets/Graphisms/Tilesets/SubTiles/Outside_3057.asset
  artifactKey: Guid(481b4398c94520844b3494f832d613a4) Importer(2089858483,b0f066a214c2f5e87bad3c948f4d605d)
Start importing Assets/Graphisms/Tilesets/SubTiles/Outside_3057.asset using Guid(481b4398c94520844b3494f832d613a4) Importer(2089858483,b0f066a214c2f5e87bad3c948f4d605d) (ScriptedImporter) -> (artifact id: 'bbf420a835bb0710f21f5bb3380f355f') in 0.0132223 seconds
Number of updated asset objects reloaded before import = 0Number of asset objects unloaded after import = 2

========================================================================
Received Import Request.
  Time since last request: 0.000027 seconds.
  path: Assets/Graphisms/Tilesets/SubTiles/Outside_2351.asset
  artifactKey: Guid(5cb08c0751b0d764695087490716588b) Importer(2089858483,b0f066a214c2f5e87bad3c948f4d605d)
Start importing Assets/Graphisms/Tilesets/SubTiles/Outside_2351.asset using Guid(5cb08c0751b0d764695087490716588b) Importer(2089858483,b0f066a214c2f5e87bad3c948f4d605d) (ScriptedImporter) -> (artifact id: '2895dec04f5beae89c80962884acf2ae') in 0.0115159 seconds
Number of updated asset objects reloaded before import = 0Number of asset objects unloaded after import = 2

========================================================================
Received Import Request.
  Time since last request: 0.000020 seconds.
  path: Assets/Graphisms/Tilesets/SubTiles/Outside_2479.asset
  artifactKey: Guid(0c4c0dec3b5fe8d4391d7d4b31bfec7b) Importer(2089858483,b0f066a214c2f5e87bad3c948f4d605d)
Start importing Assets/Graphisms/Tilesets/SubTiles/Outside_2479.asset using Guid(0c4c0dec3b5fe8d4391d7d4b31bfec7b) Importer(2089858483,b0f066a214c2f5e87bad3c948f4d605d) (ScriptedImporter) -> (artifact id: '6787e147c6158c0d6d23be91906b3318') in 0.0112694 seconds
Number of updated asset objects reloaded before import = 0Number of asset objects unloaded after import = 2

========================================================================
Received Import Request.
  Time since last request: 0.000027 seconds.
  path: Assets/Graphisms/Tilesets/SubTiles/Outside_2890.asset
  artifactKey: Guid(24e03f13b1190724d9cc244037fdd807) Importer(2089858483,b0f066a214c2f5e87bad3c948f4d605d)
Start importing Assets/Graphisms/Tilesets/SubTiles/Outside_2890.asset using Guid(24e03f13b1190724d9cc244037fdd807) Importer(2089858483,b0f066a214c2f5e87bad3c948f4d605d) (ScriptedImporter) -> (artifact id: '8e20646e37b424b3575f93a5cbed4d0e') in 0.0106148 seconds
Number of updated asset objects reloaded before import = 0Number of asset objects unloaded after import = 2

========================================================================
Received Import Request.
  Time since last request: 0.000025 seconds.
  path: Assets/Graphisms/Tilesets/SubTiles/Outside_1313.asset
  artifactKey: Guid(1543e66ccea1bc644abd9ab1eaaecf13) Importer(2089858483,b0f066a214c2f5e87bad3c948f4d605d)
Start importing Assets/Graphisms/Tilesets/SubTiles/Outside_1313.asset using Guid(1543e66ccea1bc644abd9ab1eaaecf13) Importer(2089858483,b0f066a214c2f5e87bad3c948f4d605d) (ScriptedImporter) -> (artifact id: '4034e1985d4922e071a571893f808c99') in 0.013006 seconds
Number of updated asset objects reloaded before import = 0Number of asset objects unloaded after import = 2

========================================================================
Received Import Request.
  Time since last request: 0.000031 seconds.
  path: Assets/Graphisms/Tilesets/SubTiles/Outside_2157.asset
  artifactKey: Guid(b807943600ab910458153ec896a1fe94) Importer(2089858483,b0f066a214c2f5e87bad3c948f4d605d)
Start importing Assets/Graphisms/Tilesets/SubTiles/Outside_2157.asset using Guid(b807943600ab910458153ec896a1fe94) Importer(2089858483,b0f066a214c2f5e87bad3c948f4d605d) (ScriptedImporter) -> (artifact id: 'dea1eaa8e75310a462f801235fd46b16') in 0.0099375 seconds
Number of updated asset objects reloaded before import = 0Number of asset objects unloaded after import = 2

========================================================================
Received Import Request.
  Time since last request: 0.000019 seconds.
  path: Assets/Graphisms/Tilesets/SubTiles/Outside_2312.asset
  artifactKey: Guid(b0dd76d3353a3e543954d92a06e84f28) Importer(2089858483,b0f066a214c2f5e87bad3c948f4d605d)
Start importing Assets/Graphisms/Tilesets/SubTiles/Outside_2312.asset using Guid(b0dd76d3353a3e543954d92a06e84f28) Importer(2089858483,b0f066a214c2f5e87bad3c948f4d605d) (ScriptedImporter) -> (artifact id: '106cce9c9a6d2be8d585354bf678f144') in 0.0104177 seconds
Number of updated asset objects reloaded before import = 0Number of asset objects unloaded after import = 2

========================================================================
Received Import Request.
  Time since last request: 0.000023 seconds.
  path: Assets/Graphisms/Tilesets/SubTiles/Outside_4010.asset
  artifactKey: Guid(c45028f2d411d05429d4753a9286b217) Importer(2089858483,b0f066a214c2f5e87bad3c948f4d605d)
Start importing Assets/Graphisms/Tilesets/SubTiles/Outside_4010.asset using Guid(c45028f2d411d05429d4753a9286b217) Importer(2089858483,b0f066a214c2f5e87bad3c948f4d605d) (ScriptedImporter) -> (artifact id: '7611867f626c00df2c1bf8851fd98421') in 0.0259502 seconds
Number of updated asset objects reloaded before import = 0Number of asset objects unloaded after import = 2

========================================================================
Received Import Request.
  Time since last request: 0.000017 seconds.
  path: Assets/Graphisms/Tilesets/SubTiles/Outside_2346.asset
  artifactKey: Guid(6f502feadef3251408643631d18a43b6) Importer(2089858483,b0f066a214c2f5e87bad3c948f4d605d)
Start importing Assets/Graphisms/Tilesets/SubTiles/Outside_2346.asset using Guid(6f502feadef3251408643631d18a43b6) Importer(2089858483,b0f066a214c2f5e87bad3c948f4d605d) (ScriptedImporter) -> (artifact id: '79ec5d7e57f1cb4ab2ffc4e097a76bfc') in 0.0107881 seconds
Number of updated asset objects reloaded before import = 0Number of asset objects unloaded after import = 2

========================================================================
Received Import Request.
  Time since last request: 0.000026 seconds.
  path: Assets/Graphisms/Tilesets/SubTiles/Outside_1900.asset
  artifactKey: Guid(00be678c77636c54287c5b8e5d4584d2) Importer(2089858483,b0f066a214c2f5e87bad3c948f4d605d)
Start importing Assets/Graphisms/Tilesets/SubTiles/Outside_1900.asset using Guid(00be678c77636c54287c5b8e5d4584d2) Importer(2089858483,b0f066a214c2f5e87bad3c948f4d605d) (ScriptedImporter) -> (artifact id: 'bf75339ae6247bde6bafbe4096ec1bed') in 0.0109532 seconds
Number of updated asset objects reloaded before import = 0Number of asset objects unloaded after import = 2

========================================================================
Received Import Request.
  Time since last request: 0.000031 seconds.
  path: Assets/Graphisms/Tilesets/SubTiles/Outside_2013.asset
  artifactKey: Guid(9b0e5f0adbe20664799e451bc9eb0d26) Importer(2089858483,b0f066a214c2f5e87bad3c948f4d605d)
Start importing Assets/Graphisms/Tilesets/SubTiles/Outside_2013.asset using Guid(9b0e5f0adbe20664799e451bc9eb0d26) Importer(2089858483,b0f066a214c2f5e87bad3c948f4d605d) (ScriptedImporter) -> (artifact id: 'b7acc681c6b87fc917a7e4cac3fdb553') in 0.0129712 seconds
Number of updated asset objects reloaded before import = 0Number of asset objects unloaded after import = 2

========================================================================
Received Import Request.
  Time since last request: 0.000015 seconds.
  path: Assets/Graphisms/Tilesets/SubTiles/Outside_2049.asset
  artifactKey: Guid(8af2946b4ec8cb442a15094dcd53dcf6) Importer(2089858483,b0f066a214c2f5e87bad3c948f4d605d)
Start importing Assets/Graphisms/Tilesets/SubTiles/Outside_2049.asset using Guid(8af2946b4ec8cb442a15094dcd53dcf6) Importer(2089858483,b0f066a214c2f5e87bad3c948f4d605d) (ScriptedImporter) -> (artifact id: '5cc13d7abfff1730a697b96377b4cd9e') in 0.0112749 seconds
Number of updated asset objects reloaded before import = 0Number of asset objects unloaded after import = 2

========================================================================
Received Import Request.
  Time since last request: 0.000023 seconds.
  path: Assets/Graphisms/Tilesets/SubTiles/Outside_1757.asset
  artifactKey: Guid(c185fe667c7293f438875cee3fc5b914) Importer(2089858483,b0f066a214c2f5e87bad3c948f4d605d)
Start importing Assets/Graphisms/Tilesets/SubTiles/Outside_1757.asset using Guid(c185fe667c7293f438875cee3fc5b914) Importer(2089858483,b0f066a214c2f5e87bad3c948f4d605d) (ScriptedImporter) -> (artifact id: 'd4d8ea5b831b597c09adbcfa4851287c') in 0.0109973 seconds
Number of updated asset objects reloaded before import = 0Number of asset objects unloaded after import = 2

========================================================================
Received Import Request.
  Time since last request: 0.000034 seconds.
  path: Assets/Graphisms/Tilesets/SubTiles/Outside_610.asset
  artifactKey: Guid(807bee81b14c22a4bbd79f35d9b58567) Importer(2089858483,b0f066a214c2f5e87bad3c948f4d605d)
Start importing Assets/Graphisms/Tilesets/SubTiles/Outside_610.asset using Guid(807bee81b14c22a4bbd79f35d9b58567) Importer(2089858483,b0f066a214c2f5e87bad3c948f4d605d) (ScriptedImporter) -> (artifact id: '7303d0c2732a04236ba343d990ba920c') in 0.0112232 seconds
Number of updated asset objects reloaded before import = 0Number of asset objects unloaded after import = 2

========================================================================
Received Import Request.
  Time since last request: 0.000023 seconds.
  path: Assets/Graphisms/Tilesets/SubTiles/Outside_3741.asset
  artifactKey: Guid(24016328dcb6aab4c989076cc7d440cc) Importer(2089858483,b0f066a214c2f5e87bad3c948f4d605d)
Start importing Assets/Graphisms/Tilesets/SubTiles/Outside_3741.asset using Guid(24016328dcb6aab4c989076cc7d440cc) Importer(2089858483,b0f066a214c2f5e87bad3c948f4d605d) (ScriptedImporter) -> (artifact id: '70bcf6f3bae2a32f537190ad5b0f08f5') in 0.0139276 seconds
Number of updated asset objects reloaded before import = 0Number of asset objects unloaded after import = 2

========================================================================
Received Import Request.
  Time since last request: 0.000030 seconds.
  path: Assets/Graphisms/Tilesets/SubTiles/Outside_3534.asset
  artifactKey: Guid(46bbc4bc8195adc459064b02c4747025) Importer(2089858483,b0f066a214c2f5e87bad3c948f4d605d)
Start importing Assets/Graphisms/Tilesets/SubTiles/Outside_3534.asset using Guid(46bbc4bc8195adc459064b02c4747025) Importer(2089858483,b0f066a214c2f5e87bad3c948f4d605d) (ScriptedImporter) -> (artifact id: '48f7dc7a5e44df48ad245c770a132457') in 0.0101851 seconds
Number of updated asset objects reloaded before import = 0Number of asset objects unloaded after import = 2

========================================================================
Received Import Request.
  Time since last request: 0.000027 seconds.
  path: Assets/Graphisms/Tilesets/SubTiles/Outside_810.asset
  artifactKey: Guid(e2d772002b1248a4b8a2da564b187ea3) Importer(2089858483,b0f066a214c2f5e87bad3c948f4d605d)
Start importing Assets/Graphisms/Tilesets/SubTiles/Outside_810.asset using Guid(e2d772002b1248a4b8a2da564b187ea3) Importer(2089858483,b0f066a214c2f5e87bad3c948f4d605d) (ScriptedImporter) -> (artifact id: '3a2e6aae6cbf1a175373b11ae099f655') in 0.0099309 seconds
Number of updated asset objects reloaded before import = 0Number of asset objects unloaded after import = 2

========================================================================
Received Import Request.
  Time since last request: 0.000031 seconds.
  path: Assets/Graphisms/Tilesets/SubTiles/Outside_3118.asset
  artifactKey: Guid(03f7caf9792653a4f90bec42096ee10c) Importer(2089858483,b0f066a214c2f5e87bad3c948f4d605d)
Start importing Assets/Graphisms/Tilesets/SubTiles/Outside_3118.asset using Guid(03f7caf9792653a4f90bec42096ee10c) Importer(2089858483,b0f066a214c2f5e87bad3c948f4d605d) (ScriptedImporter) -> (artifact id: 'e02555d036bccd689e09795abd18740a') in 0.0108461 seconds
Number of updated asset objects reloaded before import = 0Number of asset objects unloaded after import = 2

========================================================================
Received Import Request.
  Time since last request: 0.000048 seconds.
  path: Assets/Graphisms/Tilesets/SubTiles/Outside_1553.asset
  artifactKey: Guid(04be9bc99f8c03141a7afb4b16d73c0a) Importer(2089858483,b0f066a214c2f5e87bad3c948f4d605d)
Start importing Assets/Graphisms/Tilesets/SubTiles/Outside_1553.asset using Guid(04be9bc99f8c03141a7afb4b16d73c0a) Importer(2089858483,b0f066a214c2f5e87bad3c948f4d605d) (ScriptedImporter) -> (artifact id: '24367c9766971a53465ed1461f09a711') in 0.0110582 seconds
Number of updated asset objects reloaded before import = 0Number of asset objects unloaded after import = 2

========================================================================
Received Import Request.
  Time since last request: 0.000032 seconds.
  path: Assets/Graphisms/Tilesets/SubTiles/Outside_2702.asset
  artifactKey: Guid(6e37567290ebd2d4db7256ba763a5583) Importer(2089858483,b0f066a214c2f5e87bad3c948f4d605d)
Start importing Assets/Graphisms/Tilesets/SubTiles/Outside_2702.asset using Guid(6e37567290ebd2d4db7256ba763a5583) Importer(2089858483,b0f066a214c2f5e87bad3c948f4d605d) (ScriptedImporter) -> (artifact id: '6756097392abc2db23bd6fee97cd9530') in 0.0102324 seconds
Number of updated asset objects reloaded before import = 0Number of asset objects unloaded after import = 2

========================================================================
Received Import Request.
  Time since last request: 0.000038 seconds.
  path: Assets/Graphisms/Tilesets/SubTiles/Outside_2602.asset
  artifactKey: Guid(b4b2bd0d86138c24bb474c725c5ff07a) Importer(2089858483,b0f066a214c2f5e87bad3c948f4d605d)
Start importing Assets/Graphisms/Tilesets/SubTiles/Outside_2602.asset using Guid(b4b2bd0d86138c24bb474c725c5ff07a) Importer(2089858483,b0f066a214c2f5e87bad3c948f4d605d) (ScriptedImporter) -> (artifact id: '8bf9cb04163ac19e3b2dbd1c639c81ee') in 0.0109601 seconds
Number of updated asset objects reloaded before import = 0Number of asset objects unloaded after import = 2

========================================================================
Received Import Request.
  Time since last request: 0.000036 seconds.
  path: Assets/Graphisms/Tilesets/SubTiles/Outside_1007.asset
  artifactKey: Guid(283781c90983a1c4d998f7c3d03f00ba) Importer(2089858483,b0f066a214c2f5e87bad3c948f4d605d)
Start importing Assets/Graphisms/Tilesets/SubTiles/Outside_1007.asset using Guid(283781c90983a1c4d998f7c3d03f00ba) Importer(2089858483,b0f066a214c2f5e87bad3c948f4d605d) (ScriptedImporter) -> (artifact id: 'a6f8773348047976b876d2f03d3ad385') in 0.0097014 seconds
Number of updated asset objects reloaded before import = 0Number of asset objects unloaded after import = 2

========================================================================
Received Import Request.
  Time since last request: 0.000045 seconds.
  path: Assets/Graphisms/Tilesets/SubTiles/Outside_3273.asset
  artifactKey: Guid(af60114a656184e48b6ea2c0ac5ba70e) Importer(2089858483,b0f066a214c2f5e87bad3c948f4d605d)
Start importing Assets/Graphisms/Tilesets/SubTiles/Outside_3273.asset using Guid(af60114a656184e48b6ea2c0ac5ba70e) Importer(2089858483,b0f066a214c2f5e87bad3c948f4d605d) (ScriptedImporter) -> (artifact id: '3fe44fd6994ff6e1f199d20855cc6a09') in 0.0275239 seconds
Number of updated asset objects reloaded before import = 0Number of asset objects unloaded after import = 2

========================================================================
Received Import Request.
  Time since last request: 0.000040 seconds.
  path: Assets/Graphisms/Tilesets/SubTiles/Outside_3527.asset
  artifactKey: Guid(d3ad5c2df8fe41644a1f3202ca3751b4) Importer(2089858483,b0f066a214c2f5e87bad3c948f4d605d)
Start importing Assets/Graphisms/Tilesets/SubTiles/Outside_3527.asset using Guid(d3ad5c2df8fe41644a1f3202ca3751b4) Importer(2089858483,b0f066a214c2f5e87bad3c948f4d605d) (ScriptedImporter) -> (artifact id: '760ef9709704fefc901877f275c0f9c2') in 0.010237 seconds
Number of updated asset objects reloaded before import = 0Number of asset objects unloaded after import = 2

========================================================================
Received Import Request.
  Time since last request: 0.000025 seconds.
  path: Assets/Graphisms/Tilesets/SubTiles/Outside_1994.asset
  artifactKey: Guid(35fa6589b197f704f874333d492bc25a) Importer(2089858483,b0f066a214c2f5e87bad3c948f4d605d)
Start importing Assets/Graphisms/Tilesets/SubTiles/Outside_1994.asset using Guid(35fa6589b197f704f874333d492bc25a) Importer(2089858483,b0f066a214c2f5e87bad3c948f4d605d) (ScriptedImporter) -> (artifact id: '3cdafa25c0a4b87763a7666e44da0a9d') in 0.0108081 seconds
Number of updated asset objects reloaded before import = 0Number of asset objects unloaded after import = 2

========================================================================
Received Import Request.
  Time since last request: 0.000035 seconds.
  path: Assets/Graphisms/Tilesets/SubTiles/Outside_505.asset
  artifactKey: Guid(bdccda74749ae6d46b850f4388907c44) Importer(2089858483,b0f066a214c2f5e87bad3c948f4d605d)
Start importing Assets/Graphisms/Tilesets/SubTiles/Outside_505.asset using Guid(bdccda74749ae6d46b850f4388907c44) Importer(2089858483,b0f066a214c2f5e87bad3c948f4d605d) (ScriptedImporter) -> (artifact id: 'a08033629db90d11f67ae67a79639cff') in 0.0119317 seconds
Number of updated asset objects reloaded before import = 0Number of asset objects unloaded after import = 2

========================================================================
Received Import Request.
  Time since last request: 0.000018 seconds.
  path: Assets/Graphisms/Tilesets/SubTiles/Outside_3222.asset
  artifactKey: Guid(24074077feea398489e13015a12e9e6e) Importer(2089858483,b0f066a214c2f5e87bad3c948f4d605d)
Start importing Assets/Graphisms/Tilesets/SubTiles/Outside_3222.asset using Guid(24074077feea398489e13015a12e9e6e) Importer(2089858483,b0f066a214c2f5e87bad3c948f4d605d) (ScriptedImporter) -> (artifact id: '76ee1f30f96b853c1be6e2ff01e7d524') in 0.0099521 seconds
Number of updated asset objects reloaded before import = 0Number of asset objects unloaded after import = 2

========================================================================
Received Import Request.
  Time since last request: 0.000015 seconds.
  path: Assets/Graphisms/Tilesets/SubTiles/Outside_1600.asset
  artifactKey: Guid(1b0e3bd0b2a3c6345b4b832bcea5aa38) Importer(2089858483,b0f066a214c2f5e87bad3c948f4d605d)
Start importing Assets/Graphisms/Tilesets/SubTiles/Outside_1600.asset using Guid(1b0e3bd0b2a3c6345b4b832bcea5aa38) Importer(2089858483,b0f066a214c2f5e87bad3c948f4d605d) (ScriptedImporter) -> (artifact id: '122d57655ec1d7e18e2ddc4ec1cd015f') in 0.0116468 seconds
Number of updated asset objects reloaded before import = 0Number of asset objects unloaded after import = 2

========================================================================
Received Import Request.
  Time since last request: 0.000017 seconds.
  path: Assets/Graphisms/Tilesets/SubTiles/Outside_363.asset
  artifactKey: Guid(250038c3a516b7d40ba1a90a47f622e9) Importer(2089858483,b0f066a214c2f5e87bad3c948f4d605d)
Start importing Assets/Graphisms/Tilesets/SubTiles/Outside_363.asset using Guid(250038c3a516b7d40ba1a90a47f622e9) Importer(2089858483,b0f066a214c2f5e87bad3c948f4d605d) (ScriptedImporter) -> (artifact id: '62d8a5e6223e173155f9babea75e353a') in 0.0107234 seconds
Number of updated asset objects reloaded before import = 0Number of asset objects unloaded after import = 2

========================================================================
Received Import Request.
  Time since last request: 0.000023 seconds.
  path: Assets/Graphisms/Tilesets/SubTiles/Outside_1666.asset
  artifactKey: Guid(4b7c8e28ec1b0a9409fddd5304b4a57d) Importer(2089858483,b0f066a214c2f5e87bad3c948f4d605d)
Start importing Assets/Graphisms/Tilesets/SubTiles/Outside_1666.asset using Guid(4b7c8e28ec1b0a9409fddd5304b4a57d) Importer(2089858483,b0f066a214c2f5e87bad3c948f4d605d) (ScriptedImporter) -> (artifact id: '255b8efe85faf97cc147b1e6dc0b56da') in 0.0124414 seconds
Number of updated asset objects reloaded before import = 0Number of asset objects unloaded after import = 2

========================================================================
Received Import Request.
  Time since last request: 0.000015 seconds.
  path: Assets/Graphisms/Tilesets/SubTiles/Outside_1763.asset
  artifactKey: Guid(b033b3f310acf3c4ca8f1f8fe7480377) Importer(2089858483,b0f066a214c2f5e87bad3c948f4d605d)
Start importing Assets/Graphisms/Tilesets/SubTiles/Outside_1763.asset using Guid(b033b3f310acf3c4ca8f1f8fe7480377) Importer(2089858483,b0f066a214c2f5e87bad3c948f4d605d) (ScriptedImporter) -> (artifact id: '1a36e6f8072ab15b28d9889835b6fc86') in 0.0104571 seconds
Number of updated asset objects reloaded before import = 0Number of asset objects unloaded after import = 2

========================================================================
Received Import Request.
  Time since last request: 0.000021 seconds.
  path: Assets/Graphisms/Tilesets/SubTiles/Outside_1263.asset
  artifactKey: Guid(005fd0e696982c942bf99ff84bf0ccdc) Importer(2089858483,b0f066a214c2f5e87bad3c948f4d605d)
Start importing Assets/Graphisms/Tilesets/SubTiles/Outside_1263.asset using Guid(005fd0e696982c942bf99ff84bf0ccdc) Importer(2089858483,b0f066a214c2f5e87bad3c948f4d605d) (ScriptedImporter) -> (artifact id: '03517d19e800bd40c86fa1f036ca4337') in 0.0331959 seconds
Number of updated asset objects reloaded before import = 0Number of asset objects unloaded after import = 2

========================================================================
Received Import Request.
  Time since last request: 0.000026 seconds.
  path: Assets/Graphisms/Tilesets/SubTiles/Outside_3355.asset
  artifactKey: Guid(657acb239509d3f42bb8c2cae199dd75) Importer(2089858483,b0f066a214c2f5e87bad3c948f4d605d)
Start importing Assets/Graphisms/Tilesets/SubTiles/Outside_3355.asset using Guid(657acb239509d3f42bb8c2cae199dd75) Importer(2089858483,b0f066a214c2f5e87bad3c948f4d605d) (ScriptedImporter) -> (artifact id: '15e93571c08a75a50db3d44100b1a449') in 0.0111886 seconds
Number of updated asset objects reloaded before import = 0Number of asset objects unloaded after import = 2

========================================================================
Received Import Request.
  Time since last request: 0.000050 seconds.
  path: Assets/Graphisms/Tilesets/SubTiles/Outside_3123.asset
  artifactKey: Guid(b4a9200755f5d3842ab045feb0e9b7ca) Importer(2089858483,b0f066a214c2f5e87bad3c948f4d605d)
Start importing Assets/Graphisms/Tilesets/SubTiles/Outside_3123.asset using Guid(b4a9200755f5d3842ab045feb0e9b7ca) Importer(2089858483,b0f066a214c2f5e87bad3c948f4d605d) (ScriptedImporter) -> (artifact id: '31b066eadf890f427ce161282090946e') in 0.0152721 seconds
Number of updated asset objects reloaded before import = 0Number of asset objects unloaded after import = 2

========================================================================
Received Import Request.
  Time since last request: 0.000022 seconds.
  path: Assets/Graphisms/Tilesets/SubTiles/Outside_1436.asset
  artifactKey: Guid(05bbfd5d32555f64ba16647e385db0d3) Importer(2089858483,b0f066a214c2f5e87bad3c948f4d605d)
Start importing Assets/Graphisms/Tilesets/SubTiles/Outside_1436.asset using Guid(05bbfd5d32555f64ba16647e385db0d3) Importer(2089858483,b0f066a214c2f5e87bad3c948f4d605d) (ScriptedImporter) -> (artifact id: '4da9db6ac858490f51d2455471ae02f3') in 0.0396501 seconds
Number of updated asset objects reloaded before import = 0Number of asset objects unloaded after import = 2

========================================================================
Received Import Request.
  Time since last request: 0.000027 seconds.
  path: Assets/Graphisms/Tilesets/SubTiles/Outside_428.asset
  artifactKey: Guid(75385fb4cda3cd74d96cebfe0fbe44dc) Importer(2089858483,b0f066a214c2f5e87bad3c948f4d605d)
Start importing Assets/Graphisms/Tilesets/SubTiles/Outside_428.asset using Guid(75385fb4cda3cd74d96cebfe0fbe44dc) Importer(2089858483,b0f066a214c2f5e87bad3c948f4d605d) (ScriptedImporter) -> (artifact id: 'a7eeb922a3ba9328ebe927907a76e839') in 0.0119338 seconds
Number of updated asset objects reloaded before import = 0Number of asset objects unloaded after import = 2

========================================================================
Received Import Request.
  Time since last request: 0.000038 seconds.
  path: Assets/Graphisms/Tilesets/SubTiles/Outside_2637.asset
  artifactKey: Guid(825f27f0b9d0a0d43b0cb1f50458b0df) Importer(2089858483,b0f066a214c2f5e87bad3c948f4d605d)
Start importing Assets/Graphisms/Tilesets/SubTiles/Outside_2637.asset using Guid(825f27f0b9d0a0d43b0cb1f50458b0df) Importer(2089858483,b0f066a214c2f5e87bad3c948f4d605d) (ScriptedImporter) -> (artifact id: '6d00cfa8fb0bdb4a38a45fe8f339ed0c') in 0.0118408 seconds
Number of updated asset objects reloaded before import = 0Number of asset objects unloaded after import = 2

========================================================================
Received Import Request.
  Time since last request: 0.000056 seconds.
  path: Assets/Graphisms/Tilesets/SubTiles/Outside_614.asset
  artifactKey: Guid(5aa41a91aa770cc488c6350fe1091e21) Importer(2089858483,b0f066a214c2f5e87bad3c948f4d605d)
Start importing Assets/Graphisms/Tilesets/SubTiles/Outside_614.asset using Guid(5aa41a91aa770cc488c6350fe1091e21) Importer(2089858483,b0f066a214c2f5e87bad3c948f4d605d) (ScriptedImporter) -> (artifact id: '03b2cb5bc8e249090d5ea06b24a28dc4') in 0.0128442 seconds
Number of updated asset objects reloaded before import = 0Number of asset objects unloaded after import = 2

========================================================================
Received Import Request.
  Time since last request: 0.000031 seconds.
  path: Assets/Graphisms/Tilesets/SubTiles/Outside_3491.asset
  artifactKey: Guid(d54b23e0f57b17f40bef827298c04f7c) Importer(2089858483,b0f066a214c2f5e87bad3c948f4d605d)
Start importing Assets/Graphisms/Tilesets/SubTiles/Outside_3491.asset using Guid(d54b23e0f57b17f40bef827298c04f7c) Importer(2089858483,b0f066a214c2f5e87bad3c948f4d605d) (ScriptedImporter) -> (artifact id: '293d148dfab8994e940edba9190da655') in 0.02427 seconds
Number of updated asset objects reloaded before import = 0Number of asset objects unloaded after import = 2

========================================================================
Received Import Request.
  Time since last request: 0.000020 seconds.
  path: Assets/Graphisms/Tilesets/SubTiles/Outside_1683.asset
  artifactKey: Guid(4df203060b1021c49aeb8d096e4291a8) Importer(2089858483,b0f066a214c2f5e87bad3c948f4d605d)
Start importing Assets/Graphisms/Tilesets/SubTiles/Outside_1683.asset using Guid(4df203060b1021c49aeb8d096e4291a8) Importer(2089858483,b0f066a214c2f5e87bad3c948f4d605d) (ScriptedImporter) -> (artifact id: '77535d1e181828c4c9a70bf5478d153d') in 0.010516 seconds
Number of updated asset objects reloaded before import = 0Number of asset objects unloaded after import = 2

========================================================================
Received Import Request.
  Time since last request: 0.000031 seconds.
  path: Assets/Graphisms/Tilesets/SubTiles/Outside_1399.asset
  artifactKey: Guid(df92b844723b1454b91608dc7c9aec5f) Importer(2089858483,b0f066a214c2f5e87bad3c948f4d605d)
Start importing Assets/Graphisms/Tilesets/SubTiles/Outside_1399.asset using Guid(df92b844723b1454b91608dc7c9aec5f) Importer(2089858483,b0f066a214c2f5e87bad3c948f4d605d) (ScriptedImporter) -> (artifact id: 'bccba07157971e7d6137f85a370793d3') in 0.0120825 seconds
Number of updated asset objects reloaded before import = 0Number of asset objects unloaded after import = 2

========================================================================
Received Import Request.
  Time since last request: 0.000039 seconds.
  path: Assets/Graphisms/Tilesets/SubTiles/Outside_3357.asset
  artifactKey: Guid(cd3968d2462ccb2458273aeb66f12c79) Importer(2089858483,b0f066a214c2f5e87bad3c948f4d605d)
Start importing Assets/Graphisms/Tilesets/SubTiles/Outside_3357.asset using Guid(cd3968d2462ccb2458273aeb66f12c79) Importer(2089858483,b0f066a214c2f5e87bad3c948f4d605d) (ScriptedImporter) -> (artifact id: 'ecc402e870e5b03f1faa82020546d7be') in 0.0104088 seconds
Number of updated asset objects reloaded before import = 0Number of asset objects unloaded after import = 2

========================================================================
Received Import Request.
  Time since last request: 0.000020 seconds.
  path: Assets/Graphisms/Tilesets/SubTiles/Outside_31.asset
  artifactKey: Guid(a5b07f5c5e157c949b4d5fa7a847171f) Importer(2089858483,b0f066a214c2f5e87bad3c948f4d605d)
Start importing Assets/Graphisms/Tilesets/SubTiles/Outside_31.asset using Guid(a5b07f5c5e157c949b4d5fa7a847171f) Importer(2089858483,b0f066a214c2f5e87bad3c948f4d605d) (ScriptedImporter) -> (artifact id: '7c85db5aedf6cb1ff31ae68dcdf9f395') in 0.0264119 seconds
Number of updated asset objects reloaded before import = 0Number of asset objects unloaded after import = 2

========================================================================
Received Import Request.
  Time since last request: 0.000021 seconds.
  path: Assets/Graphisms/Tilesets/SubTiles/Outside_3833.asset
  artifactKey: Guid(a51320b80936b7943b775a322606f79d) Importer(2089858483,b0f066a214c2f5e87bad3c948f4d605d)
Start importing Assets/Graphisms/Tilesets/SubTiles/Outside_3833.asset using Guid(a51320b80936b7943b775a322606f79d) Importer(2089858483,b0f066a214c2f5e87bad3c948f4d605d) (ScriptedImporter) -> (artifact id: '8221b454fc8d7dc2b3d7a97b157fdd16') in 0.0105939 seconds
Number of updated asset objects reloaded before import = 0Number of asset objects unloaded after import = 2

========================================================================
Received Import Request.
  Time since last request: 0.000026 seconds.
  path: Assets/Graphisms/Tilesets/SubTiles/Outside_3350.asset
  artifactKey: Guid(96c72862f207ac34ab42fa77701dea8e) Importer(2089858483,b0f066a214c2f5e87bad3c948f4d605d)
Start importing Assets/Graphisms/Tilesets/SubTiles/Outside_3350.asset using Guid(96c72862f207ac34ab42fa77701dea8e) Importer(2089858483,b0f066a214c2f5e87bad3c948f4d605d) (ScriptedImporter) -> (artifact id: '96127247795c82254ae378b621048e56') in 0.0092294 seconds
Number of updated asset objects reloaded before import = 0Number of asset objects unloaded after import = 2

========================================================================
Received Import Request.
  Time since last request: 0.000048 seconds.
  path: Assets/Graphisms/Tilesets/SubTiles/Outside_1171.asset
  artifactKey: Guid(6de4f7bcb683c41479d872ca3e0181d4) Importer(2089858483,b0f066a214c2f5e87bad3c948f4d605d)
Start importing Assets/Graphisms/Tilesets/SubTiles/Outside_1171.asset using Guid(6de4f7bcb683c41479d872ca3e0181d4) Importer(2089858483,b0f066a214c2f5e87bad3c948f4d605d) (ScriptedImporter) -> (artifact id: 'b58eb63da0593c0d59a61c60b65cb2e6') in 0.0105019 seconds
Number of updated asset objects reloaded before import = 0Number of asset objects unloaded after import = 2

========================================================================
Received Import Request.
  Time since last request: 0.000018 seconds.
  path: Assets/Graphisms/Tilesets/SubTiles/Outside_1540.asset
  artifactKey: Guid(6678591d282b91640891ebdad7662bed) Importer(2089858483,b0f066a214c2f5e87bad3c948f4d605d)
Start importing Assets/Graphisms/Tilesets/SubTiles/Outside_1540.asset using Guid(6678591d282b91640891ebdad7662bed) Importer(2089858483,b0f066a214c2f5e87bad3c948f4d605d) (ScriptedImporter) -> (artifact id: '062cc2bb3f4dc0e13bea35a4474913f0') in 0.0104824 seconds
Number of updated asset objects reloaded before import = 0Number of asset objects unloaded after import = 2

========================================================================
Received Import Request.
  Time since last request: 0.000019 seconds.
  path: Assets/Graphisms/Tilesets/SubTiles/Outside_3142.asset
  artifactKey: Guid(a1640840db92bdb43815afb40f121851) Importer(2089858483,b0f066a214c2f5e87bad3c948f4d605d)
Start importing Assets/Graphisms/Tilesets/SubTiles/Outside_3142.asset using Guid(a1640840db92bdb43815afb40f121851) Importer(2089858483,b0f066a214c2f5e87bad3c948f4d605d) (ScriptedImporter) -> (artifact id: 'bf2e3420a3047d5af6a3d941ea15d798') in 0.0095644 seconds
Number of updated asset objects reloaded before import = 0Number of asset objects unloaded after import = 2

========================================================================
Received Import Request.
  Time since last request: 0.000153 seconds.
  path: Assets/Graphisms/Tilesets/SubTiles/Outside_867.asset
  artifactKey: Guid(7230934594fca644dbeaeae3a3c1d46d) Importer(2089858483,b0f066a214c2f5e87bad3c948f4d605d)
Start importing Assets/Graphisms/Tilesets/SubTiles/Outside_867.asset using Guid(7230934594fca644dbeaeae3a3c1d46d) Importer(2089858483,b0f066a214c2f5e87bad3c948f4d605d) (ScriptedImporter) -> (artifact id: 'ca9cd010561004c4da550ac6bb556853') in 0.0103635 seconds
Number of updated asset objects reloaded before import = 0Number of asset objects unloaded after import = 2

========================================================================
Received Import Request.
  Time since last request: 0.000026 seconds.
  path: Assets/Graphisms/Tilesets/SubTiles/Outside_2021.asset
  artifactKey: Guid(64c788ee86546fe4898b47d6bfa22641) Importer(2089858483,b0f066a214c2f5e87bad3c948f4d605d)
Start importing Assets/Graphisms/Tilesets/SubTiles/Outside_2021.asset using Guid(64c788ee86546fe4898b47d6bfa22641) Importer(2089858483,b0f066a214c2f5e87bad3c948f4d605d) (ScriptedImporter) -> (artifact id: 'aa83b04831955a9337a90ef8a989801a') in 0.0107574 seconds
Number of updated asset objects reloaded before import = 0Number of asset objects unloaded after import = 2

========================================================================
Received Import Request.
  Time since last request: 0.000032 seconds.
  path: Assets/Graphisms/Tilesets/SubTiles/Outside_1821.asset
  artifactKey: Guid(8f3b8e1c38e32e64f9dd7c2d70165ffd) Importer(2089858483,b0f066a214c2f5e87bad3c948f4d605d)
Start importing Assets/Graphisms/Tilesets/SubTiles/Outside_1821.asset using Guid(8f3b8e1c38e32e64f9dd7c2d70165ffd) Importer(2089858483,b0f066a214c2f5e87bad3c948f4d605d) (ScriptedImporter) -> (artifact id: '7a6f8c8f7fa68b9ee9fe913779d21bd1') in 0.0133904 seconds
Number of updated asset objects reloaded before import = 0Number of asset objects unloaded after import = 2

========================================================================
Received Import Request.
  Time since last request: 0.000024 seconds.
  path: Assets/Graphisms/Tilesets/SubTiles/Outside_2394.asset
  artifactKey: Guid(a21e9b26b44fb414fbb33cf2517819d3) Importer(2089858483,b0f066a214c2f5e87bad3c948f4d605d)
Start importing Assets/Graphisms/Tilesets/SubTiles/Outside_2394.asset using Guid(a21e9b26b44fb414fbb33cf2517819d3) Importer(2089858483,b0f066a214c2f5e87bad3c948f4d605d) (ScriptedImporter) -> (artifact id: '22bd8b099e9096a547db08055b8a3979') in 0.0310434 seconds
Number of updated asset objects reloaded before import = 0Number of asset objects unloaded after import = 2

========================================================================
Received Import Request.
  Time since last request: 0.000027 seconds.
  path: Assets/Graphisms/Tilesets/SubTiles/Outside_75.asset
  artifactKey: Guid(c73980f4f98b5c846946c1e5d4b2dd83) Importer(2089858483,b0f066a214c2f5e87bad3c948f4d605d)
Start importing Assets/Graphisms/Tilesets/SubTiles/Outside_75.asset using Guid(c73980f4f98b5c846946c1e5d4b2dd83) Importer(2089858483,b0f066a214c2f5e87bad3c948f4d605d) (ScriptedImporter) -> (artifact id: 'fe39e63ec70a24fc0582a126b0c66e08') in 0.0216291 seconds
Number of updated asset objects reloaded before import = 0Number of asset objects unloaded after import = 2

========================================================================
Received Import Request.
  Time since last request: 0.000040 seconds.
  path: Assets/Graphisms/Tilesets/SubTiles/Outside_557.asset
  artifactKey: Guid(9de3f049c64761747af411ab371d01fd) Importer(2089858483,b0f066a214c2f5e87bad3c948f4d605d)
Start importing Assets/Graphisms/Tilesets/SubTiles/Outside_557.asset using Guid(9de3f049c64761747af411ab371d01fd) Importer(2089858483,b0f066a214c2f5e87bad3c948f4d605d) (ScriptedImporter) -> (artifact id: '54cae5fd63318af1454cdcc5164df88c') in 0.0164298 seconds
Number of updated asset objects reloaded before import = 0Number of asset objects unloaded after import = 2

========================================================================
Received Import Request.
  Time since last request: 0.000023 seconds.
  path: Assets/Graphisms/Tilesets/SubTiles/Outside_3168.asset
  artifactKey: Guid(f4602e04e401d15499ff5556b967a856) Importer(2089858483,b0f066a214c2f5e87bad3c948f4d605d)
Start importing Assets/Graphisms/Tilesets/SubTiles/Outside_3168.asset using Guid(f4602e04e401d15499ff5556b967a856) Importer(2089858483,b0f066a214c2f5e87bad3c948f4d605d) (ScriptedImporter) -> (artifact id: '71a290aef7c63942980cb7feeee41b2c') in 0.0142572 seconds
Number of updated asset objects reloaded before import = 0Number of asset objects unloaded after import = 2

========================================================================
Received Import Request.
  Time since last request: 0.000033 seconds.
  path: Assets/Graphisms/Tilesets/SubTiles/Outside_769.asset
  artifactKey: Guid(fa658dd3bfedd4a4080af35ae622d5e3) Importer(2089858483,b0f066a214c2f5e87bad3c948f4d605d)
Start importing Assets/Graphisms/Tilesets/SubTiles/Outside_769.asset using Guid(fa658dd3bfedd4a4080af35ae622d5e3) Importer(2089858483,b0f066a214c2f5e87bad3c948f4d605d) (ScriptedImporter) -> (artifact id: '314be7006cde3a1d30c7b4c9a0c9ddca') in 0.0104492 seconds
Number of updated asset objects reloaded before import = 0Number of asset objects unloaded after import = 2

========================================================================
Received Import Request.
  Time since last request: 0.000031 seconds.
  path: Assets/Graphisms/Tilesets/SubTiles/Outside_2095.asset
  artifactKey: Guid(81947776ab645bc4e934984a493bf5c9) Importer(2089858483,b0f066a214c2f5e87bad3c948f4d605d)
Start importing Assets/Graphisms/Tilesets/SubTiles/Outside_2095.asset using Guid(81947776ab645bc4e934984a493bf5c9) Importer(2089858483,b0f066a214c2f5e87bad3c948f4d605d) (ScriptedImporter) -> (artifact id: '4659b8c90468ab9c25f89a450b8c8bc9') in 0.0111279 seconds
Number of updated asset objects reloaded before import = 0Number of asset objects unloaded after import = 2

========================================================================
Received Import Request.
  Time since last request: 0.000030 seconds.
  path: Assets/Graphisms/Tilesets/SubTiles/Outside_2729.asset
  artifactKey: Guid(96302ab0719eeee49ac657355f8f60d4) Importer(2089858483,b0f066a214c2f5e87bad3c948f4d605d)
Start importing Assets/Graphisms/Tilesets/SubTiles/Outside_2729.asset using Guid(96302ab0719eeee49ac657355f8f60d4) Importer(2089858483,b0f066a214c2f5e87bad3c948f4d605d) (ScriptedImporter) -> (artifact id: '5374c44f12b662f82d5c0171923890e8') in 0.0116558 seconds
Number of updated asset objects reloaded before import = 0Number of asset objects unloaded after import = 2

========================================================================
Received Import Request.
  Time since last request: 0.000048 seconds.
  path: Assets/Graphisms/Tilesets/SubTiles/Outside_3313.asset
  artifactKey: Guid(a0324c816b10f8648ab1a8741cea45ed) Importer(2089858483,b0f066a214c2f5e87bad3c948f4d605d)
Start importing Assets/Graphisms/Tilesets/SubTiles/Outside_3313.asset using Guid(a0324c816b10f8648ab1a8741cea45ed) Importer(2089858483,b0f066a214c2f5e87bad3c948f4d605d) (ScriptedImporter) -> (artifact id: '4c7417ea79d7ffd9cd747314ebbb7c66') in 0.010514 seconds
Number of updated asset objects reloaded before import = 0Number of asset objects unloaded after import = 2

========================================================================
Received Import Request.
  Time since last request: 0.000027 seconds.
  path: Assets/Graphisms/Tilesets/SubTiles/Outside_3409.asset
  artifactKey: Guid(c62b0d2bbfb624440bbbd38982e2323a) Importer(2089858483,b0f066a214c2f5e87bad3c948f4d605d)
Start importing Assets/Graphisms/Tilesets/SubTiles/Outside_3409.asset using Guid(c62b0d2bbfb624440bbbd38982e2323a) Importer(2089858483,b0f066a214c2f5e87bad3c948f4d605d) (ScriptedImporter) -> (artifact id: '3a2f646a5f0773bcd1dcc9e27fe0193e') in 0.0104264 seconds
Number of updated asset objects reloaded before import = 0Number of asset objects unloaded after import = 2

========================================================================
Received Import Request.
  Time since last request: 0.000032 seconds.
  path: Assets/Graphisms/Tilesets/SubTiles/Outside_1271.asset
  artifactKey: Guid(17c469023c4aa874ba3dbd58db0ace4b) Importer(2089858483,b0f066a214c2f5e87bad3c948f4d605d)
Start importing Assets/Graphisms/Tilesets/SubTiles/Outside_1271.asset using Guid(17c469023c4aa874ba3dbd58db0ace4b) Importer(2089858483,b0f066a214c2f5e87bad3c948f4d605d) (ScriptedImporter) -> (artifact id: '5d8db991f7823f4512e0f69ced01dd83') in 0.0087237 seconds
Number of updated asset objects reloaded before import = 0Number of asset objects unloaded after import = 2

========================================================================
Received Import Request.
  Time since last request: 0.000024 seconds.
  path: Assets/Graphisms/Tilesets/SubTiles/Outside_317.asset
  artifactKey: Guid(17c9ba3880506ca478e749fc9052c9cd) Importer(2089858483,b0f066a214c2f5e87bad3c948f4d605d)
Start importing Assets/Graphisms/Tilesets/SubTiles/Outside_317.asset using Guid(17c9ba3880506ca478e749fc9052c9cd) Importer(2089858483,b0f066a214c2f5e87bad3c948f4d605d) (ScriptedImporter) -> (artifact id: 'a76a6805e6b6ab9aee259e70d6ceec77') in 0.0266769 seconds
Number of updated asset objects reloaded before import = 0Number of asset objects unloaded after import = 2

========================================================================
Received Import Request.
  Time since last request: 0.000024 seconds.
  path: Assets/Graphisms/Tilesets/SubTiles/Outside_2287.asset
  artifactKey: Guid(299fed9ebacb1ab4396687fbcb84c8e8) Importer(2089858483,b0f066a214c2f5e87bad3c948f4d605d)
Start importing Assets/Graphisms/Tilesets/SubTiles/Outside_2287.asset using Guid(299fed9ebacb1ab4396687fbcb84c8e8) Importer(2089858483,b0f066a214c2f5e87bad3c948f4d605d) (ScriptedImporter) -> (artifact id: '51e68fa20c97f1e8d11b8fc763b875db') in 0.0113268 seconds
Number of updated asset objects reloaded before import = 0Number of asset objects unloaded after import = 2

========================================================================
Received Import Request.
  Time since last request: 0.000042 seconds.
  path: Assets/Graphisms/Tilesets/SubTiles/Outside_3188.asset
  artifactKey: Guid(0b4646ee56d410b418675ee0b850f35e) Importer(2089858483,b0f066a214c2f5e87bad3c948f4d605d)
Start importing Assets/Graphisms/Tilesets/SubTiles/Outside_3188.asset using Guid(0b4646ee56d410b418675ee0b850f35e) Importer(2089858483,b0f066a214c2f5e87bad3c948f4d605d) (ScriptedImporter) -> (artifact id: '839cb02889434471c6ae2ecc2b1f083d') in 0.0122692 seconds
Number of updated asset objects reloaded before import = 0Number of asset objects unloaded after import = 2

========================================================================
Received Import Request.
  Time since last request: 0.000028 seconds.
  path: Assets/Graphisms/Tilesets/SubTiles/Outside_577.asset
  artifactKey: Guid(1796dc788890a8647a063fee8fbc9aad) Importer(2089858483,b0f066a214c2f5e87bad3c948f4d605d)
Start importing Assets/Graphisms/Tilesets/SubTiles/Outside_577.asset using Guid(1796dc788890a8647a063fee8fbc9aad) Importer(2089858483,b0f066a214c2f5e87bad3c948f4d605d) (ScriptedImporter) -> (artifact id: '07ec691627704fbc28f4902c1adc8b05') in 0.0101584 seconds
Number of updated asset objects reloaded before import = 0Number of asset objects unloaded after import = 2

========================================================================
Received Import Request.
  Time since last request: 0.000023 seconds.
  path: Assets/Graphisms/Tilesets/SubTiles/Outside_2917.asset
  artifactKey: Guid(c84176adf4581124a97eda6e8a2b4190) Importer(2089858483,b0f066a214c2f5e87bad3c948f4d605d)
Start importing Assets/Graphisms/Tilesets/SubTiles/Outside_2917.asset using Guid(c84176adf4581124a97eda6e8a2b4190) Importer(2089858483,b0f066a214c2f5e87bad3c948f4d605d) (ScriptedImporter) -> (artifact id: '5c621a92905bf2b0ba918d3c66563f64') in 0.0129436 seconds
Number of updated asset objects reloaded before import = 0Number of asset objects unloaded after import = 2

========================================================================
Received Import Request.
  Time since last request: 0.000020 seconds.
  path: Assets/Graphisms/Tilesets/SubTiles/Outside_771.asset
  artifactKey: Guid(283c083d9ae5a01438ec6f81afeec053) Importer(2089858483,b0f066a214c2f5e87bad3c948f4d605d)
Start importing Assets/Graphisms/Tilesets/SubTiles/Outside_771.asset using Guid(283c083d9ae5a01438ec6f81afeec053) Importer(2089858483,b0f066a214c2f5e87bad3c948f4d605d) (ScriptedImporter) -> (artifact id: '703a6b6a5206b702bf05698207497994') in 0.0109153 seconds
Number of updated asset objects reloaded before import = 0Number of asset objects unloaded after import = 2

========================================================================
Received Import Request.
  Time since last request: 0.000022 seconds.
  path: Assets/Graphisms/Tilesets/SubTiles/Outside_2961.asset
  artifactKey: Guid(8eed81001b180584a8ed6fc11294e01f) Importer(2089858483,b0f066a214c2f5e87bad3c948f4d605d)
Start importing Assets/Graphisms/Tilesets/SubTiles/Outside_2961.asset using Guid(8eed81001b180584a8ed6fc11294e01f) Importer(2089858483,b0f066a214c2f5e87bad3c948f4d605d) (ScriptedImporter) -> (artifact id: '86959c4cd7eaa713bcc3bab0b9a22371') in 0.0106571 seconds
Number of updated asset objects reloaded before import = 0Number of asset objects unloaded after import = 2

========================================================================
Received Import Request.
  Time since last request: 0.000038 seconds.
  path: Assets/Graphisms/Tilesets/SubTiles/Outside_1758.asset
  artifactKey: Guid(6a38a522b974b4f4a881849b1ba035c8) Importer(2089858483,b0f066a214c2f5e87bad3c948f4d605d)
Start importing Assets/Graphisms/Tilesets/SubTiles/Outside_1758.asset using Guid(6a38a522b974b4f4a881849b1ba035c8) Importer(2089858483,b0f066a214c2f5e87bad3c948f4d605d) (ScriptedImporter) -> (artifact id: 'f62ef0c888aeae15e120a0f085a4bd9d') in 0.0110522 seconds
Number of updated asset objects reloaded before import = 0Number of asset objects unloaded after import = 2

========================================================================
Received Import Request.
  Time since last request: 0.000021 seconds.
  path: Assets/Graphisms/Tilesets/SubTiles/Outside_2589.asset
  artifactKey: Guid(bece9ccd3606b3c44b43cde701f11a2e) Importer(2089858483,b0f066a214c2f5e87bad3c948f4d605d)
Start importing Assets/Graphisms/Tilesets/SubTiles/Outside_2589.asset using Guid(bece9ccd3606b3c44b43cde701f11a2e) Importer(2089858483,b0f066a214c2f5e87bad3c948f4d605d) (ScriptedImporter) -> (artifact id: 'ac2eb7b5983dada3a326034f9877be99') in 0.0142697 seconds
Number of updated asset objects reloaded before import = 0Number of asset objects unloaded after import = 2

========================================================================
Received Import Request.
  Time since last request: 0.000020 seconds.
  path: Assets/Graphisms/Tilesets/SubTiles/Outside_1865.asset
  artifactKey: Guid(64c7033ada73aa84c9ed9d60732039a6) Importer(2089858483,b0f066a214c2f5e87bad3c948f4d605d)
Start importing Assets/Graphisms/Tilesets/SubTiles/Outside_1865.asset using Guid(64c7033ada73aa84c9ed9d60732039a6) Importer(2089858483,b0f066a214c2f5e87bad3c948f4d605d) (ScriptedImporter) -> (artifact id: '9dbdae385773126352ea870a7cc924b2') in 0.0098541 seconds
Number of updated asset objects reloaded before import = 0Number of asset objects unloaded after import = 2

========================================================================
Received Import Request.
  Time since last request: 0.000023 seconds.
  path: Assets/Graphisms/Tilesets/SubTiles/Outside_3478.asset
  artifactKey: Guid(3097cd19a992ebd46857d3ea480b1332) Importer(2089858483,b0f066a214c2f5e87bad3c948f4d605d)
Start importing Assets/Graphisms/Tilesets/SubTiles/Outside_3478.asset using Guid(3097cd19a992ebd46857d3ea480b1332) Importer(2089858483,b0f066a214c2f5e87bad3c948f4d605d) (ScriptedImporter) -> (artifact id: '5f96043805c777d1238b9b0aa07f5f10') in 0.0095106 seconds
Number of updated asset objects reloaded before import = 0Number of asset objects unloaded after import = 2

========================================================================
Received Import Request.
  Time since last request: 0.000061 seconds.
  path: Assets/Graphisms/Tilesets/SubTiles/Outside_2846.asset
  artifactKey: Guid(95839a81658a937468ab5f76bef90f23) Importer(2089858483,b0f066a214c2f5e87bad3c948f4d605d)
Start importing Assets/Graphisms/Tilesets/SubTiles/Outside_2846.asset using Guid(95839a81658a937468ab5f76bef90f23) Importer(2089858483,b0f066a214c2f5e87bad3c948f4d605d) (ScriptedImporter) -> (artifact id: 'a9c384ba2c3d0dc139692f86b954aa7e') in 0.0095606 seconds
Number of updated asset objects reloaded before import = 0Number of asset objects unloaded after import = 2

========================================================================
Received Import Request.
  Time since last request: 0.000032 seconds.
  path: Assets/Graphisms/Tilesets/SubTiles/Outside_2082.asset
  artifactKey: Guid(72125230e128bd348956ea6048a44e46) Importer(2089858483,b0f066a214c2f5e87bad3c948f4d605d)
Start importing Assets/Graphisms/Tilesets/SubTiles/Outside_2082.asset using Guid(72125230e128bd348956ea6048a44e46) Importer(2089858483,b0f066a214c2f5e87bad3c948f4d605d) (ScriptedImporter) -> (artifact id: '9f96f2c1b3e99c39941df62bdca7b2cb') in 0.0121935 seconds
Number of updated asset objects reloaded before import = 0Number of asset objects unloaded after import = 2

========================================================================
Received Import Request.
  Time since last request: 0.000023 seconds.
  path: Assets/Graphisms/Tilesets/SubTiles/Outside_88.asset
  artifactKey: Guid(dd07f1e24695f694f9aec83bf7620c69) Importer(2089858483,b0f066a214c2f5e87bad3c948f4d605d)
Start importing Assets/Graphisms/Tilesets/SubTiles/Outside_88.asset using Guid(dd07f1e24695f694f9aec83bf7620c69) Importer(2089858483,b0f066a214c2f5e87bad3c948f4d605d) (ScriptedImporter) -> (artifact id: '7c3187b3a284cec5dabce8404c876498') in 0.0310942 seconds
Number of updated asset objects reloaded before import = 0Number of asset objects unloaded after import = 2

========================================================================
Received Import Request.
  Time since last request: 0.000025 seconds.
  path: Assets/Graphisms/Tilesets/SubTiles/Outside_1229.asset
  artifactKey: Guid(f2ab137a1400feb43bf7e862ba41cac5) Importer(2089858483,b0f066a214c2f5e87bad3c948f4d605d)
Start importing Assets/Graphisms/Tilesets/SubTiles/Outside_1229.asset using Guid(f2ab137a1400feb43bf7e862ba41cac5) Importer(2089858483,b0f066a214c2f5e87bad3c948f4d605d) (ScriptedImporter) -> (artifact id: 'a45bfa8e1b9f8a3b56d8327bbf55c5f5') in 0.0100652 seconds
Number of updated asset objects reloaded before import = 0Number of asset objects unloaded after import = 2

========================================================================
Received Import Request.
  Time since last request: 0.000032 seconds.
  path: Assets/Graphisms/Tilesets/SubTiles/Outside_503.asset
  artifactKey: Guid(9e592d7e3af53b74192178dc4c3f6e12) Importer(2089858483,b0f066a214c2f5e87bad3c948f4d605d)
Start importing Assets/Graphisms/Tilesets/SubTiles/Outside_503.asset using Guid(9e592d7e3af53b74192178dc4c3f6e12) Importer(2089858483,b0f066a214c2f5e87bad3c948f4d605d) (ScriptedImporter) -> (artifact id: '165b2d2f0fba2155c13d1389dcef2b33') in 0.0099126 seconds
Number of updated asset objects reloaded before import = 0Number of asset objects unloaded after import = 2

========================================================================
Received Import Request.
  Time since last request: 0.000036 seconds.
  path: Assets/Graphisms/Tilesets/SubTiles/Outside_1423.asset
  artifactKey: Guid(c9408dfeed145af4796b59facb11330c) Importer(2089858483,b0f066a214c2f5e87bad3c948f4d605d)
Start importing Assets/Graphisms/Tilesets/SubTiles/Outside_1423.asset using Guid(c9408dfeed145af4796b59facb11330c) Importer(2089858483,b0f066a214c2f5e87bad3c948f4d605d) (ScriptedImporter) -> (artifact id: '1e9ce5d7f8ddd87948c320fc026df448') in 0.0105936 seconds
Number of updated asset objects reloaded before import = 0Number of asset objects unloaded after import = 2

========================================================================
Received Import Request.
  Time since last request: 0.000019 seconds.
  path: Assets/Graphisms/Tilesets/SubTiles/Outside_672.asset
  artifactKey: Guid(f3199c2e1b88e3849a664b7a82d766d8) Importer(2089858483,b0f066a214c2f5e87bad3c948f4d605d)
Start importing Assets/Graphisms/Tilesets/SubTiles/Outside_672.asset using Guid(f3199c2e1b88e3849a664b7a82d766d8) Importer(2089858483,b0f066a214c2f5e87bad3c948f4d605d) (ScriptedImporter) -> (artifact id: 'fa742b700bb335ff63a47a820380f8b2') in 0.011782 seconds
Number of updated asset objects reloaded before import = 0Number of asset objects unloaded after import = 2

========================================================================
Received Import Request.
  Time since last request: 0.000023 seconds.
  path: Assets/Graphisms/Tilesets/SubTiles/Outside_3745.asset
  artifactKey: Guid(0f56f6bba8d8d49439306cd4ad80ea00) Importer(2089858483,b0f066a214c2f5e87bad3c948f4d605d)
Start importing Assets/Graphisms/Tilesets/SubTiles/Outside_3745.asset using Guid(0f56f6bba8d8d49439306cd4ad80ea00) Importer(2089858483,b0f066a214c2f5e87bad3c948f4d605d) (ScriptedImporter) -> (artifact id: '6145e7b5795eed41595b091937473f99') in 0.010669 seconds
Number of updated asset objects reloaded before import = 0Number of asset objects unloaded after import = 2

========================================================================
Received Import Request.
  Time since last request: 0.000028 seconds.
  path: Assets/Graphisms/Tilesets/SubTiles/Outside_373.asset
  artifactKey: Guid(1b01bd835f6212846a820b4395383595) Importer(2089858483,b0f066a214c2f5e87bad3c948f4d605d)
Start importing Assets/Graphisms/Tilesets/SubTiles/Outside_373.asset using Guid(1b01bd835f6212846a820b4395383595) Importer(2089858483,b0f066a214c2f5e87bad3c948f4d605d) (ScriptedImporter) -> (artifact id: 'f2bc537099793af73cc44227eb4415bf') in 0.0099673 seconds
Number of updated asset objects reloaded before import = 0Number of asset objects unloaded after import = 2

========================================================================
Received Import Request.
  Time since last request: 0.000022 seconds.
  path: Assets/Graphisms/Tilesets/SubTiles/Outside_700.asset
  artifactKey: Guid(81adf8a15f40385479f08583d8bd2547) Importer(2089858483,b0f066a214c2f5e87bad3c948f4d605d)
Start importing Assets/Graphisms/Tilesets/SubTiles/Outside_700.asset using Guid(81adf8a15f40385479f08583d8bd2547) Importer(2089858483,b0f066a214c2f5e87bad3c948f4d605d) (ScriptedImporter) -> (artifact id: '1e592e3cc449f11ea15f50cfc9f1a1a2') in 0.0109924 seconds
Number of updated asset objects reloaded before import = 0Number of asset objects unloaded after import = 2

========================================================================
Received Import Request.
  Time since last request: 0.000064 seconds.
  path: Assets/Graphisms/Tilesets/SubTiles/Outside_1178.asset
  artifactKey: Guid(4eb4eaa9fb13099418d3104551ab9fdb) Importer(2089858483,b0f066a214c2f5e87bad3c948f4d605d)
Start importing Assets/Graphisms/Tilesets/SubTiles/Outside_1178.asset using Guid(4eb4eaa9fb13099418d3104551ab9fdb) Importer(2089858483,b0f066a214c2f5e87bad3c948f4d605d) (ScriptedImporter) -> (artifact id: 'afe4a4bfa0afd1adca3a7a444107796b') in 0.0106739 seconds
Number of updated asset objects reloaded before import = 0Number of asset objects unloaded after import = 2

========================================================================
Received Import Request.
  Time since last request: 0.000027 seconds.
  path: Assets/Graphisms/Tilesets/SubTiles/Outside_321.asset
  artifactKey: Guid(d2ee30f14ef7fb64cb0d2a3d25873943) Importer(2089858483,b0f066a214c2f5e87bad3c948f4d605d)
Start importing Assets/Graphisms/Tilesets/SubTiles/Outside_321.asset using Guid(d2ee30f14ef7fb64cb0d2a3d25873943) Importer(2089858483,b0f066a214c2f5e87bad3c948f4d605d) (ScriptedImporter) -> (artifact id: 'e404febda4ee31fe5f5bf10d31991130') in 0.0095773 seconds
Number of updated asset objects reloaded before import = 0Number of asset objects unloaded after import = 2

========================================================================
Received Import Request.
  Time since last request: 0.000031 seconds.
  path: Assets/Graphisms/Tilesets/SubTiles/Outside_3234.asset
  artifactKey: Guid(538d8466ed696e54783b6fcd9dc5338d) Importer(2089858483,b0f066a214c2f5e87bad3c948f4d605d)
Start importing Assets/Graphisms/Tilesets/SubTiles/Outside_3234.asset using Guid(538d8466ed696e54783b6fcd9dc5338d) Importer(2089858483,b0f066a214c2f5e87bad3c948f4d605d) (ScriptedImporter) -> (artifact id: 'ae590e89260725cd87a9cd1db75a0b55') in 0.0128018 seconds
Number of updated asset objects reloaded before import = 0Number of asset objects unloaded after import = 2

========================================================================
Received Import Request.
  Time since last request: 0.000032 seconds.
  path: Assets/Graphisms/Tilesets/SubTiles/Outside_1054.asset
  artifactKey: Guid(6b99fb0a1e30bf1408d2a4a267d8dc09) Importer(2089858483,b0f066a214c2f5e87bad3c948f4d605d)
Start importing Assets/Graphisms/Tilesets/SubTiles/Outside_1054.asset using Guid(6b99fb0a1e30bf1408d2a4a267d8dc09) Importer(2089858483,b0f066a214c2f5e87bad3c948f4d605d) (ScriptedImporter) -> (artifact id: '2835afbdf5cdd622ed90b90cc1b5817e') in 0.0093715 seconds
Number of updated asset objects reloaded before import = 0Number of asset objects unloaded after import = 2

========================================================================
Received Import Request.
  Time since last request: 0.000035 seconds.
  path: Assets/Graphisms/Tilesets/SubTiles/Outside_1580.asset
  artifactKey: Guid(aa6b63d8ba3fd614e969bb4021149f90) Importer(2089858483,b0f066a214c2f5e87bad3c948f4d605d)
Start importing Assets/Graphisms/Tilesets/SubTiles/Outside_1580.asset using Guid(aa6b63d8ba3fd614e969bb4021149f90) Importer(2089858483,b0f066a214c2f5e87bad3c948f4d605d) (ScriptedImporter) -> (artifact id: 'ee5a1c8663d06193977c66a3e3bb60db') in 0.0101013 seconds
Number of updated asset objects reloaded before import = 0Number of asset objects unloaded after import = 2

========================================================================
Received Import Request.
  Time since last request: 0.000034 seconds.
  path: Assets/Graphisms/Tilesets/SubTiles/Outside_3196.asset
  artifactKey: Guid(32029ba4ebb7c274f82d0321984743ac) Importer(2089858483,b0f066a214c2f5e87bad3c948f4d605d)
Start importing Assets/Graphisms/Tilesets/SubTiles/Outside_3196.asset using Guid(32029ba4ebb7c274f82d0321984743ac) Importer(2089858483,b0f066a214c2f5e87bad3c948f4d605d) (ScriptedImporter) -> (artifact id: '5f3c77598a44a915fd3f1667178ed39a') in 0.0095421 seconds
Number of updated asset objects reloaded before import = 0Number of asset objects unloaded after import = 2

========================================================================
Received Import Request.
  Time since last request: 0.000029 seconds.
  path: Assets/Graphisms/Tilesets/SubTiles/Outside_1863.asset
  artifactKey: Guid(c64265210fda324499424161232d1bd3) Importer(2089858483,b0f066a214c2f5e87bad3c948f4d605d)
Start importing Assets/Graphisms/Tilesets/SubTiles/Outside_1863.asset using Guid(c64265210fda324499424161232d1bd3) Importer(2089858483,b0f066a214c2f5e87bad3c948f4d605d) (ScriptedImporter) -> (artifact id: 'b2d6173cf2e3aa4e3bec89d913290b78') in 0.0104005 seconds
Number of updated asset objects reloaded before import = 0Number of asset objects unloaded after import = 2

========================================================================
Received Import Request.
  Time since last request: 0.000034 seconds.
  path: Assets/Graphisms/Tilesets/SubTiles/Outside_3793.asset
  artifactKey: Guid(f9551c43e9cbcb84d95069ed1c46f160) Importer(2089858483,b0f066a214c2f5e87bad3c948f4d605d)
Start importing Assets/Graphisms/Tilesets/SubTiles/Outside_3793.asset using Guid(f9551c43e9cbcb84d95069ed1c46f160) Importer(2089858483,b0f066a214c2f5e87bad3c948f4d605d) (ScriptedImporter) -> (artifact id: 'e04e451b4f04c2b6219b65e9d9acef98') in 0.0103858 seconds
Number of updated asset objects reloaded before import = 0Number of asset objects unloaded after import = 2

========================================================================
Received Import Request.
  Time since last request: 0.000027 seconds.
  path: Assets/Graphisms/Tilesets/SubTiles/Outside_3679.asset
  artifactKey: Guid(b60239171157d0a4892edb449192d175) Importer(2089858483,b0f066a214c2f5e87bad3c948f4d605d)
Start importing Assets/Graphisms/Tilesets/SubTiles/Outside_3679.asset using Guid(b60239171157d0a4892edb449192d175) Importer(2089858483,b0f066a214c2f5e87bad3c948f4d605d) (ScriptedImporter) -> (artifact id: 'f9e6918c2a8ecc2d30b8c57e12b401f3') in 0.0147498 seconds
Number of updated asset objects reloaded before import = 0Number of asset objects unloaded after import = 2

========================================================================
Received Import Request.
  Time since last request: 0.000034 seconds.
  path: Assets/Graphisms/Tilesets/SubTiles/Outside_409.asset
  artifactKey: Guid(07d9274292f19004e90a2fdeadfe2d2f) Importer(2089858483,b0f066a214c2f5e87bad3c948f4d605d)
Start importing Assets/Graphisms/Tilesets/SubTiles/Outside_409.asset using Guid(07d9274292f19004e90a2fdeadfe2d2f) Importer(2089858483,b0f066a214c2f5e87bad3c948f4d605d) (ScriptedImporter) -> (artifact id: 'eb8836948616b1dd3def6619ab3f6abb') in 0.0131541 seconds
Number of updated asset objects reloaded before import = 0Number of asset objects unloaded after import = 2

========================================================================
Received Import Request.
  Time since last request: 0.000029 seconds.
  path: Assets/Graphisms/Tilesets/SubTiles/Outside_708.asset
  artifactKey: Guid(f23936a208ef4f7429bea84350974a52) Importer(2089858483,b0f066a214c2f5e87bad3c948f4d605d)
Start importing Assets/Graphisms/Tilesets/SubTiles/Outside_708.asset using Guid(f23936a208ef4f7429bea84350974a52) Importer(2089858483,b0f066a214c2f5e87bad3c948f4d605d) (ScriptedImporter) -> (artifact id: 'ff0b3d84a9234d6a34155915695ff392') in 0.0120869 seconds
Number of updated asset objects reloaded before import = 0Number of asset objects unloaded after import = 2

========================================================================
Received Import Request.
  Time since last request: 0.000051 seconds.
  path: Assets/Graphisms/Tilesets/SubTiles/Outside_1029.asset
  artifactKey: Guid(2e6fe395e9fe425469c9a15981772a6c) Importer(2089858483,b0f066a214c2f5e87bad3c948f4d605d)
Start importing Assets/Graphisms/Tilesets/SubTiles/Outside_1029.asset using Guid(2e6fe395e9fe425469c9a15981772a6c) Importer(2089858483,b0f066a214c2f5e87bad3c948f4d605d) (ScriptedImporter) -> (artifact id: 'e4b4a551ea6864ca229ec74b24f7dd7b') in 0.0233031 seconds
Number of updated asset objects reloaded before import = 0Number of asset objects unloaded after import = 2

========================================================================
Received Import Request.
  Time since last request: 0.000036 seconds.
  path: Assets/Graphisms/Tilesets/SubTiles/Outside_834.asset
  artifactKey: Guid(cde7e4383bc8eb3458c645b0ff1783ba) Importer(2089858483,b0f066a214c2f5e87bad3c948f4d605d)
Start importing Assets/Graphisms/Tilesets/SubTiles/Outside_834.asset using Guid(cde7e4383bc8eb3458c645b0ff1783ba) Importer(2089858483,b0f066a214c2f5e87bad3c948f4d605d) (ScriptedImporter) -> (artifact id: 'a355eeec87eb0dde4ddf21ae20b75fc1') in 0.0108726 seconds
Number of updated asset objects reloaded before import = 0Number of asset objects unloaded after import = 2

========================================================================
Received Import Request.
  Time since last request: 0.000036 seconds.
  path: Assets/Graphisms/Tilesets/SubTiles/Outside_1620.asset
  artifactKey: Guid(c7f63c8eed9853f49a3cd8576fe7872c) Importer(2089858483,b0f066a214c2f5e87bad3c948f4d605d)
Start importing Assets/Graphisms/Tilesets/SubTiles/Outside_1620.asset using Guid(c7f63c8eed9853f49a3cd8576fe7872c) Importer(2089858483,b0f066a214c2f5e87bad3c948f4d605d) (ScriptedImporter) -> (artifact id: '63991844dac14fff10dc8f2939dabb9e') in 0.0118374 seconds
Number of updated asset objects reloaded before import = 0Number of asset objects unloaded after import = 2

========================================================================
Received Import Request.
  Time since last request: 0.000021 seconds.
  path: Assets/Graphisms/Tilesets/SubTiles/Outside_2005.asset
  artifactKey: Guid(5a7d82d129a2d9f489470b63afdecb10) Importer(2089858483,b0f066a214c2f5e87bad3c948f4d605d)
Start importing Assets/Graphisms/Tilesets/SubTiles/Outside_2005.asset using Guid(5a7d82d129a2d9f489470b63afdecb10) Importer(2089858483,b0f066a214c2f5e87bad3c948f4d605d) (ScriptedImporter) -> (artifact id: 'fd8eb798c740e5ee1f3a5539e56c0a58') in 0.012062 seconds
Number of updated asset objects reloaded before import = 0Number of asset objects unloaded after import = 2

========================================================================
Received Import Request.
  Time since last request: 0.000016 seconds.
  path: Assets/Graphisms/Tilesets/SubTiles/Outside_3255.asset
  artifactKey: Guid(80d2c4dce561baf4b9933187bf25ce68) Importer(2089858483,b0f066a214c2f5e87bad3c948f4d605d)
Start importing Assets/Graphisms/Tilesets/SubTiles/Outside_3255.asset using Guid(80d2c4dce561baf4b9933187bf25ce68) Importer(2089858483,b0f066a214c2f5e87bad3c948f4d605d) (ScriptedImporter) -> (artifact id: '16b02669034e0d5f32af1fe477e79c00') in 0.0120213 seconds
Number of updated asset objects reloaded before import = 0Number of asset objects unloaded after import = 2

========================================================================
Received Import Request.
  Time since last request: 0.000022 seconds.
  path: Assets/Graphisms/Tilesets/SubTiles/Outside_3714.asset
  artifactKey: Guid(a6d0de0ae4c61a2408d440377a8e9f92) Importer(2089858483,b0f066a214c2f5e87bad3c948f4d605d)
Start importing Assets/Graphisms/Tilesets/SubTiles/Outside_3714.asset using Guid(a6d0de0ae4c61a2408d440377a8e9f92) Importer(2089858483,b0f066a214c2f5e87bad3c948f4d605d) (ScriptedImporter) -> (artifact id: '7be0b1656d5a7c291b6a4ef0ad64e5b2') in 0.0127266 seconds
Number of updated asset objects reloaded before import = 0Number of asset objects unloaded after import = 2

========================================================================
Received Import Request.
  Time since last request: 0.000019 seconds.
  path: Assets/Graphisms/Tilesets/SubTiles/Outside_2259.asset
  artifactKey: Guid(d2814e1d016823d43a1902fc01fa1d2a) Importer(2089858483,b0f066a214c2f5e87bad3c948f4d605d)
Start importing Assets/Graphisms/Tilesets/SubTiles/Outside_2259.asset using Guid(d2814e1d016823d43a1902fc01fa1d2a) Importer(2089858483,b0f066a214c2f5e87bad3c948f4d605d) (ScriptedImporter) -> (artifact id: '2a3ae9f863c88f1321bbbeb88d868907') in 0.0113682 seconds
Number of updated asset objects reloaded before import = 0Number of asset objects unloaded after import = 2

========================================================================
Received Import Request.
  Time since last request: 0.000032 seconds.
  path: Assets/Graphisms/Tilesets/SubTiles/Outside_3557.asset
  artifactKey: Guid(fc452e18d09ddb74fbe817cc8a01e705) Importer(2089858483,b0f066a214c2f5e87bad3c948f4d605d)
Start importing Assets/Graphisms/Tilesets/SubTiles/Outside_3557.asset using Guid(fc452e18d09ddb74fbe817cc8a01e705) Importer(2089858483,b0f066a214c2f5e87bad3c948f4d605d) (ScriptedImporter) -> (artifact id: 'd95332e994c6ae9a567414a60d897a16') in 0.0107648 seconds
Number of updated asset objects reloaded before import = 0Number of asset objects unloaded after import = 2

========================================================================
Received Import Request.
  Time since last request: 0.000023 seconds.
  path: Assets/Graphisms/Tilesets/SubTiles/Outside_2717.asset
  artifactKey: Guid(851d839e37b52a44691efbd038ae34f7) Importer(2089858483,b0f066a214c2f5e87bad3c948f4d605d)
Start importing Assets/Graphisms/Tilesets/SubTiles/Outside_2717.asset using Guid(851d839e37b52a44691efbd038ae34f7) Importer(2089858483,b0f066a214c2f5e87bad3c948f4d605d) (ScriptedImporter) -> (artifact id: '8f0ea1a40393c9eb3f0643744c9b4bfd') in 0.0114338 seconds
Number of updated asset objects reloaded before import = 0Number of asset objects unloaded after import = 2

========================================================================
Received Import Request.
  Time since last request: 0.000032 seconds.
  path: Assets/Graphisms/Tilesets/SubTiles/Outside_1270.asset
  artifactKey: Guid(7e1a38343a6afab4cb8c3f53a588479d) Importer(2089858483,b0f066a214c2f5e87bad3c948f4d605d)
Start importing Assets/Graphisms/Tilesets/SubTiles/Outside_1270.asset using Guid(7e1a38343a6afab4cb8c3f53a588479d) Importer(2089858483,b0f066a214c2f5e87bad3c948f4d605d) (ScriptedImporter) -> (artifact id: '861cb6016aef17565d3a14bed63f85e7') in 0.0345404 seconds
Number of updated asset objects reloaded before import = 0Number of asset objects unloaded after import = 2

========================================================================
Received Import Request.
  Time since last request: 0.000020 seconds.
  path: Assets/Graphisms/Tilesets/SubTiles/Outside_2131.asset
  artifactKey: Guid(37f837ca55f83024282562d9f8bb1ced) Importer(2089858483,b0f066a214c2f5e87bad3c948f4d605d)
Start importing Assets/Graphisms/Tilesets/SubTiles/Outside_2131.asset using Guid(37f837ca55f83024282562d9f8bb1ced) Importer(2089858483,b0f066a214c2f5e87bad3c948f4d605d) (ScriptedImporter) -> (artifact id: 'ff9121ab6d69439d440420f7d0f52220') in 0.0131359 seconds
Number of updated asset objects reloaded before import = 0Number of asset objects unloaded after import = 2

========================================================================
Received Import Request.
  Time since last request: 0.000024 seconds.
  path: Assets/Graphisms/Tilesets/SubTiles/Outside_3061.asset
  artifactKey: Guid(3ce525d4d3cdcfc4e82cc458ebcd007d) Importer(2089858483,b0f066a214c2f5e87bad3c948f4d605d)
Start importing Assets/Graphisms/Tilesets/SubTiles/Outside_3061.asset using Guid(3ce525d4d3cdcfc4e82cc458ebcd007d) Importer(2089858483,b0f066a214c2f5e87bad3c948f4d605d) (ScriptedImporter) -> (artifact id: 'cb6da40ad992629fba8d8c0fd7a3a599') in 0.0097744 seconds
Number of updated asset objects reloaded before import = 0Number of asset objects unloaded after import = 2

========================================================================
Received Import Request.
  Time since last request: 0.000019 seconds.
  path: Assets/Graphisms/Tilesets/SubTiles/Outside_2130.asset
  artifactKey: Guid(e8a69fdfd0e92924ba0951c605367264) Importer(2089858483,b0f066a214c2f5e87bad3c948f4d605d)
Start importing Assets/Graphisms/Tilesets/SubTiles/Outside_2130.asset using Guid(e8a69fdfd0e92924ba0951c605367264) Importer(2089858483,b0f066a214c2f5e87bad3c948f4d605d) (ScriptedImporter) -> (artifact id: '60eafc630a7176f9cfc193491c6080d4') in 0.0109225 seconds
Number of updated asset objects reloaded before import = 0Number of asset objects unloaded after import = 2

========================================================================
Received Import Request.
  Time since last request: 0.000056 seconds.
  path: Assets/Graphisms/Tilesets/SubTiles/Outside_3767.asset
  artifactKey: Guid(2cd84b9167175854f8f514f05e948630) Importer(2089858483,b0f066a214c2f5e87bad3c948f4d605d)
Start importing Assets/Graphisms/Tilesets/SubTiles/Outside_3767.asset using Guid(2cd84b9167175854f8f514f05e948630) Importer(2089858483,b0f066a214c2f5e87bad3c948f4d605d) (ScriptedImporter) -> (artifact id: 'a8eedb764aa20a2340502b2fb7d80d16') in 0.0120761 seconds
Number of updated asset objects reloaded before import = 0Number of asset objects unloaded after import = 2

========================================================================
Received Import Request.
  Time since last request: 0.000021 seconds.
  path: Assets/Graphisms/Tilesets/SubTiles/Outside_3529.asset
  artifactKey: Guid(164a14f087263c945be833c716aa8eef) Importer(2089858483,b0f066a214c2f5e87bad3c948f4d605d)
Start importing Assets/Graphisms/Tilesets/SubTiles/Outside_3529.asset using Guid(164a14f087263c945be833c716aa8eef) Importer(2089858483,b0f066a214c2f5e87bad3c948f4d605d) (ScriptedImporter) -> (artifact id: 'dac5bca058a18a53a30f065aa1364d66') in 0.0117863 seconds
Number of updated asset objects reloaded before import = 0Number of asset objects unloaded after import = 2

========================================================================
Received Import Request.
  Time since last request: 0.000017 seconds.
  path: Assets/Graphisms/Tilesets/SubTiles/Outside_3894.asset
  artifactKey: Guid(736a404f8995e244283112cf468aaff1) Importer(2089858483,b0f066a214c2f5e87bad3c948f4d605d)
Start importing Assets/Graphisms/Tilesets/SubTiles/Outside_3894.asset using Guid(736a404f8995e244283112cf468aaff1) Importer(2089858483,b0f066a214c2f5e87bad3c948f4d605d) (ScriptedImporter) -> (artifact id: 'd0a362426c5ce3d1e3587efdb3fbe24c') in 0.0111135 seconds
Number of updated asset objects reloaded before import = 0Number of asset objects unloaded after import = 2

========================================================================
Received Import Request.
  Time since last request: 0.000038 seconds.
  path: Assets/Graphisms/Tilesets/SubTiles/Outside_3295.asset
  artifactKey: Guid(5dc2150a501b3e44b97cea8258ee05b3) Importer(2089858483,b0f066a214c2f5e87bad3c948f4d605d)
Start importing Assets/Graphisms/Tilesets/SubTiles/Outside_3295.asset using Guid(5dc2150a501b3e44b97cea8258ee05b3) Importer(2089858483,b0f066a214c2f5e87bad3c948f4d605d) (ScriptedImporter) -> (artifact id: '62cfa648ba1d9fa1b76e0d52a92f8289') in 0.0101248 seconds
Number of updated asset objects reloaded before import = 0Number of asset objects unloaded after import = 2

========================================================================
Received Import Request.
  Time since last request: 0.000025 seconds.
  path: Assets/Graphisms/Tilesets/SubTiles/Outside_2205.asset
  artifactKey: Guid(ca2bfc29ab96e0241800669f6fe97fbd) Importer(2089858483,b0f066a214c2f5e87bad3c948f4d605d)
Start importing Assets/Graphisms/Tilesets/SubTiles/Outside_2205.asset using Guid(ca2bfc29ab96e0241800669f6fe97fbd) Importer(2089858483,b0f066a214c2f5e87bad3c948f4d605d) (ScriptedImporter) -> (artifact id: '45d3f2902510aa8c0f3ae161a6e8ca0b') in 0.011687 seconds
Number of updated asset objects reloaded before import = 0Number of asset objects unloaded after import = 2

========================================================================
Received Import Request.
  Time since last request: 0.000016 seconds.
  path: Assets/Graphisms/Tilesets/SubTiles/Outside_1692.asset
  artifactKey: Guid(8bd281baa683ba547a7a68880677737e) Importer(2089858483,b0f066a214c2f5e87bad3c948f4d605d)
Start importing Assets/Graphisms/Tilesets/SubTiles/Outside_1692.asset using Guid(8bd281baa683ba547a7a68880677737e) Importer(2089858483,b0f066a214c2f5e87bad3c948f4d605d) (ScriptedImporter) -> (artifact id: '9ee66e635f133fbec1a6099a595f750c') in 0.0107624 seconds
Number of updated asset objects reloaded before import = 0Number of asset objects unloaded after import = 2

========================================================================
Received Import Request.
  Time since last request: 0.000020 seconds.
  path: Assets/Graphisms/Tilesets/SubTiles/Outside_721.asset
  artifactKey: Guid(2cdf00fff69c34f48bda8d3a654b94fe) Importer(2089858483,b0f066a214c2f5e87bad3c948f4d605d)
Start importing Assets/Graphisms/Tilesets/SubTiles/Outside_721.asset using Guid(2cdf00fff69c34f48bda8d3a654b94fe) Importer(2089858483,b0f066a214c2f5e87bad3c948f4d605d) (ScriptedImporter) -> (artifact id: '7afe3ab4fcfd251aab41aeb09206c2be') in 0.0120921 seconds
Number of updated asset objects reloaded before import = 0Number of asset objects unloaded after import = 2

========================================================================
Received Import Request.
  Time since last request: 0.000029 seconds.
  path: Assets/Graphisms/Tilesets/SubTiles/Outside_2663.asset
  artifactKey: Guid(4e4b2f4f01a4f034fae5435d13af8ae9) Importer(2089858483,b0f066a214c2f5e87bad3c948f4d605d)
Start importing Assets/Graphisms/Tilesets/SubTiles/Outside_2663.asset using Guid(4e4b2f4f01a4f034fae5435d13af8ae9) Importer(2089858483,b0f066a214c2f5e87bad3c948f4d605d) (ScriptedImporter) -> (artifact id: '5963c5141b3da3084b7e4cf1874346cf') in 0.0138944 seconds
Number of updated asset objects reloaded before import = 0Number of asset objects unloaded after import = 2

========================================================================
Received Import Request.
  Time since last request: 0.000031 seconds.
  path: Assets/Graphisms/Tilesets/SubTiles/Outside_3056.asset
  artifactKey: Guid(4a8f2b36274f85945b728e928a6b61ef) Importer(2089858483,b0f066a214c2f5e87bad3c948f4d605d)
Start importing Assets/Graphisms/Tilesets/SubTiles/Outside_3056.asset using Guid(4a8f2b36274f85945b728e928a6b61ef) Importer(2089858483,b0f066a214c2f5e87bad3c948f4d605d) (ScriptedImporter) -> (artifact id: '9be3c86b87f0baa7dee99fd4b36986ed') in 0.0092874 seconds
Number of updated asset objects reloaded before import = 0Number of asset objects unloaded after import = 2

========================================================================
Received Import Request.
  Time since last request: 0.000029 seconds.
  path: Assets/Graphisms/Tilesets/SubTiles/Outside_3364.asset
  artifactKey: Guid(a0743132b5b634f4b84b96fa60d93b5d) Importer(2089858483,b0f066a214c2f5e87bad3c948f4d605d)
Start importing Assets/Graphisms/Tilesets/SubTiles/Outside_3364.asset using Guid(a0743132b5b634f4b84b96fa60d93b5d) Importer(2089858483,b0f066a214c2f5e87bad3c948f4d605d) (ScriptedImporter) -> (artifact id: '0420c1c866691a2e5f9247973d4d488f') in 0.0109692 seconds
Number of updated asset objects reloaded before import = 0Number of asset objects unloaded after import = 2

========================================================================
Received Import Request.
  Time since last request: 0.000023 seconds.
  path: Assets/Graphisms/Tilesets/SubTiles/Outside_3475.asset
  artifactKey: Guid(8353fc61ce368a4429134fca28550d70) Importer(2089858483,b0f066a214c2f5e87bad3c948f4d605d)
Start importing Assets/Graphisms/Tilesets/SubTiles/Outside_3475.asset using Guid(8353fc61ce368a4429134fca28550d70) Importer(2089858483,b0f066a214c2f5e87bad3c948f4d605d) (ScriptedImporter) -> (artifact id: '7f8509d5825a18242747de08c6c2d7b1') in 0.0112953 seconds
Number of updated asset objects reloaded before import = 0Number of asset objects unloaded after import = 2

========================================================================
Received Import Request.
  Time since last request: 0.000027 seconds.
  path: Assets/Graphisms/Tilesets/SubTiles/Outside_2480.asset
  artifactKey: Guid(080a46ed8cf1ae34399936f192910d50) Importer(2089858483,b0f066a214c2f5e87bad3c948f4d605d)
Start importing Assets/Graphisms/Tilesets/SubTiles/Outside_2480.asset using Guid(080a46ed8cf1ae34399936f192910d50) Importer(2089858483,b0f066a214c2f5e87bad3c948f4d605d) (ScriptedImporter) -> (artifact id: '1f765e77212588eb0d7f2e9b9114cf9d') in 0.0122132 seconds
Number of updated asset objects reloaded before import = 0Number of asset objects unloaded after import = 2

========================================================================
Received Import Request.
  Time since last request: 0.000025 seconds.
  path: Assets/Graphisms/Tilesets/SubTiles/Outside_1889.asset
  artifactKey: Guid(f15c63f5962101a4e81f34a4c4f3463a) Importer(2089858483,b0f066a214c2f5e87bad3c948f4d605d)
Start importing Assets/Graphisms/Tilesets/SubTiles/Outside_1889.asset using Guid(f15c63f5962101a4e81f34a4c4f3463a) Importer(2089858483,b0f066a214c2f5e87bad3c948f4d605d) (ScriptedImporter) -> (artifact id: 'c862d0430847c524c52e43f6a8a38160') in 0.0099868 seconds
Number of updated asset objects reloaded before import = 0Number of asset objects unloaded after import = 2

========================================================================
Received Import Request.
  Time since last request: 0.000035 seconds.
  path: Assets/Graphisms/Tilesets/SubTiles/Outside_1961.asset
  artifactKey: Guid(b8d683d462ddac84c818c6c4deefb561) Importer(2089858483,b0f066a214c2f5e87bad3c948f4d605d)
Start importing Assets/Graphisms/Tilesets/SubTiles/Outside_1961.asset using Guid(b8d683d462ddac84c818c6c4deefb561) Importer(2089858483,b0f066a214c2f5e87bad3c948f4d605d) (ScriptedImporter) -> (artifact id: '2ba419ce8ff09dc6acc4e581c642442d') in 0.0151845 seconds
Number of updated asset objects reloaded before import = 0Number of asset objects unloaded after import = 2

========================================================================
Received Import Request.
  Time since last request: 0.000019 seconds.
  path: Assets/Graphisms/Tilesets/SubTiles/Outside_3270.asset
  artifactKey: Guid(ac07a9cabaf0a9f448b8debf86576251) Importer(2089858483,b0f066a214c2f5e87bad3c948f4d605d)
Start importing Assets/Graphisms/Tilesets/SubTiles/Outside_3270.asset using Guid(ac07a9cabaf0a9f448b8debf86576251) Importer(2089858483,b0f066a214c2f5e87bad3c948f4d605d) (ScriptedImporter) -> (artifact id: '24f1cdebe7c9d9cedcfb09067ec0408e') in 0.0090355 seconds
Number of updated asset objects reloaded before import = 0Number of asset objects unloaded after import = 2

========================================================================
Received Import Request.
  Time since last request: 0.000041 seconds.
  path: Assets/Graphisms/Tilesets/SubTiles/Outside_647.asset
  artifactKey: Guid(db85bb7b445ca7f4db6cdffcd8f87060) Importer(2089858483,b0f066a214c2f5e87bad3c948f4d605d)
Start importing Assets/Graphisms/Tilesets/SubTiles/Outside_647.asset using Guid(db85bb7b445ca7f4db6cdffcd8f87060) Importer(2089858483,b0f066a214c2f5e87bad3c948f4d605d) (ScriptedImporter) -> (artifact id: '6e6cf449cbfd8186ed3a8afe71ab061e') in 0.0106374 seconds
Number of updated asset objects reloaded before import = 0Number of asset objects unloaded after import = 2

========================================================================
Received Import Request.
  Time since last request: 0.000022 seconds.
  path: Assets/Graphisms/Tilesets/SubTiles/Outside_1836.asset
  artifactKey: Guid(604dc95e7bfd06d4eae7723713acfc9b) Importer(2089858483,b0f066a214c2f5e87bad3c948f4d605d)
Start importing Assets/Graphisms/Tilesets/SubTiles/Outside_1836.asset using Guid(604dc95e7bfd06d4eae7723713acfc9b) Importer(2089858483,b0f066a214c2f5e87bad3c948f4d605d) (ScriptedImporter) -> (artifact id: '16ab9a3d781134ae7f40786a5d38d5a7') in 0.0119458 seconds
Number of updated asset objects reloaded before import = 0Number of asset objects unloaded after import = 2

========================================================================
Received Import Request.
  Time since last request: 0.000028 seconds.
  path: Assets/Graphisms/Tilesets/SubTiles/Outside_3185.asset
  artifactKey: Guid(9628dd492e7cc4a439f98aab9a3276d9) Importer(2089858483,b0f066a214c2f5e87bad3c948f4d605d)
Start importing Assets/Graphisms/Tilesets/SubTiles/Outside_3185.asset using Guid(9628dd492e7cc4a439f98aab9a3276d9) Importer(2089858483,b0f066a214c2f5e87bad3c948f4d605d) (ScriptedImporter) -> (artifact id: '891d97749577563e0382d0972b02e645') in 0.0107308 seconds
Number of updated asset objects reloaded before import = 0Number of asset objects unloaded after import = 2

========================================================================
Received Import Request.
  Time since last request: 0.000035 seconds.
  path: Assets/Graphisms/Tilesets/SubTiles/Outside_3349.asset
  artifactKey: Guid(58ebe67f252810847afc59c102ab67ba) Importer(2089858483,b0f066a214c2f5e87bad3c948f4d605d)
Start importing Assets/Graphisms/Tilesets/SubTiles/Outside_3349.asset using Guid(58ebe67f252810847afc59c102ab67ba) Importer(2089858483,b0f066a214c2f5e87bad3c948f4d605d) (ScriptedImporter) -> (artifact id: '4b3aeeeaaa499f1a6e4c27292c8018ad') in 0.0100064 seconds
Number of updated asset objects reloaded before import = 0Number of asset objects unloaded after import = 2

========================================================================
Received Import Request.
  Time since last request: 0.000026 seconds.
  path: Assets/Graphisms/Tilesets/SubTiles/Outside_2478.asset
  artifactKey: Guid(1ce3c1cd9d1acb245ae8a2c79dd32182) Importer(2089858483,b0f066a214c2f5e87bad3c948f4d605d)
Start importing Assets/Graphisms/Tilesets/SubTiles/Outside_2478.asset using Guid(1ce3c1cd9d1acb245ae8a2c79dd32182) Importer(2089858483,b0f066a214c2f5e87bad3c948f4d605d) (ScriptedImporter) -> (artifact id: 'bd818be315ed39846778699cdd413f95') in 0.0101322 seconds
Number of updated asset objects reloaded before import = 0Number of asset objects unloaded after import = 2

========================================================================
Received Import Request.
  Time since last request: 0.000028 seconds.
  path: Assets/Graphisms/Tilesets/SubTiles/Outside_3360.asset
  artifactKey: Guid(c45df404a492c8e4fb2078e40ca692fe) Importer(2089858483,b0f066a214c2f5e87bad3c948f4d605d)
Start importing Assets/Graphisms/Tilesets/SubTiles/Outside_3360.asset using Guid(c45df404a492c8e4fb2078e40ca692fe) Importer(2089858483,b0f066a214c2f5e87bad3c948f4d605d) (ScriptedImporter) -> (artifact id: 'bbcd318204dbb0d839168e793e1a57a3') in 0.0119044 seconds
Number of updated asset objects reloaded before import = 0Number of asset objects unloaded after import = 2

========================================================================
Received Import Request.
  Time since last request: 0.000023 seconds.
  path: Assets/Graphisms/Tilesets/SubTiles/Outside_1578.asset
  artifactKey: Guid(74a1459f6ed7c6344a4c538b2f49e5a0) Importer(2089858483,b0f066a214c2f5e87bad3c948f4d605d)
Start importing Assets/Graphisms/Tilesets/SubTiles/Outside_1578.asset using Guid(74a1459f6ed7c6344a4c538b2f49e5a0) Importer(2089858483,b0f066a214c2f5e87bad3c948f4d605d) (ScriptedImporter) -> (artifact id: '3d239ade0438c5f3362c33696843c23c') in 0.0100331 seconds
Number of updated asset objects reloaded before import = 0Number of asset objects unloaded after import = 2

========================================================================
Received Import Request.
  Time since last request: 0.000020 seconds.
  path: Assets/Graphisms/Tilesets/SubTiles/Outside_3982.asset
  artifactKey: Guid(bda14b0d21d154c4080360dbb289175d) Importer(2089858483,b0f066a214c2f5e87bad3c948f4d605d)
Start importing Assets/Graphisms/Tilesets/SubTiles/Outside_3982.asset using Guid(bda14b0d21d154c4080360dbb289175d) Importer(2089858483,b0f066a214c2f5e87bad3c948f4d605d) (ScriptedImporter) -> (artifact id: 'f4fc283fbc434875941fb82d6d31631a') in 0.0179058 seconds
Number of updated asset objects reloaded before import = 0Number of asset objects unloaded after import = 2

========================================================================
Received Import Request.
  Time since last request: 0.000035 seconds.
  path: Assets/Graphisms/Tilesets/SubTiles/Outside_3455.asset
  artifactKey: Guid(c012876d4c19d29408ae5ec84b8c1998) Importer(2089858483,b0f066a214c2f5e87bad3c948f4d605d)
Start importing Assets/Graphisms/Tilesets/SubTiles/Outside_3455.asset using Guid(c012876d4c19d29408ae5ec84b8c1998) Importer(2089858483,b0f066a214c2f5e87bad3c948f4d605d) (ScriptedImporter) -> (artifact id: '5eb7a9d0239a9d7903eb5799ef02b42a') in 0.0105594 seconds
Number of updated asset objects reloaded before import = 0Number of asset objects unloaded after import = 2

========================================================================
Received Import Request.
  Time since last request: 0.000028 seconds.
  path: Assets/Graphisms/Tilesets/SubTiles/Outside_3413.asset
  artifactKey: Guid(9c54619001162ed4cbab5920163c9222) Importer(2089858483,b0f066a214c2f5e87bad3c948f4d605d)
Start importing Assets/Graphisms/Tilesets/SubTiles/Outside_3413.asset using Guid(9c54619001162ed4cbab5920163c9222) Importer(2089858483,b0f066a214c2f5e87bad3c948f4d605d) (ScriptedImporter) -> (artifact id: '86bec86ef4720187124844d759d8cbe6') in 0.0101656 seconds
Number of updated asset objects reloaded before import = 0Number of asset objects unloaded after import = 2

========================================================================
Received Import Request.
  Time since last request: 0.000025 seconds.
  path: Assets/Graphisms/Tilesets/SubTiles/Outside_3261.asset
  artifactKey: Guid(a9fb79a83901ea14ba2c29b155362d7f) Importer(2089858483,b0f066a214c2f5e87bad3c948f4d605d)
Start importing Assets/Graphisms/Tilesets/SubTiles/Outside_3261.asset using Guid(a9fb79a83901ea14ba2c29b155362d7f) Importer(2089858483,b0f066a214c2f5e87bad3c948f4d605d) (ScriptedImporter) -> (artifact id: '9f712b8a095b35e02dfb5f628d377096') in 0.0101005 seconds
Number of updated asset objects reloaded before import = 0Number of asset objects unloaded after import = 2

========================================================================
Received Import Request.
  Time since last request: 0.000024 seconds.
  path: Assets/Graphisms/Tilesets/SubTiles/Outside_3490.asset
  artifactKey: Guid(bce92703455f85a40b9473563b6ca964) Importer(2089858483,b0f066a214c2f5e87bad3c948f4d605d)
Start importing Assets/Graphisms/Tilesets/SubTiles/Outside_3490.asset using Guid(bce92703455f85a40b9473563b6ca964) Importer(2089858483,b0f066a214c2f5e87bad3c948f4d605d) (ScriptedImporter) -> (artifact id: '427ac87ebc56e5f0fb4d7c0859ded23a') in 0.0102169 seconds
Number of updated asset objects reloaded before import = 0Number of asset objects unloaded after import = 2

========================================================================
Received Import Request.
  Time since last request: 0.000075 seconds.
  path: Assets/Graphisms/Tilesets/SubTiles/Outside_3865.asset
  artifactKey: Guid(88dc7c0515f996c4fa181c4a3caf11dd) Importer(2089858483,b0f066a214c2f5e87bad3c948f4d605d)
Start importing Assets/Graphisms/Tilesets/SubTiles/Outside_3865.asset using Guid(88dc7c0515f996c4fa181c4a3caf11dd) Importer(2089858483,b0f066a214c2f5e87bad3c948f4d605d) (ScriptedImporter) -> (artifact id: '4430293f74553827cab2f48ec89f23a0') in 0.0095033 seconds
Number of updated asset objects reloaded before import = 0Number of asset objects unloaded after import = 2

========================================================================
Received Import Request.
  Time since last request: 0.000032 seconds.
  path: Assets/Graphisms/Tilesets/SubTiles/Outside_3536.asset
  artifactKey: Guid(04cb4287e4028c747aa79278c3371b36) Importer(2089858483,b0f066a214c2f5e87bad3c948f4d605d)
Start importing Assets/Graphisms/Tilesets/SubTiles/Outside_3536.asset using Guid(04cb4287e4028c747aa79278c3371b36) Importer(2089858483,b0f066a214c2f5e87bad3c948f4d605d) (ScriptedImporter) -> (artifact id: '6bcc35aa927115b3311323104ab4f164') in 0.0107439 seconds
Number of updated asset objects reloaded before import = 0Number of asset objects unloaded after import = 2

========================================================================
Received Import Request.
  Time since last request: 0.000028 seconds.
  path: Assets/Graphisms/Tilesets/SubTiles/Outside_3244.asset
  artifactKey: Guid(dda7e43dd901daf4f9f629b039dc50a0) Importer(2089858483,b0f066a214c2f5e87bad3c948f4d605d)
Start importing Assets/Graphisms/Tilesets/SubTiles/Outside_3244.asset using Guid(dda7e43dd901daf4f9f629b039dc50a0) Importer(2089858483,b0f066a214c2f5e87bad3c948f4d605d) (ScriptedImporter) -> (artifact id: '21e1929a94fd4a6bff2e504ccf3e71b7') in 0.0103727 seconds
Number of updated asset objects reloaded before import = 0Number of asset objects unloaded after import = 2

========================================================================
Received Import Request.
  Time since last request: 0.000024 seconds.
  path: Assets/Graphisms/Tilesets/SubTiles/Outside_3210.asset
  artifactKey: Guid(b0657c2c298207f46b76ae3c05e1fbdd) Importer(2089858483,b0f066a214c2f5e87bad3c948f4d605d)
Start importing Assets/Graphisms/Tilesets/SubTiles/Outside_3210.asset using Guid(b0657c2c298207f46b76ae3c05e1fbdd) Importer(2089858483,b0f066a214c2f5e87bad3c948f4d605d) (ScriptedImporter) -> (artifact id: 'c5d93ef3920af0157e19cc4a634e2d3b') in 0.0114595 seconds
Number of updated asset objects reloaded before import = 0Number of asset objects unloaded after import = 2

========================================================================
Received Import Request.
  Time since last request: 0.000022 seconds.
  path: Assets/Graphisms/Tilesets/SubTiles/Outside_250.asset
  artifactKey: Guid(08213731431bd0c4e93afcf3e7116130) Importer(2089858483,b0f066a214c2f5e87bad3c948f4d605d)
Start importing Assets/Graphisms/Tilesets/SubTiles/Outside_250.asset using Guid(08213731431bd0c4e93afcf3e7116130) Importer(2089858483,b0f066a214c2f5e87bad3c948f4d605d) (ScriptedImporter) -> (artifact id: '099d6c1dd679475adb49e9fc37c64857') in 0.0110664 seconds
Number of updated asset objects reloaded before import = 0Number of asset objects unloaded after import = 2

========================================================================
Received Import Request.
  Time since last request: 0.000025 seconds.
  path: Assets/Graphisms/Tilesets/SubTiles/Outside_1734.asset
  artifactKey: Guid(db012b5e776e3aa4cbb3bbce42b4a42b) Importer(2089858483,b0f066a214c2f5e87bad3c948f4d605d)
Start importing Assets/Graphisms/Tilesets/SubTiles/Outside_1734.asset using Guid(db012b5e776e3aa4cbb3bbce42b4a42b) Importer(2089858483,b0f066a214c2f5e87bad3c948f4d605d) (ScriptedImporter) -> (artifact id: '551bf1ae2e8033af65f93c198f081c82') in 0.0110668 seconds
Number of updated asset objects reloaded before import = 0Number of asset objects unloaded after import = 2

========================================================================
Received Import Request.
  Time since last request: 0.000037 seconds.
  path: Assets/Graphisms/Tilesets/SubTiles/Outside_3733.asset
  artifactKey: Guid(7dc29cac34404dc42b052a6c3701e1a5) Importer(2089858483,b0f066a214c2f5e87bad3c948f4d605d)
Start importing Assets/Graphisms/Tilesets/SubTiles/Outside_3733.asset using Guid(7dc29cac34404dc42b052a6c3701e1a5) Importer(2089858483,b0f066a214c2f5e87bad3c948f4d605d) (ScriptedImporter) -> (artifact id: 'd9d4bc9e0309e1cc1b3f59e0b3554e1e') in 0.0096744 seconds
Number of updated asset objects reloaded before import = 0Number of asset objects unloaded after import = 2

========================================================================
Received Import Request.
  Time since last request: 0.000026 seconds.
  path: Assets/Graphisms/Tilesets/SubTiles/Outside_1500.asset
  artifactKey: Guid(c712a1ae9a8a9014f97286429eb35ad7) Importer(2089858483,b0f066a214c2f5e87bad3c948f4d605d)
Start importing Assets/Graphisms/Tilesets/SubTiles/Outside_1500.asset using Guid(c712a1ae9a8a9014f97286429eb35ad7) Importer(2089858483,b0f066a214c2f5e87bad3c948f4d605d) (ScriptedImporter) -> (artifact id: 'fe8e5f7c92ca823a3cf65d8dc38b1caa') in 0.0232145 seconds
Number of updated asset objects reloaded before import = 0Number of asset objects unloaded after import = 2

========================================================================
Received Import Request.
  Time since last request: 0.000029 seconds.
  path: Assets/Graphisms/Tilesets/SubTiles/Outside_1503.asset
  artifactKey: Guid(c3bbc6b162806004287ed66a6f0385df) Importer(2089858483,b0f066a214c2f5e87bad3c948f4d605d)
Start importing Assets/Graphisms/Tilesets/SubTiles/Outside_1503.asset using Guid(c3bbc6b162806004287ed66a6f0385df) Importer(2089858483,b0f066a214c2f5e87bad3c948f4d605d) (ScriptedImporter) -> (artifact id: 'e3a639c660daa70b30705fb9bd249030') in 0.0112358 seconds
Number of updated asset objects reloaded before import = 0Number of asset objects unloaded after import = 2

========================================================================
Received Import Request.
  Time since last request: 0.000025 seconds.
  path: Assets/Graphisms/Tilesets/SubTiles/Outside_898.asset
  artifactKey: Guid(eb96f43f1ef2ae44dbaac75ec87893fd) Importer(2089858483,b0f066a214c2f5e87bad3c948f4d605d)
Start importing Assets/Graphisms/Tilesets/SubTiles/Outside_898.asset using Guid(eb96f43f1ef2ae44dbaac75ec87893fd) Importer(2089858483,b0f066a214c2f5e87bad3c948f4d605d) (ScriptedImporter) -> (artifact id: '82610be871f93952b0d1c707feea19db') in 0.0279921 seconds
Number of updated asset objects reloaded before import = 0Number of asset objects unloaded after import = 2

========================================================================
Received Import Request.
  Time since last request: 0.000061 seconds.
  path: Assets/Graphisms/Tilesets/SubTiles/Outside_2482.asset
  artifactKey: Guid(753cefe5250d98545bb436804884a537) Importer(2089858483,b0f066a214c2f5e87bad3c948f4d605d)
Start importing Assets/Graphisms/Tilesets/SubTiles/Outside_2482.asset using Guid(753cefe5250d98545bb436804884a537) Importer(2089858483,b0f066a214c2f5e87bad3c948f4d605d) (ScriptedImporter) -> (artifact id: '23a6fe71fdc2be99d79fcd6b873a5ba0') in 0.0110666 seconds
Number of updated asset objects reloaded before import = 0Number of asset objects unloaded after import = 2

========================================================================
Received Import Request.
  Time since last request: 0.000019 seconds.
  path: Assets/Graphisms/Tilesets/SubTiles/Outside_1923.asset
  artifactKey: Guid(9dbe37bc779ea5c4f9c2ac1140139234) Importer(2089858483,b0f066a214c2f5e87bad3c948f4d605d)
Start importing Assets/Graphisms/Tilesets/SubTiles/Outside_1923.asset using Guid(9dbe37bc779ea5c4f9c2ac1140139234) Importer(2089858483,b0f066a214c2f5e87bad3c948f4d605d) (ScriptedImporter) -> (artifact id: '7ae2f5a052fc38cc4c5f58fab47a7c1a') in 0.0095491 seconds
Number of updated asset objects reloaded before import = 0Number of asset objects unloaded after import = 2

========================================================================
Received Import Request.
  Time since last request: 0.000023 seconds.
  path: Assets/Graphisms/Tilesets/SubTiles/Outside_3333.asset
  artifactKey: Guid(ce66e3b51d99d4243a822dbbd7afa6aa) Importer(2089858483,b0f066a214c2f5e87bad3c948f4d605d)
Start importing Assets/Graphisms/Tilesets/SubTiles/Outside_3333.asset using Guid(ce66e3b51d99d4243a822dbbd7afa6aa) Importer(2089858483,b0f066a214c2f5e87bad3c948f4d605d) (ScriptedImporter) -> (artifact id: '69585101175510607576b14627ef8d53') in 0.0090235 seconds
Number of updated asset objects reloaded before import = 0Number of asset objects unloaded after import = 2

========================================================================
Received Import Request.
  Time since last request: 0.000021 seconds.
  path: Assets/Graphisms/Tilesets/SubTiles/Outside_372.asset
  artifactKey: Guid(5a146746fb96ec4468a22321e27c1ddd) Importer(2089858483,b0f066a214c2f5e87bad3c948f4d605d)
Start importing Assets/Graphisms/Tilesets/SubTiles/Outside_372.asset using Guid(5a146746fb96ec4468a22321e27c1ddd) Importer(2089858483,b0f066a214c2f5e87bad3c948f4d605d) (ScriptedImporter) -> (artifact id: 'cb58af6530cc447b2e7f61b412704e79') in 0.020786 seconds
Number of updated asset objects reloaded before import = 0Number of asset objects unloaded after import = 2

========================================================================
Received Import Request.
  Time since last request: 0.000018 seconds.
  path: Assets/Graphisms/Tilesets/SubTiles/Outside_1575.asset
  artifactKey: Guid(edc1b163509a6ad4280c7ee228d935e3) Importer(2089858483,b0f066a214c2f5e87bad3c948f4d605d)
Start importing Assets/Graphisms/Tilesets/SubTiles/Outside_1575.asset using Guid(edc1b163509a6ad4280c7ee228d935e3) Importer(2089858483,b0f066a214c2f5e87bad3c948f4d605d) (ScriptedImporter) -> (artifact id: '5b2bc84df244035844eb97bb3955cae6') in 0.0107674 seconds
Number of updated asset objects reloaded before import = 0Number of asset objects unloaded after import = 2

========================================================================
Received Import Request.
  Time since last request: 0.000035 seconds.
  path: Assets/Graphisms/Tilesets/SubTiles/Outside_2653.asset
  artifactKey: Guid(df37770902fd96348b12707c1c072f70) Importer(2089858483,b0f066a214c2f5e87bad3c948f4d605d)
Start importing Assets/Graphisms/Tilesets/SubTiles/Outside_2653.asset using Guid(df37770902fd96348b12707c1c072f70) Importer(2089858483,b0f066a214c2f5e87bad3c948f4d605d) (ScriptedImporter) -> (artifact id: 'fb35d6626843c002b5aabc6d6f05132e') in 0.0283806 seconds
Number of updated asset objects reloaded before import = 0Number of asset objects unloaded after import = 2

========================================================================
Received Import Request.
  Time since last request: 0.000029 seconds.
  path: Assets/Graphisms/Tilesets/SubTiles/Outside_3724.asset
  artifactKey: Guid(619bada77c36aea498271533d5f2c063) Importer(2089858483,b0f066a214c2f5e87bad3c948f4d605d)
Start importing Assets/Graphisms/Tilesets/SubTiles/Outside_3724.asset using Guid(619bada77c36aea498271533d5f2c063) Importer(2089858483,b0f066a214c2f5e87bad3c948f4d605d) (ScriptedImporter) -> (artifact id: '91db8d3596619428e0c41d72ec3748d9') in 0.0114336 seconds
Number of updated asset objects reloaded before import = 0Number of asset objects unloaded after import = 2

========================================================================
Received Import Request.
  Time since last request: 0.000029 seconds.
  path: Assets/Graphisms/Tilesets/SubTiles/Outside_3708.asset
  artifactKey: Guid(6d65ebc7dc8047f489125a7f974e9b77) Importer(2089858483,b0f066a214c2f5e87bad3c948f4d605d)
Start importing Assets/Graphisms/Tilesets/SubTiles/Outside_3708.asset using Guid(6d65ebc7dc8047f489125a7f974e9b77) Importer(2089858483,b0f066a214c2f5e87bad3c948f4d605d) (ScriptedImporter) -> (artifact id: '966d26af7c4fa9716d17b9d38eefd7d0') in 0.0131792 seconds
Number of updated asset objects reloaded before import = 0Number of asset objects unloaded after import = 2

========================================================================
Received Import Request.
  Time since last request: 0.000026 seconds.
  path: Assets/Graphisms/Tilesets/SubTiles/Outside_2617.asset
  artifactKey: Guid(03acba9ea82620a4291a8103b1b66c80) Importer(2089858483,b0f066a214c2f5e87bad3c948f4d605d)
Start importing Assets/Graphisms/Tilesets/SubTiles/Outside_2617.asset using Guid(03acba9ea82620a4291a8103b1b66c80) Importer(2089858483,b0f066a214c2f5e87bad3c948f4d605d) (ScriptedImporter) -> (artifact id: '41e16f9212136b7d3e1085ca9d2f75f3') in 0.0100741 seconds
Number of updated asset objects reloaded before import = 0Number of asset objects unloaded after import = 2

========================================================================
Received Import Request.
  Time since last request: 0.000173 seconds.
  path: Assets/Graphisms/Tilesets/SubTiles/Outside_1498.asset
  artifactKey: Guid(5a40ed82977f0d04b9aa50e9b9a74d42) Importer(2089858483,b0f066a214c2f5e87bad3c948f4d605d)
Start importing Assets/Graphisms/Tilesets/SubTiles/Outside_1498.asset using Guid(5a40ed82977f0d04b9aa50e9b9a74d42) Importer(2089858483,b0f066a214c2f5e87bad3c948f4d605d) (ScriptedImporter) -> (artifact id: '2f28c7bcd9b8d87601e9bcb98b0aa6f2') in 0.0114433 seconds
Number of updated asset objects reloaded before import = 0Number of asset objects unloaded after import = 2

========================================================================
Received Import Request.
  Time since last request: 0.000026 seconds.
  path: Assets/Graphisms/Tilesets/SubTiles/Outside_1843.asset
  artifactKey: Guid(9b02cdfbef2015643be49a80a52cccec) Importer(2089858483,b0f066a214c2f5e87bad3c948f4d605d)
Start importing Assets/Graphisms/Tilesets/SubTiles/Outside_1843.asset using Guid(9b02cdfbef2015643be49a80a52cccec) Importer(2089858483,b0f066a214c2f5e87bad3c948f4d605d) (ScriptedImporter) -> (artifact id: 'adc7317b2078c2c51c987aa218ac2184') in 0.0108073 seconds
Number of updated asset objects reloaded before import = 0Number of asset objects unloaded after import = 2

========================================================================
Received Import Request.
  Time since last request: 0.000035 seconds.
  path: Assets/Graphisms/Tilesets/SubTiles/Outside_47.asset
  artifactKey: Guid(9e9dcc15738b0384abf8a09e89acd2fe) Importer(2089858483,b0f066a214c2f5e87bad3c948f4d605d)
Start importing Assets/Graphisms/Tilesets/SubTiles/Outside_47.asset using Guid(9e9dcc15738b0384abf8a09e89acd2fe) Importer(2089858483,b0f066a214c2f5e87bad3c948f4d605d) (ScriptedImporter) -> (artifact id: 'd65b11e7ed3440b67a1caf142dfc7bfe') in 0.0165359 seconds
Number of updated asset objects reloaded before import = 0Number of asset objects unloaded after import = 2

========================================================================
Received Import Request.
  Time since last request: 0.000022 seconds.
  path: Assets/Graphisms/Tilesets/SubTiles/Outside_3570.asset
  artifactKey: Guid(7a1c319fe24c6c44cb10e18b6f48b3b5) Importer(2089858483,b0f066a214c2f5e87bad3c948f4d605d)
Start importing Assets/Graphisms/Tilesets/SubTiles/Outside_3570.asset using Guid(7a1c319fe24c6c44cb10e18b6f48b3b5) Importer(2089858483,b0f066a214c2f5e87bad3c948f4d605d) (ScriptedImporter) -> (artifact id: '0aee03a301466818a2bb3099f79e0d9f') in 0.0095253 seconds
Number of updated asset objects reloaded before import = 0Number of asset objects unloaded after import = 2

========================================================================
Received Import Request.
  Time since last request: 0.000044 seconds.
  path: Assets/Graphisms/Tilesets/SubTiles/Outside_3155.asset
  artifactKey: Guid(ec74e67d30a2d49459c9cabddb943d33) Importer(2089858483,b0f066a214c2f5e87bad3c948f4d605d)
Start importing Assets/Graphisms/Tilesets/SubTiles/Outside_3155.asset using Guid(ec74e67d30a2d49459c9cabddb943d33) Importer(2089858483,b0f066a214c2f5e87bad3c948f4d605d) (ScriptedImporter) -> (artifact id: '10a85c855fbf6052b6bb55fd04abb6ef') in 0.0091666 seconds
Number of updated asset objects reloaded before import = 0Number of asset objects unloaded after import = 2

========================================================================
Received Import Request.
  Time since last request: 0.000025 seconds.
  path: Assets/Graphisms/Tilesets/SubTiles/Outside_1848.asset
  artifactKey: Guid(8dcaa5b694401484dafcd7be2b9eb150) Importer(2089858483,b0f066a214c2f5e87bad3c948f4d605d)
Start importing Assets/Graphisms/Tilesets/SubTiles/Outside_1848.asset using Guid(8dcaa5b694401484dafcd7be2b9eb150) Importer(2089858483,b0f066a214c2f5e87bad3c948f4d605d) (ScriptedImporter) -> (artifact id: '6e148d41a7d83fae95ffda82afb5d13f') in 0.0092857 seconds
Number of updated asset objects reloaded before import = 0Number of asset objects unloaded after import = 2

========================================================================
Received Import Request.
  Time since last request: 0.000034 seconds.
  path: Assets/Graphisms/Tilesets/SubTiles/Outside_2715.asset
  artifactKey: Guid(cf7be7468f633914598d9051ef03bdcb) Importer(2089858483,b0f066a214c2f5e87bad3c948f4d605d)
Start importing Assets/Graphisms/Tilesets/SubTiles/Outside_2715.asset using Guid(cf7be7468f633914598d9051ef03bdcb) Importer(2089858483,b0f066a214c2f5e87bad3c948f4d605d) (ScriptedImporter) -> (artifact id: '4397d0ff4b48160fffcd17e27aae5f30') in 0.0095852 seconds
Number of updated asset objects reloaded before import = 0Number of asset objects unloaded after import = 2

========================================================================
Received Import Request.
  Time since last request: 0.000023 seconds.
  path: Assets/Graphisms/Tilesets/SubTiles/Outside_2651.asset
  artifactKey: Guid(5ebae31f4acf92248bb08f8f9cc9b549) Importer(2089858483,b0f066a214c2f5e87bad3c948f4d605d)
Start importing Assets/Graphisms/Tilesets/SubTiles/Outside_2651.asset using Guid(5ebae31f4acf92248bb08f8f9cc9b549) Importer(2089858483,b0f066a214c2f5e87bad3c948f4d605d) (ScriptedImporter) -> (artifact id: '1c46b04dd45b62ee49915f097f98356e') in 0.0128334 seconds
Number of updated asset objects reloaded before import = 0Number of asset objects unloaded after import = 2

========================================================================
Received Import Request.
  Time since last request: 0.000019 seconds.
  path: Assets/Graphisms/Tilesets/SubTiles/Outside_408.asset
  artifactKey: Guid(b4c4f627c4d894741b35c9f84c4e335f) Importer(2089858483,b0f066a214c2f5e87bad3c948f4d605d)
Start importing Assets/Graphisms/Tilesets/SubTiles/Outside_408.asset using Guid(b4c4f627c4d894741b35c9f84c4e335f) Importer(2089858483,b0f066a214c2f5e87bad3c948f4d605d) (ScriptedImporter) -> (artifact id: 'f3949ec755c5d85dce5d7223fb020a42') in 0.0104784 seconds
Number of updated asset objects reloaded before import = 0Number of asset objects unloaded after import = 2

========================================================================
Received Import Request.
  Time since last request: 0.000030 seconds.
  path: Assets/Graphisms/Tilesets/SubTiles/Outside_3903.asset
  artifactKey: Guid(10b468ce594492e4895a8efa9f37e50a) Importer(2089858483,b0f066a214c2f5e87bad3c948f4d605d)
Start importing Assets/Graphisms/Tilesets/SubTiles/Outside_3903.asset using Guid(10b468ce594492e4895a8efa9f37e50a) Importer(2089858483,b0f066a214c2f5e87bad3c948f4d605d) (ScriptedImporter) -> (artifact id: 'b54bdcf48e7526c05f466d0749c6cf73') in 0.0119448 seconds
Number of updated asset objects reloaded before import = 0Number of asset objects unloaded after import = 2

========================================================================
Received Import Request.
  Time since last request: 0.000019 seconds.
  path: Assets/Graphisms/Tilesets/SubTiles/Outside_643.asset
  artifactKey: Guid(e5b9396a627e2b644a3e44b101dbe770) Importer(2089858483,b0f066a214c2f5e87bad3c948f4d605d)
Start importing Assets/Graphisms/Tilesets/SubTiles/Outside_643.asset using Guid(e5b9396a627e2b644a3e44b101dbe770) Importer(2089858483,b0f066a214c2f5e87bad3c948f4d605d) (ScriptedImporter) -> (artifact id: '5e111887c4ed78216440e923220532a8') in 0.0099802 seconds
Number of updated asset objects reloaded before import = 0Number of asset objects unloaded after import = 2

========================================================================
Received Import Request.
  Time since last request: 0.000020 seconds.
  path: Assets/Graphisms/Tilesets/SubTiles/Outside_2175.asset
  artifactKey: Guid(3fdeca14750c031468c0b0d7b5d79d8d) Importer(2089858483,b0f066a214c2f5e87bad3c948f4d605d)
Start importing Assets/Graphisms/Tilesets/SubTiles/Outside_2175.asset using Guid(3fdeca14750c031468c0b0d7b5d79d8d) Importer(2089858483,b0f066a214c2f5e87bad3c948f4d605d) (ScriptedImporter) -> (artifact id: '6e86f47035babefd7bae84797e1d0f7c') in 0.0115491 seconds
Number of updated asset objects reloaded before import = 0Number of asset objects unloaded after import = 2

========================================================================
Received Import Request.
  Time since last request: 0.000023 seconds.
  path: Assets/Graphisms/Tilesets/SubTiles/Outside_1845.asset
  artifactKey: Guid(9e784435326784047984ee565989fd8c) Importer(2089858483,b0f066a214c2f5e87bad3c948f4d605d)
Start importing Assets/Graphisms/Tilesets/SubTiles/Outside_1845.asset using Guid(9e784435326784047984ee565989fd8c) Importer(2089858483,b0f066a214c2f5e87bad3c948f4d605d) (ScriptedImporter) -> (artifact id: '357c41121ef98f58f3e0c7ce9725f4bf') in 0.0102911 seconds
Number of updated asset objects reloaded before import = 0Number of asset objects unloaded after import = 2

========================================================================
Received Import Request.
  Time since last request: 0.000028 seconds.
  path: Assets/Graphisms/Tilesets/SubTiles/Outside_2092.asset
  artifactKey: Guid(2b6f8652b3923cd4d8b9ca3dcc3edc3d) Importer(2089858483,b0f066a214c2f5e87bad3c948f4d605d)
Start importing Assets/Graphisms/Tilesets/SubTiles/Outside_2092.asset using Guid(2b6f8652b3923cd4d8b9ca3dcc3edc3d) Importer(2089858483,b0f066a214c2f5e87bad3c948f4d605d) (ScriptedImporter) -> (artifact id: '91a157c4c23ac5fb5571140d0a0763b0') in 0.012865 seconds
Number of updated asset objects reloaded before import = 0Number of asset objects unloaded after import = 2

========================================================================
Received Import Request.
  Time since last request: 0.000050 seconds.
  path: Assets/Graphisms/Tilesets/SubTiles/Outside_3415.asset
  artifactKey: Guid(85da4b4642d32744f8c5cbddd8e111a4) Importer(2089858483,b0f066a214c2f5e87bad3c948f4d605d)
Start importing Assets/Graphisms/Tilesets/SubTiles/Outside_3415.asset using Guid(85da4b4642d32744f8c5cbddd8e111a4) Importer(2089858483,b0f066a214c2f5e87bad3c948f4d605d) (ScriptedImporter) -> (artifact id: 'dd82c63db26de01d79b9d98953fcd544') in 0.0120776 seconds
Number of updated asset objects reloaded before import = 0Number of asset objects unloaded after import = 2

========================================================================
Received Import Request.
  Time since last request: 0.000025 seconds.
  path: Assets/Graphisms/Tilesets/SubTiles/Outside_132.asset
  artifactKey: Guid(b3b1444a04d0e63479cb88697bb6bafa) Importer(2089858483,b0f066a214c2f5e87bad3c948f4d605d)
Start importing Assets/Graphisms/Tilesets/SubTiles/Outside_132.asset using Guid(b3b1444a04d0e63479cb88697bb6bafa) Importer(2089858483,b0f066a214c2f5e87bad3c948f4d605d) (ScriptedImporter) -> (artifact id: 'b6859d1a8db38f05d38ec608e88bb1c1') in 0.0228415 seconds
Number of updated asset objects reloaded before import = 0Number of asset objects unloaded after import = 2

========================================================================
Received Import Request.
  Time since last request: 0.000025 seconds.
  path: Assets/Graphisms/Tilesets/SubTiles/Outside_3281.asset
  artifactKey: Guid(f032b17896f93554bb4554bc5f7d773f) Importer(2089858483,b0f066a214c2f5e87bad3c948f4d605d)
Start importing Assets/Graphisms/Tilesets/SubTiles/Outside_3281.asset using Guid(f032b17896f93554bb4554bc5f7d773f) Importer(2089858483,b0f066a214c2f5e87bad3c948f4d605d) (ScriptedImporter) -> (artifact id: 'c655ed6eaacc8df248e4e1314a7a0693') in 0.0107019 seconds
Number of updated asset objects reloaded before import = 0Number of asset objects unloaded after import = 2

========================================================================
Received Import Request.
  Time since last request: 0.000030 seconds.
  path: Assets/Graphisms/Tilesets/SubTiles/Outside_3543.asset
  artifactKey: Guid(0e2480fa94a8c8e47886d386231856a3) Importer(2089858483,b0f066a214c2f5e87bad3c948f4d605d)
Start importing Assets/Graphisms/Tilesets/SubTiles/Outside_3543.asset using Guid(0e2480fa94a8c8e47886d386231856a3) Importer(2089858483,b0f066a214c2f5e87bad3c948f4d605d) (ScriptedImporter) -> (artifact id: '7251c7b76310b08f1a81cf980671e10a') in 0.0096765 seconds
Number of updated asset objects reloaded before import = 0Number of asset objects unloaded after import = 2

========================================================================
Received Import Request.
  Time since last request: 0.000036 seconds.
  path: Assets/Graphisms/Tilesets/SubTiles/Outside_0.asset
  artifactKey: Guid(9dce8579351c39c459beb8f8d3df3f7e) Importer(2089858483,b0f066a214c2f5e87bad3c948f4d605d)
Start importing Assets/Graphisms/Tilesets/SubTiles/Outside_0.asset using Guid(9dce8579351c39c459beb8f8d3df3f7e) Importer(2089858483,b0f066a214c2f5e87bad3c948f4d605d) (ScriptedImporter) -> (artifact id: '662b46d168cc8074771bc41958137b50') in 0.05105 seconds
Number of updated asset objects reloaded before import = 0Number of asset objects unloaded after import = 2

========================================================================
Received Import Request.
  Time since last request: 0.000048 seconds.
  path: Assets/Graphisms/Tilesets/SubTiles/Outside_429.asset
  artifactKey: Guid(77410c088fc650f45929c46645c2d1c4) Importer(2089858483,b0f066a214c2f5e87bad3c948f4d605d)
Start importing Assets/Graphisms/Tilesets/SubTiles/Outside_429.asset using Guid(77410c088fc650f45929c46645c2d1c4) Importer(2089858483,b0f066a214c2f5e87bad3c948f4d605d) (ScriptedImporter) -> (artifact id: 'ee83e1221f64a3ad0854f915c40fa93b') in 0.0096843 seconds
Number of updated asset objects reloaded before import = 0Number of asset objects unloaded after import = 2

========================================================================
Received Import Request.
  Time since last request: 0.000065 seconds.
  path: Assets/Graphisms/Tilesets/SubTiles/Outside_2572.asset
  artifactKey: Guid(a4f630111b196b54aab2d14c4ad8f8ee) Importer(2089858483,b0f066a214c2f5e87bad3c948f4d605d)
Start importing Assets/Graphisms/Tilesets/SubTiles/Outside_2572.asset using Guid(a4f630111b196b54aab2d14c4ad8f8ee) Importer(2089858483,b0f066a214c2f5e87bad3c948f4d605d) (ScriptedImporter) -> (artifact id: '9870a7f234d65165be9dfe1c07769b56') in 0.0097002 seconds
Number of updated asset objects reloaded before import = 0Number of asset objects unloaded after import = 2

========================================================================
Received Import Request.
  Time since last request: 0.000024 seconds.
  path: Assets/Graphisms/Tilesets/SubTiles/Outside_1871.asset
  artifactKey: Guid(3cb45b159cb52244199190fe92cd38b5) Importer(2089858483,b0f066a214c2f5e87bad3c948f4d605d)
Start importing Assets/Graphisms/Tilesets/SubTiles/Outside_1871.asset using Guid(3cb45b159cb52244199190fe92cd38b5) Importer(2089858483,b0f066a214c2f5e87bad3c948f4d605d) (ScriptedImporter) -> (artifact id: 'f311e118e3e71e143f5db3cfafdb562b') in 0.0101164 seconds
Number of updated asset objects reloaded before import = 0Number of asset objects unloaded after import = 2

========================================================================
Received Import Request.
  Time since last request: 0.000039 seconds.
  path: Assets/Graphisms/Tilesets/SubTiles/Outside_1474.asset
  artifactKey: Guid(bfad8eab6f753ea43bad068dbad1ba4a) Importer(2089858483,b0f066a214c2f5e87bad3c948f4d605d)
Start importing Assets/Graphisms/Tilesets/SubTiles/Outside_1474.asset using Guid(bfad8eab6f753ea43bad068dbad1ba4a) Importer(2089858483,b0f066a214c2f5e87bad3c948f4d605d) (ScriptedImporter) -> (artifact id: '42ba0536f8e4d5b6afa9b06a7c9c31af') in 0.0090692 seconds
Number of updated asset objects reloaded before import = 0Number of asset objects unloaded after import = 2

========================================================================
Received Import Request.
  Time since last request: 0.000087 seconds.
  path: Assets/Graphisms/Tilesets/SubTiles/Outside_3289.asset
  artifactKey: Guid(ec9d1bd571f91eb408c469ece9491415) Importer(2089858483,b0f066a214c2f5e87bad3c948f4d605d)
Start importing Assets/Graphisms/Tilesets/SubTiles/Outside_3289.asset using Guid(ec9d1bd571f91eb408c469ece9491415) Importer(2089858483,b0f066a214c2f5e87bad3c948f4d605d) (ScriptedImporter) -> (artifact id: '0b50882b395a8bac52628befed20a047') in 0.0089178 seconds
Number of updated asset objects reloaded before import = 0Number of asset objects unloaded after import = 2

========================================================================
Received Import Request.
  Time since last request: 0.000043 seconds.
  path: Assets/Graphisms/Tilesets/SubTiles/Outside_2819.asset
  artifactKey: Guid(5bc2c2af043a14047a868643cbe00598) Importer(2089858483,b0f066a214c2f5e87bad3c948f4d605d)
Start importing Assets/Graphisms/Tilesets/SubTiles/Outside_2819.asset using Guid(5bc2c2af043a14047a868643cbe00598) Importer(2089858483,b0f066a214c2f5e87bad3c948f4d605d) (ScriptedImporter) -> (artifact id: '91a9a62ef5a25445a27ab983fd6cd3ca') in 0.0101516 seconds
Number of updated asset objects reloaded before import = 0Number of asset objects unloaded after import = 2

========================================================================
Received Import Request.
  Time since last request: 0.000042 seconds.
  path: Assets/Graphisms/Tilesets/SubTiles/Outside_2212.asset
  artifactKey: Guid(f1b12edadf499bf46808a77e6a41bf9b) Importer(2089858483,b0f066a214c2f5e87bad3c948f4d605d)
Start importing Assets/Graphisms/Tilesets/SubTiles/Outside_2212.asset using Guid(f1b12edadf499bf46808a77e6a41bf9b) Importer(2089858483,b0f066a214c2f5e87bad3c948f4d605d) (ScriptedImporter) -> (artifact id: 'b6e98f279de6eba04156d416e778c835') in 0.0106069 seconds
Number of updated asset objects reloaded before import = 0Number of asset objects unloaded after import = 2

========================================================================
Received Import Request.
  Time since last request: 0.000024 seconds.
  path: Assets/Graphisms/Tilesets/SubTiles/Outside_1876.asset
  artifactKey: Guid(a13ecacf4b2e6724fb0d43b1598e434c) Importer(2089858483,b0f066a214c2f5e87bad3c948f4d605d)
Start importing Assets/Graphisms/Tilesets/SubTiles/Outside_1876.asset using Guid(a13ecacf4b2e6724fb0d43b1598e434c) Importer(2089858483,b0f066a214c2f5e87bad3c948f4d605d) (ScriptedImporter) -> (artifact id: 'b7f5c62da86b7ec5a6eb2200469a6fac') in 0.0103149 seconds
Number of updated asset objects reloaded before import = 0Number of asset objects unloaded after import = 2

========================================================================
Received Import Request.
  Time since last request: 0.000035 seconds.
  path: Assets/Graphisms/Tilesets/SubTiles/Outside_2911.asset
  artifactKey: Guid(2e3e7407b98f0a942b9e99aab5ddfad6) Importer(2089858483,b0f066a214c2f5e87bad3c948f4d605d)
Start importing Assets/Graphisms/Tilesets/SubTiles/Outside_2911.asset using Guid(2e3e7407b98f0a942b9e99aab5ddfad6) Importer(2089858483,b0f066a214c2f5e87bad3c948f4d605d) (ScriptedImporter) -> (artifact id: '97cf8c5377521925c615eb54eb96e60d') in 0.0102972 seconds
Number of updated asset objects reloaded before import = 0Number of asset objects unloaded after import = 2

========================================================================
Received Import Request.
  Time since last request: 0.000021 seconds.
  path: Assets/Graphisms/Tilesets/SubTiles/Outside_921.asset
  artifactKey: Guid(5c061660322b4124e84ae31bcf95f135) Importer(2089858483,b0f066a214c2f5e87bad3c948f4d605d)
Start importing Assets/Graphisms/Tilesets/SubTiles/Outside_921.asset using Guid(5c061660322b4124e84ae31bcf95f135) Importer(2089858483,b0f066a214c2f5e87bad3c948f4d605d) (ScriptedImporter) -> (artifact id: '9c92b7804e870273fbc143026c4467c4') in 0.010119 seconds
Number of updated asset objects reloaded before import = 0Number of asset objects unloaded after import = 2

========================================================================
Received Import Request.
  Time since last request: 0.000021 seconds.
  path: Assets/Graphisms/Tilesets/SubTiles/Outside_935.asset
  artifactKey: Guid(5f2bca1527576c74bbedc2efd940ff5c) Importer(2089858483,b0f066a214c2f5e87bad3c948f4d605d)
Start importing Assets/Graphisms/Tilesets/SubTiles/Outside_935.asset using Guid(5f2bca1527576c74bbedc2efd940ff5c) Importer(2089858483,b0f066a214c2f5e87bad3c948f4d605d) (ScriptedImporter) -> (artifact id: 'ebe28ec9f77870c32c2d9f266095b519') in 0.013155 seconds
Number of updated asset objects reloaded before import = 0Number of asset objects unloaded after import = 2

========================================================================
Received Import Request.
  Time since last request: 0.000020 seconds.
  path: Assets/Graphisms/Tilesets/SubTiles/Outside_3609.asset
  artifactKey: Guid(8db89bd06c30f8d41844b924f5703e91) Importer(2089858483,b0f066a214c2f5e87bad3c948f4d605d)
Start importing Assets/Graphisms/Tilesets/SubTiles/Outside_3609.asset using Guid(8db89bd06c30f8d41844b924f5703e91) Importer(2089858483,b0f066a214c2f5e87bad3c948f4d605d) (ScriptedImporter) -> (artifact id: '18b30705085a4e56be0e86f0efd92d17') in 0.0118648 seconds
Number of updated asset objects reloaded before import = 0Number of asset objects unloaded after import = 2

========================================================================
Received Import Request.
  Time since last request: 0.000088 seconds.
  path: Assets/Graphisms/Tilesets/SubTiles/Outside_1712.asset
  artifactKey: Guid(5bdb378562dc78f4f9ccd0726724b482) Importer(2089858483,b0f066a214c2f5e87bad3c948f4d605d)
Start importing Assets/Graphisms/Tilesets/SubTiles/Outside_1712.asset using Guid(5bdb378562dc78f4f9ccd0726724b482) Importer(2089858483,b0f066a214c2f5e87bad3c948f4d605d) (ScriptedImporter) -> (artifact id: '19fdbd0d9e28d7fc0a55ac80f8a53592') in 0.0107283 seconds
Number of updated asset objects reloaded before import = 0Number of asset objects unloaded after import = 2

========================================================================
Received Import Request.
  Time since last request: 0.000045 seconds.
  path: Assets/Graphisms/Tilesets/SubTiles/Outside_3858.asset
  artifactKey: Guid(7c4b56e3e99c90843853aabe8b4d9ef1) Importer(2089858483,b0f066a214c2f5e87bad3c948f4d605d)
Start importing Assets/Graphisms/Tilesets/SubTiles/Outside_3858.asset using Guid(7c4b56e3e99c90843853aabe8b4d9ef1) Importer(2089858483,b0f066a214c2f5e87bad3c948f4d605d) (ScriptedImporter) -> (artifact id: '6b1bf7ab9469a7a821493f4b0f417110') in 0.0140074 seconds
Number of updated asset objects reloaded before import = 0Number of asset objects unloaded after import = 2

========================================================================
Received Import Request.
  Time since last request: 0.000024 seconds.
  path: Assets/Graphisms/Tilesets/SubTiles/Outside_1011.asset
  artifactKey: Guid(12c8295da325f1045b22025c4e602612) Importer(2089858483,b0f066a214c2f5e87bad3c948f4d605d)
Start importing Assets/Graphisms/Tilesets/SubTiles/Outside_1011.asset using Guid(12c8295da325f1045b22025c4e602612) Importer(2089858483,b0f066a214c2f5e87bad3c948f4d605d) (ScriptedImporter) -> (artifact id: '8763ff06c6fada5d40d55385a322576b') in 0.0107835 seconds
Number of updated asset objects reloaded before import = 0Number of asset objects unloaded after import = 2

========================================================================
Received Import Request.
  Time since last request: 0.000037 seconds.
  path: Assets/Graphisms/Tilesets/SubTiles/Outside_3611.asset
  artifactKey: Guid(71e2b709a9adf2c4c91562e4f7f72ac7) Importer(2089858483,b0f066a214c2f5e87bad3c948f4d605d)
Start importing Assets/Graphisms/Tilesets/SubTiles/Outside_3611.asset using Guid(71e2b709a9adf2c4c91562e4f7f72ac7) Importer(2089858483,b0f066a214c2f5e87bad3c948f4d605d) (ScriptedImporter) -> (artifact id: '20d42ea44472a939839e9aeffbdae711') in 0.010665 seconds
Number of updated asset objects reloaded before import = 0Number of asset objects unloaded after import = 2

========================================================================
Received Import Request.
  Time since last request: 0.000022 seconds.
  path: Assets/Graphisms/Tilesets/SubTiles/Outside_2721.asset
  artifactKey: Guid(3a20f035c59d743418fb5b8e57e97337) Importer(2089858483,b0f066a214c2f5e87bad3c948f4d605d)
Start importing Assets/Graphisms/Tilesets/SubTiles/Outside_2721.asset using Guid(3a20f035c59d743418fb5b8e57e97337) Importer(2089858483,b0f066a214c2f5e87bad3c948f4d605d) (ScriptedImporter) -> (artifact id: '4117a7e902cae9d9c2b589b5fb0be605') in 0.0115361 seconds
Number of updated asset objects reloaded before import = 0Number of asset objects unloaded after import = 2

========================================================================
Received Import Request.
  Time since last request: 0.000034 seconds.
  path: Assets/Graphisms/Tilesets/SubTiles/Outside_592.asset
  artifactKey: Guid(d4c07f1b43aed9044938f8ff0f886838) Importer(2089858483,b0f066a214c2f5e87bad3c948f4d605d)
Start importing Assets/Graphisms/Tilesets/SubTiles/Outside_592.asset using Guid(d4c07f1b43aed9044938f8ff0f886838) Importer(2089858483,b0f066a214c2f5e87bad3c948f4d605d) (ScriptedImporter) -> (artifact id: '675974e568e99033573eaed926319850') in 0.1290493 seconds
Number of updated asset objects reloaded before import = 0Number of asset objects unloaded after import = 2

========================================================================
Received Import Request.
  Time since last request: 0.000045 seconds.
  path: Assets/Graphisms/Tilesets/SubTiles/Outside_62.asset
  artifactKey: Guid(6e8e265b9123c9648bfeeb9a21662d25) Importer(2089858483,b0f066a214c2f5e87bad3c948f4d605d)
Start importing Assets/Graphisms/Tilesets/SubTiles/Outside_62.asset using Guid(6e8e265b9123c9648bfeeb9a21662d25) Importer(2089858483,b0f066a214c2f5e87bad3c948f4d605d) (ScriptedImporter) -> (artifact id: 'ca374663ba49a397a827ba094a7c3a83') in 0.0490462 seconds
Number of updated asset objects reloaded before import = 0Number of asset objects unloaded after import = 2

========================================================================
Received Import Request.
  Time since last request: 0.000026 seconds.
  path: Assets/Graphisms/Tilesets/SubTiles/Outside_3140.asset
  artifactKey: Guid(f91bfb82a4dcf7e4db0a032433a276ef) Importer(2089858483,b0f066a214c2f5e87bad3c948f4d605d)
Start importing Assets/Graphisms/Tilesets/SubTiles/Outside_3140.asset using Guid(f91bfb82a4dcf7e4db0a032433a276ef) Importer(2089858483,b0f066a214c2f5e87bad3c948f4d605d) (ScriptedImporter) -> (artifact id: '4892f0349632146fef12dbf7ea31f84d') in 0.0845133 seconds
Number of updated asset objects reloaded before import = 0Number of asset objects unloaded after import = 2

========================================================================
Received Import Request.
  Time since last request: 0.000035 seconds.
  path: Assets/Graphisms/Tilesets/SubTiles/Outside_3164.asset
  artifactKey: Guid(c1a9e8cc7d283af4ca2a78523922a3c2) Importer(2089858483,b0f066a214c2f5e87bad3c948f4d605d)
Start importing Assets/Graphisms/Tilesets/SubTiles/Outside_3164.asset using Guid(c1a9e8cc7d283af4ca2a78523922a3c2) Importer(2089858483,b0f066a214c2f5e87bad3c948f4d605d) (ScriptedImporter) -> (artifact id: '3ffc2ce09a2c98f17188c7c48ae4d77a') in 0.064566 seconds
Number of updated asset objects reloaded before import = 0Number of asset objects unloaded after import = 2

========================================================================
Received Import Request.
  Time since last request: 0.000043 seconds.
  path: Assets/Graphisms/Tilesets/SubTiles/Outside_1441.asset
  artifactKey: Guid(accac10b07f1ba94b8b9f7d48ae44c35) Importer(2089858483,b0f066a214c2f5e87bad3c948f4d605d)
Start importing Assets/Graphisms/Tilesets/SubTiles/Outside_1441.asset using Guid(accac10b07f1ba94b8b9f7d48ae44c35) Importer(2089858483,b0f066a214c2f5e87bad3c948f4d605d) (ScriptedImporter) -> (artifact id: 'e3b166eeefde6a4ab54f372a53f284bf') in 0.1107646 seconds
Number of updated asset objects reloaded before import = 0Number of asset objects unloaded after import = 2

========================================================================
Received Import Request.
  Time since last request: 0.000026 seconds.
  path: Assets/Graphisms/Tilesets/SubTiles/Outside_3218.asset
  artifactKey: Guid(177d5a253241e5b4a92000ee0bea8353) Importer(2089858483,b0f066a214c2f5e87bad3c948f4d605d)
Start importing Assets/Graphisms/Tilesets/SubTiles/Outside_3218.asset using Guid(177d5a253241e5b4a92000ee0bea8353) Importer(2089858483,b0f066a214c2f5e87bad3c948f4d605d) (ScriptedImporter) -> (artifact id: '4fa8ac81412631bcba2fd1e7b38b6a32') in 0.0205362 seconds
Number of updated asset objects reloaded before import = 0Number of asset objects unloaded after import = 2

========================================================================
Received Import Request.
  Time since last request: 0.000023 seconds.
  path: Assets/Graphisms/Tilesets/SubTiles/Outside_856.asset
  artifactKey: Guid(5101844e8b0d4244e9fb274672e7c9cc) Importer(2089858483,b0f066a214c2f5e87bad3c948f4d605d)
Start importing Assets/Graphisms/Tilesets/SubTiles/Outside_856.asset using Guid(5101844e8b0d4244e9fb274672e7c9cc) Importer(2089858483,b0f066a214c2f5e87bad3c948f4d605d) (ScriptedImporter) -> (artifact id: '41eac5e849f7a808359ca9238196db03') in 0.0104934 seconds
Number of updated asset objects reloaded before import = 0Number of asset objects unloaded after import = 2

========================================================================
Received Import Request.
  Time since last request: 0.000043 seconds.
  path: Assets/Graphisms/Tilesets/SubTiles/Outside_1981.asset
  artifactKey: Guid(592feeb4b1dab7f46a16908502741d80) Importer(2089858483,b0f066a214c2f5e87bad3c948f4d605d)
Start importing Assets/Graphisms/Tilesets/SubTiles/Outside_1981.asset using Guid(592feeb4b1dab7f46a16908502741d80) Importer(2089858483,b0f066a214c2f5e87bad3c948f4d605d) (ScriptedImporter) -> (artifact id: '3e0d899497e11b63941c4a105eca8b03') in 0.3258169 seconds
Number of updated asset objects reloaded before import = 0Number of asset objects unloaded after import = 2

========================================================================
Received Import Request.
  Time since last request: 0.000048 seconds.
  path: Assets/Graphisms/Tilesets/SubTiles/Outside_2577.asset
  artifactKey: Guid(e638c09a0be687e43b59d77a35553a21) Importer(2089858483,b0f066a214c2f5e87bad3c948f4d605d)
Start importing Assets/Graphisms/Tilesets/SubTiles/Outside_2577.asset using Guid(e638c09a0be687e43b59d77a35553a21) Importer(2089858483,b0f066a214c2f5e87bad3c948f4d605d) (ScriptedImporter) -> (artifact id: 'e46f54ddfd29ca01b9624cf96bf7f1b7') in 0.01479 seconds
Number of updated asset objects reloaded before import = 0Number of asset objects unloaded after import = 2

========================================================================
Received Import Request.
  Time since last request: 0.000038 seconds.
  path: Assets/Graphisms/Tilesets/SubTiles/Outside_492.asset
  artifactKey: Guid(f683b21d8f6e666448822eaaf5f67433) Importer(2089858483,b0f066a214c2f5e87bad3c948f4d605d)
Start importing Assets/Graphisms/Tilesets/SubTiles/Outside_492.asset using Guid(f683b21d8f6e666448822eaaf5f67433) Importer(2089858483,b0f066a214c2f5e87bad3c948f4d605d) (ScriptedImporter) -> (artifact id: '79f217720463f9c30417425ca04bc8bf') in 0.0092239 seconds
Number of updated asset objects reloaded before import = 0Number of asset objects unloaded after import = 2

========================================================================
Received Import Request.
  Time since last request: 0.000022 seconds.
  path: Assets/Graphisms/Tilesets/SubTiles/Outside_3814.asset
  artifactKey: Guid(b1810f83123358d46aa55ffafaf2b46e) Importer(2089858483,b0f066a214c2f5e87bad3c948f4d605d)
Start importing Assets/Graphisms/Tilesets/SubTiles/Outside_3814.asset using Guid(b1810f83123358d46aa55ffafaf2b46e) Importer(2089858483,b0f066a214c2f5e87bad3c948f4d605d) (ScriptedImporter) -> (artifact id: '7a34b0740487c7302e56f0bee4cc90dc') in 0.0126916 seconds
Number of updated asset objects reloaded before import = 0Number of asset objects unloaded after import = 2

========================================================================
Received Import Request.
  Time since last request: 0.000022 seconds.
  path: Assets/Graphisms/Tilesets/SubTiles/Outside_1393.asset
  artifactKey: Guid(ec7ec86ece21c5049963e556912b35d6) Importer(2089858483,b0f066a214c2f5e87bad3c948f4d605d)
Start importing Assets/Graphisms/Tilesets/SubTiles/Outside_1393.asset using Guid(ec7ec86ece21c5049963e556912b35d6) Importer(2089858483,b0f066a214c2f5e87bad3c948f4d605d) (ScriptedImporter) -> (artifact id: 'dc5638af80c224641e833304a92bb6a5') in 0.0115927 seconds
Number of updated asset objects reloaded before import = 0Number of asset objects unloaded after import = 2

========================================================================
Received Import Request.
  Time since last request: 0.000031 seconds.
  path: Assets/Graphisms/Tilesets/SubTiles/Outside_245.asset
  artifactKey: Guid(070095045c505fa43b6c75ce24b0f6f7) Importer(2089858483,b0f066a214c2f5e87bad3c948f4d605d)
Start importing Assets/Graphisms/Tilesets/SubTiles/Outside_245.asset using Guid(070095045c505fa43b6c75ce24b0f6f7) Importer(2089858483,b0f066a214c2f5e87bad3c948f4d605d) (ScriptedImporter) -> (artifact id: '9454f4f57cc2a8ad4d049c56c2610836') in 0.0393495 seconds
Number of updated asset objects reloaded before import = 0Number of asset objects unloaded after import = 2

========================================================================
Received Import Request.
  Time since last request: 0.000024 seconds.
  path: Assets/Graphisms/Tilesets/SubTiles/Outside_1658.asset
  artifactKey: Guid(6b103f376bdf20f4eba8f2a3d6cd6e17) Importer(2089858483,b0f066a214c2f5e87bad3c948f4d605d)
Start importing Assets/Graphisms/Tilesets/SubTiles/Outside_1658.asset using Guid(6b103f376bdf20f4eba8f2a3d6cd6e17) Importer(2089858483,b0f066a214c2f5e87bad3c948f4d605d) (ScriptedImporter) -> (artifact id: 'c092dec4ecac180f5c69b0f13bf87643') in 0.0128071 seconds
Number of updated asset objects reloaded before import = 0Number of asset objects unloaded after import = 2

========================================================================
Received Import Request.
  Time since last request: 0.000033 seconds.
  path: Assets/Graphisms/Tilesets/SubTiles/Outside_631.asset
  artifactKey: Guid(009cc6cf0d900134c9d0cf7105d86a9d) Importer(2089858483,b0f066a214c2f5e87bad3c948f4d605d)
Start importing Assets/Graphisms/Tilesets/SubTiles/Outside_631.asset using Guid(009cc6cf0d900134c9d0cf7105d86a9d) Importer(2089858483,b0f066a214c2f5e87bad3c948f4d605d) (ScriptedImporter) -> (artifact id: '9c02cabd8e543238c44924e45aab1f2c') in 0.0508095 seconds
Number of updated asset objects reloaded before import = 0Number of asset objects unloaded after import = 2

========================================================================
Received Import Request.
  Time since last request: 0.000023 seconds.
  path: Assets/Graphisms/Tilesets/SubTiles/Outside_928.asset
  artifactKey: Guid(2f5ba4102fb541346a72d2236d29f3f3) Importer(2089858483,b0f066a214c2f5e87bad3c948f4d605d)
Start importing Assets/Graphisms/Tilesets/SubTiles/Outside_928.asset using Guid(2f5ba4102fb541346a72d2236d29f3f3) Importer(2089858483,b0f066a214c2f5e87bad3c948f4d605d) (ScriptedImporter) -> (artifact id: 'c84c7d9539a72c77301069b96d6badc8') in 0.0105395 seconds
Number of updated asset objects reloaded before import = 0Number of asset objects unloaded after import = 2

========================================================================
Received Import Request.
  Time since last request: 0.000018 seconds.
  path: Assets/Graphisms/Tilesets/SubTiles/Outside_2321.asset
  artifactKey: Guid(647e317f218877145bf8e74fc2c0440e) Importer(2089858483,b0f066a214c2f5e87bad3c948f4d605d)
Start importing Assets/Graphisms/Tilesets/SubTiles/Outside_2321.asset using Guid(647e317f218877145bf8e74fc2c0440e) Importer(2089858483,b0f066a214c2f5e87bad3c948f4d605d) (ScriptedImporter) -> (artifact id: '835c0f3535af45de3fb22e5dc0ad7051') in 0.0105634 seconds
Number of updated asset objects reloaded before import = 0Number of asset objects unloaded after import = 2

========================================================================
Received Import Request.
  Time since last request: 0.000031 seconds.
  path: Assets/Graphisms/Tilesets/SubTiles/Outside_3843.asset
  artifactKey: Guid(24a6431245b5161479320c17d67b8db8) Importer(2089858483,b0f066a214c2f5e87bad3c948f4d605d)
Start importing Assets/Graphisms/Tilesets/SubTiles/Outside_3843.asset using Guid(24a6431245b5161479320c17d67b8db8) Importer(2089858483,b0f066a214c2f5e87bad3c948f4d605d) (ScriptedImporter) -> (artifact id: '46b1732c996ec7c4a20f54c44dd718b2') in 0.0103376 seconds
Number of updated asset objects reloaded before import = 0Number of asset objects unloaded after import = 2

========================================================================
Received Import Request.
  Time since last request: 0.000039 seconds.
  path: Assets/Graphisms/Tilesets/SubTiles/Outside_1368.asset
  artifactKey: Guid(e6b533faa9c842e4a9aabfa5e3f057c6) Importer(2089858483,b0f066a214c2f5e87bad3c948f4d605d)
Start importing Assets/Graphisms/Tilesets/SubTiles/Outside_1368.asset using Guid(e6b533faa9c842e4a9aabfa5e3f057c6) Importer(2089858483,b0f066a214c2f5e87bad3c948f4d605d) (ScriptedImporter) -> (artifact id: 'f2b4447ebd891ec927e4c08baff44775') in 0.0319807 seconds
Number of updated asset objects reloaded before import = 0Number of asset objects unloaded after import = 2

========================================================================
Received Import Request.
  Time since last request: 0.000023 seconds.
  path: Assets/Graphisms/Tilesets/SubTiles/Outside_107.asset
  artifactKey: Guid(f1d0e6ccca879a2488d1f66a1541d317) Importer(2089858483,b0f066a214c2f5e87bad3c948f4d605d)
Start importing Assets/Graphisms/Tilesets/SubTiles/Outside_107.asset using Guid(f1d0e6ccca879a2488d1f66a1541d317) Importer(2089858483,b0f066a214c2f5e87bad3c948f4d605d) (ScriptedImporter) -> (artifact id: '2b00cf1bde3dc20c66f87e61a5201ca8') in 0.014589 seconds
Number of updated asset objects reloaded before import = 0Number of asset objects unloaded after import = 2

========================================================================
Received Import Request.
  Time since last request: 0.000019 seconds.
  path: Assets/Graphisms/Tilesets/SubTiles/Outside_444.asset
  artifactKey: Guid(ca3a5b34e946cec44b936a3c419b45bc) Importer(2089858483,b0f066a214c2f5e87bad3c948f4d605d)
Start importing Assets/Graphisms/Tilesets/SubTiles/Outside_444.asset using Guid(ca3a5b34e946cec44b936a3c419b45bc) Importer(2089858483,b0f066a214c2f5e87bad3c948f4d605d) (ScriptedImporter) -> (artifact id: 'd17a29ac1f93be6808f48cfe32f6f109') in 0.0135785 seconds
Number of updated asset objects reloaded before import = 0Number of asset objects unloaded after import = 2

========================================================================
Received Import Request.
  Time since last request: 0.000026 seconds.
  path: Assets/Graphisms/Tilesets/SubTiles/Outside_741.asset
  artifactKey: Guid(e36ccb653fbf8e74bbe86e307785d1a3) Importer(2089858483,b0f066a214c2f5e87bad3c948f4d605d)
Start importing Assets/Graphisms/Tilesets/SubTiles/Outside_741.asset using Guid(e36ccb653fbf8e74bbe86e307785d1a3) Importer(2089858483,b0f066a214c2f5e87bad3c948f4d605d) (ScriptedImporter) -> (artifact id: '818c907e39fbb870235e9aca114485f3') in 0.0096402 seconds
Number of updated asset objects reloaded before import = 0Number of asset objects unloaded after import = 2

========================================================================
Received Import Request.
  Time since last request: 0.000039 seconds.
  path: Assets/Graphisms/Tilesets/SubTiles/Outside_1740.asset
  artifactKey: Guid(0d909e4730e058b42b3417daa355627e) Importer(2089858483,b0f066a214c2f5e87bad3c948f4d605d)
Start importing Assets/Graphisms/Tilesets/SubTiles/Outside_1740.asset using Guid(0d909e4730e058b42b3417daa355627e) Importer(2089858483,b0f066a214c2f5e87bad3c948f4d605d) (ScriptedImporter) -> (artifact id: '3d831ba63f5197e84485e13b3fb18e70') in 0.0127366 seconds
Number of updated asset objects reloaded before import = 0Number of asset objects unloaded after import = 2

========================================================================
Received Import Request.
  Time since last request: 0.000047 seconds.
  path: Assets/Graphisms/Tilesets/SubTiles/Outside_590.asset
  artifactKey: Guid(d645b3c30e44ce54e8e8ca26f1a82924) Importer(2089858483,b0f066a214c2f5e87bad3c948f4d605d)
Start importing Assets/Graphisms/Tilesets/SubTiles/Outside_590.asset using Guid(d645b3c30e44ce54e8e8ca26f1a82924) Importer(2089858483,b0f066a214c2f5e87bad3c948f4d605d) (ScriptedImporter) -> (artifact id: 'e6343a781c7efd562c52c830cf7d5be5') in 0.0267919 seconds
Number of updated asset objects reloaded before import = 0Number of asset objects unloaded after import = 2

========================================================================
Received Import Request.
  Time since last request: 0.000019 seconds.
  path: Assets/Graphisms/Tilesets/SubTiles/Outside_3233.asset
  artifactKey: Guid(09bf34aa4aa2fed4ead8f31717cd5d35) Importer(2089858483,b0f066a214c2f5e87bad3c948f4d605d)
Start importing Assets/Graphisms/Tilesets/SubTiles/Outside_3233.asset using Guid(09bf34aa4aa2fed4ead8f31717cd5d35) Importer(2089858483,b0f066a214c2f5e87bad3c948f4d605d) (ScriptedImporter) -> (artifact id: '0e6f6a3cbdb408d451261b0c28e21518') in 0.0418446 seconds
Number of updated asset objects reloaded before import = 0Number of asset objects unloaded after import = 2

========================================================================
Received Import Request.
  Time since last request: 0.000035 seconds.
  path: Assets/Graphisms/Tilesets/SubTiles/Outside_3822.asset
  artifactKey: Guid(0e46937011324cd4aacb69518d7b5e84) Importer(2089858483,b0f066a214c2f5e87bad3c948f4d605d)
Start importing Assets/Graphisms/Tilesets/SubTiles/Outside_3822.asset using Guid(0e46937011324cd4aacb69518d7b5e84) Importer(2089858483,b0f066a214c2f5e87bad3c948f4d605d) (ScriptedImporter) -> (artifact id: '67297388608a312ced919dc5438829c2') in 0.0129381 seconds
Number of updated asset objects reloaded before import = 0Number of asset objects unloaded after import = 2

========================================================================
Received Import Request.
  Time since last request: 0.000037 seconds.
  path: Assets/Graphisms/Tilesets/SubTiles/Outside_2861.asset
  artifactKey: Guid(94c2ab28699d3e74e9bbcbc690d78907) Importer(2089858483,b0f066a214c2f5e87bad3c948f4d605d)
Start importing Assets/Graphisms/Tilesets/SubTiles/Outside_2861.asset using Guid(94c2ab28699d3e74e9bbcbc690d78907) Importer(2089858483,b0f066a214c2f5e87bad3c948f4d605d) (ScriptedImporter) -> (artifact id: '48a5a2e622f198703144fa4fe2859602') in 0.0093615 seconds
Number of updated asset objects reloaded before import = 0Number of asset objects unloaded after import = 2

========================================================================
Received Import Request.
  Time since last request: 0.000029 seconds.
  path: Assets/Graphisms/Tilesets/SubTiles/Outside_2041.asset
  artifactKey: Guid(7d7a90e2f7d9e8947b8316adc6227c58) Importer(2089858483,b0f066a214c2f5e87bad3c948f4d605d)
Start importing Assets/Graphisms/Tilesets/SubTiles/Outside_2041.asset using Guid(7d7a90e2f7d9e8947b8316adc6227c58) Importer(2089858483,b0f066a214c2f5e87bad3c948f4d605d) (ScriptedImporter) -> (artifact id: '08cae28c8d7447ce51a8e58df4d429db') in 0.0110143 seconds
Number of updated asset objects reloaded before import = 0Number of asset objects unloaded after import = 2

========================================================================
Received Import Request.
  Time since last request: 0.000031 seconds.
  path: Assets/Graphisms/Tilesets/SubTiles/Outside_2989.asset
  artifactKey: Guid(b81c2413da95f0e4a9955ce5df7f8cb2) Importer(2089858483,b0f066a214c2f5e87bad3c948f4d605d)
Start importing Assets/Graphisms/Tilesets/SubTiles/Outside_2989.asset using Guid(b81c2413da95f0e4a9955ce5df7f8cb2) Importer(2089858483,b0f066a214c2f5e87bad3c948f4d605d) (ScriptedImporter) -> (artifact id: '1f94a8276ea1c1f830b0cba168792ce1') in 0.0092999 seconds
Number of updated asset objects reloaded before import = 0Number of asset objects unloaded after import = 2

========================================================================
Received Import Request.
  Time since last request: 0.000028 seconds.
  path: Assets/Graphisms/Tilesets/SubTiles/Outside_1513.asset
  artifactKey: Guid(cc466e9fd96fd1f448ec89843326eee9) Importer(2089858483,b0f066a214c2f5e87bad3c948f4d605d)
Start importing Assets/Graphisms/Tilesets/SubTiles/Outside_1513.asset using Guid(cc466e9fd96fd1f448ec89843326eee9) Importer(2089858483,b0f066a214c2f5e87bad3c948f4d605d) (ScriptedImporter) -> (artifact id: '81c8ec80c8346c4aee93eb71cd69f866') in 0.0097932 seconds
Number of updated asset objects reloaded before import = 0Number of asset objects unloaded after import = 2

========================================================================
Received Import Request.
  Time since last request: 0.000027 seconds.
  path: Assets/Graphisms/Tilesets/SubTiles/Outside_1623.asset
  artifactKey: Guid(ec850814ed781a44f9e379ff75a4c205) Importer(2089858483,b0f066a214c2f5e87bad3c948f4d605d)
Start importing Assets/Graphisms/Tilesets/SubTiles/Outside_1623.asset using Guid(ec850814ed781a44f9e379ff75a4c205) Importer(2089858483,b0f066a214c2f5e87bad3c948f4d605d) (ScriptedImporter) -> (artifact id: '25050db4f01a5ed19ffefa419fb66af3') in 0.0104565 seconds
Number of updated asset objects reloaded before import = 0Number of asset objects unloaded after import = 2

========================================================================
Received Import Request.
  Time since last request: 0.000040 seconds.
  path: Assets/Graphisms/Tilesets/SubTiles/Outside_2102.asset
  artifactKey: Guid(7a7ab0a4cc5230647ab1e876506bd33b) Importer(2089858483,b0f066a214c2f5e87bad3c948f4d605d)
Start importing Assets/Graphisms/Tilesets/SubTiles/Outside_2102.asset using Guid(7a7ab0a4cc5230647ab1e876506bd33b) Importer(2089858483,b0f066a214c2f5e87bad3c948f4d605d) (ScriptedImporter) -> (artifact id: '591e5c2f7a41f27093da9657a09da669') in 0.0106188 seconds
Number of updated asset objects reloaded before import = 0Number of asset objects unloaded after import = 2

========================================================================
Received Import Request.
  Time since last request: 0.000037 seconds.
  path: Assets/Graphisms/Tilesets/SubTiles/Outside_2852.asset
  artifactKey: Guid(b5d8082da19c16143b802234c5ee091c) Importer(2089858483,b0f066a214c2f5e87bad3c948f4d605d)
Start importing Assets/Graphisms/Tilesets/SubTiles/Outside_2852.asset using Guid(b5d8082da19c16143b802234c5ee091c) Importer(2089858483,b0f066a214c2f5e87bad3c948f4d605d) (ScriptedImporter) -> (artifact id: '9d56125bd41a312ee512546e2d4d9a94') in 0.0114992 seconds
Number of updated asset objects reloaded before import = 0Number of asset objects unloaded after import = 2

========================================================================
Received Import Request.
  Time since last request: 0.000026 seconds.
  path: Assets/Graphisms/Tilesets/SubTiles/Outside_2930.asset
  artifactKey: Guid(0ee5fa881db48a7449ebb64ac9108503) Importer(2089858483,b0f066a214c2f5e87bad3c948f4d605d)
Start importing Assets/Graphisms/Tilesets/SubTiles/Outside_2930.asset using Guid(0ee5fa881db48a7449ebb64ac9108503) Importer(2089858483,b0f066a214c2f5e87bad3c948f4d605d) (ScriptedImporter) -> (artifact id: '9e2f422f2cca42d2fdd53182835d32d7') in 0.0110224 seconds
Number of updated asset objects reloaded before import = 0Number of asset objects unloaded after import = 2

========================================================================
Received Import Request.
  Time since last request: 0.000066 seconds.
  path: Assets/Graphisms/Tilesets/SubTiles/Outside_1207.asset
  artifactKey: Guid(77da42f748febd64994144b4da7e5b5f) Importer(2089858483,b0f066a214c2f5e87bad3c948f4d605d)
Start importing Assets/Graphisms/Tilesets/SubTiles/Outside_1207.asset using Guid(77da42f748febd64994144b4da7e5b5f) Importer(2089858483,b0f066a214c2f5e87bad3c948f4d605d) (ScriptedImporter) -> (artifact id: 'ef1583d4a2e0834bb3d4a5c08885e309') in 0.0344937 seconds
Number of updated asset objects reloaded before import = 0Number of asset objects unloaded after import = 2

========================================================================
Received Import Request.
  Time since last request: 0.000025 seconds.
  path: Assets/Graphisms/Tilesets/SubTiles/Outside_3926.asset
  artifactKey: Guid(9bf8069fd3eea42428e565bbda7e2464) Importer(2089858483,b0f066a214c2f5e87bad3c948f4d605d)
Start importing Assets/Graphisms/Tilesets/SubTiles/Outside_3926.asset using Guid(9bf8069fd3eea42428e565bbda7e2464) Importer(2089858483,b0f066a214c2f5e87bad3c948f4d605d) (ScriptedImporter) -> (artifact id: '6798a71efdfa3d042a04cac460bab2df') in 0.0109361 seconds
Number of updated asset objects reloaded before import = 0Number of asset objects unloaded after import = 2

========================================================================
Received Import Request.
  Time since last request: 0.000031 seconds.
  path: Assets/Graphisms/Tilesets/SubTiles/Outside_2166.asset
  artifactKey: Guid(152ac2f4dd242974b85bff9592af575a) Importer(2089858483,b0f066a214c2f5e87bad3c948f4d605d)
Start importing Assets/Graphisms/Tilesets/SubTiles/Outside_2166.asset using Guid(152ac2f4dd242974b85bff9592af575a) Importer(2089858483,b0f066a214c2f5e87bad3c948f4d605d) (ScriptedImporter) -> (artifact id: 'aa1c93bcf169317f8d54dad489f0db0b') in 0.0113634 seconds
Number of updated asset objects reloaded before import = 0Number of asset objects unloaded after import = 2

========================================================================
Received Import Request.
  Time since last request: 0.000015 seconds.
  path: Assets/Graphisms/Tilesets/SubTiles/Outside_2914.asset
  artifactKey: Guid(150e4d893dc1a6341b8b1376344174b1) Importer(2089858483,b0f066a214c2f5e87bad3c948f4d605d)
Start importing Assets/Graphisms/Tilesets/SubTiles/Outside_2914.asset using Guid(150e4d893dc1a6341b8b1376344174b1) Importer(2089858483,b0f066a214c2f5e87bad3c948f4d605d) (ScriptedImporter) -> (artifact id: '92780207e1723d397a33a5709d8991ca') in 0.0097712 seconds
Number of updated asset objects reloaded before import = 0Number of asset objects unloaded after import = 2

========================================================================
Received Import Request.
  Time since last request: 0.000020 seconds.
  path: Assets/Graphisms/Tilesets/SubTiles/Outside_3173.asset
  artifactKey: Guid(9697ac36373c1f8439ebb28ac0a3f8f9) Importer(2089858483,b0f066a214c2f5e87bad3c948f4d605d)
Start importing Assets/Graphisms/Tilesets/SubTiles/Outside_3173.asset using Guid(9697ac36373c1f8439ebb28ac0a3f8f9) Importer(2089858483,b0f066a214c2f5e87bad3c948f4d605d) (ScriptedImporter) -> (artifact id: '345ddef5e06409fcda4af17e265b40da') in 0.0133415 seconds
Number of updated asset objects reloaded before import = 0Number of asset objects unloaded after import = 2

========================================================================
Received Import Request.
  Time since last request: 0.000022 seconds.
  path: Assets/Graphisms/Tilesets/SubTiles/Outside_270.asset
  artifactKey: Guid(707a517c2dcaa744f9306295aae392fe) Importer(2089858483,b0f066a214c2f5e87bad3c948f4d605d)
Start importing Assets/Graphisms/Tilesets/SubTiles/Outside_270.asset using Guid(707a517c2dcaa744f9306295aae392fe) Importer(2089858483,b0f066a214c2f5e87bad3c948f4d605d) (ScriptedImporter) -> (artifact id: '14f9f0467268c3caee3dd6e3a3790824') in 0.01167 seconds
Number of updated asset objects reloaded before import = 0Number of asset objects unloaded after import = 2

========================================================================
Received Import Request.
  Time since last request: 0.000030 seconds.
  path: Assets/Graphisms/Tilesets/SubTiles/Outside_2734.asset
  artifactKey: Guid(266e9e3d823c7b44da3c0a261478695d) Importer(2089858483,b0f066a214c2f5e87bad3c948f4d605d)
Start importing Assets/Graphisms/Tilesets/SubTiles/Outside_2734.asset using Guid(266e9e3d823c7b44da3c0a261478695d) Importer(2089858483,b0f066a214c2f5e87bad3c948f4d605d) (ScriptedImporter) -> (artifact id: '298a44ac50009d8572d1c0861515b951') in 0.0138252 seconds
Number of updated asset objects reloaded before import = 0Number of asset objects unloaded after import = 2

========================================================================
Received Import Request.
  Time since last request: 0.000035 seconds.
  path: Assets/Graphisms/Tilesets/SubTiles/Outside_18.asset
  artifactKey: Guid(8bcee34482437d244854eac371d248c2) Importer(2089858483,b0f066a214c2f5e87bad3c948f4d605d)
Start importing Assets/Graphisms/Tilesets/SubTiles/Outside_18.asset using Guid(8bcee34482437d244854eac371d248c2) Importer(2089858483,b0f066a214c2f5e87bad3c948f4d605d) (ScriptedImporter) -> (artifact id: 'b19f4f30280c56aeedd0c247a51c6f0d') in 0.0213631 seconds
Number of updated asset objects reloaded before import = 0Number of asset objects unloaded after import = 2

========================================================================
Received Import Request.
  Time since last request: 0.000019 seconds.
  path: Assets/Graphisms/Tilesets/SubTiles/Outside_2848.asset
  artifactKey: Guid(ccd7aedaad704624e8ab85e0aed00680) Importer(2089858483,b0f066a214c2f5e87bad3c948f4d605d)
Start importing Assets/Graphisms/Tilesets/SubTiles/Outside_2848.asset using Guid(ccd7aedaad704624e8ab85e0aed00680) Importer(2089858483,b0f066a214c2f5e87bad3c948f4d605d) (ScriptedImporter) -> (artifact id: '42b4fbd51c05697834fec524abfdf41f') in 0.0117028 seconds
Number of updated asset objects reloaded before import = 0Number of asset objects unloaded after import = 2

========================================================================
Received Import Request.
  Time since last request: 0.000022 seconds.
  path: Assets/Graphisms/Tilesets/SubTiles/Outside_564.asset
  artifactKey: Guid(b5354db3bdd39364c9a8218270d270f2) Importer(2089858483,b0f066a214c2f5e87bad3c948f4d605d)
Start importing Assets/Graphisms/Tilesets/SubTiles/Outside_564.asset using Guid(b5354db3bdd39364c9a8218270d270f2) Importer(2089858483,b0f066a214c2f5e87bad3c948f4d605d) (ScriptedImporter) -> (artifact id: 'b65292110a5278f5ab8e7fc6cca20302') in 0.0334501 seconds
Number of updated asset objects reloaded before import = 0Number of asset objects unloaded after import = 2

========================================================================
Received Import Request.
  Time since last request: 0.000043 seconds.
  path: Assets/Graphisms/Tilesets/SubTiles/Outside_3495.asset
  artifactKey: Guid(f802129e05683bf419f80e635713f01f) Importer(2089858483,b0f066a214c2f5e87bad3c948f4d605d)
Start importing Assets/Graphisms/Tilesets/SubTiles/Outside_3495.asset using Guid(f802129e05683bf419f80e635713f01f) Importer(2089858483,b0f066a214c2f5e87bad3c948f4d605d) (ScriptedImporter) -> (artifact id: '0bb7e5f466398a9ee9dd83e46dca3e93') in 0.0123117 seconds
Number of updated asset objects reloaded before import = 0Number of asset objects unloaded after import = 2

========================================================================
Received Import Request.
  Time since last request: 0.000042 seconds.
  path: Assets/Graphisms/Tilesets/SubTiles/Outside_3637.asset
  artifactKey: Guid(1f0369d492c96884caea253482304f6d) Importer(2089858483,b0f066a214c2f5e87bad3c948f4d605d)
Start importing Assets/Graphisms/Tilesets/SubTiles/Outside_3637.asset using Guid(1f0369d492c96884caea253482304f6d) Importer(2089858483,b0f066a214c2f5e87bad3c948f4d605d) (ScriptedImporter) -> (artifact id: '4209f1d5ef913b839eb54c947ee20d81') in 0.011992 seconds
Number of updated asset objects reloaded before import = 0Number of asset objects unloaded after import = 2

========================================================================
Received Import Request.
  Time since last request: 0.000022 seconds.
  path: Assets/Graphisms/Tilesets/SubTiles/Outside_480.asset
  artifactKey: Guid(3dae5ac9758700340a4b3dce904babb7) Importer(2089858483,b0f066a214c2f5e87bad3c948f4d605d)
Start importing Assets/Graphisms/Tilesets/SubTiles/Outside_480.asset using Guid(3dae5ac9758700340a4b3dce904babb7) Importer(2089858483,b0f066a214c2f5e87bad3c948f4d605d) (ScriptedImporter) -> (artifact id: 'ae165a44799a2449ea999ebb1441e62a') in 0.0114288 seconds
Number of updated asset objects reloaded before import = 0Number of asset objects unloaded after import = 2

========================================================================
Received Import Request.
  Time since last request: 0.000024 seconds.
  path: Assets/Graphisms/Tilesets/SubTiles/Outside_3564.asset
  artifactKey: Guid(7505faf7f5185774b89abb25d41adc01) Importer(2089858483,b0f066a214c2f5e87bad3c948f4d605d)
Start importing Assets/Graphisms/Tilesets/SubTiles/Outside_3564.asset using Guid(7505faf7f5185774b89abb25d41adc01) Importer(2089858483,b0f066a214c2f5e87bad3c948f4d605d) (ScriptedImporter) -> (artifact id: 'a6c5e23f1d7aafeca8771a7975ba249c') in 0.0103687 seconds
Number of updated asset objects reloaded before import = 0Number of asset objects unloaded after import = 2

========================================================================
Received Import Request.
  Time since last request: 0.000032 seconds.
  path: Assets/Graphisms/Tilesets/SubTiles/Outside_1886.asset
  artifactKey: Guid(a67c6add520536b4bbedae7e39476798) Importer(2089858483,b0f066a214c2f5e87bad3c948f4d605d)
Start importing Assets/Graphisms/Tilesets/SubTiles/Outside_1886.asset using Guid(a67c6add520536b4bbedae7e39476798) Importer(2089858483,b0f066a214c2f5e87bad3c948f4d605d) (ScriptedImporter) -> (artifact id: 'ff284a482b3a0ad4807d629b85282e59') in 0.0117022 seconds
Number of updated asset objects reloaded before import = 0Number of asset objects unloaded after import = 2

========================================================================
Received Import Request.
  Time since last request: 0.000034 seconds.
  path: Assets/Graphisms/Tilesets/SubTiles/Outside_1165.asset
  artifactKey: Guid(39d58797c0c04034280e48225b44c225) Importer(2089858483,b0f066a214c2f5e87bad3c948f4d605d)
Start importing Assets/Graphisms/Tilesets/SubTiles/Outside_1165.asset using Guid(39d58797c0c04034280e48225b44c225) Importer(2089858483,b0f066a214c2f5e87bad3c948f4d605d) (ScriptedImporter) -> (artifact id: '3711918bd798a8a41cbea246719f37c5') in 0.012215 seconds
Number of updated asset objects reloaded before import = 0Number of asset objects unloaded after import = 2

========================================================================
Received Import Request.
  Time since last request: 0.000034 seconds.
  path: Assets/Graphisms/Tilesets/SubTiles/Outside_3035.asset
  artifactKey: Guid(55fa369cd661eb54caece89953ff745d) Importer(2089858483,b0f066a214c2f5e87bad3c948f4d605d)
Start importing Assets/Graphisms/Tilesets/SubTiles/Outside_3035.asset using Guid(55fa369cd661eb54caece89953ff745d) Importer(2089858483,b0f066a214c2f5e87bad3c948f4d605d) (ScriptedImporter) -> (artifact id: '16414102377a47057dc3662cdb1a8ba5') in 0.0150576 seconds
Number of updated asset objects reloaded before import = 0Number of asset objects unloaded after import = 2

========================================================================
Received Import Request.
  Time since last request: 0.000023 seconds.
  path: Assets/Graphisms/Tilesets/SubTiles/Outside_1306.asset
  artifactKey: Guid(20f5a93cce83a8f4f8b7b51d708f2c51) Importer(2089858483,b0f066a214c2f5e87bad3c948f4d605d)
Start importing Assets/Graphisms/Tilesets/SubTiles/Outside_1306.asset using Guid(20f5a93cce83a8f4f8b7b51d708f2c51) Importer(2089858483,b0f066a214c2f5e87bad3c948f4d605d) (ScriptedImporter) -> (artifact id: '17fc5501f9cc045dafb5838a36d80cfc') in 0.0134067 seconds
Number of updated asset objects reloaded before import = 0Number of asset objects unloaded after import = 2

========================================================================
Received Import Request.
  Time since last request: 0.000024 seconds.
  path: Assets/Graphisms/Tilesets/SubTiles/Outside_3109.asset
  artifactKey: Guid(8713507275f9c3e4a8950e2d09b1d5d2) Importer(2089858483,b0f066a214c2f5e87bad3c948f4d605d)
Start importing Assets/Graphisms/Tilesets/SubTiles/Outside_3109.asset using Guid(8713507275f9c3e4a8950e2d09b1d5d2) Importer(2089858483,b0f066a214c2f5e87bad3c948f4d605d) (ScriptedImporter) -> (artifact id: '800a4c647e6a258c8396056a9f4dc42d') in 0.0107734 seconds
Number of updated asset objects reloaded before import = 0Number of asset objects unloaded after import = 2

========================================================================
Received Import Request.
  Time since last request: 0.000030 seconds.
  path: Assets/Graphisms/Tilesets/SubTiles/Outside_2512.asset
  artifactKey: Guid(04d02607c7448bf4d90d9d2f83438f77) Importer(2089858483,b0f066a214c2f5e87bad3c948f4d605d)
Start importing Assets/Graphisms/Tilesets/SubTiles/Outside_2512.asset using Guid(04d02607c7448bf4d90d9d2f83438f77) Importer(2089858483,b0f066a214c2f5e87bad3c948f4d605d) (ScriptedImporter) -> (artifact id: 'c43fe796c91d582906fb0ec2335cca9b') in 0.0115078 seconds
Number of updated asset objects reloaded before import = 0Number of asset objects unloaded after import = 2

========================================================================
Received Import Request.
  Time since last request: 0.000047 seconds.
  path: Assets/Graphisms/Tilesets/SubTiles/Outside_1815.asset
  artifactKey: Guid(6f41bbcdf3cc78943b2eda9a7b9ebf17) Importer(2089858483,b0f066a214c2f5e87bad3c948f4d605d)
Start importing Assets/Graphisms/Tilesets/SubTiles/Outside_1815.asset using Guid(6f41bbcdf3cc78943b2eda9a7b9ebf17) Importer(2089858483,b0f066a214c2f5e87bad3c948f4d605d) (ScriptedImporter) -> (artifact id: '3a1053838142262490632fd265136e48') in 0.0132577 seconds
Number of updated asset objects reloaded before import = 0Number of asset objects unloaded after import = 2

========================================================================
Received Import Request.
  Time since last request: 0.000021 seconds.
  path: Assets/Graphisms/Tilesets/SubTiles/Outside_2695.asset
  artifactKey: Guid(98610a7c06a248f439f266b0e65e06e7) Importer(2089858483,b0f066a214c2f5e87bad3c948f4d605d)
Start importing Assets/Graphisms/Tilesets/SubTiles/Outside_2695.asset using Guid(98610a7c06a248f439f266b0e65e06e7) Importer(2089858483,b0f066a214c2f5e87bad3c948f4d605d) (ScriptedImporter) -> (artifact id: '4f4d6bdd58b8a73ac2c2be596e61fdf6') in 0.0097468 seconds
Number of updated asset objects reloaded before import = 0Number of asset objects unloaded after import = 2

========================================================================
Received Import Request.
  Time since last request: 0.000020 seconds.
  path: Assets/Graphisms/Tilesets/SubTiles/Outside_1563.asset
  artifactKey: Guid(5eae8000fcba9f34eb51507343f8ef0e) Importer(2089858483,b0f066a214c2f5e87bad3c948f4d605d)
Start importing Assets/Graphisms/Tilesets/SubTiles/Outside_1563.asset using Guid(5eae8000fcba9f34eb51507343f8ef0e) Importer(2089858483,b0f066a214c2f5e87bad3c948f4d605d) (ScriptedImporter) -> (artifact id: 'dfda76bac28783c7ca8ceb8a0c371bf8') in 0.0094356 seconds
Number of updated asset objects reloaded before import = 0Number of asset objects unloaded after import = 2

========================================================================
Received Import Request.
  Time since last request: 0.000028 seconds.
  path: Assets/Graphisms/Tilesets/SubTiles/Outside_591.asset
  artifactKey: Guid(f198ab0f6e99e294cbe0d06d47807247) Importer(2089858483,b0f066a214c2f5e87bad3c948f4d605d)
Start importing Assets/Graphisms/Tilesets/SubTiles/Outside_591.asset using Guid(f198ab0f6e99e294cbe0d06d47807247) Importer(2089858483,b0f066a214c2f5e87bad3c948f4d605d) (ScriptedImporter) -> (artifact id: '713a975ca84afcbefb5f18d98a0b35d4') in 0.0107756 seconds
Number of updated asset objects reloaded before import = 0Number of asset objects unloaded after import = 2

========================================================================
Received Import Request.
  Time since last request: 0.000076 seconds.
  path: Assets/Graphisms/Tilesets/SubTiles/Outside_3706.asset
  artifactKey: Guid(f05704b37dd0d5d419e4430f4ff241e0) Importer(2089858483,b0f066a214c2f5e87bad3c948f4d605d)
Start importing Assets/Graphisms/Tilesets/SubTiles/Outside_3706.asset using Guid(f05704b37dd0d5d419e4430f4ff241e0) Importer(2089858483,b0f066a214c2f5e87bad3c948f4d605d) (ScriptedImporter) -> (artifact id: 'a5fa14f3ee4f449e463fc55b1fb52c3f') in 0.0174295 seconds
Number of updated asset objects reloaded before import = 0Number of asset objects unloaded after import = 2

========================================================================
Received Import Request.
  Time since last request: 0.000066 seconds.
  path: Assets/Graphisms/Tilesets/SubTiles/Outside_2595.asset
  artifactKey: Guid(13a9504c494df8b4f86246b349a5dd1d) Importer(2089858483,b0f066a214c2f5e87bad3c948f4d605d)
Start importing Assets/Graphisms/Tilesets/SubTiles/Outside_2595.asset using Guid(13a9504c494df8b4f86246b349a5dd1d) Importer(2089858483,b0f066a214c2f5e87bad3c948f4d605d) (ScriptedImporter) -> (artifact id: 'b559217ed77d28d7817d1becf8f61c2c') in 0.0127769 seconds
Number of updated asset objects reloaded before import = 0Number of asset objects unloaded after import = 2

========================================================================
Received Import Request.
  Time since last request: 0.000023 seconds.
  path: Assets/Graphisms/Tilesets/SubTiles/Outside_3525.asset
  artifactKey: Guid(6169456259e230849b2a07f586fd98c5) Importer(2089858483,b0f066a214c2f5e87bad3c948f4d605d)
Start importing Assets/Graphisms/Tilesets/SubTiles/Outside_3525.asset using Guid(6169456259e230849b2a07f586fd98c5) Importer(2089858483,b0f066a214c2f5e87bad3c948f4d605d) (ScriptedImporter) -> (artifact id: '9cc147141ffbdf6dfa58722d1e08a346') in 0.0121899 seconds
Number of updated asset objects reloaded before import = 0Number of asset objects unloaded after import = 2

========================================================================
Received Import Request.
  Time since last request: 0.000025 seconds.
  path: Assets/Graphisms/Tilesets/SubTiles/Outside_1552.asset
  artifactKey: Guid(f04b00ee1c5a15143ace691b05563afa) Importer(2089858483,b0f066a214c2f5e87bad3c948f4d605d)
Start importing Assets/Graphisms/Tilesets/SubTiles/Outside_1552.asset using Guid(f04b00ee1c5a15143ace691b05563afa) Importer(2089858483,b0f066a214c2f5e87bad3c948f4d605d) (ScriptedImporter) -> (artifact id: 'ed21a5a34e92046e7ca04c51aa83106d') in 0.0121414 seconds
Number of updated asset objects reloaded before import = 0Number of asset objects unloaded after import = 2

========================================================================
Received Import Request.
  Time since last request: 0.000028 seconds.
  path: Assets/Graphisms/Tilesets/SubTiles/Outside_1538.asset
  artifactKey: Guid(59ca3854574a9664ab4e185714455942) Importer(2089858483,b0f066a214c2f5e87bad3c948f4d605d)
Start importing Assets/Graphisms/Tilesets/SubTiles/Outside_1538.asset using Guid(59ca3854574a9664ab4e185714455942) Importer(2089858483,b0f066a214c2f5e87bad3c948f4d605d) (ScriptedImporter) -> (artifact id: '895563c0d1b2a39cdf2afd1c96ae7304') in 0.0127369 seconds
Number of updated asset objects reloaded before import = 0Number of asset objects unloaded after import = 2

========================================================================
Received Import Request.
  Time since last request: 0.000038 seconds.
  path: Assets/Graphisms/Tilesets/SubTiles/Outside_1810.asset
  artifactKey: Guid(c034fe72c0a1ddd4894157d73bc0002a) Importer(2089858483,b0f066a214c2f5e87bad3c948f4d605d)
Start importing Assets/Graphisms/Tilesets/SubTiles/Outside_1810.asset using Guid(c034fe72c0a1ddd4894157d73bc0002a) Importer(2089858483,b0f066a214c2f5e87bad3c948f4d605d) (ScriptedImporter) -> (artifact id: 'a43f5608db55bf0d8132dd9d351e0c15') in 0.0109134 seconds
Number of updated asset objects reloaded before import = 0Number of asset objects unloaded after import = 2

========================================================================
Received Import Request.
  Time since last request: 0.000037 seconds.
  path: Assets/Graphisms/Tilesets/SubTiles/Outside_2295.asset
  artifactKey: Guid(a4fa6d4cfafa8334390e47a9e253f703) Importer(2089858483,b0f066a214c2f5e87bad3c948f4d605d)
Start importing Assets/Graphisms/Tilesets/SubTiles/Outside_2295.asset using Guid(a4fa6d4cfafa8334390e47a9e253f703) Importer(2089858483,b0f066a214c2f5e87bad3c948f4d605d) (ScriptedImporter) -> (artifact id: '4e380d0c1f16b2305c61b546f8eaa015') in 0.0130608 seconds
Number of updated asset objects reloaded before import = 0Number of asset objects unloaded after import = 2

========================================================================
Received Import Request.
  Time since last request: 0.000028 seconds.
  path: Assets/Graphisms/Tilesets/SubTiles/Outside_1812.asset
  artifactKey: Guid(a502097ec245a31419fcc4a1bff9fdbb) Importer(2089858483,b0f066a214c2f5e87bad3c948f4d605d)
Start importing Assets/Graphisms/Tilesets/SubTiles/Outside_1812.asset using Guid(a502097ec245a31419fcc4a1bff9fdbb) Importer(2089858483,b0f066a214c2f5e87bad3c948f4d605d) (ScriptedImporter) -> (artifact id: '8b0206d3f452a05eda8c784be9c2d360') in 0.0145867 seconds
Number of updated asset objects reloaded before import = 0Number of asset objects unloaded after import = 2

========================================================================
Received Import Request.
  Time since last request: 0.000029 seconds.
  path: Assets/Graphisms/Tilesets/SubTiles/Outside_1729.asset
  artifactKey: Guid(7e6d9ac9b27c3d44496db335bb638dae) Importer(2089858483,b0f066a214c2f5e87bad3c948f4d605d)
Start importing Assets/Graphisms/Tilesets/SubTiles/Outside_1729.asset using Guid(7e6d9ac9b27c3d44496db335bb638dae) Importer(2089858483,b0f066a214c2f5e87bad3c948f4d605d) (ScriptedImporter) -> (artifact id: '2923228d70a452c3b9ad5747dac6b564') in 0.0126928 seconds
Number of updated asset objects reloaded before import = 0Number of asset objects unloaded after import = 2

========================================================================
Received Import Request.
  Time since last request: 0.000045 seconds.
  path: Assets/Graphisms/Tilesets/SubTiles/Outside_2745.asset
  artifactKey: Guid(f3c3f57eb5d195a469c46d8b87ead181) Importer(2089858483,b0f066a214c2f5e87bad3c948f4d605d)
Start importing Assets/Graphisms/Tilesets/SubTiles/Outside_2745.asset using Guid(f3c3f57eb5d195a469c46d8b87ead181) Importer(2089858483,b0f066a214c2f5e87bad3c948f4d605d) (ScriptedImporter) -> (artifact id: '3902db783fecdd810a5df79ae8bc3cb9') in 0.012759 seconds
Number of updated asset objects reloaded before import = 0Number of asset objects unloaded after import = 2

========================================================================
Received Import Request.
  Time since last request: 0.000022 seconds.
  path: Assets/Graphisms/Tilesets/SubTiles/Outside_2788.asset
  artifactKey: Guid(46c95c848d7d89c4e8f76059a3d6d529) Importer(2089858483,b0f066a214c2f5e87bad3c948f4d605d)
Start importing Assets/Graphisms/Tilesets/SubTiles/Outside_2788.asset using Guid(46c95c848d7d89c4e8f76059a3d6d529) Importer(2089858483,b0f066a214c2f5e87bad3c948f4d605d) (ScriptedImporter) -> (artifact id: 'd9541d331fccdbe425e954fcf67ce649') in 0.0126307 seconds
Number of updated asset objects reloaded before import = 0Number of asset objects unloaded after import = 2

========================================================================
Received Import Request.
  Time since last request: 0.000024 seconds.
  path: Assets/Graphisms/Tilesets/SubTiles/Outside_3269.asset
  artifactKey: Guid(2deb80ad47af5174f98303f9345a9435) Importer(2089858483,b0f066a214c2f5e87bad3c948f4d605d)
Start importing Assets/Graphisms/Tilesets/SubTiles/Outside_3269.asset using Guid(2deb80ad47af5174f98303f9345a9435) Importer(2089858483,b0f066a214c2f5e87bad3c948f4d605d) (ScriptedImporter) -> (artifact id: 'fc07d6abfffd7c6e314074f1ff21b85e') in 0.0122762 seconds
Number of updated asset objects reloaded before import = 0Number of asset objects unloaded after import = 2

========================================================================
Received Import Request.
  Time since last request: 0.000049 seconds.
  path: Assets/Graphisms/Tilesets/SubTiles/Outside_1354.asset
  artifactKey: Guid(2e96c0acaa265334597bc62345392412) Importer(2089858483,b0f066a214c2f5e87bad3c948f4d605d)
Start importing Assets/Graphisms/Tilesets/SubTiles/Outside_1354.asset using Guid(2e96c0acaa265334597bc62345392412) Importer(2089858483,b0f066a214c2f5e87bad3c948f4d605d) (ScriptedImporter) -> (artifact id: 'bfe3d96be88afcdfb46d43e198a3f833') in 0.013866 seconds
Number of updated asset objects reloaded before import = 0Number of asset objects unloaded after import = 2

========================================================================
Received Import Request.
  Time since last request: 0.000048 seconds.
  path: Assets/Graphisms/Tilesets/SubTiles/Outside_1180.asset
  artifactKey: Guid(f74c88a457bc9a84994f67c08ec51e3d) Importer(2089858483,b0f066a214c2f5e87bad3c948f4d605d)
Start importing Assets/Graphisms/Tilesets/SubTiles/Outside_1180.asset using Guid(f74c88a457bc9a84994f67c08ec51e3d) Importer(2089858483,b0f066a214c2f5e87bad3c948f4d605d) (ScriptedImporter) -> (artifact id: 'b0be6c2f50416d926529663080161712') in 0.0101666 seconds
Number of updated asset objects reloaded before import = 0Number of asset objects unloaded after import = 2

========================================================================
Received Import Request.
  Time since last request: 0.000044 seconds.
  path: Assets/Graphisms/Tilesets/SubTiles/Outside_2459.asset
  artifactKey: Guid(666aeb355a8ceb2448c0d9ebefff9f06) Importer(2089858483,b0f066a214c2f5e87bad3c948f4d605d)
Start importing Assets/Graphisms/Tilesets/SubTiles/Outside_2459.asset using Guid(666aeb355a8ceb2448c0d9ebefff9f06) Importer(2089858483,b0f066a214c2f5e87bad3c948f4d605d) (ScriptedImporter) -> (artifact id: '0b725396d30e91a1eb77e9f473bdc05d') in 0.0155591 seconds
Number of updated asset objects reloaded before import = 0Number of asset objects unloaded after import = 2

========================================================================
Received Import Request.
  Time since last request: 0.000025 seconds.
  path: Assets/Graphisms/Tilesets/SubTiles/Outside_3211.asset
  artifactKey: Guid(c2dbcc5d2683a204ea45706bdeddca60) Importer(2089858483,b0f066a214c2f5e87bad3c948f4d605d)
Start importing Assets/Graphisms/Tilesets/SubTiles/Outside_3211.asset using Guid(c2dbcc5d2683a204ea45706bdeddca60) Importer(2089858483,b0f066a214c2f5e87bad3c948f4d605d) (ScriptedImporter) -> (artifact id: '0759c4d48925682c07acb26620ecffbf') in 0.0113975 seconds
Number of updated asset objects reloaded before import = 0Number of asset objects unloaded after import = 2

========================================================================
Received Import Request.
  Time since last request: 0.000028 seconds.
  path: Assets/Graphisms/Tilesets/SubTiles/Outside_1733.asset
  artifactKey: Guid(92a208da6fa3f8e49a02613afd74a6cf) Importer(2089858483,b0f066a214c2f5e87bad3c948f4d605d)
Start importing Assets/Graphisms/Tilesets/SubTiles/Outside_1733.asset using Guid(92a208da6fa3f8e49a02613afd74a6cf) Importer(2089858483,b0f066a214c2f5e87bad3c948f4d605d) (ScriptedImporter) -> (artifact id: 'bc0c738cf9be615626af9d5979f0f21f') in 0.0109758 seconds
Number of updated asset objects reloaded before import = 0Number of asset objects unloaded after import = 2

========================================================================
Received Import Request.
  Time since last request: 0.000052 seconds.
  path: Assets/Graphisms/Tilesets/SubTiles/Outside_1477.asset
  artifactKey: Guid(a6b1f0df63dde7d43b43374b2ee9bea8) Importer(2089858483,b0f066a214c2f5e87bad3c948f4d605d)
Start importing Assets/Graphisms/Tilesets/SubTiles/Outside_1477.asset using Guid(a6b1f0df63dde7d43b43374b2ee9bea8) Importer(2089858483,b0f066a214c2f5e87bad3c948f4d605d) (ScriptedImporter) -> (artifact id: 'd95d0ba5cf5f84d206befeab98a248db') in 0.0107174 seconds
Number of updated asset objects reloaded before import = 0Number of asset objects unloaded after import = 2

========================================================================
Received Import Request.
  Time since last request: 0.000021 seconds.
  path: Assets/Graphisms/Tilesets/SubTiles/Outside_69.asset
  artifactKey: Guid(3bd57a4ab284f454093e470a196e03ad) Importer(2089858483,b0f066a214c2f5e87bad3c948f4d605d)
Start importing Assets/Graphisms/Tilesets/SubTiles/Outside_69.asset using Guid(3bd57a4ab284f454093e470a196e03ad) Importer(2089858483,b0f066a214c2f5e87bad3c948f4d605d) (ScriptedImporter) -> (artifact id: '857766b25090a646783bb5bfa67723bb') in 0.0362794 seconds
Number of updated asset objects reloaded before import = 0Number of asset objects unloaded after import = 2

========================================================================
Received Import Request.
  Time since last request: 0.000019 seconds.
  path: Assets/Graphisms/Tilesets/SubTiles/Outside_1475.asset
  artifactKey: Guid(2b554d847e2733741af45a94f8610550) Importer(2089858483,b0f066a214c2f5e87bad3c948f4d605d)
Start importing Assets/Graphisms/Tilesets/SubTiles/Outside_1475.asset using Guid(2b554d847e2733741af45a94f8610550) Importer(2089858483,b0f066a214c2f5e87bad3c948f4d605d) (ScriptedImporter) -> (artifact id: '50e1431fab5c2cd09bc6957648086639') in 0.3377277 seconds
Number of updated asset objects reloaded before import = 0Number of asset objects unloaded after import = 2

========================================================================
Received Import Request.
  Time since last request: 0.000027 seconds.
  path: Assets/Graphisms/Tilesets/SubTiles/Outside_1598.asset
  artifactKey: Guid(0c645a79de1d756429069eecd6ecc94a) Importer(2089858483,b0f066a214c2f5e87bad3c948f4d605d)
Start importing Assets/Graphisms/Tilesets/SubTiles/Outside_1598.asset using Guid(0c645a79de1d756429069eecd6ecc94a) Importer(2089858483,b0f066a214c2f5e87bad3c948f4d605d) (ScriptedImporter) -> (artifact id: '16b62c57d45b1d22779c55795740673e') in 0.0106399 seconds
Number of updated asset objects reloaded before import = 0Number of asset objects unloaded after import = 2

========================================================================
Received Import Request.
  Time since last request: 0.000035 seconds.
  path: Assets/Graphisms/Tilesets/SubTiles/Outside_1833.asset
  artifactKey: Guid(d8cdbb94754065246b33bd14f8da500b) Importer(2089858483,b0f066a214c2f5e87bad3c948f4d605d)
Start importing Assets/Graphisms/Tilesets/SubTiles/Outside_1833.asset using Guid(d8cdbb94754065246b33bd14f8da500b) Importer(2089858483,b0f066a214c2f5e87bad3c948f4d605d) (ScriptedImporter) -> (artifact id: 'bbb6b9b8f6ddae01b8b611bcf4e1d38b') in 0.0124657 seconds
Number of updated asset objects reloaded before import = 0Number of asset objects unloaded after import = 2

========================================================================
Received Import Request.
  Time since last request: 0.000023 seconds.
  path: Assets/Graphisms/Tilesets/SubTiles/Outside_2813.asset
  artifactKey: Guid(5e05a28256f90bd4384b1b48388425bc) Importer(2089858483,b0f066a214c2f5e87bad3c948f4d605d)
Start importing Assets/Graphisms/Tilesets/SubTiles/Outside_2813.asset using Guid(5e05a28256f90bd4384b1b48388425bc) Importer(2089858483,b0f066a214c2f5e87bad3c948f4d605d) (ScriptedImporter) -> (artifact id: 'a5ed6525ccc126ff2878d38b2b19a690') in 0.0590864 seconds
Number of updated asset objects reloaded before import = 0Number of asset objects unloaded after import = 2

========================================================================
Received Import Request.
  Time since last request: 0.000026 seconds.
  path: Assets/Graphisms/Tilesets/SubTiles/Outside_1484.asset
  artifactKey: Guid(68a6f2fa5edbf05478f8b554fd5e8ef4) Importer(2089858483,b0f066a214c2f5e87bad3c948f4d605d)
Start importing Assets/Graphisms/Tilesets/SubTiles/Outside_1484.asset using Guid(68a6f2fa5edbf05478f8b554fd5e8ef4) Importer(2089858483,b0f066a214c2f5e87bad3c948f4d605d) (ScriptedImporter) -> (artifact id: '31386cc78b53c6d31e2fb736e9f14707') in 0.0115144 seconds
Number of updated asset objects reloaded before import = 0Number of asset objects unloaded after import = 2

========================================================================
Received Import Request.
  Time since last request: 0.000024 seconds.
  path: Assets/Graphisms/Tilesets/SubTiles/Outside_2526.asset
  artifactKey: Guid(576fcac9b7c470844b5dde38d3319c1a) Importer(2089858483,b0f066a214c2f5e87bad3c948f4d605d)
Start importing Assets/Graphisms/Tilesets/SubTiles/Outside_2526.asset using Guid(576fcac9b7c470844b5dde38d3319c1a) Importer(2089858483,b0f066a214c2f5e87bad3c948f4d605d) (ScriptedImporter) -> (artifact id: 'a2f4cdf3cc34d892e67fc893fbdf4539') in 0.011348 seconds
Number of updated asset objects reloaded before import = 0Number of asset objects unloaded after import = 2

========================================================================
Received Import Request.
  Time since last request: 0.000033 seconds.
  path: Assets/Graphisms/Tilesets/SubTiles/Outside_1339.asset
  artifactKey: Guid(eda548d6278c2674bae69384b0aa28dc) Importer(2089858483,b0f066a214c2f5e87bad3c948f4d605d)
Start importing Assets/Graphisms/Tilesets/SubTiles/Outside_1339.asset using Guid(eda548d6278c2674bae69384b0aa28dc) Importer(2089858483,b0f066a214c2f5e87bad3c948f4d605d) (ScriptedImporter) -> (artifact id: '3cb0c90d900e5c1c8c8f121e31635a06') in 0.0114602 seconds
Number of updated asset objects reloaded before import = 0Number of asset objects unloaded after import = 2

========================================================================
Received Import Request.
  Time since last request: 0.000029 seconds.
  path: Assets/Graphisms/Tilesets/SubTiles/Outside_3480.asset
  artifactKey: Guid(6eefba5bb11d4d744ade5c8f85ef414d) Importer(2089858483,b0f066a214c2f5e87bad3c948f4d605d)
Start importing Assets/Graphisms/Tilesets/SubTiles/Outside_3480.asset using Guid(6eefba5bb11d4d744ade5c8f85ef414d) Importer(2089858483,b0f066a214c2f5e87bad3c948f4d605d) (ScriptedImporter) -> (artifact id: 'b9b5970ca181a97f41fd979625647804') in 0.0129985 seconds
Number of updated asset objects reloaded before import = 0Number of asset objects unloaded after import = 2

========================================================================
Received Import Request.
  Time since last request: 0.000030 seconds.
  path: Assets/Graphisms/Tilesets/SubTiles/Outside_887.asset
  artifactKey: Guid(ccc1ec4d82aa61944a977cef2c647575) Importer(2089858483,b0f066a214c2f5e87bad3c948f4d605d)
Start importing Assets/Graphisms/Tilesets/SubTiles/Outside_887.asset using Guid(ccc1ec4d82aa61944a977cef2c647575) Importer(2089858483,b0f066a214c2f5e87bad3c948f4d605d) (ScriptedImporter) -> (artifact id: '2b2e14c1f4b16b8a83fd99f8049f6706') in 0.0292049 seconds
Number of updated asset objects reloaded before import = 0Number of asset objects unloaded after import = 2

========================================================================
Received Import Request.
  Time since last request: 0.000042 seconds.
  path: Assets/Graphisms/Tilesets/SubTiles/Outside_1209.asset
  artifactKey: Guid(a6a6d13d55ba1b149b28192d73be0c6f) Importer(2089858483,b0f066a214c2f5e87bad3c948f4d605d)
Start importing Assets/Graphisms/Tilesets/SubTiles/Outside_1209.asset using Guid(a6a6d13d55ba1b149b28192d73be0c6f) Importer(2089858483,b0f066a214c2f5e87bad3c948f4d605d) (ScriptedImporter) -> (artifact id: 'e0ab52f735c110787a5bc378e1b2a484') in 0.0137529 seconds
Number of updated asset objects reloaded before import = 0Number of asset objects unloaded after import = 2

========================================================================
Received Import Request.
  Time since last request: 0.000036 seconds.
  path: Assets/Graphisms/Tilesets/SubTiles/Outside_1277.asset
  artifactKey: Guid(0c28303d8f324bb468d1d2aa0d658cfa) Importer(2089858483,b0f066a214c2f5e87bad3c948f4d605d)
Start importing Assets/Graphisms/Tilesets/SubTiles/Outside_1277.asset using Guid(0c28303d8f324bb468d1d2aa0d658cfa) Importer(2089858483,b0f066a214c2f5e87bad3c948f4d605d) (ScriptedImporter) -> (artifact id: '697b83ba568ed876d1eb8f73e96d316c') in 0.0112955 seconds
Number of updated asset objects reloaded before import = 0Number of asset objects unloaded after import = 2

========================================================================
Received Import Request.
  Time since last request: 0.000020 seconds.
  path: Assets/Graphisms/Tilesets/SubTiles/Outside_430.asset
  artifactKey: Guid(dd24d1d0ba463f849af1680be0b4d855) Importer(2089858483,b0f066a214c2f5e87bad3c948f4d605d)
Start importing Assets/Graphisms/Tilesets/SubTiles/Outside_430.asset using Guid(dd24d1d0ba463f849af1680be0b4d855) Importer(2089858483,b0f066a214c2f5e87bad3c948f4d605d) (ScriptedImporter) -> (artifact id: '3a3f10c9f44e0d038dcc3bdd31ca2b4f') in 0.0109997 seconds
Number of updated asset objects reloaded before import = 0Number of asset objects unloaded after import = 2

========================================================================
Received Import Request.
  Time since last request: 0.000020 seconds.
  path: Assets/Graphisms/Tilesets/SubTiles/Outside_2580.asset
  artifactKey: Guid(a2edb054e84bd3f459eb360ef7f125d7) Importer(2089858483,b0f066a214c2f5e87bad3c948f4d605d)
Start importing Assets/Graphisms/Tilesets/SubTiles/Outside_2580.asset using Guid(a2edb054e84bd3f459eb360ef7f125d7) Importer(2089858483,b0f066a214c2f5e87bad3c948f4d605d) (ScriptedImporter) -> (artifact id: 'dd97d3d4ab846230aeb755aae7273bf3') in 0.0189034 seconds
Number of updated asset objects reloaded before import = 0Number of asset objects unloaded after import = 2

========================================================================
Received Import Request.
  Time since last request: 0.000032 seconds.
  path: Assets/Graphisms/Tilesets/SubTiles/Outside_609.asset
  artifactKey: Guid(bab050d44580c554f9280e9da1598970) Importer(2089858483,b0f066a214c2f5e87bad3c948f4d605d)
Start importing Assets/Graphisms/Tilesets/SubTiles/Outside_609.asset using Guid(bab050d44580c554f9280e9da1598970) Importer(2089858483,b0f066a214c2f5e87bad3c948f4d605d) (ScriptedImporter) -> (artifact id: '85d87a04fc075d918d70aefb2b84a8da') in 0.012391 seconds
Number of updated asset objects reloaded before import = 0Number of asset objects unloaded after import = 2

========================================================================
Received Import Request.
  Time since last request: 0.000037 seconds.
  path: Assets/Graphisms/Tilesets/SubTiles/Outside_3048.asset
  artifactKey: Guid(682f1494609db864093c8836d5d76eda) Importer(2089858483,b0f066a214c2f5e87bad3c948f4d605d)
Start importing Assets/Graphisms/Tilesets/SubTiles/Outside_3048.asset using Guid(682f1494609db864093c8836d5d76eda) Importer(2089858483,b0f066a214c2f5e87bad3c948f4d605d) (ScriptedImporter) -> (artifact id: '22de8227fc2ed38794a13160c00e9354') in 0.0107505 seconds
Number of updated asset objects reloaded before import = 0Number of asset objects unloaded after import = 2

========================================================================
Received Import Request.
  Time since last request: 0.000023 seconds.
  path: Assets/Graphisms/Tilesets/SubTiles/Outside_2076.asset
  artifactKey: Guid(d75c06ad45e089e4cb3fabe307d899d5) Importer(2089858483,b0f066a214c2f5e87bad3c948f4d605d)
Start importing Assets/Graphisms/Tilesets/SubTiles/Outside_2076.asset using Guid(d75c06ad45e089e4cb3fabe307d899d5) Importer(2089858483,b0f066a214c2f5e87bad3c948f4d605d) (ScriptedImporter) -> (artifact id: '1ca2b4d07eb3db37bbb2637b20c9e2c5') in 0.0100452 seconds
Number of updated asset objects reloaded before import = 0Number of asset objects unloaded after import = 2

========================================================================
Received Import Request.
  Time since last request: 0.000030 seconds.
  path: Assets/Graphisms/Tilesets/SubTiles/Outside_3106.asset
  artifactKey: Guid(4fb7286ee9c8be04e9269a7dc6df6d68) Importer(2089858483,b0f066a214c2f5e87bad3c948f4d605d)
Start importing Assets/Graphisms/Tilesets/SubTiles/Outside_3106.asset using Guid(4fb7286ee9c8be04e9269a7dc6df6d68) Importer(2089858483,b0f066a214c2f5e87bad3c948f4d605d) (ScriptedImporter) -> (artifact id: 'de2f27be53a02e7932749bc4613c3d15') in 0.0101321 seconds
Number of updated asset objects reloaded before import = 0Number of asset objects unloaded after import = 2

========================================================================
Received Import Request.
  Time since last request: 0.000027 seconds.
  path: Assets/Graphisms/Tilesets/SubTiles/Outside_2147.asset
  artifactKey: Guid(bd2a3c107d2e7914990dc7a917ffdc09) Importer(2089858483,b0f066a214c2f5e87bad3c948f4d605d)
Start importing Assets/Graphisms/Tilesets/SubTiles/Outside_2147.asset using Guid(bd2a3c107d2e7914990dc7a917ffdc09) Importer(2089858483,b0f066a214c2f5e87bad3c948f4d605d) (ScriptedImporter) -> (artifact id: 'ab43f3651091e7f9261c195d3ffefb14') in 0.0198735 seconds
Number of updated asset objects reloaded before import = 0Number of asset objects unloaded after import = 2

========================================================================
Received Import Request.
  Time since last request: 0.000027 seconds.
  path: Assets/Graphisms/Tilesets/SubTiles/Outside_2543.asset
  artifactKey: Guid(a4203b01b2c97074c996e6dec81adae3) Importer(2089858483,b0f066a214c2f5e87bad3c948f4d605d)
Start importing Assets/Graphisms/Tilesets/SubTiles/Outside_2543.asset using Guid(a4203b01b2c97074c996e6dec81adae3) Importer(2089858483,b0f066a214c2f5e87bad3c948f4d605d) (ScriptedImporter) -> (artifact id: 'eb2f9abde124281eedd9e85f050adbda') in 0.0103478 seconds
Number of updated asset objects reloaded before import = 0Number of asset objects unloaded after import = 2

========================================================================
Received Import Request.
  Time since last request: 0.000042 seconds.
  path: Assets/Graphisms/Tilesets/SubTiles/Outside_378.asset
  artifactKey: Guid(6000b285313c85d4d92fdc4817ac99ab) Importer(2089858483,b0f066a214c2f5e87bad3c948f4d605d)
Start importing Assets/Graphisms/Tilesets/SubTiles/Outside_378.asset using Guid(6000b285313c85d4d92fdc4817ac99ab) Importer(2089858483,b0f066a214c2f5e87bad3c948f4d605d) (ScriptedImporter) -> (artifact id: 'caa98704a90d369c318a69627fb5313d') in 0.0100758 seconds
Number of updated asset objects reloaded before import = 0Number of asset objects unloaded after import = 2

========================================================================
Received Import Request.
  Time since last request: 0.000020 seconds.
  path: Assets/Graphisms/Tilesets/SubTiles/Outside_1163.asset
  artifactKey: Guid(05711ebb23971504b91e503d3de2bfad) Importer(2089858483,b0f066a214c2f5e87bad3c948f4d605d)
Start importing Assets/Graphisms/Tilesets/SubTiles/Outside_1163.asset using Guid(05711ebb23971504b91e503d3de2bfad) Importer(2089858483,b0f066a214c2f5e87bad3c948f4d605d) (ScriptedImporter) -> (artifact id: 'ec4d2dadab2ca0b48921f14b4ced66d2') in 0.0105737 seconds
Number of updated asset objects reloaded before import = 0Number of asset objects unloaded after import = 2

========================================================================
Received Import Request.
  Time since last request: 0.000029 seconds.
  path: Assets/Graphisms/Tilesets/SubTiles/Outside_1717.asset
  artifactKey: Guid(d3ada96ed532a87498a4819644ab530b) Importer(2089858483,b0f066a214c2f5e87bad3c948f4d605d)
Start importing Assets/Graphisms/Tilesets/SubTiles/Outside_1717.asset using Guid(d3ada96ed532a87498a4819644ab530b) Importer(2089858483,b0f066a214c2f5e87bad3c948f4d605d) (ScriptedImporter) -> (artifact id: '88e7d77dff8822905b27a19b6a6ae914') in 0.0561841 seconds
Number of updated asset objects reloaded before import = 0Number of asset objects unloaded after import = 2

========================================================================
Received Import Request.
  Time since last request: 0.000023 seconds.
  path: Assets/Graphisms/Tilesets/SubTiles/Outside_681.asset
  artifactKey: Guid(64fe7ee042240c8488a23075411851d3) Importer(2089858483,b0f066a214c2f5e87bad3c948f4d605d)
Start importing Assets/Graphisms/Tilesets/SubTiles/Outside_681.asset using Guid(64fe7ee042240c8488a23075411851d3) Importer(2089858483,b0f066a214c2f5e87bad3c948f4d605d) (ScriptedImporter) -> (artifact id: '5b964b8807f935e717f6994304819535') in 0.0124134 seconds
Number of updated asset objects reloaded before import = 0Number of asset objects unloaded after import = 2

========================================================================
Received Import Request.
  Time since last request: 0.000034 seconds.
  path: Assets/Graphisms/Tilesets/SubTiles/Outside_3316.asset
  artifactKey: Guid(0a48958fa7dde934383924a9a04af143) Importer(2089858483,b0f066a214c2f5e87bad3c948f4d605d)
Start importing Assets/Graphisms/Tilesets/SubTiles/Outside_3316.asset using Guid(0a48958fa7dde934383924a9a04af143) Importer(2089858483,b0f066a214c2f5e87bad3c948f4d605d) (ScriptedImporter) -> (artifact id: '912ec6b9751e40e65e344be4030f7b3b') in 0.0117596 seconds
Number of updated asset objects reloaded before import = 0Number of asset objects unloaded after import = 2

========================================================================
Received Import Request.
  Time since last request: 0.000023 seconds.
  path: Assets/Graphisms/Tilesets/SubTiles/Outside_1501.asset
  artifactKey: Guid(0b2f0c920dc93b448aafe52a0c26eb59) Importer(2089858483,b0f066a214c2f5e87bad3c948f4d605d)
Start importing Assets/Graphisms/Tilesets/SubTiles/Outside_1501.asset using Guid(0b2f0c920dc93b448aafe52a0c26eb59) Importer(2089858483,b0f066a214c2f5e87bad3c948f4d605d) (ScriptedImporter) -> (artifact id: '6cb9dbcdc5ff45f0330943097aff0be9') in 0.0123311 seconds
Number of updated asset objects reloaded before import = 0Number of asset objects unloaded after import = 2

========================================================================
Received Import Request.
  Time since last request: 0.000026 seconds.
  path: Assets/Graphisms/Tilesets/SubTiles/Outside_366.asset
  artifactKey: Guid(965c9b21235d128468b57bb610a6940a) Importer(2089858483,b0f066a214c2f5e87bad3c948f4d605d)
Start importing Assets/Graphisms/Tilesets/SubTiles/Outside_366.asset using Guid(965c9b21235d128468b57bb610a6940a) Importer(2089858483,b0f066a214c2f5e87bad3c948f4d605d) (ScriptedImporter) -> (artifact id: 'a3c4aa369d0d1a7d7d9a8d12cac959de') in 0.0134281 seconds
Number of updated asset objects reloaded before import = 0Number of asset objects unloaded after import = 2

========================================================================
Received Import Request.
  Time since last request: 0.000027 seconds.
  path: Assets/Graphisms/Tilesets/SubTiles/Outside_3296.asset
  artifactKey: Guid(10085582383c9144ca37ebfe5e86e034) Importer(2089858483,b0f066a214c2f5e87bad3c948f4d605d)
Start importing Assets/Graphisms/Tilesets/SubTiles/Outside_3296.asset using Guid(10085582383c9144ca37ebfe5e86e034) Importer(2089858483,b0f066a214c2f5e87bad3c948f4d605d) (ScriptedImporter) -> (artifact id: '7d0da68a25e23e784481def4eea9dca1') in 0.0142948 seconds
Number of updated asset objects reloaded before import = 0Number of asset objects unloaded after import = 2

========================================================================
Received Import Request.
  Time since last request: 0.000023 seconds.
  path: Assets/Graphisms/Tilesets/SubTiles/Outside_1872.asset
  artifactKey: Guid(fc87cd0cc9253c242ac407114a5b27e3) Importer(2089858483,b0f066a214c2f5e87bad3c948f4d605d)
Start importing Assets/Graphisms/Tilesets/SubTiles/Outside_1872.asset using Guid(fc87cd0cc9253c242ac407114a5b27e3) Importer(2089858483,b0f066a214c2f5e87bad3c948f4d605d) (ScriptedImporter) -> (artifact id: 'e72b07729f61ad55070799ba7c62c671') in 0.0120693 seconds
Number of updated asset objects reloaded before import = 0Number of asset objects unloaded after import = 2

========================================================================
Received Import Request.
  Time since last request: 0.000028 seconds.
  path: Assets/Graphisms/Tilesets/SubTiles/Outside_169.asset
  artifactKey: Guid(e95a0311ec8272644be4a8c6a473d8c6) Importer(2089858483,b0f066a214c2f5e87bad3c948f4d605d)
Start importing Assets/Graphisms/Tilesets/SubTiles/Outside_169.asset using Guid(e95a0311ec8272644be4a8c6a473d8c6) Importer(2089858483,b0f066a214c2f5e87bad3c948f4d605d) (ScriptedImporter) -> (artifact id: '82cd65f403c5048c4aacf26a6c27bed8') in 0.0124456 seconds
Number of updated asset objects reloaded before import = 0Number of asset objects unloaded after import = 2

========================================================================
Received Import Request.
  Time since last request: 0.000021 seconds.
  path: Assets/Graphisms/Tilesets/SubTiles/Outside_172.asset
  artifactKey: Guid(b50dd1ef293ad0a4a96c442c63c1e724) Importer(2089858483,b0f066a214c2f5e87bad3c948f4d605d)
Start importing Assets/Graphisms/Tilesets/SubTiles/Outside_172.asset using Guid(b50dd1ef293ad0a4a96c442c63c1e724) Importer(2089858483,b0f066a214c2f5e87bad3c948f4d605d) (ScriptedImporter) -> (artifact id: '90cfcfa4547357bf61b0ddc92e9963ba') in 0.0154295 seconds
Number of updated asset objects reloaded before import = 0Number of asset objects unloaded after import = 2

========================================================================
Received Import Request.
  Time since last request: 0.000024 seconds.
  path: Assets/Graphisms/Tilesets/SubTiles/Outside_420.asset
  artifactKey: Guid(73129d7189aeed541bff873d66549c2d) Importer(2089858483,b0f066a214c2f5e87bad3c948f4d605d)
Start importing Assets/Graphisms/Tilesets/SubTiles/Outside_420.asset using Guid(73129d7189aeed541bff873d66549c2d) Importer(2089858483,b0f066a214c2f5e87bad3c948f4d605d) (ScriptedImporter) -> (artifact id: '6af7734fc5dca5d59539e5027d424988') in 0.0104516 seconds
Number of updated asset objects reloaded before import = 0Number of asset objects unloaded after import = 2

========================================================================
Received Import Request.
  Time since last request: 0.000034 seconds.
  path: Assets/Graphisms/Tilesets/SubTiles/Outside_2438.asset
  artifactKey: Guid(890587eacae8a58408f4ced0dfd53edf) Importer(2089858483,b0f066a214c2f5e87bad3c948f4d605d)
Start importing Assets/Graphisms/Tilesets/SubTiles/Outside_2438.asset using Guid(890587eacae8a58408f4ced0dfd53edf) Importer(2089858483,b0f066a214c2f5e87bad3c948f4d605d) (ScriptedImporter) -> (artifact id: '474ce8a86b2c60aaa4a9b031d2e7862a') in 0.0141295 seconds
Number of updated asset objects reloaded before import = 0Number of asset objects unloaded after import = 2

========================================================================
Received Import Request.
  Time since last request: 0.000028 seconds.
  path: Assets/Graphisms/Tilesets/SubTiles/Outside_2330.asset
  artifactKey: Guid(97267dbdb0d74774289615356ab37d41) Importer(2089858483,b0f066a214c2f5e87bad3c948f4d605d)
Start importing Assets/Graphisms/Tilesets/SubTiles/Outside_2330.asset using Guid(97267dbdb0d74774289615356ab37d41) Importer(2089858483,b0f066a214c2f5e87bad3c948f4d605d) (ScriptedImporter) -> (artifact id: 'dfd63acf18a7fa4b12fba7a596a94381') in 0.0107765 seconds
Number of updated asset objects reloaded before import = 0Number of asset objects unloaded after import = 2

========================================================================
Received Import Request.
  Time since last request: 0.000030 seconds.
  path: Assets/Graphisms/Tilesets/SubTiles/Outside_1991.asset
  artifactKey: Guid(d286f00c3f1c744459428ba78eaf9c84) Importer(2089858483,b0f066a214c2f5e87bad3c948f4d605d)
Start importing Assets/Graphisms/Tilesets/SubTiles/Outside_1991.asset using Guid(d286f00c3f1c744459428ba78eaf9c84) Importer(2089858483,b0f066a214c2f5e87bad3c948f4d605d) (ScriptedImporter) -> (artifact id: '68884c15c6e120c7174e5ad1f97577cd') in 0.0176388 seconds
Number of updated asset objects reloaded before import = 0Number of asset objects unloaded after import = 2

========================================================================
Received Import Request.
  Time since last request: 0.000019 seconds.
  path: Assets/Graphisms/Tilesets/SubTiles/Outside_517.asset
  artifactKey: Guid(f872f9b6d52c7084fb4143310ab4922f) Importer(2089858483,b0f066a214c2f5e87bad3c948f4d605d)
Start importing Assets/Graphisms/Tilesets/SubTiles/Outside_517.asset using Guid(f872f9b6d52c7084fb4143310ab4922f) Importer(2089858483,b0f066a214c2f5e87bad3c948f4d605d) (ScriptedImporter) -> (artifact id: '6dd4279bd7ebbb3761d638b29669a2dd') in 0.009694 seconds
Number of updated asset objects reloaded before import = 0Number of asset objects unloaded after import = 2

========================================================================
Received Import Request.
  Time since last request: 0.000040 seconds.
  path: Assets/Graphisms/Tilesets/SubTiles/Outside_931.asset
  artifactKey: Guid(07779be9df559f0469c81370346b8f01) Importer(2089858483,b0f066a214c2f5e87bad3c948f4d605d)
Start importing Assets/Graphisms/Tilesets/SubTiles/Outside_931.asset using Guid(07779be9df559f0469c81370346b8f01) Importer(2089858483,b0f066a214c2f5e87bad3c948f4d605d) (ScriptedImporter) -> (artifact id: '4f5d642c55831107c719a6c5011b436d') in 0.0114651 seconds
Number of updated asset objects reloaded before import = 0Number of asset objects unloaded after import = 2

========================================================================
Received Import Request.
  Time since last request: 0.000022 seconds.
  path: Assets/Graphisms/Tilesets/SubTiles/Outside_3605.asset
  artifactKey: Guid(ce15acb4d86c56d4aa540a0a7dab0c50) Importer(2089858483,b0f066a214c2f5e87bad3c948f4d605d)
Start importing Assets/Graphisms/Tilesets/SubTiles/Outside_3605.asset using Guid(ce15acb4d86c56d4aa540a0a7dab0c50) Importer(2089858483,b0f066a214c2f5e87bad3c948f4d605d) (ScriptedImporter) -> (artifact id: '4acc85e521070bf3c462c1599539f9b9') in 0.0100637 seconds
Number of updated asset objects reloaded before import = 0Number of asset objects unloaded after import = 2

========================================================================
Received Import Request.
  Time since last request: 0.000019 seconds.
  path: Assets/Graphisms/Tilesets/SubTiles/Outside_2108.asset
  artifactKey: Guid(66834bf89196e5b4ab4f68cffbd57bc2) Importer(2089858483,b0f066a214c2f5e87bad3c948f4d605d)
Start importing Assets/Graphisms/Tilesets/SubTiles/Outside_2108.asset using Guid(66834bf89196e5b4ab4f68cffbd57bc2) Importer(2089858483,b0f066a214c2f5e87bad3c948f4d605d) (ScriptedImporter) -> (artifact id: '02fe6e3a3113634305ec404ffe6bee3b') in 0.0124128 seconds
Number of updated asset objects reloaded before import = 0Number of asset objects unloaded after import = 2

========================================================================
Received Import Request.
  Time since last request: 0.000027 seconds.
  path: Assets/Graphisms/Tilesets/SubTiles/Outside_1962.asset
  artifactKey: Guid(e6bad3681fb9e394992767c8e90094f3) Importer(2089858483,b0f066a214c2f5e87bad3c948f4d605d)
Start importing Assets/Graphisms/Tilesets/SubTiles/Outside_1962.asset using Guid(e6bad3681fb9e394992767c8e90094f3) Importer(2089858483,b0f066a214c2f5e87bad3c948f4d605d) (ScriptedImporter) -> (artifact id: 'ee6b26fa2428c5f71c86f82414a32b6a') in 0.0109931 seconds
Number of updated asset objects reloaded before import = 0Number of asset objects unloaded after import = 2

========================================================================
Received Import Request.
  Time since last request: 0.000025 seconds.
  path: Assets/Graphisms/Tilesets/SubTiles/Outside_1751.asset
  artifactKey: Guid(5825933c5ff9528439435dd45acd3087) Importer(2089858483,b0f066a214c2f5e87bad3c948f4d605d)
Start importing Assets/Graphisms/Tilesets/SubTiles/Outside_1751.asset using Guid(5825933c5ff9528439435dd45acd3087) Importer(2089858483,b0f066a214c2f5e87bad3c948f4d605d) (ScriptedImporter) -> (artifact id: 'da798eed9ce00ff623862859ec89e5d1') in 0.0109387 seconds
Number of updated asset objects reloaded before import = 0Number of asset objects unloaded after import = 2

========================================================================
Received Import Request.
  Time since last request: 0.000033 seconds.
  path: Assets/Graphisms/Tilesets/SubTiles/Outside_2590.asset
  artifactKey: Guid(991abdbe122c9634b8923709e2a31821) Importer(2089858483,b0f066a214c2f5e87bad3c948f4d605d)
Start importing Assets/Graphisms/Tilesets/SubTiles/Outside_2590.asset using Guid(991abdbe122c9634b8923709e2a31821) Importer(2089858483,b0f066a214c2f5e87bad3c948f4d605d) (ScriptedImporter) -> (artifact id: '5a65ee0de468b6f7a688a9b9cf02f365') in 0.0361658 seconds
Number of updated asset objects reloaded before import = 0Number of asset objects unloaded after import = 2

========================================================================
Received Import Request.
  Time since last request: 0.000023 seconds.
  path: Assets/Graphisms/Tilesets/SubTiles/Outside_1155.asset
  artifactKey: Guid(385fdeb05a77c874a85911450e5d0f9d) Importer(2089858483,b0f066a214c2f5e87bad3c948f4d605d)
Start importing Assets/Graphisms/Tilesets/SubTiles/Outside_1155.asset using Guid(385fdeb05a77c874a85911450e5d0f9d) Importer(2089858483,b0f066a214c2f5e87bad3c948f4d605d) (ScriptedImporter) -> (artifact id: 'f1ff00578de13696b985f3dc9ae0af4b') in 0.0107574 seconds
Number of updated asset objects reloaded before import = 0Number of asset objects unloaded after import = 2

========================================================================
Received Import Request.
  Time since last request: 0.000022 seconds.
  path: Assets/Graphisms/Tilesets/SubTiles/Outside_104.asset
  artifactKey: Guid(963ae303cee903744be97218a0f6a611) Importer(2089858483,b0f066a214c2f5e87bad3c948f4d605d)
Start importing Assets/Graphisms/Tilesets/SubTiles/Outside_104.asset using Guid(963ae303cee903744be97218a0f6a611) Importer(2089858483,b0f066a214c2f5e87bad3c948f4d605d) (ScriptedImporter) -> (artifact id: 'c338c73074e745c585cbd5c0810fde0a') in 0.0097975 seconds
Number of updated asset objects reloaded before import = 0Number of asset objects unloaded after import = 2

========================================================================
Received Import Request.
  Time since last request: 0.000023 seconds.
  path: Assets/Graphisms/Tilesets/SubTiles/Outside_3847.asset
  artifactKey: Guid(e81b0f00c4d163c48ac286cd68110f98) Importer(2089858483,b0f066a214c2f5e87bad3c948f4d605d)
Start importing Assets/Graphisms/Tilesets/SubTiles/Outside_3847.asset using Guid(e81b0f00c4d163c48ac286cd68110f98) Importer(2089858483,b0f066a214c2f5e87bad3c948f4d605d) (ScriptedImporter) -> (artifact id: 'e586ba5c4c0ea31011763b819b046a6a') in 0.0112457 seconds
Number of updated asset objects reloaded before import = 0Number of asset objects unloaded after import = 2

========================================================================
Received Import Request.
  Time since last request: 0.000029 seconds.
  path: Assets/Graphisms/Tilesets/SubTiles/Outside_987.asset
  artifactKey: Guid(a112372287860f6478e11dded085eaf5) Importer(2089858483,b0f066a214c2f5e87bad3c948f4d605d)
Start importing Assets/Graphisms/Tilesets/SubTiles/Outside_987.asset using Guid(a112372287860f6478e11dded085eaf5) Importer(2089858483,b0f066a214c2f5e87bad3c948f4d605d) (ScriptedImporter) -> (artifact id: 'd8e1e707b8a66cc574a4caaf25bb325f') in 0.0125618 seconds
Number of updated asset objects reloaded before import = 0Number of asset objects unloaded after import = 2

========================================================================
Received Import Request.
  Time since last request: 0.000020 seconds.
  path: Assets/Graphisms/Tilesets/SubTiles/Outside_3624.asset
  artifactKey: Guid(7124ece871f4cb9408ffd7f30d7435cf) Importer(2089858483,b0f066a214c2f5e87bad3c948f4d605d)
Start importing Assets/Graphisms/Tilesets/SubTiles/Outside_3624.asset using Guid(7124ece871f4cb9408ffd7f30d7435cf) Importer(2089858483,b0f066a214c2f5e87bad3c948f4d605d) (ScriptedImporter) -> (artifact id: '0a20ee36928048d27b10c90de8f6aba6') in 0.0097653 seconds
Number of updated asset objects reloaded before import = 0Number of asset objects unloaded after import = 2

========================================================================
Received Import Request.
  Time since last request: 0.000021 seconds.
  path: Assets/Graphisms/Tilesets/SubTiles/Outside_3422.asset
  artifactKey: Guid(fc31a649562e59845aa3acb1feb4b4f8) Importer(2089858483,b0f066a214c2f5e87bad3c948f4d605d)
Start importing Assets/Graphisms/Tilesets/SubTiles/Outside_3422.asset using Guid(fc31a649562e59845aa3acb1feb4b4f8) Importer(2089858483,b0f066a214c2f5e87bad3c948f4d605d) (ScriptedImporter) -> (artifact id: '811171e8ef8a9c2617d8786a7a48dc1c') in 0.0109951 seconds
Number of updated asset objects reloaded before import = 0Number of asset objects unloaded after import = 2

========================================================================
Received Import Request.
  Time since last request: 0.000039 seconds.
  path: Assets/Graphisms/Tilesets/SubTiles/Outside_3177.asset
  artifactKey: Guid(909913dd3234d0948a4596a841d6aab8) Importer(2089858483,b0f066a214c2f5e87bad3c948f4d605d)
Start importing Assets/Graphisms/Tilesets/SubTiles/Outside_3177.asset using Guid(909913dd3234d0948a4596a841d6aab8) Importer(2089858483,b0f066a214c2f5e87bad3c948f4d605d) (ScriptedImporter) -> (artifact id: '3f6114dbbb2b89d8ed415a26affab120') in 0.0102331 seconds
Number of updated asset objects reloaded before import = 0Number of asset objects unloaded after import = 2

========================================================================
Received Import Request.
  Time since last request: 0.000021 seconds.
  path: Assets/Graphisms/Tilesets/SubTiles/Outside_822.asset
  artifactKey: Guid(d8d0e1a1a7855c04d8a7867bb0568f7f) Importer(2089858483,b0f066a214c2f5e87bad3c948f4d605d)
Start importing Assets/Graphisms/Tilesets/SubTiles/Outside_822.asset using Guid(d8d0e1a1a7855c04d8a7867bb0568f7f) Importer(2089858483,b0f066a214c2f5e87bad3c948f4d605d) (ScriptedImporter) -> (artifact id: '899299279b60d1d441a428d7b5c55640') in 0.0145713 seconds
Number of updated asset objects reloaded before import = 0Number of asset objects unloaded after import = 2

========================================================================
Received Import Request.
  Time since last request: 0.000042 seconds.
  path: Assets/Graphisms/Tilesets/SubTiles/Outside_2742.asset
  artifactKey: Guid(3f00be709c36be446a8e57e663c5034a) Importer(2089858483,b0f066a214c2f5e87bad3c948f4d605d)
Start importing Assets/Graphisms/Tilesets/SubTiles/Outside_2742.asset using Guid(3f00be709c36be446a8e57e663c5034a) Importer(2089858483,b0f066a214c2f5e87bad3c948f4d605d) (ScriptedImporter) -> (artifact id: 'c961aa9bcee0a424d5b59c69784834f5') in 0.0160426 seconds
Number of updated asset objects reloaded before import = 0Number of asset objects unloaded after import = 2

========================================================================
Received Import Request.
  Time since last request: 0.000020 seconds.
  path: Assets/Graphisms/Tilesets/SubTiles/Outside_2844.asset
  artifactKey: Guid(0dd71c3d7a9b83f40951e3cc0ac11581) Importer(2089858483,b0f066a214c2f5e87bad3c948f4d605d)
Start importing Assets/Graphisms/Tilesets/SubTiles/Outside_2844.asset using Guid(0dd71c3d7a9b83f40951e3cc0ac11581) Importer(2089858483,b0f066a214c2f5e87bad3c948f4d605d) (ScriptedImporter) -> (artifact id: 'a6d6d568bf1ce5e2fbf5b63ea60f9706') in 0.0106692 seconds
Number of updated asset objects reloaded before import = 0Number of asset objects unloaded after import = 2

========================================================================
Received Import Request.
  Time since last request: 0.000022 seconds.
  path: Assets/Graphisms/Tilesets/SubTiles/Outside_916.asset
  artifactKey: Guid(34c9ff9d514ec9d48bbfdd5f9639b6bb) Importer(2089858483,b0f066a214c2f5e87bad3c948f4d605d)
Start importing Assets/Graphisms/Tilesets/SubTiles/Outside_916.asset using Guid(34c9ff9d514ec9d48bbfdd5f9639b6bb) Importer(2089858483,b0f066a214c2f5e87bad3c948f4d605d) (ScriptedImporter) -> (artifact id: '474ac4255206fad1b9d9284adeadaeeb') in 0.0102705 seconds
Number of updated asset objects reloaded before import = 0Number of asset objects unloaded after import = 2

========================================================================
Received Import Request.
  Time since last request: 0.000022 seconds.
  path: Assets/Graphisms/Tilesets/SubTiles/Outside_2018.asset
  artifactKey: Guid(dbd98319e17a8f946b4c83e114736db6) Importer(2089858483,b0f066a214c2f5e87bad3c948f4d605d)
Start importing Assets/Graphisms/Tilesets/SubTiles/Outside_2018.asset using Guid(dbd98319e17a8f946b4c83e114736db6) Importer(2089858483,b0f066a214c2f5e87bad3c948f4d605d) (ScriptedImporter) -> (artifact id: '588e6d7d046ddec0f46eea99c4845200') in 0.0123235 seconds
Number of updated asset objects reloaded before import = 0Number of asset objects unloaded after import = 2

========================================================================
Received Import Request.
  Time since last request: 0.000031 seconds.
  path: Assets/Graphisms/Tilesets/SubTiles/Outside_911.asset
  artifactKey: Guid(5ecf480708406804ab211120d1bf93c0) Importer(2089858483,b0f066a214c2f5e87bad3c948f4d605d)
Start importing Assets/Graphisms/Tilesets/SubTiles/Outside_911.asset using Guid(5ecf480708406804ab211120d1bf93c0) Importer(2089858483,b0f066a214c2f5e87bad3c948f4d605d) (ScriptedImporter) -> (artifact id: 'aa23b1c6db66043774f3623611db01b4') in 0.013002 seconds
Number of updated asset objects reloaded before import = 0Number of asset objects unloaded after import = 2

========================================================================
Received Import Request.
  Time since last request: 0.000036 seconds.
  path: Assets/Graphisms/Tilesets/SubTiles/Outside_2025.asset
  artifactKey: Guid(e8db8a07e0e989143bd77311e6692ea8) Importer(2089858483,b0f066a214c2f5e87bad3c948f4d605d)
Start importing Assets/Graphisms/Tilesets/SubTiles/Outside_2025.asset using Guid(e8db8a07e0e989143bd77311e6692ea8) Importer(2089858483,b0f066a214c2f5e87bad3c948f4d605d) (ScriptedImporter) -> (artifact id: '5dc70bffa61733ae1a288a6dc04e8660') in 0.0109934 seconds
Number of updated asset objects reloaded before import = 0Number of asset objects unloaded after import = 2

========================================================================
Received Import Request.
  Time since last request: 0.000019 seconds.
  path: Assets/Graphisms/Tilesets/SubTiles/Outside_1471.asset
  artifactKey: Guid(112df499e5176004ba4b3a7d4eabe75d) Importer(2089858483,b0f066a214c2f5e87bad3c948f4d605d)
Start importing Assets/Graphisms/Tilesets/SubTiles/Outside_1471.asset using Guid(112df499e5176004ba4b3a7d4eabe75d) Importer(2089858483,b0f066a214c2f5e87bad3c948f4d605d) (ScriptedImporter) -> (artifact id: '3622f60ae436b550bd9f0b687449f8cd') in 0.0115607 seconds
Number of updated asset objects reloaded before import = 0Number of asset objects unloaded after import = 2

========================================================================
Received Import Request.
  Time since last request: 0.000033 seconds.
  path: Assets/Graphisms/Tilesets/SubTiles/Outside_3782.asset
  artifactKey: Guid(e73143419f741a7448a83dbf5925fb71) Importer(2089858483,b0f066a214c2f5e87bad3c948f4d605d)
Start importing Assets/Graphisms/Tilesets/SubTiles/Outside_3782.asset using Guid(e73143419f741a7448a83dbf5925fb71) Importer(2089858483,b0f066a214c2f5e87bad3c948f4d605d) (ScriptedImporter) -> (artifact id: '34bff8666d2c9b16fa9f88edacfdbe16') in 0.0116209 seconds
Number of updated asset objects reloaded before import = 0Number of asset objects unloaded after import = 2

========================================================================
Received Import Request.
  Time since last request: 0.000023 seconds.
  path: Assets/Graphisms/Tilesets/SubTiles/Outside_1536.asset
  artifactKey: Guid(858c39e7c09b13946ade894578b00830) Importer(2089858483,b0f066a214c2f5e87bad3c948f4d605d)
Start importing Assets/Graphisms/Tilesets/SubTiles/Outside_1536.asset using Guid(858c39e7c09b13946ade894578b00830) Importer(2089858483,b0f066a214c2f5e87bad3c948f4d605d) (ScriptedImporter) -> (artifact id: '7d44fde606af1bf197a2a957d26a074c') in 0.0107713 seconds
Number of updated asset objects reloaded before import = 0Number of asset objects unloaded after import = 2

========================================================================
Received Import Request.
  Time since last request: 0.000026 seconds.
  path: Assets/Graphisms/Tilesets/SubTiles/Outside_2059.asset
  artifactKey: Guid(aa9a5166267231342a05a172021f1522) Importer(2089858483,b0f066a214c2f5e87bad3c948f4d605d)
Start importing Assets/Graphisms/Tilesets/SubTiles/Outside_2059.asset using Guid(aa9a5166267231342a05a172021f1522) Importer(2089858483,b0f066a214c2f5e87bad3c948f4d605d) (ScriptedImporter) -> (artifact id: 'fa61422b22e43823c0418b6fabc03e23') in 0.0101334 seconds
Number of updated asset objects reloaded before import = 0Number of asset objects unloaded after import = 2

========================================================================
Received Import Request.
  Time since last request: 0.000028 seconds.
  path: Assets/Graphisms/Tilesets/SubTiles/Outside_2309.asset
  artifactKey: Guid(614f88f35b0981f4fabfef6d97edbdab) Importer(2089858483,b0f066a214c2f5e87bad3c948f4d605d)
Start importing Assets/Graphisms/Tilesets/SubTiles/Outside_2309.asset using Guid(614f88f35b0981f4fabfef6d97edbdab) Importer(2089858483,b0f066a214c2f5e87bad3c948f4d605d) (ScriptedImporter) -> (artifact id: 'a61a439ff68a6a659965933424b81cd4') in 0.0101063 seconds
Number of updated asset objects reloaded before import = 0Number of asset objects unloaded after import = 2

========================================================================
Received Import Request.
  Time since last request: 0.000022 seconds.
  path: Assets/Graphisms/Tilesets/SubTiles/Outside_1154.asset
  artifactKey: Guid(3c789afd4411ec8459de79ca86f6d26f) Importer(2089858483,b0f066a214c2f5e87bad3c948f4d605d)
Start importing Assets/Graphisms/Tilesets/SubTiles/Outside_1154.asset using Guid(3c789afd4411ec8459de79ca86f6d26f) Importer(2089858483,b0f066a214c2f5e87bad3c948f4d605d) (ScriptedImporter) -> (artifact id: 'a7113d515a979ddd8b57444a6c3deb46') in 0.0105677 seconds
Number of updated asset objects reloaded before import = 0Number of asset objects unloaded after import = 2

========================================================================
Received Import Request.
  Time since last request: 0.000030 seconds.
  path: Assets/Graphisms/Tilesets/SubTiles/Outside_1101.asset
  artifactKey: Guid(cd2532e28fd3ab942831200d720d2a28) Importer(2089858483,b0f066a214c2f5e87bad3c948f4d605d)
Start importing Assets/Graphisms/Tilesets/SubTiles/Outside_1101.asset using Guid(cd2532e28fd3ab942831200d720d2a28) Importer(2089858483,b0f066a214c2f5e87bad3c948f4d605d) (ScriptedImporter) -> (artifact id: '71b5500ef0afa75ca11842e7bcf9a6eb') in 0.0156181 seconds
Number of updated asset objects reloaded before import = 0Number of asset objects unloaded after import = 2

========================================================================
Received Import Request.
  Time since last request: 0.000030 seconds.
  path: Assets/Graphisms/Tilesets/SubTiles/Outside_3602.asset
  artifactKey: Guid(4443e8a28f170874cbd25599b53fc149) Importer(2089858483,b0f066a214c2f5e87bad3c948f4d605d)
Start importing Assets/Graphisms/Tilesets/SubTiles/Outside_3602.asset using Guid(4443e8a28f170874cbd25599b53fc149) Importer(2089858483,b0f066a214c2f5e87bad3c948f4d605d) (ScriptedImporter) -> (artifact id: '639dc3c474b7351a08a1160303936c17') in 0.0102265 seconds
Number of updated asset objects reloaded before import = 0Number of asset objects unloaded after import = 2

========================================================================
Received Import Request.
  Time since last request: 0.000024 seconds.
  path: Assets/Graphisms/Tilesets/SubTiles/Outside_1374.asset
  artifactKey: Guid(ed7df6cc82db67d49990aeee8fa5d1af) Importer(2089858483,b0f066a214c2f5e87bad3c948f4d605d)
Start importing Assets/Graphisms/Tilesets/SubTiles/Outside_1374.asset using Guid(ed7df6cc82db67d49990aeee8fa5d1af) Importer(2089858483,b0f066a214c2f5e87bad3c948f4d605d) (ScriptedImporter) -> (artifact id: '5d89ed93df79b5bdc9041b6077feaf50') in 0.0149735 seconds
Number of updated asset objects reloaded before import = 0Number of asset objects unloaded after import = 2

========================================================================
Received Import Request.
  Time since last request: 0.000041 seconds.
  path: Assets/Graphisms/Tilesets/SubTiles/Outside_2964.asset
  artifactKey: Guid(f07fe31dfdf0ae9439f7610ea0bfcdad) Importer(2089858483,b0f066a214c2f5e87bad3c948f4d605d)
Start importing Assets/Graphisms/Tilesets/SubTiles/Outside_2964.asset using Guid(f07fe31dfdf0ae9439f7610ea0bfcdad) Importer(2089858483,b0f066a214c2f5e87bad3c948f4d605d) (ScriptedImporter) -> (artifact id: '6811bf247cfd77c774457e73646ba283') in 0.0103737 seconds
Number of updated asset objects reloaded before import = 0Number of asset objects unloaded after import = 2

========================================================================
Received Import Request.
  Time since last request: 0.000020 seconds.
  path: Assets/Graphisms/Tilesets/SubTiles/Outside_1831.asset
  artifactKey: Guid(2fc22d0a35a49694981f3068b2db076e) Importer(2089858483,b0f066a214c2f5e87bad3c948f4d605d)
Start importing Assets/Graphisms/Tilesets/SubTiles/Outside_1831.asset using Guid(2fc22d0a35a49694981f3068b2db076e) Importer(2089858483,b0f066a214c2f5e87bad3c948f4d605d) (ScriptedImporter) -> (artifact id: 'ac8de4e3087a4ce59b28693e6686e524') in 0.012598 seconds
Number of updated asset objects reloaded before import = 0Number of asset objects unloaded after import = 2

========================================================================
Received Import Request.
  Time since last request: 0.000025 seconds.
  path: Assets/Graphisms/Tilesets/SubTiles/Outside_2777.asset
  artifactKey: Guid(655d4d8120e0f7846ac27723af45bfbb) Importer(2089858483,b0f066a214c2f5e87bad3c948f4d605d)
Start importing Assets/Graphisms/Tilesets/SubTiles/Outside_2777.asset using Guid(655d4d8120e0f7846ac27723af45bfbb) Importer(2089858483,b0f066a214c2f5e87bad3c948f4d605d) (ScriptedImporter) -> (artifact id: '4390beeb70b1ca75e2e6415baaace74a') in 0.0106133 seconds
Number of updated asset objects reloaded before import = 0Number of asset objects unloaded after import = 2

========================================================================
Received Import Request.
  Time since last request: 0.000030 seconds.
  path: Assets/Graphisms/Tilesets/SubTiles/Outside_2768.asset
  artifactKey: Guid(58889142f6ba894479a80766b27bebdf) Importer(2089858483,b0f066a214c2f5e87bad3c948f4d605d)
Start importing Assets/Graphisms/Tilesets/SubTiles/Outside_2768.asset using Guid(58889142f6ba894479a80766b27bebdf) Importer(2089858483,b0f066a214c2f5e87bad3c948f4d605d) (ScriptedImporter) -> (artifact id: '81f5af7375923c82e7044a199b83766a') in 0.0151431 seconds
Number of updated asset objects reloaded before import = 0Number of asset objects unloaded after import = 2

========================================================================
Received Import Request.
  Time since last request: 0.000026 seconds.
  path: Assets/Graphisms/Tilesets/SubTiles/Outside_280.asset
  artifactKey: Guid(f44029c8d7ef8794991e83cfc6c9683a) Importer(2089858483,b0f066a214c2f5e87bad3c948f4d605d)
Start importing Assets/Graphisms/Tilesets/SubTiles/Outside_280.asset using Guid(f44029c8d7ef8794991e83cfc6c9683a) Importer(2089858483,b0f066a214c2f5e87bad3c948f4d605d) (ScriptedImporter) -> (artifact id: '68e852afd7e3875bae2769d73fd95402') in 0.009753 seconds
Number of updated asset objects reloaded before import = 0Number of asset objects unloaded after import = 2

========================================================================
Received Import Request.
  Time since last request: 0.000049 seconds.
  path: Assets/Graphisms/Tilesets/SubTiles/Outside_3907.asset
  artifactKey: Guid(f2d9a8518701a8144803de5ff41bf14f) Importer(2089858483,b0f066a214c2f5e87bad3c948f4d605d)
Start importing Assets/Graphisms/Tilesets/SubTiles/Outside_3907.asset using Guid(f2d9a8518701a8144803de5ff41bf14f) Importer(2089858483,b0f066a214c2f5e87bad3c948f4d605d) (ScriptedImporter) -> (artifact id: 'e1d1c87da93c5c5b311fb392a8c71e44') in 0.0130673 seconds
Number of updated asset objects reloaded before import = 0Number of asset objects unloaded after import = 2

========================================================================
Received Import Request.
  Time since last request: 0.000021 seconds.
  path: Assets/Graphisms/Tilesets/SubTiles/Outside_1221.asset
  artifactKey: Guid(1924799deb9ad4b4d9f1c75c8eb04afa) Importer(2089858483,b0f066a214c2f5e87bad3c948f4d605d)
Start importing Assets/Graphisms/Tilesets/SubTiles/Outside_1221.asset using Guid(1924799deb9ad4b4d9f1c75c8eb04afa) Importer(2089858483,b0f066a214c2f5e87bad3c948f4d605d) (ScriptedImporter) -> (artifact id: '8dc83f0963765d66b46f97d7a663ca41') in 0.0114018 seconds
Number of updated asset objects reloaded before import = 0Number of asset objects unloaded after import = 2

========================================================================
Received Import Request.
  Time since last request: 0.000053 seconds.
  path: Assets/Graphisms/Tilesets/SubTiles/Outside_2540.asset
  artifactKey: Guid(3bd8e590481aa7e479c53ce81e2a9400) Importer(2089858483,b0f066a214c2f5e87bad3c948f4d605d)
Start importing Assets/Graphisms/Tilesets/SubTiles/Outside_2540.asset using Guid(3bd8e590481aa7e479c53ce81e2a9400) Importer(2089858483,b0f066a214c2f5e87bad3c948f4d605d) (ScriptedImporter) -> (artifact id: '0d3ebf277a5d7f219135053e804b9036') in 0.0112241 seconds
Number of updated asset objects reloaded before import = 0Number of asset objects unloaded after import = 2

========================================================================
Received Import Request.
  Time since last request: 0.000016 seconds.
  path: Assets/Graphisms/Tilesets/SubTiles/Outside_1713.asset
  artifactKey: Guid(f3fa32a4de9ac62409f5e5db6499722c) Importer(2089858483,b0f066a214c2f5e87bad3c948f4d605d)
Start importing Assets/Graphisms/Tilesets/SubTiles/Outside_1713.asset using Guid(f3fa32a4de9ac62409f5e5db6499722c) Importer(2089858483,b0f066a214c2f5e87bad3c948f4d605d) (ScriptedImporter) -> (artifact id: '6d5a538e0d61b1f2a4ac5e4742832f8f') in 0.010584 seconds
Number of updated asset objects reloaded before import = 0Number of asset objects unloaded after import = 2

========================================================================
Received Import Request.
  Time since last request: 0.000020 seconds.
  path: Assets/Graphisms/Tilesets/SubTiles/Outside_336.asset
  artifactKey: Guid(6afacefe1846fbd4bae2df6e881f71ff) Importer(2089858483,b0f066a214c2f5e87bad3c948f4d605d)
Start importing Assets/Graphisms/Tilesets/SubTiles/Outside_336.asset using Guid(6afacefe1846fbd4bae2df6e881f71ff) Importer(2089858483,b0f066a214c2f5e87bad3c948f4d605d) (ScriptedImporter) -> (artifact id: 'b5af5545cfa4df21929657aba9a8da21') in 0.0105342 seconds
Number of updated asset objects reloaded before import = 0Number of asset objects unloaded after import = 2

========================================================================
Received Import Request.
  Time since last request: 0.000018 seconds.
  path: Assets/Graphisms/Tilesets/SubTiles/Outside_12.asset
  artifactKey: Guid(c7f7732946608824e9473bcce62d5da4) Importer(2089858483,b0f066a214c2f5e87bad3c948f4d605d)
Start importing Assets/Graphisms/Tilesets/SubTiles/Outside_12.asset using Guid(c7f7732946608824e9473bcce62d5da4) Importer(2089858483,b0f066a214c2f5e87bad3c948f4d605d) (ScriptedImporter) -> (artifact id: '3364a012a629394e8cefc99bf901900f') in 0.0265664 seconds
Number of updated asset objects reloaded before import = 0Number of asset objects unloaded after import = 2

========================================================================
Received Import Request.
  Time since last request: 0.000052 seconds.
  path: Assets/Graphisms/Tilesets/SubTiles/Outside_630.asset
  artifactKey: Guid(7c6c34f7c3728f649b41bd6d903c046c) Importer(2089858483,b0f066a214c2f5e87bad3c948f4d605d)
Start importing Assets/Graphisms/Tilesets/SubTiles/Outside_630.asset using Guid(7c6c34f7c3728f649b41bd6d903c046c) Importer(2089858483,b0f066a214c2f5e87bad3c948f4d605d) (ScriptedImporter) -> (artifact id: '0a81a4b70458485978547d974e60307f') in 0.0112035 seconds
Number of updated asset objects reloaded before import = 0Number of asset objects unloaded after import = 2

========================================================================
Received Import Request.
  Time since last request: 0.000030 seconds.
  path: Assets/Graphisms/Tilesets/SubTiles/Outside_3006.asset
  artifactKey: Guid(8e240f2c8c403ae46a90952f0bfe18b2) Importer(2089858483,b0f066a214c2f5e87bad3c948f4d605d)
Start importing Assets/Graphisms/Tilesets/SubTiles/Outside_3006.asset using Guid(8e240f2c8c403ae46a90952f0bfe18b2) Importer(2089858483,b0f066a214c2f5e87bad3c948f4d605d) (ScriptedImporter) -> (artifact id: '3162ce962cf3d06777acceb35066d4dc') in 0.0106455 seconds
Number of updated asset objects reloaded before import = 0Number of asset objects unloaded after import = 2

========================================================================
Received Import Request.
  Time since last request: 0.000027 seconds.
  path: Assets/Graphisms/Tilesets/SubTiles/Outside_2698.asset
  artifactKey: Guid(b6b858512edc6504e8b6b787a6679330) Importer(2089858483,b0f066a214c2f5e87bad3c948f4d605d)
Start importing Assets/Graphisms/Tilesets/SubTiles/Outside_2698.asset using Guid(b6b858512edc6504e8b6b787a6679330) Importer(2089858483,b0f066a214c2f5e87bad3c948f4d605d) (ScriptedImporter) -> (artifact id: 'f98704f9598d2b05d0f0176b56babc79') in 0.0119634 seconds
Number of updated asset objects reloaded before import = 0Number of asset objects unloaded after import = 2

========================================================================
Received Import Request.
  Time since last request: 0.000022 seconds.
  path: Assets/Graphisms/Tilesets/SubTiles/Outside_1119.asset
  artifactKey: Guid(21c90f1c5f921424d8a2cbe9ec352339) Importer(2089858483,b0f066a214c2f5e87bad3c948f4d605d)
Start importing Assets/Graphisms/Tilesets/SubTiles/Outside_1119.asset using Guid(21c90f1c5f921424d8a2cbe9ec352339) Importer(2089858483,b0f066a214c2f5e87bad3c948f4d605d) (ScriptedImporter) -> (artifact id: 'b12b21ec61f793e245dca3e02524646b') in 0.0103131 seconds
Number of updated asset objects reloaded before import = 0Number of asset objects unloaded after import = 2

========================================================================
Received Import Request.
  Time since last request: 0.000031 seconds.
  path: Assets/Graphisms/Tilesets/SubTiles/Outside_2942.asset
  artifactKey: Guid(768df374db3443841bf8e8c86f5a3ac5) Importer(2089858483,b0f066a214c2f5e87bad3c948f4d605d)
Start importing Assets/Graphisms/Tilesets/SubTiles/Outside_2942.asset using Guid(768df374db3443841bf8e8c86f5a3ac5) Importer(2089858483,b0f066a214c2f5e87bad3c948f4d605d) (ScriptedImporter) -> (artifact id: '0e9fc3f701de3aff321aee369858d4a3') in 0.0102806 seconds
Number of updated asset objects reloaded before import = 0Number of asset objects unloaded after import = 2

========================================================================
Received Import Request.
  Time since last request: 0.000043 seconds.
  path: Assets/Graphisms/Tilesets/SubTiles/Outside_1637.asset
  artifactKey: Guid(6733efdc02173e94c9fdb60ba808206d) Importer(2089858483,b0f066a214c2f5e87bad3c948f4d605d)
Start importing Assets/Graphisms/Tilesets/SubTiles/Outside_1637.asset using Guid(6733efdc02173e94c9fdb60ba808206d) Importer(2089858483,b0f066a214c2f5e87bad3c948f4d605d) (ScriptedImporter) -> (artifact id: 'b44d81704ce52982b67ebbc8ea6ee30f') in 0.0108729 seconds
Number of updated asset objects reloaded before import = 0Number of asset objects unloaded after import = 2

========================================================================
Received Import Request.
  Time since last request: 0.000036 seconds.
  path: Assets/Graphisms/Tilesets/SubTiles/Outside_2075.asset
  artifactKey: Guid(ee5f32511408ad04e9e59289f8cfaf9e) Importer(2089858483,b0f066a214c2f5e87bad3c948f4d605d)
Start importing Assets/Graphisms/Tilesets/SubTiles/Outside_2075.asset using Guid(ee5f32511408ad04e9e59289f8cfaf9e) Importer(2089858483,b0f066a214c2f5e87bad3c948f4d605d) (ScriptedImporter) -> (artifact id: '6150cf93cb687831a1457ea9e7d05368') in 0.0138666 seconds
Number of updated asset objects reloaded before import = 0Number of asset objects unloaded after import = 2

========================================================================
Received Import Request.
  Time since last request: 0.000036 seconds.
  path: Assets/Graphisms/Tilesets/SubTiles/Outside_263.asset
  artifactKey: Guid(bb6ae46ba62d88d43ad3d3bed71e4da3) Importer(2089858483,b0f066a214c2f5e87bad3c948f4d605d)
Start importing Assets/Graphisms/Tilesets/SubTiles/Outside_263.asset using Guid(bb6ae46ba62d88d43ad3d3bed71e4da3) Importer(2089858483,b0f066a214c2f5e87bad3c948f4d605d) (ScriptedImporter) -> (artifact id: '2d0d9803ef192fb71a5ec5b729c36e27') in 0.0133786 seconds
Number of updated asset objects reloaded before import = 0Number of asset objects unloaded after import = 2

========================================================================
Received Import Request.
  Time since last request: 0.000026 seconds.
  path: Assets/Graphisms/Tilesets/SubTiles/Outside_1965.asset
  artifactKey: Guid(b1026de6a5f57e940837e240c983f0de) Importer(2089858483,b0f066a214c2f5e87bad3c948f4d605d)
Start importing Assets/Graphisms/Tilesets/SubTiles/Outside_1965.asset using Guid(b1026de6a5f57e940837e240c983f0de) Importer(2089858483,b0f066a214c2f5e87bad3c948f4d605d) (ScriptedImporter) -> (artifact id: 'ce816c6476f521d7ef4d1baeef34b775') in 0.0131865 seconds
Number of updated asset objects reloaded before import = 0Number of asset objects unloaded after import = 2

========================================================================
Received Import Request.
  Time since last request: 0.000032 seconds.
  path: Assets/Graphisms/Tilesets/SubTiles/Outside_2632.asset
  artifactKey: Guid(94718b34cd17a5e4a95c16061aa216cf) Importer(2089858483,b0f066a214c2f5e87bad3c948f4d605d)
Start importing Assets/Graphisms/Tilesets/SubTiles/Outside_2632.asset using Guid(94718b34cd17a5e4a95c16061aa216cf) Importer(2089858483,b0f066a214c2f5e87bad3c948f4d605d) (ScriptedImporter) -> (artifact id: '4606e1c4b974c2ea9b8e5ca658210c5a') in 0.011684 seconds
Number of updated asset objects reloaded before import = 0Number of asset objects unloaded after import = 2

========================================================================
Received Import Request.
  Time since last request: 0.000026 seconds.
  path: Assets/Graphisms/Tilesets/SubTiles/Outside_1778.asset
  artifactKey: Guid(97eec6ca894841e45b475b836140e8d1) Importer(2089858483,b0f066a214c2f5e87bad3c948f4d605d)
Start importing Assets/Graphisms/Tilesets/SubTiles/Outside_1778.asset using Guid(97eec6ca894841e45b475b836140e8d1) Importer(2089858483,b0f066a214c2f5e87bad3c948f4d605d) (ScriptedImporter) -> (artifact id: '87f6cd7a263cd2bbb799b3d9389bffdc') in 0.0101711 seconds
Number of updated asset objects reloaded before import = 0Number of asset objects unloaded after import = 2

========================================================================
Received Import Request.
  Time since last request: 0.000019 seconds.
  path: Assets/Graphisms/Tilesets/SubTiles/Outside_2327.asset
  artifactKey: Guid(c8a3a2672b0f1374287a5f01f04e3dcf) Importer(2089858483,b0f066a214c2f5e87bad3c948f4d605d)
Start importing Assets/Graphisms/Tilesets/SubTiles/Outside_2327.asset using Guid(c8a3a2672b0f1374287a5f01f04e3dcf) Importer(2089858483,b0f066a214c2f5e87bad3c948f4d605d) (ScriptedImporter) -> (artifact id: '093d423bea5e0fccb7fd3a65760f6348') in 0.0098798 seconds
Number of updated asset objects reloaded before import = 0Number of asset objects unloaded after import = 2

========================================================================
Received Import Request.
  Time since last request: 0.000019 seconds.
  path: Assets/Graphisms/Tilesets/SubTiles/Outside_632.asset
  artifactKey: Guid(9682197c8a27b8346b70c71eccd86b4a) Importer(2089858483,b0f066a214c2f5e87bad3c948f4d605d)
Start importing Assets/Graphisms/Tilesets/SubTiles/Outside_632.asset using Guid(9682197c8a27b8346b70c71eccd86b4a) Importer(2089858483,b0f066a214c2f5e87bad3c948f4d605d) (ScriptedImporter) -> (artifact id: '20ca36cea2a2b0207b5b8635c51522f5') in 0.0113876 seconds
Number of updated asset objects reloaded before import = 0Number of asset objects unloaded after import = 2

========================================================================
Received Import Request.
  Time since last request: 0.000017 seconds.
  path: Assets/Graphisms/Tilesets/SubTiles/Outside_652.asset
  artifactKey: Guid(029763b7f06847b48a86e45d8fed9365) Importer(2089858483,b0f066a214c2f5e87bad3c948f4d605d)
Start importing Assets/Graphisms/Tilesets/SubTiles/Outside_652.asset using Guid(029763b7f06847b48a86e45d8fed9365) Importer(2089858483,b0f066a214c2f5e87bad3c948f4d605d) (ScriptedImporter) -> (artifact id: 'be7a3053327be7eacb50ceb8db9b6f33') in 0.0123034 seconds
Number of updated asset objects reloaded before import = 0Number of asset objects unloaded after import = 2

========================================================================
Received Import Request.
  Time since last request: 0.000023 seconds.
  path: Assets/Graphisms/Tilesets/SubTiles/Outside_3294.asset
  artifactKey: Guid(70dff5d103b8e2d4c92627d19644362d) Importer(2089858483,b0f066a214c2f5e87bad3c948f4d605d)
Start importing Assets/Graphisms/Tilesets/SubTiles/Outside_3294.asset using Guid(70dff5d103b8e2d4c92627d19644362d) Importer(2089858483,b0f066a214c2f5e87bad3c948f4d605d) (ScriptedImporter) -> (artifact id: '85810f8b3be6bcced78944562831a07b') in 0.0106551 seconds
Number of updated asset objects reloaded before import = 0Number of asset objects unloaded after import = 2

========================================================================
Received Import Request.
  Time since last request: 0.000030 seconds.
  path: Assets/Graphisms/Tilesets/SubTiles/Outside_3080.asset
  artifactKey: Guid(3fce3fb2a1b2d64479d19566f896a310) Importer(2089858483,b0f066a214c2f5e87bad3c948f4d605d)
Start importing Assets/Graphisms/Tilesets/SubTiles/Outside_3080.asset using Guid(3fce3fb2a1b2d64479d19566f896a310) Importer(2089858483,b0f066a214c2f5e87bad3c948f4d605d) (ScriptedImporter) -> (artifact id: 'bc312efef2fd7ef14aa03435a7524b78') in 0.0106622 seconds
Number of updated asset objects reloaded before import = 0Number of asset objects unloaded after import = 2

========================================================================
Received Import Request.
  Time since last request: 0.000020 seconds.
  path: Assets/Graphisms/Tilesets/SubTiles/Outside_1444.asset
  artifactKey: Guid(d45db50600e3e414e95e8897bc4868e7) Importer(2089858483,b0f066a214c2f5e87bad3c948f4d605d)
Start importing Assets/Graphisms/Tilesets/SubTiles/Outside_1444.asset using Guid(d45db50600e3e414e95e8897bc4868e7) Importer(2089858483,b0f066a214c2f5e87bad3c948f4d605d) (ScriptedImporter) -> (artifact id: '0b697e6bb366670146fa46111350565f') in 0.0116402 seconds
Number of updated asset objects reloaded before import = 0Number of asset objects unloaded after import = 2

========================================================================
Received Import Request.
  Time since last request: 0.000045 seconds.
  path: Assets/Graphisms/Tilesets/SubTiles/Outside_549.asset
  artifactKey: Guid(6fb83f65648cad343bca5458e31159c2) Importer(2089858483,b0f066a214c2f5e87bad3c948f4d605d)
Start importing Assets/Graphisms/Tilesets/SubTiles/Outside_549.asset using Guid(6fb83f65648cad343bca5458e31159c2) Importer(2089858483,b0f066a214c2f5e87bad3c948f4d605d) (ScriptedImporter) -> (artifact id: '63be12be331a2c6ed3eddb928eaf3979') in 0.0305297 seconds
Number of updated asset objects reloaded before import = 0Number of asset objects unloaded after import = 2

========================================================================
Received Import Request.
  Time since last request: 0.000032 seconds.
  path: Assets/Graphisms/Tilesets/SubTiles/Outside_71.asset
  artifactKey: Guid(28fd99a9a5f2d5b48bffe8c1771aee77) Importer(2089858483,b0f066a214c2f5e87bad3c948f4d605d)
Start importing Assets/Graphisms/Tilesets/SubTiles/Outside_71.asset using Guid(28fd99a9a5f2d5b48bffe8c1771aee77) Importer(2089858483,b0f066a214c2f5e87bad3c948f4d605d) (ScriptedImporter) -> (artifact id: '5366c8b37bce227ad346a7e528097461') in 0.0092651 seconds
Number of updated asset objects reloaded before import = 0Number of asset objects unloaded after import = 2

========================================================================
Received Import Request.
  Time since last request: 0.000035 seconds.
  path: Assets/Graphisms/Tilesets/SubTiles/Outside_3351.asset
  artifactKey: Guid(89aa6125510a96b4fb76af14554c1060) Importer(2089858483,b0f066a214c2f5e87bad3c948f4d605d)
Start importing Assets/Graphisms/Tilesets/SubTiles/Outside_3351.asset using Guid(89aa6125510a96b4fb76af14554c1060) Importer(2089858483,b0f066a214c2f5e87bad3c948f4d605d) (ScriptedImporter) -> (artifact id: '6df1fd726f4e361509bb85a8f25ac09f') in 0.0381498 seconds
Number of updated asset objects reloaded before import = 0Number of asset objects unloaded after import = 2

========================================================================
Received Import Request.
  Time since last request: 0.000022 seconds.
  path: Assets/Graphisms/Tilesets/SubTiles/Outside_953.asset
  artifactKey: Guid(46b77c8b9d058b044a2533c1b83120e6) Importer(2089858483,b0f066a214c2f5e87bad3c948f4d605d)
Start importing Assets/Graphisms/Tilesets/SubTiles/Outside_953.asset using Guid(46b77c8b9d058b044a2533c1b83120e6) Importer(2089858483,b0f066a214c2f5e87bad3c948f4d605d) (ScriptedImporter) -> (artifact id: '000f09fa730d07ffdeb380b02a48434e') in 0.0130515 seconds
Number of updated asset objects reloaded before import = 0Number of asset objects unloaded after import = 2

========================================================================
Received Import Request.
  Time since last request: 0.000034 seconds.
  path: Assets/Graphisms/Tilesets/SubTiles/Outside_3669.asset
  artifactKey: Guid(052f6d00a97e3714ebfa83dca1014233) Importer(2089858483,b0f066a214c2f5e87bad3c948f4d605d)
Start importing Assets/Graphisms/Tilesets/SubTiles/Outside_3669.asset using Guid(052f6d00a97e3714ebfa83dca1014233) Importer(2089858483,b0f066a214c2f5e87bad3c948f4d605d) (ScriptedImporter) -> (artifact id: '5593d17ca48d9299449376365b73838a') in 0.0349521 seconds
Number of updated asset objects reloaded before import = 0Number of asset objects unloaded after import = 2

========================================================================
Received Import Request.
  Time since last request: 0.000026 seconds.
  path: Assets/Graphisms/Tilesets/SubTiles/Outside_1191.asset
  artifactKey: Guid(8e612a578adfbea47a76232185c756c9) Importer(2089858483,b0f066a214c2f5e87bad3c948f4d605d)
Start importing Assets/Graphisms/Tilesets/SubTiles/Outside_1191.asset using Guid(8e612a578adfbea47a76232185c756c9) Importer(2089858483,b0f066a214c2f5e87bad3c948f4d605d) (ScriptedImporter) -> (artifact id: '17ecad450d6e81725bc28cb9cb330224') in 0.0134067 seconds
Number of updated asset objects reloaded before import = 0Number of asset objects unloaded after import = 2

========================================================================
Received Import Request.
  Time since last request: 0.000032 seconds.
  path: Assets/Graphisms/Tilesets/SubTiles/Outside_3440.asset
  artifactKey: Guid(3c6f890d637aacd4a9ab4c7bda645e3e) Importer(2089858483,b0f066a214c2f5e87bad3c948f4d605d)
Start importing Assets/Graphisms/Tilesets/SubTiles/Outside_3440.asset using Guid(3c6f890d637aacd4a9ab4c7bda645e3e) Importer(2089858483,b0f066a214c2f5e87bad3c948f4d605d) (ScriptedImporter) -> (artifact id: '80207c9f42203463b21c005add1ce27d') in 0.0096449 seconds
Number of updated asset objects reloaded before import = 0Number of asset objects unloaded after import = 2

========================================================================
Received Import Request.
  Time since last request: 0.000036 seconds.
  path: Assets/Graphisms/Tilesets/SubTiles/Outside_1218.asset
  artifactKey: Guid(4671b8e585fea834fbcf6101cc39fdf2) Importer(2089858483,b0f066a214c2f5e87bad3c948f4d605d)
Start importing Assets/Graphisms/Tilesets/SubTiles/Outside_1218.asset using Guid(4671b8e585fea834fbcf6101cc39fdf2) Importer(2089858483,b0f066a214c2f5e87bad3c948f4d605d) (ScriptedImporter) -> (artifact id: '7e02b164b5931bed6da7f42df521a801') in 0.0098063 seconds
Number of updated asset objects reloaded before import = 0Number of asset objects unloaded after import = 2

========================================================================
Received Import Request.
  Time since last request: 0.000020 seconds.
  path: Assets/Graphisms/Tilesets/SubTiles/Outside_3528.asset
  artifactKey: Guid(d0e1b745f3e3f574aad973833a175d10) Importer(2089858483,b0f066a214c2f5e87bad3c948f4d605d)
Start importing Assets/Graphisms/Tilesets/SubTiles/Outside_3528.asset using Guid(d0e1b745f3e3f574aad973833a175d10) Importer(2089858483,b0f066a214c2f5e87bad3c948f4d605d) (ScriptedImporter) -> (artifact id: '30d1ba376c7cac3afd171dd0378815b8') in 0.0124501 seconds
Number of updated asset objects reloaded before import = 0Number of asset objects unloaded after import = 2

========================================================================
Received Import Request.
  Time since last request: 0.000024 seconds.
  path: Assets/Graphisms/Tilesets/SubTiles/Outside_3175.asset
  artifactKey: Guid(484da57e0b5c9534dba862db79a7326e) Importer(2089858483,b0f066a214c2f5e87bad3c948f4d605d)
Start importing Assets/Graphisms/Tilesets/SubTiles/Outside_3175.asset using Guid(484da57e0b5c9534dba862db79a7326e) Importer(2089858483,b0f066a214c2f5e87bad3c948f4d605d) (ScriptedImporter) -> (artifact id: 'ea98b586d0ee17ef53f69a2b120cc42a') in 0.0103221 seconds
Number of updated asset objects reloaded before import = 0Number of asset objects unloaded after import = 2

========================================================================
Received Import Request.
  Time since last request: 0.000026 seconds.
  path: Assets/Graphisms/Tilesets/SubTiles/Outside_2302.asset
  artifactKey: Guid(c0b90f611e34f1546bd5b8b6c6619438) Importer(2089858483,b0f066a214c2f5e87bad3c948f4d605d)
Start importing Assets/Graphisms/Tilesets/SubTiles/Outside_2302.asset using Guid(c0b90f611e34f1546bd5b8b6c6619438) Importer(2089858483,b0f066a214c2f5e87bad3c948f4d605d) (ScriptedImporter) -> (artifact id: '769c9f4ab03bcab7f720f9db7d7a8927') in 0.0106841 seconds
Number of updated asset objects reloaded before import = 0Number of asset objects unloaded after import = 2

========================================================================
Received Import Request.
  Time since last request: 0.000057 seconds.
  path: Assets/Graphisms/Tilesets/SubTiles/Outside_2272.asset
  artifactKey: Guid(5ecd544034788c74fbdb6e3f3ad9d136) Importer(2089858483,b0f066a214c2f5e87bad3c948f4d605d)
Start importing Assets/Graphisms/Tilesets/SubTiles/Outside_2272.asset using Guid(5ecd544034788c74fbdb6e3f3ad9d136) Importer(2089858483,b0f066a214c2f5e87bad3c948f4d605d) (ScriptedImporter) -> (artifact id: '29e67f5b56da1c1eb047ae0a5168628d') in 0.0111018 seconds
Number of updated asset objects reloaded before import = 0Number of asset objects unloaded after import = 2

========================================================================
Received Import Request.
  Time since last request: 0.000021 seconds.
  path: Assets/Graphisms/Tilesets/SubTiles/Outside_1298.asset
  artifactKey: Guid(1118dcaeff798e74788d28972d44edd2) Importer(2089858483,b0f066a214c2f5e87bad3c948f4d605d)
Start importing Assets/Graphisms/Tilesets/SubTiles/Outside_1298.asset using Guid(1118dcaeff798e74788d28972d44edd2) Importer(2089858483,b0f066a214c2f5e87bad3c948f4d605d) (ScriptedImporter) -> (artifact id: 'e3b85e68c9cc70eae1b7e2d84a9c3473') in 0.0107194 seconds
Number of updated asset objects reloaded before import = 0Number of asset objects unloaded after import = 2

========================================================================
Received Import Request.
  Time since last request: 0.000031 seconds.
  path: Assets/Graphisms/Tilesets/SubTiles/Outside_89.asset
  artifactKey: Guid(58a64ecadd832f747b8035562c531f82) Importer(2089858483,b0f066a214c2f5e87bad3c948f4d605d)
Start importing Assets/Graphisms/Tilesets/SubTiles/Outside_89.asset using Guid(58a64ecadd832f747b8035562c531f82) Importer(2089858483,b0f066a214c2f5e87bad3c948f4d605d) (ScriptedImporter) -> (artifact id: '96addb8d779100cba92c366ac46150bd') in 0.0123277 seconds
Number of updated asset objects reloaded before import = 0Number of asset objects unloaded after import = 2

========================================================================
Received Import Request.
  Time since last request: 0.000027 seconds.
  path: Assets/Graphisms/Tilesets/SubTiles/Outside_2883.asset
  artifactKey: Guid(c9a0cfd8f2017714c9d23eb58efff5b5) Importer(2089858483,b0f066a214c2f5e87bad3c948f4d605d)
Start importing Assets/Graphisms/Tilesets/SubTiles/Outside_2883.asset using Guid(c9a0cfd8f2017714c9d23eb58efff5b5) Importer(2089858483,b0f066a214c2f5e87bad3c948f4d605d) (ScriptedImporter) -> (artifact id: '69d69827e9e441c1d3661ef70f78a3c4') in 0.0108222 seconds
Number of updated asset objects reloaded before import = 0Number of asset objects unloaded after import = 2

========================================================================
Received Import Request.
  Time since last request: 0.000030 seconds.
  path: Assets/Graphisms/Tilesets/SubTiles/Outside_3103.asset
  artifactKey: Guid(8be54cd7d0a4f1f4a806f509bdbbc09a) Importer(2089858483,b0f066a214c2f5e87bad3c948f4d605d)
Start importing Assets/Graphisms/Tilesets/SubTiles/Outside_3103.asset using Guid(8be54cd7d0a4f1f4a806f509bdbbc09a) Importer(2089858483,b0f066a214c2f5e87bad3c948f4d605d) (ScriptedImporter) -> (artifact id: 'df682a64b10142482f6b059ba47d95a0') in 0.0101178 seconds
Number of updated asset objects reloaded before import = 0Number of asset objects unloaded after import = 2

========================================================================
Received Import Request.
  Time since last request: 0.000035 seconds.
  path: Assets/Graphisms/Tilesets/SubTiles/Outside_1065.asset
  artifactKey: Guid(394f680831b2c5143b585da91ec0095a) Importer(2089858483,b0f066a214c2f5e87bad3c948f4d605d)
Start importing Assets/Graphisms/Tilesets/SubTiles/Outside_1065.asset using Guid(394f680831b2c5143b585da91ec0095a) Importer(2089858483,b0f066a214c2f5e87bad3c948f4d605d) (ScriptedImporter) -> (artifact id: '98dfaaa377108e9df788e5c287e4233b') in 0.011188 seconds
Number of updated asset objects reloaded before import = 0Number of asset objects unloaded after import = 2

========================================================================
Received Import Request.
  Time since last request: 0.000038 seconds.
  path: Assets/Graphisms/Tilesets/SubTiles/Outside_3472.asset
  artifactKey: Guid(4c921297d38b97e4ab91f24b516e6db7) Importer(2089858483,b0f066a214c2f5e87bad3c948f4d605d)
Start importing Assets/Graphisms/Tilesets/SubTiles/Outside_3472.asset using Guid(4c921297d38b97e4ab91f24b516e6db7) Importer(2089858483,b0f066a214c2f5e87bad3c948f4d605d) (ScriptedImporter) -> (artifact id: 'e7a94a8fbdb268c9303efb46b0cac2f9') in 0.0140133 seconds
Number of updated asset objects reloaded before import = 0Number of asset objects unloaded after import = 2

========================================================================
Received Import Request.
  Time since last request: 0.000023 seconds.
  path: Assets/Graphisms/Tilesets/SubTiles/Outside_1063.asset
  artifactKey: Guid(0d1da433d6c1ef14d82de27b3b106e95) Importer(2089858483,b0f066a214c2f5e87bad3c948f4d605d)
Start importing Assets/Graphisms/Tilesets/SubTiles/Outside_1063.asset using Guid(0d1da433d6c1ef14d82de27b3b106e95) Importer(2089858483,b0f066a214c2f5e87bad3c948f4d605d) (ScriptedImporter) -> (artifact id: '46cfbf3c272826e6e24ee551e4aab9fb') in 0.010109 seconds
Number of updated asset objects reloaded before import = 0Number of asset objects unloaded after import = 2

========================================================================
Received Import Request.
  Time since last request: 0.000022 seconds.
  path: Assets/Graphisms/Tilesets/SubTiles/Outside_3071.asset
  artifactKey: Guid(53367b961de600644b1962d53dc0fada) Importer(2089858483,b0f066a214c2f5e87bad3c948f4d605d)
Start importing Assets/Graphisms/Tilesets/SubTiles/Outside_3071.asset using Guid(53367b961de600644b1962d53dc0fada) Importer(2089858483,b0f066a214c2f5e87bad3c948f4d605d) (ScriptedImporter) -> (artifact id: 'ecf22641f3434f7f5915c8c8f6b75a32') in 0.0104335 seconds
Number of updated asset objects reloaded before import = 0Number of asset objects unloaded after import = 2

========================================================================
Received Import Request.
  Time since last request: 0.000027 seconds.
  path: Assets/Graphisms/Tilesets/SubTiles/Outside_520.asset
  artifactKey: Guid(6b3ed45a6aecd1b4aa85bb9d20d5500b) Importer(2089858483,b0f066a214c2f5e87bad3c948f4d605d)
Start importing Assets/Graphisms/Tilesets/SubTiles/Outside_520.asset using Guid(6b3ed45a6aecd1b4aa85bb9d20d5500b) Importer(2089858483,b0f066a214c2f5e87bad3c948f4d605d) (ScriptedImporter) -> (artifact id: '921c6ea254f64458ceb7a6d3f0771b84') in 0.0108659 seconds
Number of updated asset objects reloaded before import = 0Number of asset objects unloaded after import = 2

========================================================================
Received Import Request.
  Time since last request: 0.000047 seconds.
  path: Assets/Graphisms/Tilesets/SubTiles/Outside_805.asset
  artifactKey: Guid(eb60179ca6ca4364186374a67102d75b) Importer(2089858483,b0f066a214c2f5e87bad3c948f4d605d)
Start importing Assets/Graphisms/Tilesets/SubTiles/Outside_805.asset using Guid(eb60179ca6ca4364186374a67102d75b) Importer(2089858483,b0f066a214c2f5e87bad3c948f4d605d) (ScriptedImporter) -> (artifact id: 'e2775af6413ebbb8e9a087c929527da4') in 0.0102476 seconds
Number of updated asset objects reloaded before import = 0Number of asset objects unloaded after import = 2

========================================================================
Received Import Request.
  Time since last request: 0.000022 seconds.
  path: Assets/Graphisms/Tilesets/SubTiles/Outside_286.asset
  artifactKey: Guid(e3ee29526a474c14188322c01f5641c5) Importer(2089858483,b0f066a214c2f5e87bad3c948f4d605d)
Start importing Assets/Graphisms/Tilesets/SubTiles/Outside_286.asset using Guid(e3ee29526a474c14188322c01f5641c5) Importer(2089858483,b0f066a214c2f5e87bad3c948f4d605d) (ScriptedImporter) -> (artifact id: '62860dbca9218b4bdddaea9010aabab5') in 0.0106771 seconds
Number of updated asset objects reloaded before import = 0Number of asset objects unloaded after import = 2

========================================================================
Received Import Request.
  Time since last request: 0.000016 seconds.
  path: Assets/Graphisms/Tilesets/SubTiles/Outside_442.asset
  artifactKey: Guid(4699a2fdb8e3a5b41b2b64d2c3a62e26) Importer(2089858483,b0f066a214c2f5e87bad3c948f4d605d)
Start importing Assets/Graphisms/Tilesets/SubTiles/Outside_442.asset using Guid(4699a2fdb8e3a5b41b2b64d2c3a62e26) Importer(2089858483,b0f066a214c2f5e87bad3c948f4d605d) (ScriptedImporter) -> (artifact id: 'b37d7f170026e0be3f4cb961087d9751') in 0.010929 seconds
Number of updated asset objects reloaded before import = 0Number of asset objects unloaded after import = 2

========================================================================
Received Import Request.
  Time since last request: 0.000025 seconds.
  path: Assets/Graphisms/Tilesets/SubTiles/Outside_1813.asset
  artifactKey: Guid(a576c64383e72fc4e81a4a1b1e8601b8) Importer(2089858483,b0f066a214c2f5e87bad3c948f4d605d)
Start importing Assets/Graphisms/Tilesets/SubTiles/Outside_1813.asset using Guid(a576c64383e72fc4e81a4a1b1e8601b8) Importer(2089858483,b0f066a214c2f5e87bad3c948f4d605d) (ScriptedImporter) -> (artifact id: '06a873787fcac8cc654371aaf8655415') in 0.0126321 seconds
Number of updated asset objects reloaded before import = 0Number of asset objects unloaded after import = 2

========================================================================
Received Import Request.
  Time since last request: 0.000023 seconds.
  path: Assets/Graphisms/Tilesets/SubTiles/Outside_3950.asset
  artifactKey: Guid(d661f3eca958e534e9cf723ed40c5d12) Importer(2089858483,b0f066a214c2f5e87bad3c948f4d605d)
Start importing Assets/Graphisms/Tilesets/SubTiles/Outside_3950.asset using Guid(d661f3eca958e534e9cf723ed40c5d12) Importer(2089858483,b0f066a214c2f5e87bad3c948f4d605d) (ScriptedImporter) -> (artifact id: '580b562a926058d59adf423fb0680a7b') in 0.0103484 seconds
Number of updated asset objects reloaded before import = 0Number of asset objects unloaded after import = 2

========================================================================
Received Import Request.
  Time since last request: 0.000030 seconds.
  path: Assets/Graphisms/Tilesets/SubTiles/Outside_1723.asset
  artifactKey: Guid(dbb0a63ce430b6b4db69a042325391bd) Importer(2089858483,b0f066a214c2f5e87bad3c948f4d605d)
Start importing Assets/Graphisms/Tilesets/SubTiles/Outside_1723.asset using Guid(dbb0a63ce430b6b4db69a042325391bd) Importer(2089858483,b0f066a214c2f5e87bad3c948f4d605d) (ScriptedImporter) -> (artifact id: 'ac5bd556d867b9d279bb70a404fb377a') in 0.011072 seconds
Number of updated asset objects reloaded before import = 0Number of asset objects unloaded after import = 2

========================================================================
Received Import Request.
  Time since last request: 0.000017 seconds.
  path: Assets/Graphisms/Tilesets/SubTiles/Outside_619.asset
  artifactKey: Guid(798f74cdf6485f542990c2fb2b4242c1) Importer(2089858483,b0f066a214c2f5e87bad3c948f4d605d)
Start importing Assets/Graphisms/Tilesets/SubTiles/Outside_619.asset using Guid(798f74cdf6485f542990c2fb2b4242c1) Importer(2089858483,b0f066a214c2f5e87bad3c948f4d605d) (ScriptedImporter) -> (artifact id: 'bd12006a57317eada9a5965940e4a913') in 0.012288 seconds
Number of updated asset objects reloaded before import = 0Number of asset objects unloaded after import = 2

========================================================================
Received Import Request.
  Time since last request: 0.000029 seconds.
  path: Assets/Graphisms/Tilesets/SubTiles/Outside_2187.asset
  artifactKey: Guid(a6c18a3b50e9d3a4a87cf8c481ea4dc0) Importer(2089858483,b0f066a214c2f5e87bad3c948f4d605d)
Start importing Assets/Graphisms/Tilesets/SubTiles/Outside_2187.asset using Guid(a6c18a3b50e9d3a4a87cf8c481ea4dc0) Importer(2089858483,b0f066a214c2f5e87bad3c948f4d605d) (ScriptedImporter) -> (artifact id: 'fd4a37ffcde0a9fb084ebd4fce4e0da5') in 0.0106191 seconds
Number of updated asset objects reloaded before import = 0Number of asset objects unloaded after import = 2

========================================================================
Received Import Request.
  Time since last request: 0.000028 seconds.
  path: Assets/Graphisms/Tilesets/SubTiles/Outside_3848.asset
  artifactKey: Guid(0826a2fa1348651478e15a4c5f30ca5b) Importer(2089858483,b0f066a214c2f5e87bad3c948f4d605d)
Start importing Assets/Graphisms/Tilesets/SubTiles/Outside_3848.asset using Guid(0826a2fa1348651478e15a4c5f30ca5b) Importer(2089858483,b0f066a214c2f5e87bad3c948f4d605d) (ScriptedImporter) -> (artifact id: 'ccdff246daaa297c1183b6b87d9fa3f9') in 0.0101822 seconds
Number of updated asset objects reloaded before import = 0Number of asset objects unloaded after import = 2

========================================================================
Received Import Request.
  Time since last request: 0.000041 seconds.
  path: Assets/Graphisms/Tilesets/SubTiles/Outside_139.asset
  artifactKey: Guid(e4c865b3c82aafa4a98b9093e34d2a19) Importer(2089858483,b0f066a214c2f5e87bad3c948f4d605d)
Start importing Assets/Graphisms/Tilesets/SubTiles/Outside_139.asset using Guid(e4c865b3c82aafa4a98b9093e34d2a19) Importer(2089858483,b0f066a214c2f5e87bad3c948f4d605d) (ScriptedImporter) -> (artifact id: 'f6448d6de0e19a9e749183d37989a12c') in 0.0097573 seconds
Number of updated asset objects reloaded before import = 0Number of asset objects unloaded after import = 2

========================================================================
Received Import Request.
  Time since last request: 0.000032 seconds.
  path: Assets/Graphisms/Tilesets/SubTiles/Outside_2535.asset
  artifactKey: Guid(e5da179d63f2d864ca14a63d82a9adab) Importer(2089858483,b0f066a214c2f5e87bad3c948f4d605d)
Start importing Assets/Graphisms/Tilesets/SubTiles/Outside_2535.asset using Guid(e5da179d63f2d864ca14a63d82a9adab) Importer(2089858483,b0f066a214c2f5e87bad3c948f4d605d) (ScriptedImporter) -> (artifact id: '192a15a0c6c871923b4eca0c085d34fc') in 0.0118401 seconds
Number of updated asset objects reloaded before import = 0Number of asset objects unloaded after import = 2

========================================================================
Received Import Request.
  Time since last request: 0.000017 seconds.
  path: Assets/Graphisms/Tilesets/SubTiles/Outside_2810.asset
  artifactKey: Guid(69ffa09f4b9576045941dd5c1fa0245d) Importer(2089858483,b0f066a214c2f5e87bad3c948f4d605d)
Start importing Assets/Graphisms/Tilesets/SubTiles/Outside_2810.asset using Guid(69ffa09f4b9576045941dd5c1fa0245d) Importer(2089858483,b0f066a214c2f5e87bad3c948f4d605d) (ScriptedImporter) -> (artifact id: 'b38137cc3de891d5b5752d3328a2c324') in 0.0141794 seconds
Number of updated asset objects reloaded before import = 0Number of asset objects unloaded after import = 2

========================================================================
Received Import Request.
  Time since last request: 0.000021 seconds.
  path: Assets/Graphisms/Tilesets/SubTiles/Outside_1126.asset
  artifactKey: Guid(3cc81d49d0ce5dd4183a341bf58f17ce) Importer(2089858483,b0f066a214c2f5e87bad3c948f4d605d)
Start importing Assets/Graphisms/Tilesets/SubTiles/Outside_1126.asset using Guid(3cc81d49d0ce5dd4183a341bf58f17ce) Importer(2089858483,b0f066a214c2f5e87bad3c948f4d605d) (ScriptedImporter) -> (artifact id: '36c21fc44910de7ccdee92247cf54c63') in 0.0106709 seconds
Number of updated asset objects reloaded before import = 0Number of asset objects unloaded after import = 2

========================================================================
Received Import Request.
  Time since last request: 0.000030 seconds.
  path: Assets/Graphisms/Tilesets/SubTiles/Outside_3318.asset
  artifactKey: Guid(754cfcdc5ce8ced44817821f0fae28b5) Importer(2089858483,b0f066a214c2f5e87bad3c948f4d605d)
Start importing Assets/Graphisms/Tilesets/SubTiles/Outside_3318.asset using Guid(754cfcdc5ce8ced44817821f0fae28b5) Importer(2089858483,b0f066a214c2f5e87bad3c948f4d605d) (ScriptedImporter) -> (artifact id: '6ff70b676726acb3c8f197cfa54a6cb0') in 0.0104364 seconds
Number of updated asset objects reloaded before import = 0Number of asset objects unloaded after import = 2

========================================================================
Received Import Request.
  Time since last request: 0.000056 seconds.
  path: Assets/Graphisms/Tilesets/SubTiles/Outside_2237.asset
  artifactKey: Guid(6e4f0fbf2e59f9140a1b3817b12f3039) Importer(2089858483,b0f066a214c2f5e87bad3c948f4d605d)
Start importing Assets/Graphisms/Tilesets/SubTiles/Outside_2237.asset using Guid(6e4f0fbf2e59f9140a1b3817b12f3039) Importer(2089858483,b0f066a214c2f5e87bad3c948f4d605d) (ScriptedImporter) -> (artifact id: 'f00addfd3ffc668b253dfcc37bf67076') in 0.0185182 seconds
Number of updated asset objects reloaded before import = 0Number of asset objects unloaded after import = 2

========================================================================
Received Import Request.
  Time since last request: 0.000020 seconds.
  path: Assets/Graphisms/Tilesets/SubTiles/Outside_816.asset
  artifactKey: Guid(97695d0109503294e8b3b758511820af) Importer(2089858483,b0f066a214c2f5e87bad3c948f4d605d)
Start importing Assets/Graphisms/Tilesets/SubTiles/Outside_816.asset using Guid(97695d0109503294e8b3b758511820af) Importer(2089858483,b0f066a214c2f5e87bad3c948f4d605d) (ScriptedImporter) -> (artifact id: '70cb61b1aa5af87af1f52917379ec6dc') in 0.0126991 seconds
Number of updated asset objects reloaded before import = 0Number of asset objects unloaded after import = 2

========================================================================
Received Import Request.
  Time since last request: 0.000022 seconds.
  path: Assets/Graphisms/Tilesets/SubTiles/Outside_1859.asset
  artifactKey: Guid(41cc3545661cb214fb639d23c010f250) Importer(2089858483,b0f066a214c2f5e87bad3c948f4d605d)
Start importing Assets/Graphisms/Tilesets/SubTiles/Outside_1859.asset using Guid(41cc3545661cb214fb639d23c010f250) Importer(2089858483,b0f066a214c2f5e87bad3c948f4d605d) (ScriptedImporter) -> (artifact id: '24def1f3b78e004020230c8f05c59a22') in 0.0107275 seconds
Number of updated asset objects reloaded before import = 0Number of asset objects unloaded after import = 2

========================================================================
Received Import Request.
  Time since last request: 0.000026 seconds.
  path: Assets/Graphisms/Tilesets/SubTiles/Outside_2871.asset
  artifactKey: Guid(72c4f7ab561767a4da8a2d913fa97293) Importer(2089858483,b0f066a214c2f5e87bad3c948f4d605d)
Start importing Assets/Graphisms/Tilesets/SubTiles/Outside_2871.asset using Guid(72c4f7ab561767a4da8a2d913fa97293) Importer(2089858483,b0f066a214c2f5e87bad3c948f4d605d) (ScriptedImporter) -> (artifact id: 'e4e68232dffdb0a2e071548b6755f748') in 0.0117953 seconds
Number of updated asset objects reloaded before import = 0Number of asset objects unloaded after import = 2

========================================================================
Received Import Request.
  Time since last request: 0.000041 seconds.
  path: Assets/Graphisms/Tilesets/SubTiles/Outside_3361.asset
  artifactKey: Guid(78696834b5be07d49b70a7838aa47fdd) Importer(2089858483,b0f066a214c2f5e87bad3c948f4d605d)
Start importing Assets/Graphisms/Tilesets/SubTiles/Outside_3361.asset using Guid(78696834b5be07d49b70a7838aa47fdd) Importer(2089858483,b0f066a214c2f5e87bad3c948f4d605d) (ScriptedImporter) -> (artifact id: '195d30a1b8ba74d22ac62966d0f44013') in 0.0098778 seconds
Number of updated asset objects reloaded before import = 0Number of asset objects unloaded after import = 2

========================================================================
Received Import Request.
  Time since last request: 0.000022 seconds.
  path: Assets/Graphisms/Tilesets/SubTiles/Outside_2396.asset
  artifactKey: Guid(bdc9e37a86858d5428115baca561da7a) Importer(2089858483,b0f066a214c2f5e87bad3c948f4d605d)
Start importing Assets/Graphisms/Tilesets/SubTiles/Outside_2396.asset using Guid(bdc9e37a86858d5428115baca561da7a) Importer(2089858483,b0f066a214c2f5e87bad3c948f4d605d) (ScriptedImporter) -> (artifact id: '1879b8592f5d7970d8faf61899fc4e82') in 0.0111758 seconds
Number of updated asset objects reloaded before import = 0Number of asset objects unloaded after import = 2

========================================================================
Received Import Request.
  Time since last request: 0.000020 seconds.
  path: Assets/Graphisms/Tilesets/SubTiles/Outside_2874.asset
  artifactKey: Guid(c16b104f86ef19346a6e8690e8604e90) Importer(2089858483,b0f066a214c2f5e87bad3c948f4d605d)
Start importing Assets/Graphisms/Tilesets/SubTiles/Outside_2874.asset using Guid(c16b104f86ef19346a6e8690e8604e90) Importer(2089858483,b0f066a214c2f5e87bad3c948f4d605d) (ScriptedImporter) -> (artifact id: '4eca0619a4a15ab376d542fe5139871d') in 0.0102285 seconds
Number of updated asset objects reloaded before import = 0Number of asset objects unloaded after import = 2

========================================================================
Received Import Request.
  Time since last request: 0.000026 seconds.
  path: Assets/Graphisms/Tilesets/SubTiles/Outside_693.asset
  artifactKey: Guid(c3ce15d7b1088104d89e33401d7b952d) Importer(2089858483,b0f066a214c2f5e87bad3c948f4d605d)
Start importing Assets/Graphisms/Tilesets/SubTiles/Outside_693.asset using Guid(c3ce15d7b1088104d89e33401d7b952d) Importer(2089858483,b0f066a214c2f5e87bad3c948f4d605d) (ScriptedImporter) -> (artifact id: '76b1694faf3b1513e46cf2982108c640') in 0.0372038 seconds
Number of updated asset objects reloaded before import = 0Number of asset objects unloaded after import = 2

========================================================================
Received Import Request.
  Time since last request: 0.000024 seconds.
  path: Assets/Graphisms/Tilesets/SubTiles/Outside_1902.asset
  artifactKey: Guid(0f138bbe4608ffd409e3a8de8d41dbac) Importer(2089858483,b0f066a214c2f5e87bad3c948f4d605d)
Start importing Assets/Graphisms/Tilesets/SubTiles/Outside_1902.asset using Guid(0f138bbe4608ffd409e3a8de8d41dbac) Importer(2089858483,b0f066a214c2f5e87bad3c948f4d605d) (ScriptedImporter) -> (artifact id: 'fb29fda9e042a5bc2bf2531b095edfe8') in 0.0122322 seconds
Number of updated asset objects reloaded before import = 0Number of asset objects unloaded after import = 2

========================================================================
Received Import Request.
  Time since last request: 0.000053 seconds.
  path: Assets/Graphisms/Tilesets/SubTiles/Outside_2303.asset
  artifactKey: Guid(443d9b107ab8fdb44b4793c300339447) Importer(2089858483,b0f066a214c2f5e87bad3c948f4d605d)
Start importing Assets/Graphisms/Tilesets/SubTiles/Outside_2303.asset using Guid(443d9b107ab8fdb44b4793c300339447) Importer(2089858483,b0f066a214c2f5e87bad3c948f4d605d) (ScriptedImporter) -> (artifact id: '26c6e7126462410a11fee10ffa903e36') in 0.0114191 seconds
Number of updated asset objects reloaded before import = 0Number of asset objects unloaded after import = 2

========================================================================
Received Import Request.
  Time since last request: 0.000024 seconds.
  path: Assets/Graphisms/Tilesets/SubTiles/Outside_2061.asset
  artifactKey: Guid(659e869fb85bb214887c19d914a56c8b) Importer(2089858483,b0f066a214c2f5e87bad3c948f4d605d)
Start importing Assets/Graphisms/Tilesets/SubTiles/Outside_2061.asset using Guid(659e869fb85bb214887c19d914a56c8b) Importer(2089858483,b0f066a214c2f5e87bad3c948f4d605d) (ScriptedImporter) -> (artifact id: '6bd17d6e3df81ed1d1e4e04f278d6429') in 0.0118493 seconds
Number of updated asset objects reloaded before import = 0Number of asset objects unloaded after import = 2

========================================================================
Received Import Request.
  Time since last request: 0.000025 seconds.
  path: Assets/Graphisms/Tilesets/SubTiles/Outside_1708.asset
  artifactKey: Guid(eac7eca38bc3d344bb2d69aa387ebdf4) Importer(2089858483,b0f066a214c2f5e87bad3c948f4d605d)
Start importing Assets/Graphisms/Tilesets/SubTiles/Outside_1708.asset using Guid(eac7eca38bc3d344bb2d69aa387ebdf4) Importer(2089858483,b0f066a214c2f5e87bad3c948f4d605d) (ScriptedImporter) -> (artifact id: '81e0ded3fcdafc10031f1110134cbe50') in 0.0127005 seconds
Number of updated asset objects reloaded before import = 0Number of asset objects unloaded after import = 2

========================================================================
Received Import Request.
  Time since last request: 0.000022 seconds.
  path: Assets/Graphisms/Tilesets/SubTiles/Outside_730.asset
  artifactKey: Guid(ebda071a44a492242b00d8dac9a0c850) Importer(2089858483,b0f066a214c2f5e87bad3c948f4d605d)
Start importing Assets/Graphisms/Tilesets/SubTiles/Outside_730.asset using Guid(ebda071a44a492242b00d8dac9a0c850) Importer(2089858483,b0f066a214c2f5e87bad3c948f4d605d) (ScriptedImporter) -> (artifact id: '3eead16ef9588ba3c158b0788430f0eb') in 0.0120912 seconds
Number of updated asset objects reloaded before import = 0Number of asset objects unloaded after import = 2

========================================================================
Received Import Request.
  Time since last request: 0.000032 seconds.
  path: Assets/Graphisms/Tilesets/SubTiles/Outside_3892.asset
  artifactKey: Guid(2ff44638ed32e5846bc7abb439c12691) Importer(2089858483,b0f066a214c2f5e87bad3c948f4d605d)
Start importing Assets/Graphisms/Tilesets/SubTiles/Outside_3892.asset using Guid(2ff44638ed32e5846bc7abb439c12691) Importer(2089858483,b0f066a214c2f5e87bad3c948f4d605d) (ScriptedImporter) -> (artifact id: '419a703218cc15d2ea747a1bcd3fa83c') in 0.0122923 seconds
Number of updated asset objects reloaded before import = 0Number of asset objects unloaded after import = 2

========================================================================
Received Import Request.
  Time since last request: 0.000033 seconds.
  path: Assets/Graphisms/Tilesets/SubTiles/Outside_3727.asset
  artifactKey: Guid(68009a7a89923764c84f01961bc4139b) Importer(2089858483,b0f066a214c2f5e87bad3c948f4d605d)
Start importing Assets/Graphisms/Tilesets/SubTiles/Outside_3727.asset using Guid(68009a7a89923764c84f01961bc4139b) Importer(2089858483,b0f066a214c2f5e87bad3c948f4d605d) (ScriptedImporter) -> (artifact id: '40f37bf3d0dfd07911d1f453b0f63b92') in 0.0109934 seconds
Number of updated asset objects reloaded before import = 0Number of asset objects unloaded after import = 2

========================================================================
Received Import Request.
  Time since last request: 0.000022 seconds.
  path: Assets/Graphisms/Tilesets/SubTiles/Outside_2094.asset
  artifactKey: Guid(3e7e25c18d620b249b239c37ebbb4c2f) Importer(2089858483,b0f066a214c2f5e87bad3c948f4d605d)
Start importing Assets/Graphisms/Tilesets/SubTiles/Outside_2094.asset using Guid(3e7e25c18d620b249b239c37ebbb4c2f) Importer(2089858483,b0f066a214c2f5e87bad3c948f4d605d) (ScriptedImporter) -> (artifact id: 'ba52cada19ea2f423e802ad40a80f656') in 0.0122247 seconds
Number of updated asset objects reloaded before import = 0Number of asset objects unloaded after import = 2

========================================================================
Received Import Request.
  Time since last request: 0.000026 seconds.
  path: Assets/Graphisms/Tilesets/SubTiles/Outside_1720.asset
  artifactKey: Guid(1dc2b7d378a70a4429e8bac6dcd26458) Importer(2089858483,b0f066a214c2f5e87bad3c948f4d605d)
Start importing Assets/Graphisms/Tilesets/SubTiles/Outside_1720.asset using Guid(1dc2b7d378a70a4429e8bac6dcd26458) Importer(2089858483,b0f066a214c2f5e87bad3c948f4d605d) (ScriptedImporter) -> (artifact id: 'd5a68d75adb799e8377e55124596059d') in 0.009651 seconds
Number of updated asset objects reloaded before import = 0Number of asset objects unloaded after import = 2

========================================================================
Received Import Request.
  Time since last request: 0.000022 seconds.
  path: Assets/Graphisms/Tilesets/SubTiles/Outside_3909.asset
  artifactKey: Guid(473836934cb1ba7488c2b8c5d1c51bf2) Importer(2089858483,b0f066a214c2f5e87bad3c948f4d605d)
Start importing Assets/Graphisms/Tilesets/SubTiles/Outside_3909.asset using Guid(473836934cb1ba7488c2b8c5d1c51bf2) Importer(2089858483,b0f066a214c2f5e87bad3c948f4d605d) (ScriptedImporter) -> (artifact id: '94f10d1e40fb8240e2218c7f856d41f4') in 0.0097639 seconds
Number of updated asset objects reloaded before import = 0Number of asset objects unloaded after import = 2

========================================================================
Received Import Request.
  Time since last request: 0.000034 seconds.
  path: Assets/Graphisms/Tilesets/SubTiles/Outside_563.asset
  artifactKey: Guid(5eaf67aa5cb7cd54e861720719b1d203) Importer(2089858483,b0f066a214c2f5e87bad3c948f4d605d)
Start importing Assets/Graphisms/Tilesets/SubTiles/Outside_563.asset using Guid(5eaf67aa5cb7cd54e861720719b1d203) Importer(2089858483,b0f066a214c2f5e87bad3c948f4d605d) (ScriptedImporter) -> (artifact id: '5c82037dbf19755df1238f29c4ed4e4f') in 0.0231811 seconds
Number of updated asset objects reloaded before import = 0Number of asset objects unloaded after import = 2

========================================================================
Received Import Request.
  Time since last request: 0.000026 seconds.
  path: Assets/Graphisms/Tilesets/SubTiles/Outside_1486.asset
  artifactKey: Guid(c6b8053ac79e84746bd71b6303cb0f70) Importer(2089858483,b0f066a214c2f5e87bad3c948f4d605d)
Start importing Assets/Graphisms/Tilesets/SubTiles/Outside_1486.asset using Guid(c6b8053ac79e84746bd71b6303cb0f70) Importer(2089858483,b0f066a214c2f5e87bad3c948f4d605d) (ScriptedImporter) -> (artifact id: 'f52945ff7f07b849a54eb83f33011830') in 0.0105121 seconds
Number of updated asset objects reloaded before import = 0Number of asset objects unloaded after import = 2

========================================================================
Received Import Request.
  Time since last request: 0.000022 seconds.
  path: Assets/Graphisms/Tilesets/SubTiles/Outside_991.asset
  artifactKey: Guid(466779f2123da42438ef3b13567e61bd) Importer(2089858483,b0f066a214c2f5e87bad3c948f4d605d)
Start importing Assets/Graphisms/Tilesets/SubTiles/Outside_991.asset using Guid(466779f2123da42438ef3b13567e61bd) Importer(2089858483,b0f066a214c2f5e87bad3c948f4d605d) (ScriptedImporter) -> (artifact id: 'dd519327694bc225f6207c6b73721655') in 0.009825 seconds
Number of updated asset objects reloaded before import = 0Number of asset objects unloaded after import = 2

========================================================================
Received Import Request.
  Time since last request: 0.000023 seconds.
  path: Assets/Graphisms/Tilesets/SubTiles/Outside_3298.asset
  artifactKey: Guid(ca7679f3c7fa60045a8de7629cd97328) Importer(2089858483,b0f066a214c2f5e87bad3c948f4d605d)
Start importing Assets/Graphisms/Tilesets/SubTiles/Outside_3298.asset using Guid(ca7679f3c7fa60045a8de7629cd97328) Importer(2089858483,b0f066a214c2f5e87bad3c948f4d605d) (ScriptedImporter) -> (artifact id: '75a6d88f24714da2068ea8595dbf67df') in 0.0100053 seconds
Number of updated asset objects reloaded before import = 0Number of asset objects unloaded after import = 2

========================================================================
Received Import Request.
  Time since last request: 0.000036 seconds.
  path: Assets/Graphisms/Tilesets/SubTiles/Outside_353.asset
  artifactKey: Guid(d91c89997f4793c4880260f8d813cc59) Importer(2089858483,b0f066a214c2f5e87bad3c948f4d605d)
Start importing Assets/Graphisms/Tilesets/SubTiles/Outside_353.asset using Guid(d91c89997f4793c4880260f8d813cc59) Importer(2089858483,b0f066a214c2f5e87bad3c948f4d605d) (ScriptedImporter) -> (artifact id: 'd4c1f49b975ae50547364d441a504c51') in 0.0135902 seconds
Number of updated asset objects reloaded before import = 0Number of asset objects unloaded after import = 2

========================================================================
Received Import Request.
  Time since last request: 0.000022 seconds.
  path: Assets/Graphisms/Tilesets/SubTiles/Outside_655.asset
  artifactKey: Guid(34b355931ccce974f83e3b151b6677d0) Importer(2089858483,b0f066a214c2f5e87bad3c948f4d605d)
Start importing Assets/Graphisms/Tilesets/SubTiles/Outside_655.asset using Guid(34b355931ccce974f83e3b151b6677d0) Importer(2089858483,b0f066a214c2f5e87bad3c948f4d605d) (ScriptedImporter) -> (artifact id: '5fe3fac5cf4f2568360e4cbfe6b47a32') in 0.011183 seconds
Number of updated asset objects reloaded before import = 0Number of asset objects unloaded after import = 2

========================================================================
Received Import Request.
  Time since last request: 0.000111 seconds.
  path: Assets/Graphisms/Tilesets/SubTiles/Outside_3277.asset
  artifactKey: Guid(936f10e1243875041be5d6dde01c7a36) Importer(2089858483,b0f066a214c2f5e87bad3c948f4d605d)
Start importing Assets/Graphisms/Tilesets/SubTiles/Outside_3277.asset using Guid(936f10e1243875041be5d6dde01c7a36) Importer(2089858483,b0f066a214c2f5e87bad3c948f4d605d) (ScriptedImporter) -> (artifact id: 'b78b8cf6d75d92c07195951a9dbf6946') in 0.0112086 seconds
Number of updated asset objects reloaded before import = 0Number of asset objects unloaded after import = 2

========================================================================
Received Import Request.
  Time since last request: 0.000019 seconds.
  path: Assets/Graphisms/Tilesets/SubTiles/Outside_2971.asset
  artifactKey: Guid(18352e06008b8df47ae538bbe72b45a1) Importer(2089858483,b0f066a214c2f5e87bad3c948f4d605d)
Start importing Assets/Graphisms/Tilesets/SubTiles/Outside_2971.asset using Guid(18352e06008b8df47ae538bbe72b45a1) Importer(2089858483,b0f066a214c2f5e87bad3c948f4d605d) (ScriptedImporter) -> (artifact id: '758d47a0d0fb542dcda77903aac5b818') in 0.0116311 seconds
Number of updated asset objects reloaded before import = 0Number of asset objects unloaded after import = 2

========================================================================
Received Import Request.
  Time since last request: 0.000029 seconds.
  path: Assets/Graphisms/Tilesets/SubTiles/Outside_3622.asset
  artifactKey: Guid(261349e522e3b87418c04a762ad4ed68) Importer(2089858483,b0f066a214c2f5e87bad3c948f4d605d)
Start importing Assets/Graphisms/Tilesets/SubTiles/Outside_3622.asset using Guid(261349e522e3b87418c04a762ad4ed68) Importer(2089858483,b0f066a214c2f5e87bad3c948f4d605d) (ScriptedImporter) -> (artifact id: 'ed28ceb683e876a3a2f1c1a8fc022076') in 0.0468082 seconds
Number of updated asset objects reloaded before import = 0Number of asset objects unloaded after import = 2

========================================================================
Received Import Request.
  Time since last request: 0.000032 seconds.
  path: Assets/Graphisms/Tilesets/SubTiles/Outside_1016.asset
  artifactKey: Guid(0abe4d87f278e884ebfc6314187d0193) Importer(2089858483,b0f066a214c2f5e87bad3c948f4d605d)
Start importing Assets/Graphisms/Tilesets/SubTiles/Outside_1016.asset using Guid(0abe4d87f278e884ebfc6314187d0193) Importer(2089858483,b0f066a214c2f5e87bad3c948f4d605d) (ScriptedImporter) -> (artifact id: '8b8a28752c8c5f50f4d33dc5e9f2af79') in 0.0100102 seconds
Number of updated asset objects reloaded before import = 0Number of asset objects unloaded after import = 2

========================================================================
Received Import Request.
  Time since last request: 0.000022 seconds.
  path: Assets/Graphisms/Tilesets/SubTiles/Outside_3561.asset
  artifactKey: Guid(7d3c2cd89ab024046aa9098f24638c63) Importer(2089858483,b0f066a214c2f5e87bad3c948f4d605d)
Start importing Assets/Graphisms/Tilesets/SubTiles/Outside_3561.asset using Guid(7d3c2cd89ab024046aa9098f24638c63) Importer(2089858483,b0f066a214c2f5e87bad3c948f4d605d) (ScriptedImporter) -> (artifact id: '2593750dd8a46439361bc4bca54b269b') in 0.0142655 seconds
Number of updated asset objects reloaded before import = 0Number of asset objects unloaded after import = 2

========================================================================
Received Import Request.
  Time since last request: 0.000041 seconds.
  path: Assets/Graphisms/Tilesets/SubTiles/Outside_2639.asset
  artifactKey: Guid(090dac35eeb6b3d46b54b5fa57f92521) Importer(2089858483,b0f066a214c2f5e87bad3c948f4d605d)
Start importing Assets/Graphisms/Tilesets/SubTiles/Outside_2639.asset using Guid(090dac35eeb6b3d46b54b5fa57f92521) Importer(2089858483,b0f066a214c2f5e87bad3c948f4d605d) (ScriptedImporter) -> (artifact id: 'd5400ae83046283458f8bf988457529b') in 0.0111164 seconds
Number of updated asset objects reloaded before import = 0Number of asset objects unloaded after import = 2

========================================================================
Received Import Request.
  Time since last request: 0.000037 seconds.
  path: Assets/Graphisms/Tilesets/SubTiles/Outside_999.asset
  artifactKey: Guid(8f83c17dcf81ff2479965d606fc681a4) Importer(2089858483,b0f066a214c2f5e87bad3c948f4d605d)
Start importing Assets/Graphisms/Tilesets/SubTiles/Outside_999.asset using Guid(8f83c17dcf81ff2479965d606fc681a4) Importer(2089858483,b0f066a214c2f5e87bad3c948f4d605d) (ScriptedImporter) -> (artifact id: '9a4d2cdf98589c44ac9e1b44de27fadf') in 0.0109842 seconds
Number of updated asset objects reloaded before import = 0Number of asset objects unloaded after import = 2

========================================================================
Received Import Request.
  Time since last request: 0.000033 seconds.
  path: Assets/Graphisms/Tilesets/SubTiles/Outside_3308.asset
  artifactKey: Guid(e6706e46a27191d48bd0ba0f65bb0d5c) Importer(2089858483,b0f066a214c2f5e87bad3c948f4d605d)
Start importing Assets/Graphisms/Tilesets/SubTiles/Outside_3308.asset using Guid(e6706e46a27191d48bd0ba0f65bb0d5c) Importer(2089858483,b0f066a214c2f5e87bad3c948f4d605d) (ScriptedImporter) -> (artifact id: 'ef5744923c195c81f65eade3e4316dd9') in 0.0111648 seconds
Number of updated asset objects reloaded before import = 0Number of asset objects unloaded after import = 2

========================================================================
Received Import Request.
  Time since last request: 0.000020 seconds.
  path: Assets/Graphisms/Tilesets/SubTiles/Outside_2951.asset
  artifactKey: Guid(e238578fb0ffdd346933a7bb175d7844) Importer(2089858483,b0f066a214c2f5e87bad3c948f4d605d)
Start importing Assets/Graphisms/Tilesets/SubTiles/Outside_2951.asset using Guid(e238578fb0ffdd346933a7bb175d7844) Importer(2089858483,b0f066a214c2f5e87bad3c948f4d605d) (ScriptedImporter) -> (artifact id: '74d2fc312926869ada7ca3b1643da7bb') in 0.0092515 seconds
Number of updated asset objects reloaded before import = 0Number of asset objects unloaded after import = 2

========================================================================
Received Import Request.
  Time since last request: 0.000025 seconds.
  path: Assets/Graphisms/Tilesets/SubTiles/Outside_1269.asset
  artifactKey: Guid(12accca2c1eeb244ab20dbfe55f170e0) Importer(2089858483,b0f066a214c2f5e87bad3c948f4d605d)
Start importing Assets/Graphisms/Tilesets/SubTiles/Outside_1269.asset using Guid(12accca2c1eeb244ab20dbfe55f170e0) Importer(2089858483,b0f066a214c2f5e87bad3c948f4d605d) (ScriptedImporter) -> (artifact id: '4782f956da2af29e97209f78f9dae331') in 0.0129168 seconds
Number of updated asset objects reloaded before import = 0Number of asset objects unloaded after import = 2

========================================================================
Received Import Request.
  Time since last request: 0.000028 seconds.
  path: Assets/Graphisms/Tilesets/SubTiles/Outside_529.asset
  artifactKey: Guid(a0f964c0b9339994280973e0c02e703c) Importer(2089858483,b0f066a214c2f5e87bad3c948f4d605d)
Start importing Assets/Graphisms/Tilesets/SubTiles/Outside_529.asset using Guid(a0f964c0b9339994280973e0c02e703c) Importer(2089858483,b0f066a214c2f5e87bad3c948f4d605d) (ScriptedImporter) -> (artifact id: '3ad81a3c977178c102c8c30b9884337f') in 0.0126198 seconds
Number of updated asset objects reloaded before import = 0Number of asset objects unloaded after import = 2

========================================================================
Received Import Request.
  Time since last request: 0.000038 seconds.
  path: Assets/Graphisms/Tilesets/SubTiles/Outside_3523.asset
  artifactKey: Guid(1035b904ba404b541a013cd3ac213609) Importer(2089858483,b0f066a214c2f5e87bad3c948f4d605d)
Start importing Assets/Graphisms/Tilesets/SubTiles/Outside_3523.asset using Guid(1035b904ba404b541a013cd3ac213609) Importer(2089858483,b0f066a214c2f5e87bad3c948f4d605d) (ScriptedImporter) -> (artifact id: '7583b61404a24ca27674f819de6c0d2f') in 0.0116816 seconds
Number of updated asset objects reloaded before import = 0Number of asset objects unloaded after import = 2

========================================================================
Received Import Request.
  Time since last request: 0.000088 seconds.
  path: Assets/Graphisms/Tilesets/SubTiles/Outside_3171.asset
  artifactKey: Guid(9c0dfcf7c861ed64591c2b970e01b17d) Importer(2089858483,b0f066a214c2f5e87bad3c948f4d605d)
Start importing Assets/Graphisms/Tilesets/SubTiles/Outside_3171.asset using Guid(9c0dfcf7c861ed64591c2b970e01b17d) Importer(2089858483,b0f066a214c2f5e87bad3c948f4d605d) (ScriptedImporter) -> (artifact id: 'f57c686bd1d621cbcdaf8e75e7b23a62') in 0.0129261 seconds
Number of updated asset objects reloaded before import = 0Number of asset objects unloaded after import = 2

========================================================================
Received Import Request.
  Time since last request: 0.000024 seconds.
  path: Assets/Graphisms/Tilesets/SubTiles/Outside_735.asset
  artifactKey: Guid(5d4675812aa38fa4c8d6a8f990a14288) Importer(2089858483,b0f066a214c2f5e87bad3c948f4d605d)
Start importing Assets/Graphisms/Tilesets/SubTiles/Outside_735.asset using Guid(5d4675812aa38fa4c8d6a8f990a14288) Importer(2089858483,b0f066a214c2f5e87bad3c948f4d605d) (ScriptedImporter) -> (artifact id: '7d267275128fb4b01d6ef8c8cac3b626') in 0.0117547 seconds
Number of updated asset objects reloaded before import = 0Number of asset objects unloaded after import = 2

========================================================================
Received Import Request.
  Time since last request: 0.000023 seconds.
  path: Assets/Graphisms/Tilesets/SubTiles/Outside_1762.asset
  artifactKey: Guid(2a1223291d916444c93a3b0217c416d2) Importer(2089858483,b0f066a214c2f5e87bad3c948f4d605d)
Start importing Assets/Graphisms/Tilesets/SubTiles/Outside_1762.asset using Guid(2a1223291d916444c93a3b0217c416d2) Importer(2089858483,b0f066a214c2f5e87bad3c948f4d605d) (ScriptedImporter) -> (artifact id: '54dd472868ae8a343feb3d3b6ced445e') in 0.0109517 seconds
Number of updated asset objects reloaded before import = 0Number of asset objects unloaded after import = 2

========================================================================
Received Import Request.
  Time since last request: 0.000039 seconds.
  path: Assets/Graphisms/Tilesets/SubTiles/Outside_2744.asset
  artifactKey: Guid(f90d5ee95b0592540a5ba9bc8af6a438) Importer(2089858483,b0f066a214c2f5e87bad3c948f4d605d)
Start importing Assets/Graphisms/Tilesets/SubTiles/Outside_2744.asset using Guid(f90d5ee95b0592540a5ba9bc8af6a438) Importer(2089858483,b0f066a214c2f5e87bad3c948f4d605d) (ScriptedImporter) -> (artifact id: 'f38c9f7f792f9bcff7712868e7bda4f3') in 0.0112684 seconds
Number of updated asset objects reloaded before import = 0Number of asset objects unloaded after import = 2

========================================================================
Received Import Request.
  Time since last request: 0.000042 seconds.
  path: Assets/Graphisms/Tilesets/SubTiles/Outside_1760.asset
  artifactKey: Guid(214177084e32bd44a995c0f767faffa7) Importer(2089858483,b0f066a214c2f5e87bad3c948f4d605d)
Start importing Assets/Graphisms/Tilesets/SubTiles/Outside_1760.asset using Guid(214177084e32bd44a995c0f767faffa7) Importer(2089858483,b0f066a214c2f5e87bad3c948f4d605d) (ScriptedImporter) -> (artifact id: '7116fc1dfc2ebe47d1fe40234365af71') in 0.0095705 seconds
Number of updated asset objects reloaded before import = 0Number of asset objects unloaded after import = 2

========================================================================
Received Import Request.
  Time since last request: 0.000031 seconds.
  path: Assets/Graphisms/Tilesets/SubTiles/Outside_1208.asset
  artifactKey: Guid(b7410a52af61e83499793ecf7dc99cb5) Importer(2089858483,b0f066a214c2f5e87bad3c948f4d605d)
Start importing Assets/Graphisms/Tilesets/SubTiles/Outside_1208.asset using Guid(b7410a52af61e83499793ecf7dc99cb5) Importer(2089858483,b0f066a214c2f5e87bad3c948f4d605d) (ScriptedImporter) -> (artifact id: '0864841e6f96ebca5579264c27e42eb1') in 0.0096216 seconds
Number of updated asset objects reloaded before import = 0Number of asset objects unloaded after import = 2

========================================================================
Received Import Request.
  Time since last request: 0.000019 seconds.
  path: Assets/Graphisms/Tilesets/SubTiles/Outside_842.asset
  artifactKey: Guid(d71eadb3a7bf0674384d2f930de1e205) Importer(2089858483,b0f066a214c2f5e87bad3c948f4d605d)
Start importing Assets/Graphisms/Tilesets/SubTiles/Outside_842.asset using Guid(d71eadb3a7bf0674384d2f930de1e205) Importer(2089858483,b0f066a214c2f5e87bad3c948f4d605d) (ScriptedImporter) -> (artifact id: '09e1d68650268146f43c036125656942') in 0.0107931 seconds
Number of updated asset objects reloaded before import = 0Number of asset objects unloaded after import = 2

========================================================================
Received Import Request.
  Time since last request: 0.000064 seconds.
  path: Assets/Graphisms/Tilesets/SubTiles/Outside_1953.asset
  artifactKey: Guid(c14d052b27c795f4089585efb2fbccfc) Importer(2089858483,b0f066a214c2f5e87bad3c948f4d605d)
Start importing Assets/Graphisms/Tilesets/SubTiles/Outside_1953.asset using Guid(c14d052b27c795f4089585efb2fbccfc) Importer(2089858483,b0f066a214c2f5e87bad3c948f4d605d) (ScriptedImporter) -> (artifact id: '2b7e02af7a90bb74dfaee8be7413e571') in 0.0119475 seconds
Number of updated asset objects reloaded before import = 0Number of asset objects unloaded after import = 2

========================================================================
Received Import Request.
  Time since last request: 0.000040 seconds.
  path: Assets/Graphisms/Tilesets/SubTiles/Outside_218.asset
  artifactKey: Guid(3251af869881f8f46a2ad265436d866d) Importer(2089858483,b0f066a214c2f5e87bad3c948f4d605d)
Start importing Assets/Graphisms/Tilesets/SubTiles/Outside_218.asset using Guid(3251af869881f8f46a2ad265436d866d) Importer(2089858483,b0f066a214c2f5e87bad3c948f4d605d) (ScriptedImporter) -> (artifact id: '5e280abd04d77886465d10e3b430ac5a') in 0.0105539 seconds
Number of updated asset objects reloaded before import = 0Number of asset objects unloaded after import = 2

========================================================================
Received Import Request.
  Time since last request: 0.000021 seconds.
  path: Assets/Graphisms/Tilesets/SubTiles/Outside_2031.asset
  artifactKey: Guid(e04f7730facab634e9ec7d71174d93a6) Importer(2089858483,b0f066a214c2f5e87bad3c948f4d605d)
Start importing Assets/Graphisms/Tilesets/SubTiles/Outside_2031.asset using Guid(e04f7730facab634e9ec7d71174d93a6) Importer(2089858483,b0f066a214c2f5e87bad3c948f4d605d) (ScriptedImporter) -> (artifact id: '17ef11662a0f2c118260dd8a3e4a99ab') in 0.0113143 seconds
Number of updated asset objects reloaded before import = 0Number of asset objects unloaded after import = 2

========================================================================
Received Import Request.
  Time since last request: 0.000019 seconds.
  path: Assets/Graphisms/Tilesets/SubTiles/Outside_417.asset
  artifactKey: Guid(e262819099554c544b95d3308a4ebaf6) Importer(2089858483,b0f066a214c2f5e87bad3c948f4d605d)
Start importing Assets/Graphisms/Tilesets/SubTiles/Outside_417.asset using Guid(e262819099554c544b95d3308a4ebaf6) Importer(2089858483,b0f066a214c2f5e87bad3c948f4d605d) (ScriptedImporter) -> (artifact id: '2b06565aa05cb622ec75e730067f31f4') in 0.0586837 seconds
Number of updated asset objects reloaded before import = 0Number of asset objects unloaded after import = 2

========================================================================
Received Import Request.
  Time since last request: 0.000025 seconds.
  path: Assets/Graphisms/Tilesets/SubTiles/Outside_594.asset
  artifactKey: Guid(3b1d38e9c8b4c05459f4221bc60bf403) Importer(2089858483,b0f066a214c2f5e87bad3c948f4d605d)
Start importing Assets/Graphisms/Tilesets/SubTiles/Outside_594.asset using Guid(3b1d38e9c8b4c05459f4221bc60bf403) Importer(2089858483,b0f066a214c2f5e87bad3c948f4d605d) (ScriptedImporter) -> (artifact id: 'b240db0605aed59b5463ea81ce5bb47a') in 0.0369733 seconds
Number of updated asset objects reloaded before import = 0Number of asset objects unloaded after import = 2

========================================================================
Received Import Request.
  Time since last request: 0.000042 seconds.
  path: Assets/Graphisms/Tilesets/SubTiles/Outside_3324.asset
  artifactKey: Guid(495e630c9b4505943ac693fe1a5cdeb8) Importer(2089858483,b0f066a214c2f5e87bad3c948f4d605d)
Start importing Assets/Graphisms/Tilesets/SubTiles/Outside_3324.asset using Guid(495e630c9b4505943ac693fe1a5cdeb8) Importer(2089858483,b0f066a214c2f5e87bad3c948f4d605d) (ScriptedImporter) -> (artifact id: '8e17a58e993164132075e4a51a2500a0') in 0.0103974 seconds
Number of updated asset objects reloaded before import = 0Number of asset objects unloaded after import = 2

========================================================================
Received Import Request.
  Time since last request: 0.000033 seconds.
  path: Assets/Graphisms/Tilesets/SubTiles/Outside_2635.asset
  artifactKey: Guid(29091fa69f4db184f8b6e34c512b416d) Importer(2089858483,b0f066a214c2f5e87bad3c948f4d605d)
Start importing Assets/Graphisms/Tilesets/SubTiles/Outside_2635.asset using Guid(29091fa69f4db184f8b6e34c512b416d) Importer(2089858483,b0f066a214c2f5e87bad3c948f4d605d) (ScriptedImporter) -> (artifact id: 'd7b7b145d5ad8596f086cbe77be3921d') in 0.0131457 seconds
Number of updated asset objects reloaded before import = 0Number of asset objects unloaded after import = 2

========================================================================
Received Import Request.
  Time since last request: 0.000020 seconds.
  path: Assets/Graphisms/Tilesets/SubTiles/Outside_660.asset
  artifactKey: Guid(a6f2971115d706e48adb50b6c03cf402) Importer(2089858483,b0f066a214c2f5e87bad3c948f4d605d)
Start importing Assets/Graphisms/Tilesets/SubTiles/Outside_660.asset using Guid(a6f2971115d706e48adb50b6c03cf402) Importer(2089858483,b0f066a214c2f5e87bad3c948f4d605d) (ScriptedImporter) -> (artifact id: '23c8d6eee527b4fb5de79569406695df') in 0.0101039 seconds
Number of updated asset objects reloaded before import = 0Number of asset objects unloaded after import = 2

========================================================================
Received Import Request.
  Time since last request: 0.000034 seconds.
  path: Assets/Graphisms/Tilesets/SubTiles/Outside_2367.asset
  artifactKey: Guid(d9629612ebcdda4498bafdb85281f1f2) Importer(2089858483,b0f066a214c2f5e87bad3c948f4d605d)
Start importing Assets/Graphisms/Tilesets/SubTiles/Outside_2367.asset using Guid(d9629612ebcdda4498bafdb85281f1f2) Importer(2089858483,b0f066a214c2f5e87bad3c948f4d605d) (ScriptedImporter) -> (artifact id: 'e4f531f8968b6f275e29a59495f7c945') in 0.0099245 seconds
Number of updated asset objects reloaded before import = 0Number of asset objects unloaded after import = 2

========================================================================
Received Import Request.
  Time since last request: 0.000031 seconds.
  path: Assets/Graphisms/Tilesets/SubTiles/Outside_3736.asset
  artifactKey: Guid(2cbf21c5f7a476f4a80c350ec265e0ec) Importer(2089858483,b0f066a214c2f5e87bad3c948f4d605d)
Start importing Assets/Graphisms/Tilesets/SubTiles/Outside_3736.asset using Guid(2cbf21c5f7a476f4a80c350ec265e0ec) Importer(2089858483,b0f066a214c2f5e87bad3c948f4d605d) (ScriptedImporter) -> (artifact id: 'dc20f481ad4f285624a4461ad008ab63') in 0.0100345 seconds
Number of updated asset objects reloaded before import = 0Number of asset objects unloaded after import = 2

========================================================================
Received Import Request.
  Time since last request: 0.000020 seconds.
  path: Assets/Graphisms/Tilesets/SubTiles/Outside_779.asset
  artifactKey: Guid(37a9438934056814b9b5eed7202010a8) Importer(2089858483,b0f066a214c2f5e87bad3c948f4d605d)
Start importing Assets/Graphisms/Tilesets/SubTiles/Outside_779.asset using Guid(37a9438934056814b9b5eed7202010a8) Importer(2089858483,b0f066a214c2f5e87bad3c948f4d605d) (ScriptedImporter) -> (artifact id: '87d3191d0de8c7cba684fa8b6d1227ec') in 0.0101076 seconds
Number of updated asset objects reloaded before import = 0Number of asset objects unloaded after import = 2

========================================================================
Received Import Request.
  Time since last request: 0.000023 seconds.
  path: Assets/Graphisms/Tilesets/SubTiles/Outside_872.asset
  artifactKey: Guid(3e30751763cd9a743a9ac9cbc1f39024) Importer(2089858483,b0f066a214c2f5e87bad3c948f4d605d)
Start importing Assets/Graphisms/Tilesets/SubTiles/Outside_872.asset using Guid(3e30751763cd9a743a9ac9cbc1f39024) Importer(2089858483,b0f066a214c2f5e87bad3c948f4d605d) (ScriptedImporter) -> (artifact id: '11089f7c98e009558cf2416de39a0ba7') in 0.0108278 seconds
Number of updated asset objects reloaded before import = 0Number of asset objects unloaded after import = 2

========================================================================
Received Import Request.
  Time since last request: 0.000021 seconds.
  path: Assets/Graphisms/Tilesets/SubTiles/Outside_1537.asset
  artifactKey: Guid(19efbbfb59cbc04459f86164bfb9b891) Importer(2089858483,b0f066a214c2f5e87bad3c948f4d605d)
Start importing Assets/Graphisms/Tilesets/SubTiles/Outside_1537.asset using Guid(19efbbfb59cbc04459f86164bfb9b891) Importer(2089858483,b0f066a214c2f5e87bad3c948f4d605d) (ScriptedImporter) -> (artifact id: 'bcbe55fe39a687673462fde38919a0dd') in 0.0105197 seconds
Number of updated asset objects reloaded before import = 0Number of asset objects unloaded after import = 2

========================================================================
Received Import Request.
  Time since last request: 0.000025 seconds.
  path: Assets/Graphisms/Tilesets/SubTiles/Outside_2528.asset
  artifactKey: Guid(ec80cdffec9ad0c48ba30179fddfd5f8) Importer(2089858483,b0f066a214c2f5e87bad3c948f4d605d)
Start importing Assets/Graphisms/Tilesets/SubTiles/Outside_2528.asset using Guid(ec80cdffec9ad0c48ba30179fddfd5f8) Importer(2089858483,b0f066a214c2f5e87bad3c948f4d605d) (ScriptedImporter) -> (artifact id: '4e349a807ee1a154987d11f3825ee335') in 0.0334017 seconds
Number of updated asset objects reloaded before import = 0Number of asset objects unloaded after import = 2

========================================================================
Received Import Request.
  Time since last request: 0.000028 seconds.
  path: Assets/Graphisms/Tilesets/SubTiles/Outside_960.asset
  artifactKey: Guid(ce9ff29f1180d794eae151f0d897dd3b) Importer(2089858483,b0f066a214c2f5e87bad3c948f4d605d)
Start importing Assets/Graphisms/Tilesets/SubTiles/Outside_960.asset using Guid(ce9ff29f1180d794eae151f0d897dd3b) Importer(2089858483,b0f066a214c2f5e87bad3c948f4d605d) (ScriptedImporter) -> (artifact id: '1eb98739b70aecfbc5c9975c54c360dc') in 0.0108833 seconds
Number of updated asset objects reloaded before import = 0Number of asset objects unloaded after import = 2

========================================================================
Received Import Request.
  Time since last request: 0.000019 seconds.
  path: Assets/Graphisms/Tilesets/SubTiles/Outside_1079.asset
  artifactKey: Guid(4336256740aaaf3429546adc3d7b5cfd) Importer(2089858483,b0f066a214c2f5e87bad3c948f4d605d)
Start importing Assets/Graphisms/Tilesets/SubTiles/Outside_1079.asset using Guid(4336256740aaaf3429546adc3d7b5cfd) Importer(2089858483,b0f066a214c2f5e87bad3c948f4d605d) (ScriptedImporter) -> (artifact id: '413cb3e49f062303600ef41f5e57bd67') in 0.0095055 seconds
Number of updated asset objects reloaded before import = 0Number of asset objects unloaded after import = 2

========================================================================
Received Import Request.
  Time since last request: 0.000030 seconds.
  path: Assets/Graphisms/Tilesets/SubTiles/Outside_1192.asset
  artifactKey: Guid(1ead9bc5cf90ab248846f78b54590b86) Importer(2089858483,b0f066a214c2f5e87bad3c948f4d605d)
Start importing Assets/Graphisms/Tilesets/SubTiles/Outside_1192.asset using Guid(1ead9bc5cf90ab248846f78b54590b86) Importer(2089858483,b0f066a214c2f5e87bad3c948f4d605d) (ScriptedImporter) -> (artifact id: 'b65ecf49132145594c14ae1c74235f9a') in 0.0148296 seconds
Number of updated asset objects reloaded before import = 0Number of asset objects unloaded after import = 2

========================================================================
Received Import Request.
  Time since last request: 0.000022 seconds.
  path: Assets/Graphisms/Tilesets/SubTiles/Outside_2189.asset
  artifactKey: Guid(ac8f1eb4175f88348ae5b82907f0a3d9) Importer(2089858483,b0f066a214c2f5e87bad3c948f4d605d)
Start importing Assets/Graphisms/Tilesets/SubTiles/Outside_2189.asset using Guid(ac8f1eb4175f88348ae5b82907f0a3d9) Importer(2089858483,b0f066a214c2f5e87bad3c948f4d605d) (ScriptedImporter) -> (artifact id: 'ae36e129c6d6cfdc93553a2438a9a9ca') in 0.0117913 seconds
Number of updated asset objects reloaded before import = 0Number of asset objects unloaded after import = 2

========================================================================
Received Import Request.
  Time since last request: 0.000028 seconds.
  path: Assets/Graphisms/Tilesets/SubTiles/Outside_369.asset
  artifactKey: Guid(d76c0b57e4f17314d80497d5bf794ade) Importer(2089858483,b0f066a214c2f5e87bad3c948f4d605d)
Start importing Assets/Graphisms/Tilesets/SubTiles/Outside_369.asset using Guid(d76c0b57e4f17314d80497d5bf794ade) Importer(2089858483,b0f066a214c2f5e87bad3c948f4d605d) (ScriptedImporter) -> (artifact id: 'f60aa186405ff66f8335802df75e6885') in 0.0107261 seconds
Number of updated asset objects reloaded before import = 0Number of asset objects unloaded after import = 2

========================================================================
Received Import Request.
  Time since last request: 0.000031 seconds.
  path: Assets/Graphisms/Tilesets/SubTiles/Outside_489.asset
  artifactKey: Guid(e1d6e2fd57cde684cb817e0de7b52b5a) Importer(2089858483,b0f066a214c2f5e87bad3c948f4d605d)
Start importing Assets/Graphisms/Tilesets/SubTiles/Outside_489.asset using Guid(e1d6e2fd57cde684cb817e0de7b52b5a) Importer(2089858483,b0f066a214c2f5e87bad3c948f4d605d) (ScriptedImporter) -> (artifact id: '9d47d0ee1ca656f8c38916bd51f26df4') in 0.010468 seconds
Number of updated asset objects reloaded before import = 0Number of asset objects unloaded after import = 2

========================================================================
Received Import Request.
  Time since last request: 0.000018 seconds.
  path: Assets/Graphisms/Tilesets/SubTiles/Outside_410.asset
  artifactKey: Guid(7f808dfe5b189c64d82d7870ded6195a) Importer(2089858483,b0f066a214c2f5e87bad3c948f4d605d)
Start importing Assets/Graphisms/Tilesets/SubTiles/Outside_410.asset using Guid(7f808dfe5b189c64d82d7870ded6195a) Importer(2089858483,b0f066a214c2f5e87bad3c948f4d605d) (ScriptedImporter) -> (artifact id: '36c04a1161d3b48234827cd7c4d6a171') in 0.012132 seconds
Number of updated asset objects reloaded before import = 0Number of asset objects unloaded after import = 2

========================================================================
Received Import Request.
  Time since last request: 0.000042 seconds.
  path: Assets/Graphisms/Tilesets/SubTiles/Outside_1839.asset
  artifactKey: Guid(84d993bdcd02c5c4ab89ebd1cbfc0645) Importer(2089858483,b0f066a214c2f5e87bad3c948f4d605d)
Start importing Assets/Graphisms/Tilesets/SubTiles/Outside_1839.asset using Guid(84d993bdcd02c5c4ab89ebd1cbfc0645) Importer(2089858483,b0f066a214c2f5e87bad3c948f4d605d) (ScriptedImporter) -> (artifact id: '5654126de8a4e4f83b7fa897149bc1f0') in 0.0103946 seconds
Number of updated asset objects reloaded before import = 0Number of asset objects unloaded after import = 2

========================================================================
Received Import Request.
  Time since last request: 0.000023 seconds.
  path: Assets/Graphisms/Tilesets/SubTiles/Outside_259.asset
  artifactKey: Guid(b4279a6f5fb0c0c47af3e5676dfa1070) Importer(2089858483,b0f066a214c2f5e87bad3c948f4d605d)
Start importing Assets/Graphisms/Tilesets/SubTiles/Outside_259.asset using Guid(b4279a6f5fb0c0c47af3e5676dfa1070) Importer(2089858483,b0f066a214c2f5e87bad3c948f4d605d) (ScriptedImporter) -> (artifact id: 'c3f4d6e996a6c5eaf0d63741b0ebcf70') in 0.0118757 seconds
Number of updated asset objects reloaded before import = 0Number of asset objects unloaded after import = 2

========================================================================
Received Import Request.
  Time since last request: 0.000062 seconds.
  path: Assets/Graphisms/Tilesets/SubTiles/Outside_348.asset
  artifactKey: Guid(344a0331d5dc6d746b44edfa3b003795) Importer(2089858483,b0f066a214c2f5e87bad3c948f4d605d)
Start importing Assets/Graphisms/Tilesets/SubTiles/Outside_348.asset using Guid(344a0331d5dc6d746b44edfa3b003795) Importer(2089858483,b0f066a214c2f5e87bad3c948f4d605d) (ScriptedImporter) -> (artifact id: '523e07954f5dbecb21ebd558665d62b6') in 0.0146854 seconds
Number of updated asset objects reloaded before import = 0Number of asset objects unloaded after import = 2

========================================================================
Received Import Request.
  Time since last request: 0.000031 seconds.
  path: Assets/Graphisms/Tilesets/SubTiles/Outside_2299.asset
  artifactKey: Guid(b32093ee912deec4896250c56e346604) Importer(2089858483,b0f066a214c2f5e87bad3c948f4d605d)
Start importing Assets/Graphisms/Tilesets/SubTiles/Outside_2299.asset using Guid(b32093ee912deec4896250c56e346604) Importer(2089858483,b0f066a214c2f5e87bad3c948f4d605d) (ScriptedImporter) -> (artifact id: '4f346c35e1a10438c77e3cd85ccbee5d') in 0.0120269 seconds
Number of updated asset objects reloaded before import = 0Number of asset objects unloaded after import = 2

========================================================================
Received Import Request.
  Time since last request: 0.000021 seconds.
  path: Assets/Graphisms/Tilesets/SubTiles/Outside_2417.asset
  artifactKey: Guid(398bf0e075551a547884169aecdcd241) Importer(2089858483,b0f066a214c2f5e87bad3c948f4d605d)
Start importing Assets/Graphisms/Tilesets/SubTiles/Outside_2417.asset using Guid(398bf0e075551a547884169aecdcd241) Importer(2089858483,b0f066a214c2f5e87bad3c948f4d605d) (ScriptedImporter) -> (artifact id: '3e55b1f9a479d6c3e1d9d274c5f54131') in 0.0116262 seconds
Number of updated asset objects reloaded before import = 0Number of asset objects unloaded after import = 2

========================================================================
Received Import Request.
  Time since last request: 0.000025 seconds.
  path: Assets/Graphisms/Tilesets/SubTiles/Outside_2097.asset
  artifactKey: Guid(d9365411055563e41bd4cb4110ae1acd) Importer(2089858483,b0f066a214c2f5e87bad3c948f4d605d)
Start importing Assets/Graphisms/Tilesets/SubTiles/Outside_2097.asset using Guid(d9365411055563e41bd4cb4110ae1acd) Importer(2089858483,b0f066a214c2f5e87bad3c948f4d605d) (ScriptedImporter) -> (artifact id: '401f95ee96aee8181ebc5d6886ff01bc') in 0.0120156 seconds
Number of updated asset objects reloaded before import = 0Number of asset objects unloaded after import = 2

========================================================================
Received Import Request.
  Time since last request: 0.000025 seconds.
  path: Assets/Graphisms/Tilesets/SubTiles/Outside_972.asset
  artifactKey: Guid(62a9ddbd61ea2f94a8eac22e600e9743) Importer(2089858483,b0f066a214c2f5e87bad3c948f4d605d)
Start importing Assets/Graphisms/Tilesets/SubTiles/Outside_972.asset using Guid(62a9ddbd61ea2f94a8eac22e600e9743) Importer(2089858483,b0f066a214c2f5e87bad3c948f4d605d) (ScriptedImporter) -> (artifact id: 'f23eabfc97a5723274a85acf4cfb8b70') in 0.0101764 seconds
Number of updated asset objects reloaded before import = 0Number of asset objects unloaded after import = 2

========================================================================
Received Import Request.
  Time since last request: 0.000023 seconds.
  path: Assets/Graphisms/Tilesets/SubTiles/Outside_454.asset
  artifactKey: Guid(bfd82ec9b58be6d4e96493e11c8983fe) Importer(2089858483,b0f066a214c2f5e87bad3c948f4d605d)
Start importing Assets/Graphisms/Tilesets/SubTiles/Outside_454.asset using Guid(bfd82ec9b58be6d4e96493e11c8983fe) Importer(2089858483,b0f066a214c2f5e87bad3c948f4d605d) (ScriptedImporter) -> (artifact id: '233358423aa8ab0cb0bc01f2051da50a') in 0.0108467 seconds
Number of updated asset objects reloaded before import = 0Number of asset objects unloaded after import = 2

========================================================================
Received Import Request.
  Time since last request: 0.000037 seconds.
  path: Assets/Graphisms/Tilesets/SubTiles/Outside_3831.asset
  artifactKey: Guid(a94ea314b92504c45964044a1af65eb7) Importer(2089858483,b0f066a214c2f5e87bad3c948f4d605d)
Start importing Assets/Graphisms/Tilesets/SubTiles/Outside_3831.asset using Guid(a94ea314b92504c45964044a1af65eb7) Importer(2089858483,b0f066a214c2f5e87bad3c948f4d605d) (ScriptedImporter) -> (artifact id: '90c4156a460d05bc08bd07273fc05ea8') in 0.0111337 seconds
Number of updated asset objects reloaded before import = 0Number of asset objects unloaded after import = 2

========================================================================
Received Import Request.
  Time since last request: 0.000027 seconds.
  path: Assets/Graphisms/Tilesets/SubTiles/Outside_3606.asset
  artifactKey: Guid(f15a6db04ea2d6f489ec8accf3e01d6d) Importer(2089858483,b0f066a214c2f5e87bad3c948f4d605d)
Start importing Assets/Graphisms/Tilesets/SubTiles/Outside_3606.asset using Guid(f15a6db04ea2d6f489ec8accf3e01d6d) Importer(2089858483,b0f066a214c2f5e87bad3c948f4d605d) (ScriptedImporter) -> (artifact id: '55b118b618a4fbe52025f089efa870ba') in 0.0095863 seconds
Number of updated asset objects reloaded before import = 0Number of asset objects unloaded after import = 2

========================================================================
Received Import Request.
  Time since last request: 0.000035 seconds.
  path: Assets/Graphisms/Tilesets/SubTiles/Outside_2545.asset
  artifactKey: Guid(995204df226ec0e4196987068a28e57d) Importer(2089858483,b0f066a214c2f5e87bad3c948f4d605d)
Start importing Assets/Graphisms/Tilesets/SubTiles/Outside_2545.asset using Guid(995204df226ec0e4196987068a28e57d) Importer(2089858483,b0f066a214c2f5e87bad3c948f4d605d) (ScriptedImporter) -> (artifact id: '39ab7382c5dc6462cc5c864485c24cd3') in 0.0114532 seconds
Number of updated asset objects reloaded before import = 0Number of asset objects unloaded after import = 2

========================================================================
Received Import Request.
  Time since last request: 0.000018 seconds.
  path: Assets/Graphisms/Tilesets/SubTiles/Outside_2756.asset
  artifactKey: Guid(a9bae47fda68c9b4e899aa03002b8bb7) Importer(2089858483,b0f066a214c2f5e87bad3c948f4d605d)
Start importing Assets/Graphisms/Tilesets/SubTiles/Outside_2756.asset using Guid(a9bae47fda68c9b4e899aa03002b8bb7) Importer(2089858483,b0f066a214c2f5e87bad3c948f4d605d) (ScriptedImporter) -> (artifact id: '89251d1b7bddcfa84d4eb5707e91b328') in 0.0145775 seconds
Number of updated asset objects reloaded before import = 0Number of asset objects unloaded after import = 2

========================================================================
Received Import Request.
  Time since last request: 0.000039 seconds.
  path: Assets/Graphisms/Tilesets/SubTiles/Outside_217.asset
  artifactKey: Guid(20f79187066404146b20d18d538173fc) Importer(2089858483,b0f066a214c2f5e87bad3c948f4d605d)
Start importing Assets/Graphisms/Tilesets/SubTiles/Outside_217.asset using Guid(20f79187066404146b20d18d538173fc) Importer(2089858483,b0f066a214c2f5e87bad3c948f4d605d) (ScriptedImporter) -> (artifact id: '7e617551b92cd76f9a6b0a51974f103a') in 0.0133988 seconds
Number of updated asset objects reloaded before import = 0Number of asset objects unloaded after import = 2

========================================================================
Received Import Request.
  Time since last request: 0.000040 seconds.
  path: Assets/Graphisms/Tilesets/SubTiles/Outside_1420.asset
  artifactKey: Guid(bf5d9f5e5de0f4c4da750c1abdb88f1a) Importer(2089858483,b0f066a214c2f5e87bad3c948f4d605d)
Start importing Assets/Graphisms/Tilesets/SubTiles/Outside_1420.asset using Guid(bf5d9f5e5de0f4c4da750c1abdb88f1a) Importer(2089858483,b0f066a214c2f5e87bad3c948f4d605d) (ScriptedImporter) -> (artifact id: '0719c665a382159ad3d65b5d99d45297') in 0.0105989 seconds
Number of updated asset objects reloaded before import = 0Number of asset objects unloaded after import = 2

========================================================================
Received Import Request.
  Time since last request: 0.000026 seconds.
  path: Assets/Graphisms/Tilesets/SubTiles/Outside_1527.asset
  artifactKey: Guid(ad18f0ceb44f1f7469f85cbfdb1d034f) Importer(2089858483,b0f066a214c2f5e87bad3c948f4d605d)
Start importing Assets/Graphisms/Tilesets/SubTiles/Outside_1527.asset using Guid(ad18f0ceb44f1f7469f85cbfdb1d034f) Importer(2089858483,b0f066a214c2f5e87bad3c948f4d605d) (ScriptedImporter) -> (artifact id: 'b98b6bbce9fcfc3b64bba33f64b537b5') in 0.012084 seconds
Number of updated asset objects reloaded before import = 0Number of asset objects unloaded after import = 2

========================================================================
Received Import Request.
  Time since last request: 0.000020 seconds.
  path: Assets/Graphisms/Tilesets/SubTiles/Outside_2992.asset
  artifactKey: Guid(6699830cc0868d143b8499ef99f7d2c5) Importer(2089858483,b0f066a214c2f5e87bad3c948f4d605d)
Start importing Assets/Graphisms/Tilesets/SubTiles/Outside_2992.asset using Guid(6699830cc0868d143b8499ef99f7d2c5) Importer(2089858483,b0f066a214c2f5e87bad3c948f4d605d) (ScriptedImporter) -> (artifact id: '1996a8522d136b1f704a919fd37efad5') in 0.012505 seconds
Number of updated asset objects reloaded before import = 0Number of asset objects unloaded after import = 2

========================================================================
Received Import Request.
  Time since last request: 0.000094 seconds.
  path: Assets/Graphisms/Tilesets/SubTiles/Outside_1532.asset
  artifactKey: Guid(0b5467e2e63f32345a461296c5d71804) Importer(2089858483,b0f066a214c2f5e87bad3c948f4d605d)
Start importing Assets/Graphisms/Tilesets/SubTiles/Outside_1532.asset using Guid(0b5467e2e63f32345a461296c5d71804) Importer(2089858483,b0f066a214c2f5e87bad3c948f4d605d) (ScriptedImporter) -> (artifact id: '4cb6b7dc19bcaf25445832162b0e231a') in 0.0104128 seconds
Number of updated asset objects reloaded before import = 0Number of asset objects unloaded after import = 2

========================================================================
Received Import Request.
  Time since last request: 0.000035 seconds.
  path: Assets/Graphisms/Tilesets/SubTiles/Outside_3600.asset
  artifactKey: Guid(d26a721bfe80f314eb27f133dc5e8c5b) Importer(2089858483,b0f066a214c2f5e87bad3c948f4d605d)
Start importing Assets/Graphisms/Tilesets/SubTiles/Outside_3600.asset using Guid(d26a721bfe80f314eb27f133dc5e8c5b) Importer(2089858483,b0f066a214c2f5e87bad3c948f4d605d) (ScriptedImporter) -> (artifact id: '4941cb4a8c913bb5e2703ad8e1d2540d') in 0.0104035 seconds
Number of updated asset objects reloaded before import = 0Number of asset objects unloaded after import = 2

========================================================================
Received Import Request.
  Time since last request: 0.000028 seconds.
  path: Assets/Graphisms/Tilesets/SubTiles/Outside_2882.asset
  artifactKey: Guid(9b1cf02b2b19176439879b90cdb12a3f) Importer(2089858483,b0f066a214c2f5e87bad3c948f4d605d)
Start importing Assets/Graphisms/Tilesets/SubTiles/Outside_2882.asset using Guid(9b1cf02b2b19176439879b90cdb12a3f) Importer(2089858483,b0f066a214c2f5e87bad3c948f4d605d) (ScriptedImporter) -> (artifact id: '765c88ebe653d920268052f7cec2f560') in 0.0105204 seconds
Number of updated asset objects reloaded before import = 0Number of asset objects unloaded after import = 2

========================================================================
Received Import Request.
  Time since last request: 0.000016 seconds.
  path: Assets/Graphisms/Tilesets/SubTiles/Outside_1001.asset
  artifactKey: Guid(0eac2656d071d4c4eaca52568c29e644) Importer(2089858483,b0f066a214c2f5e87bad3c948f4d605d)
Start importing Assets/Graphisms/Tilesets/SubTiles/Outside_1001.asset using Guid(0eac2656d071d4c4eaca52568c29e644) Importer(2089858483,b0f066a214c2f5e87bad3c948f4d605d) (ScriptedImporter) -> (artifact id: 'c7c5533c9b9cc9f400743262f63bb5cb') in 0.011559 seconds
Number of updated asset objects reloaded before import = 0Number of asset objects unloaded after import = 2

========================================================================
Received Import Request.
  Time since last request: 0.000026 seconds.
  path: Assets/Graphisms/Tilesets/SubTiles/Outside_1341.asset
  artifactKey: Guid(aebb35ea6a026db4cbb90e9ba4a85986) Importer(2089858483,b0f066a214c2f5e87bad3c948f4d605d)
Start importing Assets/Graphisms/Tilesets/SubTiles/Outside_1341.asset using Guid(aebb35ea6a026db4cbb90e9ba4a85986) Importer(2089858483,b0f066a214c2f5e87bad3c948f4d605d) (ScriptedImporter) -> (artifact id: 'ff47280df6bef74f1e7830034c8d19fd') in 0.0486067 seconds
Number of updated asset objects reloaded before import = 0Number of asset objects unloaded after import = 2

========================================================================
Received Import Request.
  Time since last request: 0.000029 seconds.
  path: Assets/Graphisms/Tilesets/SubTiles/Outside_1866.asset
  artifactKey: Guid(ef0c0d2f9bb68f540a3b0c7ec64e6472) Importer(2089858483,b0f066a214c2f5e87bad3c948f4d605d)
Start importing Assets/Graphisms/Tilesets/SubTiles/Outside_1866.asset using Guid(ef0c0d2f9bb68f540a3b0c7ec64e6472) Importer(2089858483,b0f066a214c2f5e87bad3c948f4d605d) (ScriptedImporter) -> (artifact id: '410f4c60a784c58d263d68fcecaa997f') in 0.0116629 seconds
Number of updated asset objects reloaded before import = 0Number of asset objects unloaded after import = 2

========================================================================
Received Import Request.
  Time since last request: 0.000043 seconds.
  path: Assets/Graphisms/Tilesets/SubTiles/Outside_1188.asset
  artifactKey: Guid(412ea79ceb3051648990168bf4805853) Importer(2089858483,b0f066a214c2f5e87bad3c948f4d605d)
Start importing Assets/Graphisms/Tilesets/SubTiles/Outside_1188.asset using Guid(412ea79ceb3051648990168bf4805853) Importer(2089858483,b0f066a214c2f5e87bad3c948f4d605d) (ScriptedImporter) -> (artifact id: '121b7929f3d27c5791f6dd76f35c6441') in 0.0108257 seconds
Number of updated asset objects reloaded before import = 0Number of asset objects unloaded after import = 2

========================================================================
Received Import Request.
  Time since last request: 0.000024 seconds.
  path: Assets/Graphisms/Tilesets/SubTiles/Outside_2124.asset
  artifactKey: Guid(a967a9ae97580f64490bf96cb1e32b6b) Importer(2089858483,b0f066a214c2f5e87bad3c948f4d605d)
Start importing Assets/Graphisms/Tilesets/SubTiles/Outside_2124.asset using Guid(a967a9ae97580f64490bf96cb1e32b6b) Importer(2089858483,b0f066a214c2f5e87bad3c948f4d605d) (ScriptedImporter) -> (artifact id: '14b852c176ecc55a18b5670509b04eba') in 0.0131038 seconds
Number of updated asset objects reloaded before import = 0Number of asset objects unloaded after import = 2

========================================================================
Received Import Request.
  Time since last request: 0.000025 seconds.
  path: Assets/Graphisms/Tilesets/SubTiles/Outside_3074.asset
  artifactKey: Guid(8db15ab99d617914aaad79e980665afe) Importer(2089858483,b0f066a214c2f5e87bad3c948f4d605d)
Start importing Assets/Graphisms/Tilesets/SubTiles/Outside_3074.asset using Guid(8db15ab99d617914aaad79e980665afe) Importer(2089858483,b0f066a214c2f5e87bad3c948f4d605d) (ScriptedImporter) -> (artifact id: '9595b46b0f7310447a8129575ef6b7e9') in 0.0099366 seconds
Number of updated asset objects reloaded before import = 0Number of asset objects unloaded after import = 2

========================================================================
Received Import Request.
  Time since last request: 0.000025 seconds.
  path: Assets/Graphisms/Tilesets/SubTiles/Outside_3386.asset
  artifactKey: Guid(688c6380dbd9836498651f1448410e21) Importer(2089858483,b0f066a214c2f5e87bad3c948f4d605d)
Start importing Assets/Graphisms/Tilesets/SubTiles/Outside_3386.asset using Guid(688c6380dbd9836498651f1448410e21) Importer(2089858483,b0f066a214c2f5e87bad3c948f4d605d) (ScriptedImporter) -> (artifact id: 'e4d26835a2a854087433628c54a6e384') in 0.0093922 seconds
Number of updated asset objects reloaded before import = 0Number of asset objects unloaded after import = 2

========================================================================
Received Import Request.
  Time since last request: 0.000041 seconds.
  path: Assets/Graphisms/Tilesets/SubTiles/Outside_1091.asset
  artifactKey: Guid(04e2b17957795074db4a51466c5c748f) Importer(2089858483,b0f066a214c2f5e87bad3c948f4d605d)
Start importing Assets/Graphisms/Tilesets/SubTiles/Outside_1091.asset using Guid(04e2b17957795074db4a51466c5c748f) Importer(2089858483,b0f066a214c2f5e87bad3c948f4d605d) (ScriptedImporter) -> (artifact id: '005e0de43df2a62b412d64bf552e0f86') in 0.0121658 seconds
Number of updated asset objects reloaded before import = 0Number of asset objects unloaded after import = 2

========================================================================
Received Import Request.
  Time since last request: 0.000016 seconds.
  path: Assets/Graphisms/Tilesets/SubTiles/Outside_2235.asset
  artifactKey: Guid(1f6c910a13089684fb29d2a0918dfe34) Importer(2089858483,b0f066a214c2f5e87bad3c948f4d605d)
Start importing Assets/Graphisms/Tilesets/SubTiles/Outside_2235.asset using Guid(1f6c910a13089684fb29d2a0918dfe34) Importer(2089858483,b0f066a214c2f5e87bad3c948f4d605d) (ScriptedImporter) -> (artifact id: '5ab815d630fcdc9c6614e7948e811dbd') in 0.0106794 seconds
Number of updated asset objects reloaded before import = 0Number of asset objects unloaded after import = 2

========================================================================
Received Import Request.
  Time since last request: 0.000021 seconds.
  path: Assets/Graphisms/Tilesets/SubTiles/Outside_2373.asset
  artifactKey: Guid(b25a2bd0d92cfe74291758cc210847e6) Importer(2089858483,b0f066a214c2f5e87bad3c948f4d605d)
Start importing Assets/Graphisms/Tilesets/SubTiles/Outside_2373.asset using Guid(b25a2bd0d92cfe74291758cc210847e6) Importer(2089858483,b0f066a214c2f5e87bad3c948f4d605d) (ScriptedImporter) -> (artifact id: 'd25580c6407a7f47c7395caa299a9719') in 0.0103913 seconds
Number of updated asset objects reloaded before import = 0Number of asset objects unloaded after import = 2

========================================================================
Received Import Request.
  Time since last request: 0.000025 seconds.
  path: Assets/Graphisms/Tilesets/SubTiles/Outside_2311.asset
  artifactKey: Guid(68369f226cb04ba449b386a1958cf479) Importer(2089858483,b0f066a214c2f5e87bad3c948f4d605d)
Start importing Assets/Graphisms/Tilesets/SubTiles/Outside_2311.asset using Guid(68369f226cb04ba449b386a1958cf479) Importer(2089858483,b0f066a214c2f5e87bad3c948f4d605d) (ScriptedImporter) -> (artifact id: 'b5e26c70e8ff117e26cb346703578e24') in 0.0117099 seconds
Number of updated asset objects reloaded before import = 0Number of asset objects unloaded after import = 2

========================================================================
Received Import Request.
  Time since last request: 0.000024 seconds.
  path: Assets/Graphisms/Tilesets/SubTiles/Outside_3658.asset
  artifactKey: Guid(c9bac7ce3793bd647bf8efdf35eb9265) Importer(2089858483,b0f066a214c2f5e87bad3c948f4d605d)
Start importing Assets/Graphisms/Tilesets/SubTiles/Outside_3658.asset using Guid(c9bac7ce3793bd647bf8efdf35eb9265) Importer(2089858483,b0f066a214c2f5e87bad3c948f4d605d) (ScriptedImporter) -> (artifact id: '144c6da0f249bd939f2bdaaa22194941') in 0.0145188 seconds
Number of updated asset objects reloaded before import = 0Number of asset objects unloaded after import = 2

========================================================================
Received Import Request.
  Time since last request: 0.000055 seconds.
  path: Assets/Graphisms/Tilesets/SubTiles/Outside_1894.asset
  artifactKey: Guid(f36175174cdc5ad4fa5e2d80b0e56543) Importer(2089858483,b0f066a214c2f5e87bad3c948f4d605d)
Start importing Assets/Graphisms/Tilesets/SubTiles/Outside_1894.asset using Guid(f36175174cdc5ad4fa5e2d80b0e56543) Importer(2089858483,b0f066a214c2f5e87bad3c948f4d605d) (ScriptedImporter) -> (artifact id: 'a435cf2bde65d76cd3b354442b7fbea4') in 0.0112211 seconds
Number of updated asset objects reloaded before import = 0Number of asset objects unloaded after import = 2

========================================================================
Received Import Request.
  Time since last request: 0.000023 seconds.
  path: Assets/Graphisms/Tilesets/SubTiles/Outside_3000.asset
  artifactKey: Guid(e2a00e7dc9eeb2949b6d555cc49ad873) Importer(2089858483,b0f066a214c2f5e87bad3c948f4d605d)
Start importing Assets/Graphisms/Tilesets/SubTiles/Outside_3000.asset using Guid(e2a00e7dc9eeb2949b6d555cc49ad873) Importer(2089858483,b0f066a214c2f5e87bad3c948f4d605d) (ScriptedImporter) -> (artifact id: 'fd91cc2addede8a570f6a184a0929f2c') in 0.0102631 seconds
Number of updated asset objects reloaded before import = 0Number of asset objects unloaded after import = 2

========================================================================
Received Import Request.
  Time since last request: 0.000022 seconds.
  path: Assets/Graphisms/Tilesets/SubTiles/Outside_2838.asset
  artifactKey: Guid(018b36873aa5f964f9456ddb3635a89e) Importer(2089858483,b0f066a214c2f5e87bad3c948f4d605d)
Start importing Assets/Graphisms/Tilesets/SubTiles/Outside_2838.asset using Guid(018b36873aa5f964f9456ddb3635a89e) Importer(2089858483,b0f066a214c2f5e87bad3c948f4d605d) (ScriptedImporter) -> (artifact id: '848b79a114f5a5f453d592532efe9d36') in 0.016654 seconds
Number of updated asset objects reloaded before import = 0Number of asset objects unloaded after import = 2

========================================================================
Received Import Request.
  Time since last request: 0.000037 seconds.
  path: Assets/Graphisms/Tilesets/SubTiles/Outside_142.asset
  artifactKey: Guid(907379c6bd1d3164d9c5826e54d8be9f) Importer(2089858483,b0f066a214c2f5e87bad3c948f4d605d)
Start importing Assets/Graphisms/Tilesets/SubTiles/Outside_142.asset using Guid(907379c6bd1d3164d9c5826e54d8be9f) Importer(2089858483,b0f066a214c2f5e87bad3c948f4d605d) (ScriptedImporter) -> (artifact id: 'a76adc68e4f50513368fbe256800d2d9') in 0.0107397 seconds
Number of updated asset objects reloaded before import = 0Number of asset objects unloaded after import = 2

========================================================================
Received Import Request.
  Time since last request: 0.000024 seconds.
  path: Assets/Graphisms/Tilesets/SubTiles/Outside_2853.asset
  artifactKey: Guid(a3c7b90f667e1e44fba67b37b5943a79) Importer(2089858483,b0f066a214c2f5e87bad3c948f4d605d)
Start importing Assets/Graphisms/Tilesets/SubTiles/Outside_2853.asset using Guid(a3c7b90f667e1e44fba67b37b5943a79) Importer(2089858483,b0f066a214c2f5e87bad3c948f4d605d) (ScriptedImporter) -> (artifact id: '429cfcb064b7cf57f718ab019fbd454d') in 0.0118736 seconds
Number of updated asset objects reloaded before import = 0Number of asset objects unloaded after import = 2

========================================================================
Received Import Request.
  Time since last request: 0.000030 seconds.
  path: Assets/Graphisms/Tilesets/SubTiles/Outside_2276.asset
  artifactKey: Guid(b79ea8e6bf074084b8b7d76bc69aee7b) Importer(2089858483,b0f066a214c2f5e87bad3c948f4d605d)
Start importing Assets/Graphisms/Tilesets/SubTiles/Outside_2276.asset using Guid(b79ea8e6bf074084b8b7d76bc69aee7b) Importer(2089858483,b0f066a214c2f5e87bad3c948f4d605d) (ScriptedImporter) -> (artifact id: '05117c04e761ce83aee699ba09af5e54') in 0.0104181 seconds
Number of updated asset objects reloaded before import = 0Number of asset objects unloaded after import = 2

========================================================================
Received Import Request.
  Time since last request: 0.000027 seconds.
  path: Assets/Graphisms/Tilesets/SubTiles/Outside_2644.asset
  artifactKey: Guid(6a83f286710da2f408fe5df321370923) Importer(2089858483,b0f066a214c2f5e87bad3c948f4d605d)
Start importing Assets/Graphisms/Tilesets/SubTiles/Outside_2644.asset using Guid(6a83f286710da2f408fe5df321370923) Importer(2089858483,b0f066a214c2f5e87bad3c948f4d605d) (ScriptedImporter) -> (artifact id: 'f1a2027c875461bb1bd5acdfd231140d') in 0.0116467 seconds
Number of updated asset objects reloaded before import = 0Number of asset objects unloaded after import = 2

========================================================================
Received Import Request.
  Time since last request: 0.000035 seconds.
  path: Assets/Graphisms/Tilesets/SubTiles/Outside_1198.asset
  artifactKey: Guid(44a0837b9035c874aa8c8228374f3935) Importer(2089858483,b0f066a214c2f5e87bad3c948f4d605d)
Start importing Assets/Graphisms/Tilesets/SubTiles/Outside_1198.asset using Guid(44a0837b9035c874aa8c8228374f3935) Importer(2089858483,b0f066a214c2f5e87bad3c948f4d605d) (ScriptedImporter) -> (artifact id: '14ab930864fdf02d9e5592b816f79fe3') in 0.0102052 seconds
Number of updated asset objects reloaded before import = 0Number of asset objects unloaded after import = 2

========================================================================
Received Import Request.
  Time since last request: 0.000022 seconds.
  path: Assets/Graphisms/Tilesets/SubTiles/Outside_819.asset
  artifactKey: Guid(1de7103a9a5e80c48bc0089e7b62ce6e) Importer(2089858483,b0f066a214c2f5e87bad3c948f4d605d)
Start importing Assets/Graphisms/Tilesets/SubTiles/Outside_819.asset using Guid(1de7103a9a5e80c48bc0089e7b62ce6e) Importer(2089858483,b0f066a214c2f5e87bad3c948f4d605d) (ScriptedImporter) -> (artifact id: '2167398907795efdad16af3383275bbf') in 0.0091228 seconds
Number of updated asset objects reloaded before import = 0Number of asset objects unloaded after import = 2

========================================================================
Received Import Request.
  Time since last request: 0.000025 seconds.
  path: Assets/Graphisms/Tilesets/SubTiles/Outside_148.asset
  artifactKey: Guid(6483e6a99be85f44e9a6930cfc4dbf9e) Importer(2089858483,b0f066a214c2f5e87bad3c948f4d605d)
Start importing Assets/Graphisms/Tilesets/SubTiles/Outside_148.asset using Guid(6483e6a99be85f44e9a6930cfc4dbf9e) Importer(2089858483,b0f066a214c2f5e87bad3c948f4d605d) (ScriptedImporter) -> (artifact id: '7d2694caea581673edc68e54605642a5') in 0.0094747 seconds
Number of updated asset objects reloaded before import = 0Number of asset objects unloaded after import = 2

========================================================================
Received Import Request.
  Time since last request: 0.000030 seconds.
  path: Assets/Graphisms/Tilesets/SubTiles/Outside_1920.asset
  artifactKey: Guid(dca7a393f07cf824b89d387decd0bf39) Importer(2089858483,b0f066a214c2f5e87bad3c948f4d605d)
Start importing Assets/Graphisms/Tilesets/SubTiles/Outside_1920.asset using Guid(dca7a393f07cf824b89d387decd0bf39) Importer(2089858483,b0f066a214c2f5e87bad3c948f4d605d) (ScriptedImporter) -> (artifact id: 'e16b49ab88724a53d938e67758a604e5') in 0.0120547 seconds
Number of updated asset objects reloaded before import = 0Number of asset objects unloaded after import = 2

========================================================================
Received Import Request.
  Time since last request: 0.000055 seconds.
  path: Assets/Graphisms/Tilesets/SubTiles/Outside_3183.asset
  artifactKey: Guid(5d01289183defa54aa1f58e8e76de1ef) Importer(2089858483,b0f066a214c2f5e87bad3c948f4d605d)
Start importing Assets/Graphisms/Tilesets/SubTiles/Outside_3183.asset using Guid(5d01289183defa54aa1f58e8e76de1ef) Importer(2089858483,b0f066a214c2f5e87bad3c948f4d605d) (ScriptedImporter) -> (artifact id: 'e9a432972b619c672421e690a28cc062') in 0.0112207 seconds
Number of updated asset objects reloaded before import = 0Number of asset objects unloaded after import = 2

========================================================================
Received Import Request.
  Time since last request: 0.000050 seconds.
  path: Assets/Graphisms/Tilesets/SubTiles/Outside_3465.asset
  artifactKey: Guid(5ec8e8cfe268562419435c78a5f26886) Importer(2089858483,b0f066a214c2f5e87bad3c948f4d605d)
Start importing Assets/Graphisms/Tilesets/SubTiles/Outside_3465.asset using Guid(5ec8e8cfe268562419435c78a5f26886) Importer(2089858483,b0f066a214c2f5e87bad3c948f4d605d) (ScriptedImporter) -> (artifact id: 'be599330e6bfcf0b098314509f776559') in 0.00925 seconds
Number of updated asset objects reloaded before import = 0Number of asset objects unloaded after import = 2

========================================================================
Received Import Request.
  Time since last request: 0.000039 seconds.
  path: Assets/Graphisms/Tilesets/SubTiles/Outside_3690.asset
  artifactKey: Guid(92ee02c92d097284e91af5ac15de2647) Importer(2089858483,b0f066a214c2f5e87bad3c948f4d605d)
Start importing Assets/Graphisms/Tilesets/SubTiles/Outside_3690.asset using Guid(92ee02c92d097284e91af5ac15de2647) Importer(2089858483,b0f066a214c2f5e87bad3c948f4d605d) (ScriptedImporter) -> (artifact id: 'd31e14659e9189a0248e46370d8eaacc') in 0.0113762 seconds
Number of updated asset objects reloaded before import = 0Number of asset objects unloaded after import = 2

========================================================================
Received Import Request.
  Time since last request: 0.000040 seconds.
  path: Assets/Graphisms/Tilesets/SubTiles/Outside_1272.asset
  artifactKey: Guid(9503604cf87a6be4b94f967871cd8086) Importer(2089858483,b0f066a214c2f5e87bad3c948f4d605d)
Start importing Assets/Graphisms/Tilesets/SubTiles/Outside_1272.asset using Guid(9503604cf87a6be4b94f967871cd8086) Importer(2089858483,b0f066a214c2f5e87bad3c948f4d605d) (ScriptedImporter) -> (artifact id: 'ee948f526d390fc7e670a4f6d22b5b91') in 0.0133492 seconds
Number of updated asset objects reloaded before import = 0Number of asset objects unloaded after import = 2

========================================================================
Received Import Request.
  Time since last request: 0.000021 seconds.
  path: Assets/Graphisms/Tilesets/SubTiles/Outside_1383.asset
  artifactKey: Guid(ab6bc8d9a24e0554f9f0c77006427e19) Importer(2089858483,b0f066a214c2f5e87bad3c948f4d605d)
Start importing Assets/Graphisms/Tilesets/SubTiles/Outside_1383.asset using Guid(ab6bc8d9a24e0554f9f0c77006427e19) Importer(2089858483,b0f066a214c2f5e87bad3c948f4d605d) (ScriptedImporter) -> (artifact id: 'd98f9e5398d28c866dba5fb4cfa774f5') in 0.0116327 seconds
Number of updated asset objects reloaded before import = 0Number of asset objects unloaded after import = 2

========================================================================
Received Import Request.
  Time since last request: 0.000031 seconds.
  path: Assets/Graphisms/Tilesets/SubTiles/Outside_1972.asset
  artifactKey: Guid(0770d5feae3dda9478b9a20304f96144) Importer(2089858483,b0f066a214c2f5e87bad3c948f4d605d)
Start importing Assets/Graphisms/Tilesets/SubTiles/Outside_1972.asset using Guid(0770d5feae3dda9478b9a20304f96144) Importer(2089858483,b0f066a214c2f5e87bad3c948f4d605d) (ScriptedImporter) -> (artifact id: 'b71ccfd0a29b8fae834363c7f7615de9') in 0.0115182 seconds
Number of updated asset objects reloaded before import = 0Number of asset objects unloaded after import = 2

========================================================================
Received Import Request.
  Time since last request: 0.000031 seconds.
  path: Assets/Graphisms/Tilesets/SubTiles/Outside_929.asset
  artifactKey: Guid(ea48c7b01d3de4e4baff0618aacf623f) Importer(2089858483,b0f066a214c2f5e87bad3c948f4d605d)
Start importing Assets/Graphisms/Tilesets/SubTiles/Outside_929.asset using Guid(ea48c7b01d3de4e4baff0618aacf623f) Importer(2089858483,b0f066a214c2f5e87bad3c948f4d605d) (ScriptedImporter) -> (artifact id: 'a5be53d73e05fe0c071a37dafb25ea90') in 0.0107995 seconds
Number of updated asset objects reloaded before import = 0Number of asset objects unloaded after import = 2

========================================================================
Received Import Request.
  Time since last request: 0.000043 seconds.
  path: Assets/Graphisms/Tilesets/SubTiles/Outside_2029.asset
  artifactKey: Guid(5cb6c2167748b1b4095a5d08e0cc0adb) Importer(2089858483,b0f066a214c2f5e87bad3c948f4d605d)
Start importing Assets/Graphisms/Tilesets/SubTiles/Outside_2029.asset using Guid(5cb6c2167748b1b4095a5d08e0cc0adb) Importer(2089858483,b0f066a214c2f5e87bad3c948f4d605d) (ScriptedImporter) -> (artifact id: '322988a2f48f9730273d2e165eb2d65d') in 0.0113839 seconds
Number of updated asset objects reloaded before import = 0Number of asset objects unloaded after import = 2

========================================================================
Received Import Request.
  Time since last request: 0.000020 seconds.
  path: Assets/Graphisms/Tilesets/SubTiles/Outside_3470.asset
  artifactKey: Guid(aef7456ff7ad9824cb014bad960cf60f) Importer(2089858483,b0f066a214c2f5e87bad3c948f4d605d)
Start importing Assets/Graphisms/Tilesets/SubTiles/Outside_3470.asset using Guid(aef7456ff7ad9824cb014bad960cf60f) Importer(2089858483,b0f066a214c2f5e87bad3c948f4d605d) (ScriptedImporter) -> (artifact id: '7312f97392f9821f110beeb70d7561fd') in 0.0122954 seconds
Number of updated asset objects reloaded before import = 0Number of asset objects unloaded after import = 2

========================================================================
Received Import Request.
  Time since last request: 0.000035 seconds.
  path: Assets/Graphisms/Tilesets/SubTiles/Outside_861.asset
  artifactKey: Guid(ba357c09114c8864ebad732d32f65ec5) Importer(2089858483,b0f066a214c2f5e87bad3c948f4d605d)
Start importing Assets/Graphisms/Tilesets/SubTiles/Outside_861.asset using Guid(ba357c09114c8864ebad732d32f65ec5) Importer(2089858483,b0f066a214c2f5e87bad3c948f4d605d) (ScriptedImporter) -> (artifact id: '914a6e4397bad03434cd5a2465b56cf8') in 0.013966 seconds
Number of updated asset objects reloaded before import = 0Number of asset objects unloaded after import = 2

========================================================================
Received Import Request.
  Time since last request: 0.000023 seconds.
  path: Assets/Graphisms/Tilesets/SubTiles/Outside_53.asset
  artifactKey: Guid(eea1bb2510fb3fc4494074200967aeed) Importer(2089858483,b0f066a214c2f5e87bad3c948f4d605d)
Start importing Assets/Graphisms/Tilesets/SubTiles/Outside_53.asset using Guid(eea1bb2510fb3fc4494074200967aeed) Importer(2089858483,b0f066a214c2f5e87bad3c948f4d605d) (ScriptedImporter) -> (artifact id: '41d6951d178da2221e5734c935717a80') in 0.0239322 seconds
Number of updated asset objects reloaded before import = 0Number of asset objects unloaded after import = 2

========================================================================
Received Import Request.
  Time since last request: 0.000034 seconds.
  path: Assets/Graphisms/Tilesets/SubTiles/Outside_3102.asset
  artifactKey: Guid(946e60598c073594aaa4f82d4c79297a) Importer(2089858483,b0f066a214c2f5e87bad3c948f4d605d)
Start importing Assets/Graphisms/Tilesets/SubTiles/Outside_3102.asset using Guid(946e60598c073594aaa4f82d4c79297a) Importer(2089858483,b0f066a214c2f5e87bad3c948f4d605d) (ScriptedImporter) -> (artifact id: '06a051111b2514138ebbdb29a015df00') in 0.0093123 seconds
Number of updated asset objects reloaded before import = 0Number of asset objects unloaded after import = 2

========================================================================
Received Import Request.
  Time since last request: 0.000023 seconds.
  path: Assets/Graphisms/Tilesets/SubTiles/Outside_2254.asset
  artifactKey: Guid(85364ee431543334ba2dc03b0ddd1ca1) Importer(2089858483,b0f066a214c2f5e87bad3c948f4d605d)
Start importing Assets/Graphisms/Tilesets/SubTiles/Outside_2254.asset using Guid(85364ee431543334ba2dc03b0ddd1ca1) Importer(2089858483,b0f066a214c2f5e87bad3c948f4d605d) (ScriptedImporter) -> (artifact id: '7611d5e0d4b6d7767c3b361197e9792e') in 0.0100239 seconds
Number of updated asset objects reloaded before import = 0Number of asset objects unloaded after import = 2

========================================================================
Received Import Request.
  Time since last request: 0.000025 seconds.
  path: Assets/Graphisms/Tilesets/SubTiles/Outside_920.asset
  artifactKey: Guid(7935dd5e403d54e4f9a3eb9fc13a4321) Importer(2089858483,b0f066a214c2f5e87bad3c948f4d605d)
Start importing Assets/Graphisms/Tilesets/SubTiles/Outside_920.asset using Guid(7935dd5e403d54e4f9a3eb9fc13a4321) Importer(2089858483,b0f066a214c2f5e87bad3c948f4d605d) (ScriptedImporter) -> (artifact id: 'ed08db74ac8bf791003eb42aaa5540a2') in 0.0302214 seconds
Number of updated asset objects reloaded before import = 0Number of asset objects unloaded after import = 2

========================================================================
Received Import Request.
  Time since last request: 0.000046 seconds.
  path: Assets/Graphisms/Tilesets/SubTiles/Outside_1170.asset
  artifactKey: Guid(42485399b1dbbb547b2d40bcdd9b4e96) Importer(2089858483,b0f066a214c2f5e87bad3c948f4d605d)
Start importing Assets/Graphisms/Tilesets/SubTiles/Outside_1170.asset using Guid(42485399b1dbbb547b2d40bcdd9b4e96) Importer(2089858483,b0f066a214c2f5e87bad3c948f4d605d) (ScriptedImporter) -> (artifact id: '993712417e75398376d1095c8582f74a') in 0.0102874 seconds
Number of updated asset objects reloaded before import = 0Number of asset objects unloaded after import = 2

========================================================================
Received Import Request.
  Time since last request: 0.000039 seconds.
  path: Assets/Graphisms/Tilesets/SubTiles/Outside_3371.asset
  artifactKey: Guid(e4e4e8b08b2a1ad4ba6ebf0f2f1b35db) Importer(2089858483,b0f066a214c2f5e87bad3c948f4d605d)
Start importing Assets/Graphisms/Tilesets/SubTiles/Outside_3371.asset using Guid(e4e4e8b08b2a1ad4ba6ebf0f2f1b35db) Importer(2089858483,b0f066a214c2f5e87bad3c948f4d605d) (ScriptedImporter) -> (artifact id: '1100dd3f8803288a6c712b9d02b5b0bb') in 0.0103176 seconds
Number of updated asset objects reloaded before import = 0Number of asset objects unloaded after import = 2

========================================================================
Received Import Request.
  Time since last request: 0.000033 seconds.
  path: Assets/Graphisms/Tilesets/SubTiles/Outside_2019.asset
  artifactKey: Guid(692f7663cd538bd4f8d323558fde30b3) Importer(2089858483,b0f066a214c2f5e87bad3c948f4d605d)
Start importing Assets/Graphisms/Tilesets/SubTiles/Outside_2019.asset using Guid(692f7663cd538bd4f8d323558fde30b3) Importer(2089858483,b0f066a214c2f5e87bad3c948f4d605d) (ScriptedImporter) -> (artifact id: '81c8bd09e26f2aebb446e281fbfef833') in 0.0134353 seconds
Number of updated asset objects reloaded before import = 0Number of asset objects unloaded after import = 2

========================================================================
Received Import Request.
  Time since last request: 0.000030 seconds.
  path: Assets/Graphisms/Tilesets/SubTiles/Outside_2892.asset
  artifactKey: Guid(9f64cd8c8028d744490c22a1d58d5b98) Importer(2089858483,b0f066a214c2f5e87bad3c948f4d605d)
Start importing Assets/Graphisms/Tilesets/SubTiles/Outside_2892.asset using Guid(9f64cd8c8028d744490c22a1d58d5b98) Importer(2089858483,b0f066a214c2f5e87bad3c948f4d605d) (ScriptedImporter) -> (artifact id: '60bcbeb6c4f9809943a5efc68ee09fdd') in 0.0317852 seconds
Number of updated asset objects reloaded before import = 0Number of asset objects unloaded after import = 2

========================================================================
Received Import Request.
  Time since last request: 0.000129 seconds.
  path: Assets/Graphisms/Tilesets/SubTiles/Outside_423.asset
  artifactKey: Guid(2589789a4123b594c8eea40b03793313) Importer(2089858483,b0f066a214c2f5e87bad3c948f4d605d)
Start importing Assets/Graphisms/Tilesets/SubTiles/Outside_423.asset using Guid(2589789a4123b594c8eea40b03793313) Importer(2089858483,b0f066a214c2f5e87bad3c948f4d605d) (ScriptedImporter) -> (artifact id: '80de6a3e0aae4f6c7c1fbc9eb5aba627') in 0.0102099 seconds
Number of updated asset objects reloaded before import = 0Number of asset objects unloaded after import = 2

========================================================================
Received Import Request.
  Time since last request: 0.000042 seconds.
  path: Assets/Graphisms/Tilesets/SubTiles/Outside_1187.asset
  artifactKey: Guid(cbe33461bf17e41488639463449a25d8) Importer(2089858483,b0f066a214c2f5e87bad3c948f4d605d)
Start importing Assets/Graphisms/Tilesets/SubTiles/Outside_1187.asset using Guid(cbe33461bf17e41488639463449a25d8) Importer(2089858483,b0f066a214c2f5e87bad3c948f4d605d) (ScriptedImporter) -> (artifact id: 'aca4e71375b9392a55c6da21354dafb6') in 0.0111778 seconds
Number of updated asset objects reloaded before import = 0Number of asset objects unloaded after import = 2

========================================================================
Received Import Request.
  Time since last request: 0.000029 seconds.
  path: Assets/Graphisms/Tilesets/SubTiles/Outside_3578.asset
  artifactKey: Guid(a6492b8bf4e082049a9431c1aa09b3aa) Importer(2089858483,b0f066a214c2f5e87bad3c948f4d605d)
Start importing Assets/Graphisms/Tilesets/SubTiles/Outside_3578.asset using Guid(a6492b8bf4e082049a9431c1aa09b3aa) Importer(2089858483,b0f066a214c2f5e87bad3c948f4d605d) (ScriptedImporter) -> (artifact id: 'efd39f58d1e78ec041cee5e9f560ddf9') in 0.0108402 seconds
Number of updated asset objects reloaded before import = 0Number of asset objects unloaded after import = 2

========================================================================
Received Import Request.
  Time since last request: 0.000021 seconds.
  path: Assets/Graphisms/Tilesets/SubTiles/Outside_2274.asset
  artifactKey: Guid(20dcc6db3f070214e928bbc94c18dad4) Importer(2089858483,b0f066a214c2f5e87bad3c948f4d605d)
Start importing Assets/Graphisms/Tilesets/SubTiles/Outside_2274.asset using Guid(20dcc6db3f070214e928bbc94c18dad4) Importer(2089858483,b0f066a214c2f5e87bad3c948f4d605d) (ScriptedImporter) -> (artifact id: 'f6409c297bb1a02d01c52eb848923584') in 0.01104 seconds
Number of updated asset objects reloaded before import = 0Number of asset objects unloaded after import = 2

========================================================================
Received Import Request.
  Time since last request: 0.000029 seconds.
  path: Assets/Graphisms/Tilesets/SubTiles/Outside_3808.asset
  artifactKey: Guid(4cc4d1e1d0d79f545a26209de060992b) Importer(2089858483,b0f066a214c2f5e87bad3c948f4d605d)
Start importing Assets/Graphisms/Tilesets/SubTiles/Outside_3808.asset using Guid(4cc4d1e1d0d79f545a26209de060992b) Importer(2089858483,b0f066a214c2f5e87bad3c948f4d605d) (ScriptedImporter) -> (artifact id: '38edafcc0282158d9b96529333d31301') in 0.010854 seconds
Number of updated asset objects reloaded before import = 0Number of asset objects unloaded after import = 2

========================================================================
Received Import Request.
  Time since last request: 0.000039 seconds.
  path: Assets/Graphisms/Tilesets/SubTiles/Outside_3646.asset
  artifactKey: Guid(e4cb95041a4459d48849d83e781977e1) Importer(2089858483,b0f066a214c2f5e87bad3c948f4d605d)
Start importing Assets/Graphisms/Tilesets/SubTiles/Outside_3646.asset using Guid(e4cb95041a4459d48849d83e781977e1) Importer(2089858483,b0f066a214c2f5e87bad3c948f4d605d) (ScriptedImporter) -> (artifact id: '7b32c41db14b8771d5b013003dc38252') in 0.010185 seconds
Number of updated asset objects reloaded before import = 0Number of asset objects unloaded after import = 2

========================================================================
Received Import Request.
  Time since last request: 0.000017 seconds.
  path: Assets/Graphisms/Tilesets/SubTiles/Outside_3228.asset
  artifactKey: Guid(b2d25d3e723d8264fb9ffc66c671b9fc) Importer(2089858483,b0f066a214c2f5e87bad3c948f4d605d)
Start importing Assets/Graphisms/Tilesets/SubTiles/Outside_3228.asset using Guid(b2d25d3e723d8264fb9ffc66c671b9fc) Importer(2089858483,b0f066a214c2f5e87bad3c948f4d605d) (ScriptedImporter) -> (artifact id: '99809b8e261d2d2cc6fc8a05b08847a6') in 0.0118332 seconds
Number of updated asset objects reloaded before import = 0Number of asset objects unloaded after import = 2

========================================================================
Received Import Request.
  Time since last request: 0.000020 seconds.
  path: Assets/Graphisms/Tilesets/SubTiles/Outside_934.asset
  artifactKey: Guid(6e9531b3e56fb43478c285069b036a5f) Importer(2089858483,b0f066a214c2f5e87bad3c948f4d605d)
Start importing Assets/Graphisms/Tilesets/SubTiles/Outside_934.asset using Guid(6e9531b3e56fb43478c285069b036a5f) Importer(2089858483,b0f066a214c2f5e87bad3c948f4d605d) (ScriptedImporter) -> (artifact id: 'e3d326fa8de6d1ae616b4b1c408b6908') in 0.0115635 seconds
Number of updated asset objects reloaded before import = 0Number of asset objects unloaded after import = 2

========================================================================
Received Import Request.
  Time since last request: 0.000020 seconds.
  path: Assets/Graphisms/Tilesets/SubTiles/Outside_3353.asset
  artifactKey: Guid(1e5768e4a8527a549b4c88819c57c773) Importer(2089858483,b0f066a214c2f5e87bad3c948f4d605d)
Start importing Assets/Graphisms/Tilesets/SubTiles/Outside_3353.asset using Guid(1e5768e4a8527a549b4c88819c57c773) Importer(2089858483,b0f066a214c2f5e87bad3c948f4d605d) (ScriptedImporter) -> (artifact id: 'e26b10ff8fb2ee076262225f2b59b853') in 0.0098709 seconds
Number of updated asset objects reloaded before import = 0Number of asset objects unloaded after import = 2

========================================================================
Received Import Request.
  Time since last request: 0.000029 seconds.
  path: Assets/Graphisms/Tilesets/SubTiles/Outside_86.asset
  artifactKey: Guid(37a72800aec95b34490dc50e16a8923c) Importer(2089858483,b0f066a214c2f5e87bad3c948f4d605d)
Start importing Assets/Graphisms/Tilesets/SubTiles/Outside_86.asset using Guid(37a72800aec95b34490dc50e16a8923c) Importer(2089858483,b0f066a214c2f5e87bad3c948f4d605d) (ScriptedImporter) -> (artifact id: '3febae62aab51cf635312eeb69379100') in 0.0085792 seconds
Number of updated asset objects reloaded before import = 0Number of asset objects unloaded after import = 2

========================================================================
Received Import Request.
  Time since last request: 0.000030 seconds.
  path: Assets/Graphisms/Tilesets/SubTiles/Outside_5.asset
  artifactKey: Guid(a76b826863fc2da4ea8bc37a674da66f) Importer(2089858483,b0f066a214c2f5e87bad3c948f4d605d)
Start importing Assets/Graphisms/Tilesets/SubTiles/Outside_5.asset using Guid(a76b826863fc2da4ea8bc37a674da66f) Importer(2089858483,b0f066a214c2f5e87bad3c948f4d605d) (ScriptedImporter) -> (artifact id: '131da7b0f7318cad5a261f5fd86e7edb') in 0.0268331 seconds
Number of updated asset objects reloaded before import = 0Number of asset objects unloaded after import = 2

========================================================================
Received Import Request.
  Time since last request: 0.000020 seconds.
  path: Assets/Graphisms/Tilesets/SubTiles/Outside_982.asset
  artifactKey: Guid(bd376c5779910a049a845b9b1a737308) Importer(2089858483,b0f066a214c2f5e87bad3c948f4d605d)
Start importing Assets/Graphisms/Tilesets/SubTiles/Outside_982.asset using Guid(bd376c5779910a049a845b9b1a737308) Importer(2089858483,b0f066a214c2f5e87bad3c948f4d605d) (ScriptedImporter) -> (artifact id: '357d0b7f320778b11280e4c73b1e4164') in 0.009415 seconds
Number of updated asset objects reloaded before import = 0Number of asset objects unloaded after import = 2

========================================================================
Received Import Request.
  Time since last request: 0.000024 seconds.
  path: Assets/Graphisms/Tilesets/SubTiles/Outside_1449.asset
  artifactKey: Guid(2c88c1fb3bf2d9348a10387947dfa4ce) Importer(2089858483,b0f066a214c2f5e87bad3c948f4d605d)
Start importing Assets/Graphisms/Tilesets/SubTiles/Outside_1449.asset using Guid(2c88c1fb3bf2d9348a10387947dfa4ce) Importer(2089858483,b0f066a214c2f5e87bad3c948f4d605d) (ScriptedImporter) -> (artifact id: '372d8f7c41d153801b86198bf563b8e7') in 0.0088874 seconds
Number of updated asset objects reloaded before import = 0Number of asset objects unloaded after import = 2

========================================================================
Received Import Request.
  Time since last request: 0.000029 seconds.
  path: Assets/Graphisms/Tilesets/SubTiles/Outside_817.asset
  artifactKey: Guid(6e5f129ef74026342afd39eb97e32f1e) Importer(2089858483,b0f066a214c2f5e87bad3c948f4d605d)
Start importing Assets/Graphisms/Tilesets/SubTiles/Outside_817.asset using Guid(6e5f129ef74026342afd39eb97e32f1e) Importer(2089858483,b0f066a214c2f5e87bad3c948f4d605d) (ScriptedImporter) -> (artifact id: 'd1299cb7ad26541a9942f01547f4f260') in 0.0097975 seconds
Number of updated asset objects reloaded before import = 0Number of asset objects unloaded after import = 2

========================================================================
Received Import Request.
  Time since last request: 0.000043 seconds.
  path: Assets/Graphisms/Tilesets/SubTiles/Outside_2215.asset
  artifactKey: Guid(3f29e034262be4548b4e53ffd8feef36) Importer(2089858483,b0f066a214c2f5e87bad3c948f4d605d)
Start importing Assets/Graphisms/Tilesets/SubTiles/Outside_2215.asset using Guid(3f29e034262be4548b4e53ffd8feef36) Importer(2089858483,b0f066a214c2f5e87bad3c948f4d605d) (ScriptedImporter) -> (artifact id: 'ec4d713ca83a529698bb63284cf53b85') in 0.0137337 seconds
Number of updated asset objects reloaded before import = 0Number of asset objects unloaded after import = 2

========================================================================
Received Import Request.
  Time since last request: 0.000028 seconds.
  path: Assets/Graphisms/Tilesets/SubTiles/Outside_768.asset
  artifactKey: Guid(2556006a36b07d3478de4bbf39f2a8ae) Importer(2089858483,b0f066a214c2f5e87bad3c948f4d605d)
Start importing Assets/Graphisms/Tilesets/SubTiles/Outside_768.asset using Guid(2556006a36b07d3478de4bbf39f2a8ae) Importer(2089858483,b0f066a214c2f5e87bad3c948f4d605d) (ScriptedImporter) -> (artifact id: '93313e0e6c19db296430418e5da9d7dc') in 0.0104683 seconds
Number of updated asset objects reloaded before import = 0Number of asset objects unloaded after import = 2

========================================================================
Received Import Request.
  Time since last request: 0.000023 seconds.
  path: Assets/Graphisms/Tilesets/SubTiles/Outside_3815.asset
  artifactKey: Guid(c738ae6f6f7b7824fb1fffc15cd140bf) Importer(2089858483,b0f066a214c2f5e87bad3c948f4d605d)
Start importing Assets/Graphisms/Tilesets/SubTiles/Outside_3815.asset using Guid(c738ae6f6f7b7824fb1fffc15cd140bf) Importer(2089858483,b0f066a214c2f5e87bad3c948f4d605d) (ScriptedImporter) -> (artifact id: '0a13c49316bcef9c7f71839140fef638') in 0.0108302 seconds
Number of updated asset objects reloaded before import = 0Number of asset objects unloaded after import = 2

========================================================================
Received Import Request.
  Time since last request: 0.000019 seconds.
  path: Assets/Graphisms/Tilesets/SubTiles/Outside_919.asset
  artifactKey: Guid(c9cfa1f176dfd694eb6d09d27a155569) Importer(2089858483,b0f066a214c2f5e87bad3c948f4d605d)
Start importing Assets/Graphisms/Tilesets/SubTiles/Outside_919.asset using Guid(c9cfa1f176dfd694eb6d09d27a155569) Importer(2089858483,b0f066a214c2f5e87bad3c948f4d605d) (ScriptedImporter) -> (artifact id: 'ced50a2c2a191672cbb79cc7e7ca1bdd') in 0.009909 seconds
Number of updated asset objects reloaded before import = 0Number of asset objects unloaded after import = 2

========================================================================
Received Import Request.
  Time since last request: 0.000026 seconds.
  path: Assets/Graphisms/Tilesets/SubTiles/Outside_3799.asset
  artifactKey: Guid(22ebd94f1584dc14f9c742cf907e4fe6) Importer(2089858483,b0f066a214c2f5e87bad3c948f4d605d)
Start importing Assets/Graphisms/Tilesets/SubTiles/Outside_3799.asset using Guid(22ebd94f1584dc14f9c742cf907e4fe6) Importer(2089858483,b0f066a214c2f5e87bad3c948f4d605d) (ScriptedImporter) -> (artifact id: 'f9e26bd26f6b3048be2bbd0926b2cf70') in 0.0110521 seconds
Number of updated asset objects reloaded before import = 0Number of asset objects unloaded after import = 2

========================================================================
Received Import Request.
  Time since last request: 0.000047 seconds.
  path: Assets/Graphisms/Tilesets/SubTiles/Outside_1299.asset
  artifactKey: Guid(071f99910e9619f43a075814660fe913) Importer(2089858483,b0f066a214c2f5e87bad3c948f4d605d)
Start importing Assets/Graphisms/Tilesets/SubTiles/Outside_1299.asset using Guid(071f99910e9619f43a075814660fe913) Importer(2089858483,b0f066a214c2f5e87bad3c948f4d605d) (ScriptedImporter) -> (artifact id: '588aeafd5549d38ef5801fe56849fa4f') in 0.0140534 seconds
Number of updated asset objects reloaded before import = 0Number of asset objects unloaded after import = 2

========================================================================
Received Import Request.
  Time since last request: 0.000021 seconds.
  path: Assets/Graphisms/Tilesets/SubTiles/Outside_3344.asset
  artifactKey: Guid(d0799b8c88ef7b040a4272ab82c5c58c) Importer(2089858483,b0f066a214c2f5e87bad3c948f4d605d)
Start importing Assets/Graphisms/Tilesets/SubTiles/Outside_3344.asset using Guid(d0799b8c88ef7b040a4272ab82c5c58c) Importer(2089858483,b0f066a214c2f5e87bad3c948f4d605d) (ScriptedImporter) -> (artifact id: '86d57187decc10772685eb8e87a86175') in 0.0117857 seconds
Number of updated asset objects reloaded before import = 0Number of asset objects unloaded after import = 2

========================================================================
Received Import Request.
  Time since last request: 0.000019 seconds.
  path: Assets/Graphisms/Tilesets/SubTiles/Outside_2765.asset
  artifactKey: Guid(846ce902ca84f234a99accf62296fb98) Importer(2089858483,b0f066a214c2f5e87bad3c948f4d605d)
Start importing Assets/Graphisms/Tilesets/SubTiles/Outside_2765.asset using Guid(846ce902ca84f234a99accf62296fb98) Importer(2089858483,b0f066a214c2f5e87bad3c948f4d605d) (ScriptedImporter) -> (artifact id: '532dc1c69414bcbd800b54cb5c4c228f') in 0.0148336 seconds
Number of updated asset objects reloaded before import = 0Number of asset objects unloaded after import = 2

========================================================================
Received Import Request.
  Time since last request: 0.000025 seconds.
  path: Assets/Graphisms/Tilesets/SubTiles/Outside_1998.asset
  artifactKey: Guid(62d988a6d2b91004588a6732b7f42f68) Importer(2089858483,b0f066a214c2f5e87bad3c948f4d605d)
Start importing Assets/Graphisms/Tilesets/SubTiles/Outside_1998.asset using Guid(62d988a6d2b91004588a6732b7f42f68) Importer(2089858483,b0f066a214c2f5e87bad3c948f4d605d) (ScriptedImporter) -> (artifact id: '25d58cc6b2c8434d95b9f26344557f00') in 0.011182 seconds
Number of updated asset objects reloaded before import = 0Number of asset objects unloaded after import = 2

========================================================================
Received Import Request.
  Time since last request: 0.000023 seconds.
  path: Assets/Graphisms/Tilesets/SubTiles/Outside_3272.asset
  artifactKey: Guid(9d5f42a9b286dcd4ca3690558afbdfff) Importer(2089858483,b0f066a214c2f5e87bad3c948f4d605d)
Start importing Assets/Graphisms/Tilesets/SubTiles/Outside_3272.asset using Guid(9d5f42a9b286dcd4ca3690558afbdfff) Importer(2089858483,b0f066a214c2f5e87bad3c948f4d605d) (ScriptedImporter) -> (artifact id: '11998f1cdcf13a56303558f8ca5ff39f') in 0.0113517 seconds
Number of updated asset objects reloaded before import = 0Number of asset objects unloaded after import = 2

========================================================================
Received Import Request.
  Time since last request: 0.000038 seconds.
  path: Assets/Graphisms/Tilesets/SubTiles/Outside_1730.asset
  artifactKey: Guid(5c325ff87fb7243408477a8eaa53e97f) Importer(2089858483,b0f066a214c2f5e87bad3c948f4d605d)
Start importing Assets/Graphisms/Tilesets/SubTiles/Outside_1730.asset using Guid(5c325ff87fb7243408477a8eaa53e97f) Importer(2089858483,b0f066a214c2f5e87bad3c948f4d605d) (ScriptedImporter) -> (artifact id: '3c565e5920f0b5813ff9e5650e5503a8') in 0.0099038 seconds
Number of updated asset objects reloaded before import = 0Number of asset objects unloaded after import = 2

========================================================================
Received Import Request.
  Time since last request: 0.000035 seconds.
  path: Assets/Graphisms/Tilesets/SubTiles/Outside_2885.asset
  artifactKey: Guid(bfe1621ef83a99249b194a315eaad052) Importer(2089858483,b0f066a214c2f5e87bad3c948f4d605d)
Start importing Assets/Graphisms/Tilesets/SubTiles/Outside_2885.asset using Guid(bfe1621ef83a99249b194a315eaad052) Importer(2089858483,b0f066a214c2f5e87bad3c948f4d605d) (ScriptedImporter) -> (artifact id: 'b3c5539f25a0b149cc732c1bd701f199') in 0.0105521 seconds
Number of updated asset objects reloaded before import = 0Number of asset objects unloaded after import = 2

========================================================================
Received Import Request.
  Time since last request: 0.000029 seconds.
  path: Assets/Graphisms/Tilesets/SubTiles/Outside_2970.asset
  artifactKey: Guid(782cadf8b9c8b3e4998f53bdfb071ea0) Importer(2089858483,b0f066a214c2f5e87bad3c948f4d605d)
Start importing Assets/Graphisms/Tilesets/SubTiles/Outside_2970.asset using Guid(782cadf8b9c8b3e4998f53bdfb071ea0) Importer(2089858483,b0f066a214c2f5e87bad3c948f4d605d) (ScriptedImporter) -> (artifact id: '5649a39229853719f3899f1c156b6ae3') in 0.010611 seconds
Number of updated asset objects reloaded before import = 0Number of asset objects unloaded after import = 2

========================================================================
Received Import Request.
  Time since last request: 0.000037 seconds.
  path: Assets/Graphisms/Tilesets/SubTiles/Outside_3809.asset
  artifactKey: Guid(aa4c6ec83d82df14baf5d5c4a88a3587) Importer(2089858483,b0f066a214c2f5e87bad3c948f4d605d)
Start importing Assets/Graphisms/Tilesets/SubTiles/Outside_3809.asset using Guid(aa4c6ec83d82df14baf5d5c4a88a3587) Importer(2089858483,b0f066a214c2f5e87bad3c948f4d605d) (ScriptedImporter) -> (artifact id: '8403f599ff804a72907560e22718efec') in 0.0113978 seconds
Number of updated asset objects reloaded before import = 0Number of asset objects unloaded after import = 2

========================================================================
Received Import Request.
  Time since last request: 0.000038 seconds.
  path: Assets/Graphisms/Tilesets/SubTiles/Outside_68.asset
  artifactKey: Guid(3b3aa6dd4da695f49a4107403ed6c0f0) Importer(2089858483,b0f066a214c2f5e87bad3c948f4d605d)
Start importing Assets/Graphisms/Tilesets/SubTiles/Outside_68.asset using Guid(3b3aa6dd4da695f49a4107403ed6c0f0) Importer(2089858483,b0f066a214c2f5e87bad3c948f4d605d) (ScriptedImporter) -> (artifact id: '85aa9fcf9a7956ad988059b0ca4ee74b') in 0.0255551 seconds
Number of updated asset objects reloaded before import = 0Number of asset objects unloaded after import = 2

========================================================================
Received Import Request.
  Time since last request: 0.000034 seconds.
  path: Assets/Graphisms/Tilesets/SubTiles/Outside_629.asset
  artifactKey: Guid(9079eab22724ccd478863b609135f7dc) Importer(2089858483,b0f066a214c2f5e87bad3c948f4d605d)
Start importing Assets/Graphisms/Tilesets/SubTiles/Outside_629.asset using Guid(9079eab22724ccd478863b609135f7dc) Importer(2089858483,b0f066a214c2f5e87bad3c948f4d605d) (ScriptedImporter) -> (artifact id: '2e51b271f29339ea6ef1b73bf96d4756') in 0.0101431 seconds
Number of updated asset objects reloaded before import = 0Number of asset objects unloaded after import = 2

========================================================================
Received Import Request.
  Time since last request: 0.000021 seconds.
  path: Assets/Graphisms/Tilesets/SubTiles/Outside_292.asset
  artifactKey: Guid(04737ee334bd64343b6514841132ff62) Importer(2089858483,b0f066a214c2f5e87bad3c948f4d605d)
Start importing Assets/Graphisms/Tilesets/SubTiles/Outside_292.asset using Guid(04737ee334bd64343b6514841132ff62) Importer(2089858483,b0f066a214c2f5e87bad3c948f4d605d) (ScriptedImporter) -> (artifact id: '4989198684644166ac2b0c1dc7aecded') in 0.0114927 seconds
Number of updated asset objects reloaded before import = 0Number of asset objects unloaded after import = 2

========================================================================
Received Import Request.
  Time since last request: 0.000024 seconds.
  path: Assets/Graphisms/Tilesets/SubTiles/Outside_3496.asset
  artifactKey: Guid(9116ecb80c93ed540bb8618396e1b2de) Importer(2089858483,b0f066a214c2f5e87bad3c948f4d605d)
Start importing Assets/Graphisms/Tilesets/SubTiles/Outside_3496.asset using Guid(9116ecb80c93ed540bb8618396e1b2de) Importer(2089858483,b0f066a214c2f5e87bad3c948f4d605d) (ScriptedImporter) -> (artifact id: 'd8423635997766e947efcc995fd65f14') in 0.0120351 seconds
Number of updated asset objects reloaded before import = 0Number of asset objects unloaded after import = 2

========================================================================
Received Import Request.
  Time since last request: 0.000028 seconds.
  path: Assets/Graphisms/Tilesets/SubTiles/Outside_2379.asset
  artifactKey: Guid(11f4667f8f4614f4582362c09972a9be) Importer(2089858483,b0f066a214c2f5e87bad3c948f4d605d)
Start importing Assets/Graphisms/Tilesets/SubTiles/Outside_2379.asset using Guid(11f4667f8f4614f4582362c09972a9be) Importer(2089858483,b0f066a214c2f5e87bad3c948f4d605d) (ScriptedImporter) -> (artifact id: 'd1626a6fdf0b5fff94fe9a1eeb73bc2b') in 0.011686 seconds
Number of updated asset objects reloaded before import = 0Number of asset objects unloaded after import = 2

========================================================================
Received Import Request.
  Time since last request: 0.000034 seconds.
  path: Assets/Graphisms/Tilesets/SubTiles/Outside_541.asset
  artifactKey: Guid(d83ba5f13569581449ab514cf4d236b4) Importer(2089858483,b0f066a214c2f5e87bad3c948f4d605d)
Start importing Assets/Graphisms/Tilesets/SubTiles/Outside_541.asset using Guid(d83ba5f13569581449ab514cf4d236b4) Importer(2089858483,b0f066a214c2f5e87bad3c948f4d605d) (ScriptedImporter) -> (artifact id: '75f51d78d0001a642764e101fa8846f1') in 0.0116221 seconds
Number of updated asset objects reloaded before import = 0Number of asset objects unloaded after import = 2

========================================================================
Received Import Request.
  Time since last request: 0.000027 seconds.
  path: Assets/Graphisms/Tilesets/SubTiles/Outside_1555.asset
  artifactKey: Guid(5b3316a274d1283419080bcd94e7bd20) Importer(2089858483,b0f066a214c2f5e87bad3c948f4d605d)
Start importing Assets/Graphisms/Tilesets/SubTiles/Outside_1555.asset using Guid(5b3316a274d1283419080bcd94e7bd20) Importer(2089858483,b0f066a214c2f5e87bad3c948f4d605d) (ScriptedImporter) -> (artifact id: 'c9776e12693921cca7c888e01dd7df12') in 0.0114362 seconds
Number of updated asset objects reloaded before import = 0Number of asset objects unloaded after import = 2

========================================================================
Received Import Request.
  Time since last request: 0.000017 seconds.
  path: Assets/Graphisms/Tilesets/SubTiles/Outside_3275.asset
  artifactKey: Guid(e9987709718e91d47bf82e615ae59710) Importer(2089858483,b0f066a214c2f5e87bad3c948f4d605d)
Start importing Assets/Graphisms/Tilesets/SubTiles/Outside_3275.asset using Guid(e9987709718e91d47bf82e615ae59710) Importer(2089858483,b0f066a214c2f5e87bad3c948f4d605d) (ScriptedImporter) -> (artifact id: 'ee86865f0b6bed4ccbd5f43dd55b0dfb') in 0.012941 seconds
Number of updated asset objects reloaded before import = 0Number of asset objects unloaded after import = 2

========================================================================
Received Import Request.
  Time since last request: 0.000030 seconds.
  path: Assets/Graphisms/Tilesets/SubTiles/Outside_680.asset
  artifactKey: Guid(7d703342dbb16284088735e031bbc05a) Importer(2089858483,b0f066a214c2f5e87bad3c948f4d605d)
Start importing Assets/Graphisms/Tilesets/SubTiles/Outside_680.asset using Guid(7d703342dbb16284088735e031bbc05a) Importer(2089858483,b0f066a214c2f5e87bad3c948f4d605d) (ScriptedImporter) -> (artifact id: '14e7c169df5e5e642fa82d479d60bdee') in 0.0401917 seconds
Number of updated asset objects reloaded before import = 0Number of asset objects unloaded after import = 2

========================================================================
Received Import Request.
  Time since last request: 0.000031 seconds.
  path: Assets/Graphisms/Tilesets/SubTiles/Outside_1312.asset
  artifactKey: Guid(5afccd6ccdb5dfe4b8fb955ad4f4d146) Importer(2089858483,b0f066a214c2f5e87bad3c948f4d605d)
Start importing Assets/Graphisms/Tilesets/SubTiles/Outside_1312.asset using Guid(5afccd6ccdb5dfe4b8fb955ad4f4d146) Importer(2089858483,b0f066a214c2f5e87bad3c948f4d605d) (ScriptedImporter) -> (artifact id: '4ec41f0edc251762adedb7067113ee05') in 0.0104387 seconds
Number of updated asset objects reloaded before import = 0Number of asset objects unloaded after import = 2

========================================================================
Received Import Request.
  Time since last request: 0.000042 seconds.
  path: Assets/Graphisms/Tilesets/SubTiles/Outside_1248.asset
  artifactKey: Guid(ff5be88c943c22d44833bd640953bbc4) Importer(2089858483,b0f066a214c2f5e87bad3c948f4d605d)
Start importing Assets/Graphisms/Tilesets/SubTiles/Outside_1248.asset using Guid(ff5be88c943c22d44833bd640953bbc4) Importer(2089858483,b0f066a214c2f5e87bad3c948f4d605d) (ScriptedImporter) -> (artifact id: '19328e7f5248e4030be5439cb6dd9a92') in 0.0122698 seconds
Number of updated asset objects reloaded before import = 0Number of asset objects unloaded after import = 2

========================================================================
Received Import Request.
  Time since last request: 0.000021 seconds.
  path: Assets/Graphisms/Tilesets/SubTiles/Outside_2658.asset
  artifactKey: Guid(dcfc80cc4830201448294f06ae5cdaa2) Importer(2089858483,b0f066a214c2f5e87bad3c948f4d605d)
Start importing Assets/Graphisms/Tilesets/SubTiles/Outside_2658.asset using Guid(dcfc80cc4830201448294f06ae5cdaa2) Importer(2089858483,b0f066a214c2f5e87bad3c948f4d605d) (ScriptedImporter) -> (artifact id: '6e397085b87f11b929c12bd55d0fbb57') in 0.0398691 seconds
Number of updated asset objects reloaded before import = 0Number of asset objects unloaded after import = 2

========================================================================
Received Import Request.
  Time since last request: 0.000026 seconds.
  path: Assets/Graphisms/Tilesets/SubTiles/Outside_2477.asset
  artifactKey: Guid(bc68bbea580d74143943089aafdc8219) Importer(2089858483,b0f066a214c2f5e87bad3c948f4d605d)
Start importing Assets/Graphisms/Tilesets/SubTiles/Outside_2477.asset using Guid(bc68bbea580d74143943089aafdc8219) Importer(2089858483,b0f066a214c2f5e87bad3c948f4d605d) (ScriptedImporter) -> (artifact id: '00b0a5916c8e0b8ef1405bd70ee3294a') in 0.1715164 seconds
Number of updated asset objects reloaded before import = 0Number of asset objects unloaded after import = 2

========================================================================
Received Import Request.
  Time since last request: 0.000030 seconds.
  path: Assets/Graphisms/Tilesets/SubTiles/Outside_1386.asset
  artifactKey: Guid(aef01894de91015429651ffcff5d2188) Importer(2089858483,b0f066a214c2f5e87bad3c948f4d605d)
Start importing Assets/Graphisms/Tilesets/SubTiles/Outside_1386.asset using Guid(aef01894de91015429651ffcff5d2188) Importer(2089858483,b0f066a214c2f5e87bad3c948f4d605d) (ScriptedImporter) -> (artifact id: '7066ac82c2b18a8494ceef6995eaf4d8') in 0.018751 seconds
Number of updated asset objects reloaded before import = 0Number of asset objects unloaded after import = 2

========================================================================
Received Import Request.
  Time since last request: 0.000032 seconds.
  path: Assets/Graphisms/Tilesets/SubTiles/Outside_3111.asset
  artifactKey: Guid(db2c0ff4e08700745aa35cfa693e51cf) Importer(2089858483,b0f066a214c2f5e87bad3c948f4d605d)
Start importing Assets/Graphisms/Tilesets/SubTiles/Outside_3111.asset using Guid(db2c0ff4e08700745aa35cfa693e51cf) Importer(2089858483,b0f066a214c2f5e87bad3c948f4d605d) (ScriptedImporter) -> (artifact id: '73706535ceb5c4e1e2d09e574211a586') in 0.0106789 seconds
Number of updated asset objects reloaded before import = 0Number of asset objects unloaded after import = 2

========================================================================
Received Import Request.
  Time since last request: 0.000020 seconds.
  path: Assets/Graphisms/Tilesets/SubTiles/Outside_3330.asset
  artifactKey: Guid(a43c4d50b328c1a4ab462fecb076343c) Importer(2089858483,b0f066a214c2f5e87bad3c948f4d605d)
Start importing Assets/Graphisms/Tilesets/SubTiles/Outside_3330.asset using Guid(a43c4d50b328c1a4ab462fecb076343c) Importer(2089858483,b0f066a214c2f5e87bad3c948f4d605d) (ScriptedImporter) -> (artifact id: '31e9ed7065ee8490717ed81cfa40b0a8') in 0.0354323 seconds
Number of updated asset objects reloaded before import = 0Number of asset objects unloaded after import = 2

========================================================================
Received Import Request.
  Time since last request: 0.000023 seconds.
  path: Assets/Graphisms/Tilesets/SubTiles/Outside_1646.asset
  artifactKey: Guid(f089d4b6069639540870a92591e79cd0) Importer(2089858483,b0f066a214c2f5e87bad3c948f4d605d)
Start importing Assets/Graphisms/Tilesets/SubTiles/Outside_1646.asset using Guid(f089d4b6069639540870a92591e79cd0) Importer(2089858483,b0f066a214c2f5e87bad3c948f4d605d) (ScriptedImporter) -> (artifact id: 'bece20c63834184c8a8c0795e1b4929b') in 0.1212773 seconds
Number of updated asset objects reloaded before import = 0Number of asset objects unloaded after import = 2

========================================================================
Received Import Request.
  Time since last request: 0.000026 seconds.
  path: Assets/Graphisms/Tilesets/SubTiles/Outside_2068.asset
  artifactKey: Guid(7c9a4ea9ef05b264ea557dbdb9e09866) Importer(2089858483,b0f066a214c2f5e87bad3c948f4d605d)
Start importing Assets/Graphisms/Tilesets/SubTiles/Outside_2068.asset using Guid(7c9a4ea9ef05b264ea557dbdb9e09866) Importer(2089858483,b0f066a214c2f5e87bad3c948f4d605d) (ScriptedImporter) -> (artifact id: 'f285646a7ccffdd023e07149438636ec') in 0.0121691 seconds
Number of updated asset objects reloaded before import = 0Number of asset objects unloaded after import = 2

========================================================================
Received Prepare
Begin MonoManager ReloadAssembly
[Licensing::Client] Successfully resolved entitlement details
- Loaded All Assemblies, in  1.236 seconds
Refreshing native plugins compatible for Editor in 2.77 ms, found 4 plugins.
Native extension for WindowsStandalone target not found
Native extension for WebGL target not found
[Package Manager] Failed to launch server process. Reason: Unity was launched with the -noUpm command-line argument
[Package Manager] Unable to send message (not connected to server process).
[Package Manager] Cannot connect to Unity Package Manager local server
Mono: successfully reloaded assembly
- Finished resetting the current domain, in  1.431 seconds
Domain Reload Profiling: 2672ms
	BeginReloadAssembly (401ms)
		ExecutionOrderSort (0ms)
		DisableScriptedObjects (20ms)
		BackupInstance (0ms)
		ReleaseScriptingObjects (0ms)
		CreateAndSetChildDomain (95ms)
	RebuildCommonClasses (49ms)
	RebuildNativeTypeToScriptingClass (20ms)
	initialDomainReloadingComplete (38ms)
	LoadAllAssembliesAndSetupDomain (733ms)
		LoadAssemblies (649ms)
		RebuildTransferFunctionScriptingTraits (0ms)
		AnalyzeDomain (301ms)
			TypeCache.Refresh (10ms)
				TypeCache.ScanAssembly (0ms)
			BuildScriptInfoCaches (271ms)
			ResolveRequiredComponents (15ms)
	FinalizeReload (1432ms)
		ReleaseScriptCaches (0ms)
		RebuildScriptCaches (0ms)
		SetupLoadedEditorAssemblies (1209ms)
			LogAssemblyErrors (0ms)
			InitializePlatformSupportModulesInManaged (3ms)
			SetLoadedEditorAssemblies (11ms)
			BeforeProcessingInitializeOnLoad (362ms)
			ProcessInitializeOnLoadAttributes (686ms)
			ProcessInitializeOnLoadMethodAttributes (143ms)
			AfterProcessingInitializeOnLoad (4ms)
			EditorAssembliesLoaded (1ms)
		ExecutionOrderSort2 (0ms)
		AwakeInstancesAfterBackupRestoration (23ms)
Refreshing native plugins compatible for Editor in 2.58 ms, found 4 plugins.
Preloading 0 native plugins for Editor in 0.00 ms.
Unloading 16 Unused Serialized files (Serialized files now loaded: 0)
Unloading 6869 unused Assets / (3.9 MB). Loaded Objects now: 7787.
Memory consumption went from 161.5 MB to 157.5 MB.
Total: 14.582800 ms (FindLiveObjects: 1.443200 ms CreateObjectMapping: 0.932400 ms MarkObjects: 8.218200 ms  DeleteObjects: 3.986900 ms)

Prepare: number of updated asset objects reloaded= 20
Editor requested this worker to shutdown with reason: Scaling down because of idle timeout
AssetImportWorkerClient::OnTransportError - code=2 error=End of file
AssetImportWorker is now disconnected from the server
Process exiting
Exiting without the bug reporter. Application will terminate with return code 0