[Licensing::Module] Trying to connect to existing licensing client channel...
Built from '6000.3/staging' branch; Version is '6000.3.0f1 (d1870ce95baf) revision 13731596'; Using compiler version '194234433'; Build Type 'Release'
OS: 'Windows 10  (10.0.19045) 64bit Professional' Language: 'fr' Physical Memory: 32716 MB
[Licensing::IpcConnector] Successfully connected to: "LicenseClient-Julien" at "2026-01-10T17:59:05.7542836Z"
BatchMode: 1, IsHumanControllingUs: 0, StartBugReporterOnCrash: 0, Is64bit: 1
Date: 2026-01-10T17:59:05Z

COMMAND LINE ARGUMENTS:
D:\Unity\6000.3.0f1\Editor\Unity.exe
-adb2
-batchMode
-noUpm
-name
AssetImportWorker9
-projectPath
D:/GitProjects/PokemonHomeMade/PokemonHomeMade2D
-logFile
Logs/AssetImportWorker9.log
-srvPort
55696
-job-worker-count
5
-background-job-worker-count
8
-gc-helper-count
1
-name
AssetImport
Successfully changed project path to: D:/GitProjects/PokemonHomeMade/PokemonHomeMade2D
D:/GitProjects/PokemonHomeMade/PokemonHomeMade2D
[UnityMemory] Configuration Parameters - Can be set up in boot.config
    "memorysetup-temp-allocator-size-nav-mesh-worker=65536"
    "memorysetup-temp-allocator-size-audio-worker=65536"
    "memorysetup-temp-allocator-size-gfx=262144"
    "memorysetup-allocator-temp-initial-block-size-main=262144"
    "memorysetup-allocator-temp-initial-block-size-worker=262144"
    "memorysetup-temp-allocator-size-background-worker=32768"
    "memorysetup-temp-allocator-size-job-worker=262144"
    "memorysetup-temp-allocator-size-preload-manager=33554432"
    "memorysetup-temp-allocator-size-gi-baking-worker=262144"
    "memorysetup-temp-allocator-size-gi-baking-worker=262144"
    "memorysetup-temp-allocator-size-gi-baking-worker=262144"
    "memorysetup-temp-allocator-size-gi-baking-worker=262144"
    "memorysetup-temp-allocator-size-gi-baking-worker=262144"
    "memorysetup-bucket-allocator-granularity=16"
    "memorysetup-bucket-allocator-bucket-count=8"
    "memorysetup-bucket-allocator-block-size=33554432"
    "memorysetup-bucket-allocator-block-count=8"
    "memorysetup-main-allocator-block-size=16777216"
    "memorysetup-thread-allocator-block-size=16777216"
    "memorysetup-gfx-main-allocator-block-size=16777216"
    "memorysetup-gfx-thread-allocator-block-size=16777216"
    "memorysetup-cache-allocator-block-size=4194304"
    "memorysetup-typetree-allocator-block-size=2097152"
    "memorysetup-profiler-bucket-allocator-granularity=16"
    "memorysetup-profiler-bucket-allocator-bucket-count=8"
    "memorysetup-profiler-bucket-allocator-block-size=33554432"
    "memorysetup-profiler-bucket-allocator-block-count=8"
    "memorysetup-profiler-allocator-block-size=16777216"
    "memorysetup-profiler-editor-allocator-block-size=1048576"
    "memorysetup-temp-allocator-size-main=16777216"
    "memorysetup-job-temp-allocator-block-size=2097152"
    "memorysetup-job-temp-allocator-block-size-background=1048576"
    "memorysetup-job-temp-allocator-reduction-small-platforms=262144"
    "memorysetup-temp-allocator-size-cloud-worker=32768"
Player connection [15116]  Target information:

Player connection [15116]  * "[IP] 192.168.1.99 [Port] 0 [Flags] 2 [Guid] 4202178658 [EditorId] 4202178658 [Version] 1048832 [Id] WindowsEditor(7,Julien) [Debug] 1 [PackageName] WindowsEditor [ProjectName] Editor" 

Player connection [15116] Host joined multi-casting on [225.0.0.222:54997]...
Player connection [15116] Host joined alternative multi-casting on [225.0.0.222:34997]...
JobSystem: Creating JobQueue using job-worker-count value 5
Input System module state changed to: Initialized.
[Physics::Module] Initialized fallback backend.
[Physics::Module] Id: 0xdecafbad
Library Redirect Path: Library/
[Physics::Module] Selected backend.
[Physics::Module] Name: PhysX
[Physics::Module] Id: 0xf2b8ea05
[Physics::Module] SDK Version: 4.1.2
[Physics::Module] Integration Version: 1.0.0
[Physics::Module] Threading Mode: Multi-Threaded
Refreshing native plugins compatible for Editor in 291.71 ms, found 4 plugins.
Preloading 0 native plugins for Editor in 0.00 ms.
Initialize engine version: 6000.3.0f1 (d1870ce95baf)
[Subsystems] Discovering subsystems at path D:/Unity/6000.3.0f1/Editor/Data/Resources/UnitySubsystems
[Subsystems] Discovering subsystems at path D:/GitProjects/PokemonHomeMade/PokemonHomeMade2D/Assets
GfxDevice: creating device client; kGfxThreadingModeNonThreaded
Direct3D:
    Version:  Direct3D 11.0 [level 11.1]
    Renderer: NVIDIA GeForce RTX 2070 SUPER (ID=0x1e84)
    Vendor:   NVIDIA
    VRAM:     7989 MB
    Driver:   32.0.15.8180
Initialize mono
Mono path[0] = 'D:/Unity/6000.3.0f1/Editor/Data/Managed'
Mono path[1] = 'D:/Unity/6000.3.0f1/Editor/Data/MonoBleedingEdge/lib/mono/unityjit-win32'
Mono config path = 'D:/Unity/6000.3.0f1/Editor/Data/MonoBleedingEdge/etc'
Using monoOptions --debugger-agent=transport=dt_socket,embedding=1,server=y,suspend=n,address=127.0.0.1:56412
[Licensing::Client] Handshaking with LicensingClient:
  Version:                 1.17.4+4293ba1
  Session Id:              5520efb51b8c4172a2007e654d408651
  Correlation Id:          c713ceac18fc57bf60b5f07c6f8c5f57
  External correlation Id: 4409454446704320135
  Machine Id:              xqqLuAXBL5pu09ROvVKQKL94Qik=
[Licensing::Module] Successfully connected to LicensingClient on channel: "LicenseClient-Julien" (connect: 0.00s, validation: 0.00s, handshake: 1.72s)
[Licensing::IpcConnector] Successfully connected to: "LicenseClient-Julien-notifications" at "2026-01-10T17:59:07.4732104Z"
[Licensing::Module] Licensing Background thread has ended after 1.72s
Begin MonoManager ReloadAssembly
Registering precompiled unity dll's ...
Register platform support module: D:/Unity/6000.3.0f1/Editor/Data/PlaybackEngines/WebGLSupport/UnityEditor.WebGL.Extensions.dll
Register platform support module: D:/Unity/6000.3.0f1/Editor/Data/PlaybackEngines/WindowsStandaloneSupport/UnityEditor.WindowsStandalone.Extensions.dll
Registered in 0.003056 seconds.
- Loaded All Assemblies, in  0.765 seconds
Native extension for WindowsStandalone target not found
Native extension for WebGL target not found
Mono: successfully reloaded assembly
- Finished resetting the current domain, in  1.816 seconds
Domain Reload Profiling: 2580ms
	BeginReloadAssembly (230ms)
		ExecutionOrderSort (0ms)
		DisableScriptedObjects (0ms)
		BackupInstance (0ms)
		ReleaseScriptingObjects (0ms)
		CreateAndSetChildDomain (1ms)
	RebuildCommonClasses (54ms)
	RebuildNativeTypeToScriptingClass (20ms)
	initialDomainReloadingComplete (57ms)
	LoadAllAssembliesAndSetupDomain (403ms)
		LoadAssemblies (230ms)
		RebuildTransferFunctionScriptingTraits (0ms)
		AnalyzeDomain (394ms)
			TypeCache.Refresh (391ms)
				TypeCache.ScanAssembly (367ms)
			BuildScriptInfoCaches (0ms)
			ResolveRequiredComponents (1ms)
	FinalizeReload (1816ms)
		ReleaseScriptCaches (0ms)
		RebuildScriptCaches (0ms)
		SetupLoadedEditorAssemblies (1752ms)
			LogAssemblyErrors (0ms)
			InitializePlatformSupportModulesInManaged (68ms)
			SetLoadedEditorAssemblies (8ms)
			BeforeProcessingInitializeOnLoad (137ms)
			ProcessInitializeOnLoadAttributes (403ms)
			ProcessInitializeOnLoadMethodAttributes (1136ms)
			AfterProcessingInitializeOnLoad (0ms)
			EditorAssembliesLoaded (0ms)
		ExecutionOrderSort2 (0ms)
		AwakeInstancesAfterBackupRestoration (0ms)
========================================================================
Worker process is ready to serve import requests
Import Worker Mode flag is 0x00
Begin MonoManager ReloadAssembly
[Licensing::Client] Successfully resolved entitlement details
[Licensing::Module] License group:
  Id: 9071004324030-UnityPersXXXX
  Product: Unity Personal
  Type: Assigned
  Expiration: Unlimited
- Loaded All Assemblies, in  1.226 seconds
Refreshing native plugins compatible for Editor in 2.90 ms, found 4 plugins.
Native extension for WindowsStandalone target not found
Native extension for WebGL target not found
Package Manager log level set to [2]
[Package Manager] Failed to launch server process. Reason: Unity was launched with the -noUpm command-line argument
[Package Manager] Unable to send message (not connected to server process).
[Package Manager] Cannot connect to Unity Package Manager local server
Mono: successfully reloaded assembly
- Finished resetting the current domain, in  2.010 seconds
Domain Reload Profiling: 3233ms
	BeginReloadAssembly (323ms)
		ExecutionOrderSort (0ms)
		DisableScriptedObjects (11ms)
		BackupInstance (0ms)
		ReleaseScriptingObjects (0ms)
		CreateAndSetChildDomain (53ms)
	RebuildCommonClasses (52ms)
	RebuildNativeTypeToScriptingClass (16ms)
	initialDomainReloadingComplete (44ms)
	LoadAllAssembliesAndSetupDomain (788ms)
		LoadAssemblies (603ms)
		RebuildTransferFunctionScriptingTraits (0ms)
		AnalyzeDomain (379ms)
			TypeCache.Refresh (279ms)
				TypeCache.ScanAssembly (258ms)
			BuildScriptInfoCaches (79ms)
			ResolveRequiredComponents (15ms)
	FinalizeReload (2010ms)
		ReleaseScriptCaches (0ms)
		RebuildScriptCaches (0ms)
		SetupLoadedEditorAssemblies (1206ms)
			LogAssemblyErrors (0ms)
			InitializePlatformSupportModulesInManaged (3ms)
			SetLoadedEditorAssemblies (11ms)
			BeforeProcessingInitializeOnLoad (347ms)
			ProcessInitializeOnLoadAttributes (603ms)
			ProcessInitializeOnLoadMethodAttributes (240ms)
			AfterProcessingInitializeOnLoad (3ms)
			EditorAssembliesLoaded (0ms)
		ExecutionOrderSort2 (0ms)
		AwakeInstancesAfterBackupRestoration (7ms)
Launched and connected shader compiler UnityShaderCompiler.exe after 0.10 seconds
Refreshing native plugins compatible for Editor in 2.19 ms, found 4 plugins.
Preloading 0 native plugins for Editor in 0.00 ms.
Unloading 16 Unused Serialized files (Serialized files now loaded: 0)
Unloading 6871 unused Assets / (4.5 MB). Loaded Objects now: 7688.
Memory consumption went from 156.5 MB to 152.0 MB.
Total: 10.963600 ms (FindLiveObjects: 1.142300 ms CreateObjectMapping: 0.347100 ms MarkObjects: 6.855700 ms  DeleteObjects: 2.616900 ms)

========================================================================
Received Import Request.
  Time since last request: 26300.718288 seconds.
  path: Assets/Graphisms/Tilesets/SubTiles/Outside_1797.asset
  artifactKey: Guid(653106a381087f746898dce53e6a5c63) Importer(2089858483,b0f066a214c2f5e87bad3c948f4d605d)
Start importing Assets/Graphisms/Tilesets/SubTiles/Outside_1797.asset using Guid(653106a381087f746898dce53e6a5c63) Importer(2089858483,b0f066a214c2f5e87bad3c948f4d605d) (ScriptedImporter) -> (artifact id: '7cf4c534dbc5b6e92ae855cf243abc29') in 0.1857572 seconds
Number of updated asset objects reloaded before import = 0Number of asset objects unloaded after import = 2

========================================================================
Received Import Request.
  Time since last request: 0.000025 seconds.
  path: Assets/Graphisms/Tilesets/SubTiles/Outside_149.asset
  artifactKey: Guid(ca86f9fc1cc734747910530023fe0b0a) Importer(2089858483,b0f066a214c2f5e87bad3c948f4d605d)
Start importing Assets/Graphisms/Tilesets/SubTiles/Outside_149.asset using Guid(ca86f9fc1cc734747910530023fe0b0a) Importer(2089858483,b0f066a214c2f5e87bad3c948f4d605d) (ScriptedImporter) -> (artifact id: '7506c9116fba0b2177943fa9f1f7ca88') in 0.0441313 seconds
Number of updated asset objects reloaded before import = 0Number of asset objects unloaded after import = 2

========================================================================
Received Import Request.
  Time since last request: 0.000064 seconds.
  path: Assets/Graphisms/Tilesets/SubTiles/Outside_2485.asset
  artifactKey: Guid(f16151790d2fc1c42b1e017fc6981982) Importer(2089858483,b0f066a214c2f5e87bad3c948f4d605d)
Start importing Assets/Graphisms/Tilesets/SubTiles/Outside_2485.asset using Guid(f16151790d2fc1c42b1e017fc6981982) Importer(2089858483,b0f066a214c2f5e87bad3c948f4d605d) (ScriptedImporter) -> (artifact id: '14de20878690ebdef1fa818ed2091346') in 0.0303868 seconds
Number of updated asset objects reloaded before import = 0Number of asset objects unloaded after import = 2

========================================================================
Received Import Request.
  Time since last request: 0.000019 seconds.
  path: Assets/Graphisms/Tilesets/SubTiles/Outside_1193.asset
  artifactKey: Guid(515fc81f5da362146ad59f8f5d5eef5b) Importer(2089858483,b0f066a214c2f5e87bad3c948f4d605d)
Start importing Assets/Graphisms/Tilesets/SubTiles/Outside_1193.asset using Guid(515fc81f5da362146ad59f8f5d5eef5b) Importer(2089858483,b0f066a214c2f5e87bad3c948f4d605d) (ScriptedImporter) -> (artifact id: 'd8ffc46c3c12d2b84aff1eb70ad39bc7') in 0.044609 seconds
Number of updated asset objects reloaded before import = 0Number of asset objects unloaded after import = 2

========================================================================
Received Import Request.
  Time since last request: 0.000020 seconds.
  path: Assets/Graphisms/Tilesets/SubTiles/Outside_1367.asset
  artifactKey: Guid(3e471a004b2f6cc47b9126c974ce6025) Importer(2089858483,b0f066a214c2f5e87bad3c948f4d605d)
Start importing Assets/Graphisms/Tilesets/SubTiles/Outside_1367.asset using Guid(3e471a004b2f6cc47b9126c974ce6025) Importer(2089858483,b0f066a214c2f5e87bad3c948f4d605d) (ScriptedImporter) -> (artifact id: '68fee08f398772c9400502d150b384f1') in 0.1970949 seconds
Number of updated asset objects reloaded before import = 0Number of asset objects unloaded after import = 2

========================================================================
Received Import Request.
  Time since last request: 0.000029 seconds.
  path: Assets/Graphisms/Tilesets/SubTiles/Outside_170.asset
  artifactKey: Guid(b727d8ebe6ac78543a2a546c9d3eb3aa) Importer(2089858483,b0f066a214c2f5e87bad3c948f4d605d)
Start importing Assets/Graphisms/Tilesets/SubTiles/Outside_170.asset using Guid(b727d8ebe6ac78543a2a546c9d3eb3aa) Importer(2089858483,b0f066a214c2f5e87bad3c948f4d605d) (ScriptedImporter) -> (artifact id: '312b93fe47841d9054f8a31137624a69') in 0.0304602 seconds
Number of updated asset objects reloaded before import = 0Number of asset objects unloaded after import = 2

========================================================================
Received Import Request.
  Time since last request: 0.000032 seconds.
  path: Assets/Graphisms/Tilesets/SubTiles/Outside_2931.asset
  artifactKey: Guid(2797f4b81caa81847830275932dfee31) Importer(2089858483,b0f066a214c2f5e87bad3c948f4d605d)
Start importing Assets/Graphisms/Tilesets/SubTiles/Outside_2931.asset using Guid(2797f4b81caa81847830275932dfee31) Importer(2089858483,b0f066a214c2f5e87bad3c948f4d605d) (ScriptedImporter) -> (artifact id: '1810146d171a2065acc05d24aa71dbc1') in 0.0108278 seconds
Number of updated asset objects reloaded before import = 0Number of asset objects unloaded after import = 2

========================================================================
Received Import Request.
  Time since last request: 0.000024 seconds.
  path: Assets/Graphisms/Tilesets/SubTiles/Outside_3046.asset
  artifactKey: Guid(a8d5b0837b0162f4aa48bb58fbbb3fc4) Importer(2089858483,b0f066a214c2f5e87bad3c948f4d605d)
Start importing Assets/Graphisms/Tilesets/SubTiles/Outside_3046.asset using Guid(a8d5b0837b0162f4aa48bb58fbbb3fc4) Importer(2089858483,b0f066a214c2f5e87bad3c948f4d605d) (ScriptedImporter) -> (artifact id: 'ecd982eb2187e7d9889c60ac7da7a817') in 0.0102376 seconds
Number of updated asset objects reloaded before import = 0Number of asset objects unloaded after import = 2

========================================================================
Received Import Request.
  Time since last request: 0.000025 seconds.
  path: Assets/Graphisms/Tilesets/SubTiles/Outside_1066.asset
  artifactKey: Guid(71eeae9253c05484f80d4a8710a44745) Importer(2089858483,b0f066a214c2f5e87bad3c948f4d605d)
Start importing Assets/Graphisms/Tilesets/SubTiles/Outside_1066.asset using Guid(71eeae9253c05484f80d4a8710a44745) Importer(2089858483,b0f066a214c2f5e87bad3c948f4d605d) (ScriptedImporter) -> (artifact id: '7a00d4f7d4b4608cb1d90581373a3a3d') in 0.0104102 seconds
Number of updated asset objects reloaded before import = 0Number of asset objects unloaded after import = 2

========================================================================
Received Import Request.
  Time since last request: 0.000021 seconds.
  path: Assets/Graphisms/Tilesets/SubTiles/Outside_2294.asset
  artifactKey: Guid(58e077a9bcb943f409c1608a1524d9a4) Importer(2089858483,b0f066a214c2f5e87bad3c948f4d605d)
Start importing Assets/Graphisms/Tilesets/SubTiles/Outside_2294.asset using Guid(58e077a9bcb943f409c1608a1524d9a4) Importer(2089858483,b0f066a214c2f5e87bad3c948f4d605d) (ScriptedImporter) -> (artifact id: '8685d74cf8519703fcb67a5a7725c0bd') in 0.0470488 seconds
Number of updated asset objects reloaded before import = 0Number of asset objects unloaded after import = 2

========================================================================
Received Import Request.
  Time since last request: 0.000035 seconds.
  path: Assets/Graphisms/Tilesets/SubTiles/Outside_1496.asset
  artifactKey: Guid(c22a16e72f318cf448a2de6dcece409f) Importer(2089858483,b0f066a214c2f5e87bad3c948f4d605d)
Start importing Assets/Graphisms/Tilesets/SubTiles/Outside_1496.asset using Guid(c22a16e72f318cf448a2de6dcece409f) Importer(2089858483,b0f066a214c2f5e87bad3c948f4d605d) (ScriptedImporter) -> (artifact id: '71690d1081a52550122b2f067aab144e') in 0.0114078 seconds
Number of updated asset objects reloaded before import = 0Number of asset objects unloaded after import = 2

========================================================================
Received Import Request.
  Time since last request: 0.000040 seconds.
  path: Assets/Graphisms/Tilesets/SubTiles/Outside_1619.asset
  artifactKey: Guid(36ddf53a6c7159b45bc67fd2102414c4) Importer(2089858483,b0f066a214c2f5e87bad3c948f4d605d)
Start importing Assets/Graphisms/Tilesets/SubTiles/Outside_1619.asset using Guid(36ddf53a6c7159b45bc67fd2102414c4) Importer(2089858483,b0f066a214c2f5e87bad3c948f4d605d) (ScriptedImporter) -> (artifact id: '458c35160149446c44d20436d574886d') in 0.009692 seconds
Number of updated asset objects reloaded before import = 0Number of asset objects unloaded after import = 2

========================================================================
Received Import Request.
  Time since last request: 0.000022 seconds.
  path: Assets/Graphisms/Tilesets/SubTiles/Outside_247.asset
  artifactKey: Guid(43f515b1e0663a542b250fb2a49fa549) Importer(2089858483,b0f066a214c2f5e87bad3c948f4d605d)
Start importing Assets/Graphisms/Tilesets/SubTiles/Outside_247.asset using Guid(43f515b1e0663a542b250fb2a49fa549) Importer(2089858483,b0f066a214c2f5e87bad3c948f4d605d) (ScriptedImporter) -> (artifact id: '1f2e59cb02bb48cc9af6bbb07f1814d0') in 0.0138258 seconds
Number of updated asset objects reloaded before import = 0Number of asset objects unloaded after import = 2

========================================================================
Received Import Request.
  Time since last request: 0.000021 seconds.
  path: Assets/Graphisms/Tilesets/SubTiles/Outside_3340.asset
  artifactKey: Guid(b5bc78bb19969a047aa920db178113f9) Importer(2089858483,b0f066a214c2f5e87bad3c948f4d605d)
Start importing Assets/Graphisms/Tilesets/SubTiles/Outside_3340.asset using Guid(b5bc78bb19969a047aa920db178113f9) Importer(2089858483,b0f066a214c2f5e87bad3c948f4d605d) (ScriptedImporter) -> (artifact id: '299242aa912102603c7ddd2125f7f020') in 0.0097935 seconds
Number of updated asset objects reloaded before import = 0Number of asset objects unloaded after import = 2

========================================================================
Received Import Request.
  Time since last request: 0.000024 seconds.
  path: Assets/Graphisms/Tilesets/SubTiles/Outside_3319.asset
  artifactKey: Guid(de8c25c392b109b4eaf6a34f99849547) Importer(2089858483,b0f066a214c2f5e87bad3c948f4d605d)
Start importing Assets/Graphisms/Tilesets/SubTiles/Outside_3319.asset using Guid(de8c25c392b109b4eaf6a34f99849547) Importer(2089858483,b0f066a214c2f5e87bad3c948f4d605d) (ScriptedImporter) -> (artifact id: '1aed8b26a8010f3e6222110a5b5361a5') in 0.0117845 seconds
Number of updated asset objects reloaded before import = 0Number of asset objects unloaded after import = 2

========================================================================
Received Import Request.
  Time since last request: 0.000032 seconds.
  path: Assets/Graphisms/Tilesets/SubTiles/Outside_234.asset
  artifactKey: Guid(7b0007cde77a7d74ab9d84649c4c3988) Importer(2089858483,b0f066a214c2f5e87bad3c948f4d605d)
Start importing Assets/Graphisms/Tilesets/SubTiles/Outside_234.asset using Guid(7b0007cde77a7d74ab9d84649c4c3988) Importer(2089858483,b0f066a214c2f5e87bad3c948f4d605d) (ScriptedImporter) -> (artifact id: 'a159896b4a3918a6d41a8be7a095fe03') in 0.0108736 seconds
Number of updated asset objects reloaded before import = 0Number of asset objects unloaded after import = 2

========================================================================
Received Import Request.
  Time since last request: 0.000032 seconds.
  path: Assets/Graphisms/Tilesets/SubTiles/Outside_2629.asset
  artifactKey: Guid(9e5076a1d43fea74cab5849b2e3acf86) Importer(2089858483,b0f066a214c2f5e87bad3c948f4d605d)
Start importing Assets/Graphisms/Tilesets/SubTiles/Outside_2629.asset using Guid(9e5076a1d43fea74cab5849b2e3acf86) Importer(2089858483,b0f066a214c2f5e87bad3c948f4d605d) (ScriptedImporter) -> (artifact id: '9ee60ea542fdc97405037885e1c6602f') in 0.0105311 seconds
Number of updated asset objects reloaded before import = 0Number of asset objects unloaded after import = 2

========================================================================
Received Import Request.
  Time since last request: 0.000026 seconds.
  path: Assets/Graphisms/Tilesets/SubTiles/Outside_3932.asset
  artifactKey: Guid(1ea3f384d7fe9ab46a5e4b8593fecf66) Importer(2089858483,b0f066a214c2f5e87bad3c948f4d605d)
Start importing Assets/Graphisms/Tilesets/SubTiles/Outside_3932.asset using Guid(1ea3f384d7fe9ab46a5e4b8593fecf66) Importer(2089858483,b0f066a214c2f5e87bad3c948f4d605d) (ScriptedImporter) -> (artifact id: '8ce19864204b42667a997e5e2a26b6d6') in 0.0162265 seconds
Number of updated asset objects reloaded before import = 0Number of asset objects unloaded after import = 2

========================================================================
Received Import Request.
  Time since last request: 0.000027 seconds.
  path: Assets/Graphisms/Tilesets/SubTiles/Outside_3654.asset
  artifactKey: Guid(1aed869b78155bb4e857505c61e543d8) Importer(2089858483,b0f066a214c2f5e87bad3c948f4d605d)
Start importing Assets/Graphisms/Tilesets/SubTiles/Outside_3654.asset using Guid(1aed869b78155bb4e857505c61e543d8) Importer(2089858483,b0f066a214c2f5e87bad3c948f4d605d) (ScriptedImporter) -> (artifact id: 'e98c0f86dab2e8de78f8b249157f1eb6') in 0.0136724 seconds
Number of updated asset objects reloaded before import = 0Number of asset objects unloaded after import = 2

========================================================================
Received Import Request.
  Time since last request: 0.000024 seconds.
  path: Assets/Graphisms/Tilesets/SubTiles/Outside_2165.asset
  artifactKey: Guid(bf67905629fd87b40958fd8c9b75e38b) Importer(2089858483,b0f066a214c2f5e87bad3c948f4d605d)
Start importing Assets/Graphisms/Tilesets/SubTiles/Outside_2165.asset using Guid(bf67905629fd87b40958fd8c9b75e38b) Importer(2089858483,b0f066a214c2f5e87bad3c948f4d605d) (ScriptedImporter) -> (artifact id: 'bb5974e991e5ee24787a116e1ee116b9') in 0.028509 seconds
Number of updated asset objects reloaded before import = 0Number of asset objects unloaded after import = 2

========================================================================
Received Import Request.
  Time since last request: 0.000024 seconds.
  path: Assets/Graphisms/Tilesets/SubTiles/Outside_2554.asset
  artifactKey: Guid(53b78787eaf08b44f9cd0232a706d724) Importer(2089858483,b0f066a214c2f5e87bad3c948f4d605d)
Start importing Assets/Graphisms/Tilesets/SubTiles/Outside_2554.asset using Guid(53b78787eaf08b44f9cd0232a706d724) Importer(2089858483,b0f066a214c2f5e87bad3c948f4d605d) (ScriptedImporter) -> (artifact id: 'ddaecc8e4d18fa737d85fed599225e18') in 0.0107178 seconds
Number of updated asset objects reloaded before import = 0Number of asset objects unloaded after import = 2

========================================================================
Received Import Request.
  Time since last request: 0.000044 seconds.
  path: Assets/Graphisms/Tilesets/SubTiles/Outside_1864.asset
  artifactKey: Guid(d450de51bafac7c47b98c3a72bcfc541) Importer(2089858483,b0f066a214c2f5e87bad3c948f4d605d)
Start importing Assets/Graphisms/Tilesets/SubTiles/Outside_1864.asset using Guid(d450de51bafac7c47b98c3a72bcfc541) Importer(2089858483,b0f066a214c2f5e87bad3c948f4d605d) (ScriptedImporter) -> (artifact id: 'ff95d1b73e03b91f122b4c27a650b551') in 0.0254813 seconds
Number of updated asset objects reloaded before import = 0Number of asset objects unloaded after import = 2

========================================================================
Received Import Request.
  Time since last request: 0.000017 seconds.
  path: Assets/Graphisms/Tilesets/SubTiles/Outside_3192.asset
  artifactKey: Guid(bd0b49812e5603d47aaebceeaefe60ca) Importer(2089858483,b0f066a214c2f5e87bad3c948f4d605d)
Start importing Assets/Graphisms/Tilesets/SubTiles/Outside_3192.asset using Guid(bd0b49812e5603d47aaebceeaefe60ca) Importer(2089858483,b0f066a214c2f5e87bad3c948f4d605d) (ScriptedImporter) -> (artifact id: '5d6898b645e6292bfc7abdb354e22a78') in 0.0412035 seconds
Number of updated asset objects reloaded before import = 0Number of asset objects unloaded after import = 2

========================================================================
Received Import Request.
  Time since last request: 0.000021 seconds.
  path: Assets/Graphisms/Tilesets/SubTiles/Outside_1329.asset
  artifactKey: Guid(4fc7fdf1c2656a24e9eed347837ef0ff) Importer(2089858483,b0f066a214c2f5e87bad3c948f4d605d)
Start importing Assets/Graphisms/Tilesets/SubTiles/Outside_1329.asset using Guid(4fc7fdf1c2656a24e9eed347837ef0ff) Importer(2089858483,b0f066a214c2f5e87bad3c948f4d605d) (ScriptedImporter) -> (artifact id: '8eb7fbbd0476613b7265013c7d1520ef') in 0.0098682 seconds
Number of updated asset objects reloaded before import = 0Number of asset objects unloaded after import = 2

========================================================================
Received Import Request.
  Time since last request: 0.000028 seconds.
  path: Assets/Graphisms/Tilesets/SubTiles/Outside_3271.asset
  artifactKey: Guid(f3e7d82800cd9b749b7cbb6eb75e0c55) Importer(2089858483,b0f066a214c2f5e87bad3c948f4d605d)
Start importing Assets/Graphisms/Tilesets/SubTiles/Outside_3271.asset using Guid(f3e7d82800cd9b749b7cbb6eb75e0c55) Importer(2089858483,b0f066a214c2f5e87bad3c948f4d605d) (ScriptedImporter) -> (artifact id: '096204a51a869aafcdaf7a02879253c8') in 0.0105916 seconds
Number of updated asset objects reloaded before import = 0Number of asset objects unloaded after import = 2

========================================================================
Received Import Request.
  Time since last request: 0.000052 seconds.
  path: Assets/Graphisms/Tilesets/SubTiles/Outside_3354.asset
  artifactKey: Guid(7d31a8be48e7452479413398798dacc4) Importer(2089858483,b0f066a214c2f5e87bad3c948f4d605d)
Start importing Assets/Graphisms/Tilesets/SubTiles/Outside_3354.asset using Guid(7d31a8be48e7452479413398798dacc4) Importer(2089858483,b0f066a214c2f5e87bad3c948f4d605d) (ScriptedImporter) -> (artifact id: 'cb14d955dec4602a1910496c5547134d') in 0.0093348 seconds
Number of updated asset objects reloaded before import = 0Number of asset objects unloaded after import = 2

========================================================================
Received Import Request.
  Time since last request: 0.000018 seconds.
  path: Assets/Graphisms/Tilesets/SubTiles/Outside_547.asset
  artifactKey: Guid(379c780d6a0ac0142b0e504d67f9dbbc) Importer(2089858483,b0f066a214c2f5e87bad3c948f4d605d)
Start importing Assets/Graphisms/Tilesets/SubTiles/Outside_547.asset using Guid(379c780d6a0ac0142b0e504d67f9dbbc) Importer(2089858483,b0f066a214c2f5e87bad3c948f4d605d) (ScriptedImporter) -> (artifact id: '59d202fafd6afc94b220a6618425951b') in 0.0103278 seconds
Number of updated asset objects reloaded before import = 0Number of asset objects unloaded after import = 2

========================================================================
Received Import Request.
  Time since last request: 0.000018 seconds.
  path: Assets/Graphisms/Tilesets/SubTiles/Outside_556.asset
  artifactKey: Guid(c5f43ae313407944783a9589a6203f5d) Importer(2089858483,b0f066a214c2f5e87bad3c948f4d605d)
Start importing Assets/Graphisms/Tilesets/SubTiles/Outside_556.asset using Guid(c5f43ae313407944783a9589a6203f5d) Importer(2089858483,b0f066a214c2f5e87bad3c948f4d605d) (ScriptedImporter) -> (artifact id: '8a5dba5a7b8203cf7d781fbb45d1e4a5') in 0.0105991 seconds
Number of updated asset objects reloaded before import = 0Number of asset objects unloaded after import = 2

========================================================================
Received Import Request.
  Time since last request: 0.000024 seconds.
  path: Assets/Graphisms/Tilesets/SubTiles/Outside_474.asset
  artifactKey: Guid(01ebdeee9e39b8a449560fd98df46fe3) Importer(2089858483,b0f066a214c2f5e87bad3c948f4d605d)
Start importing Assets/Graphisms/Tilesets/SubTiles/Outside_474.asset using Guid(01ebdeee9e39b8a449560fd98df46fe3) Importer(2089858483,b0f066a214c2f5e87bad3c948f4d605d) (ScriptedImporter) -> (artifact id: 'fe55b6dd95efa241f110a14e50933ea8') in 0.0097933 seconds
Number of updated asset objects reloaded before import = 0Number of asset objects unloaded after import = 2

========================================================================
Received Import Request.
  Time since last request: 0.000039 seconds.
  path: Assets/Graphisms/Tilesets/SubTiles/Outside_2662.asset
  artifactKey: Guid(38247369b0787314391ffd178c28b72d) Importer(2089858483,b0f066a214c2f5e87bad3c948f4d605d)
Start importing Assets/Graphisms/Tilesets/SubTiles/Outside_2662.asset using Guid(38247369b0787314391ffd178c28b72d) Importer(2089858483,b0f066a214c2f5e87bad3c948f4d605d) (ScriptedImporter) -> (artifact id: 'aa083d1a018d957ae7750577f88b8716') in 0.011982 seconds
Number of updated asset objects reloaded before import = 0Number of asset objects unloaded after import = 2

========================================================================
Received Import Request.
  Time since last request: 0.000042 seconds.
  path: Assets/Graphisms/Tilesets/SubTiles/Outside_551.asset
  artifactKey: Guid(76d1b2bddc7cf064bab50fc92afc4090) Importer(2089858483,b0f066a214c2f5e87bad3c948f4d605d)
Start importing Assets/Graphisms/Tilesets/SubTiles/Outside_551.asset using Guid(76d1b2bddc7cf064bab50fc92afc4090) Importer(2089858483,b0f066a214c2f5e87bad3c948f4d605d) (ScriptedImporter) -> (artifact id: '1e7d82a16cafdd45b89b924227b6df5b') in 0.0108064 seconds
Number of updated asset objects reloaded before import = 0Number of asset objects unloaded after import = 2

========================================================================
Received Import Request.
  Time since last request: 0.000015 seconds.
  path: Assets/Graphisms/Tilesets/SubTiles/Outside_2226.asset
  artifactKey: Guid(56ed5137a5b190e4a9a3b823c2a90aab) Importer(2089858483,b0f066a214c2f5e87bad3c948f4d605d)
Start importing Assets/Graphisms/Tilesets/SubTiles/Outside_2226.asset using Guid(56ed5137a5b190e4a9a3b823c2a90aab) Importer(2089858483,b0f066a214c2f5e87bad3c948f4d605d) (ScriptedImporter) -> (artifact id: 'd4962e2e3e8bea6c19ab8a88720a0037') in 0.011425 seconds
Number of updated asset objects reloaded before import = 0Number of asset objects unloaded after import = 2

========================================================================
Received Import Request.
  Time since last request: 0.000019 seconds.
  path: Assets/Graphisms/Tilesets/SubTiles/Outside_1518.asset
  artifactKey: Guid(2a3f281a59af6d5489c61430b2695195) Importer(2089858483,b0f066a214c2f5e87bad3c948f4d605d)
Start importing Assets/Graphisms/Tilesets/SubTiles/Outside_1518.asset using Guid(2a3f281a59af6d5489c61430b2695195) Importer(2089858483,b0f066a214c2f5e87bad3c948f4d605d) (ScriptedImporter) -> (artifact id: 'c686c4ddff2908455f9e058e6c543024') in 0.0103195 seconds
Number of updated asset objects reloaded before import = 0Number of asset objects unloaded after import = 2

========================================================================
Received Import Request.
  Time since last request: 0.000023 seconds.
  path: Assets/Graphisms/Tilesets/SubTiles/Outside_831.asset
  artifactKey: Guid(950306dbc5c5434429937f78dc868d0c) Importer(2089858483,b0f066a214c2f5e87bad3c948f4d605d)
Start importing Assets/Graphisms/Tilesets/SubTiles/Outside_831.asset using Guid(950306dbc5c5434429937f78dc868d0c) Importer(2089858483,b0f066a214c2f5e87bad3c948f4d605d) (ScriptedImporter) -> (artifact id: '8351f2910a5d66a77c8563dedbed356e') in 0.0108003 seconds
Number of updated asset objects reloaded before import = 0Number of asset objects unloaded after import = 2

========================================================================
Received Import Request.
  Time since last request: 0.000020 seconds.
  path: Assets/Graphisms/Tilesets/SubTiles/Outside_1916.asset
  artifactKey: Guid(1e22f6c438188fa4bb44d92e7f095dc6) Importer(2089858483,b0f066a214c2f5e87bad3c948f4d605d)
Start importing Assets/Graphisms/Tilesets/SubTiles/Outside_1916.asset using Guid(1e22f6c438188fa4bb44d92e7f095dc6) Importer(2089858483,b0f066a214c2f5e87bad3c948f4d605d) (ScriptedImporter) -> (artifact id: 'b63726a8fc27be37e452ee6cd64a3f0f') in 0.0089891 seconds
Number of updated asset objects reloaded before import = 0Number of asset objects unloaded after import = 2

========================================================================
Received Import Request.
  Time since last request: 0.000033 seconds.
  path: Assets/Graphisms/Tilesets/SubTiles/Outside_729.asset
  artifactKey: Guid(a72e6b2190e2807439c9c2bd1d5ba754) Importer(2089858483,b0f066a214c2f5e87bad3c948f4d605d)
Start importing Assets/Graphisms/Tilesets/SubTiles/Outside_729.asset using Guid(a72e6b2190e2807439c9c2bd1d5ba754) Importer(2089858483,b0f066a214c2f5e87bad3c948f4d605d) (ScriptedImporter) -> (artifact id: '123773a825ec091f58e903fd7a9f6b9f') in 0.0229199 seconds
Number of updated asset objects reloaded before import = 0Number of asset objects unloaded after import = 2

========================================================================
Received Import Request.
  Time since last request: 0.000027 seconds.
  path: Assets/Graphisms/Tilesets/SubTiles/Outside_717.asset
  artifactKey: Guid(89326921d1165714a8ed3b3c50ffbf63) Importer(2089858483,b0f066a214c2f5e87bad3c948f4d605d)
Start importing Assets/Graphisms/Tilesets/SubTiles/Outside_717.asset using Guid(89326921d1165714a8ed3b3c50ffbf63) Importer(2089858483,b0f066a214c2f5e87bad3c948f4d605d) (ScriptedImporter) -> (artifact id: '6dade29f2facdb511404b51475ec2dc5') in 0.0152571 seconds
Number of updated asset objects reloaded before import = 0Number of asset objects unloaded after import = 2

========================================================================
Received Import Request.
  Time since last request: 0.000027 seconds.
  path: Assets/Graphisms/Tilesets/SubTiles/Outside_3442.asset
  artifactKey: Guid(1a14ae5aff0ba3244a8348982e7b21dd) Importer(2089858483,b0f066a214c2f5e87bad3c948f4d605d)
Start importing Assets/Graphisms/Tilesets/SubTiles/Outside_3442.asset using Guid(1a14ae5aff0ba3244a8348982e7b21dd) Importer(2089858483,b0f066a214c2f5e87bad3c948f4d605d) (ScriptedImporter) -> (artifact id: '1cd8c109f2cda502600f25f37b27c534') in 0.0109122 seconds
Number of updated asset objects reloaded before import = 0Number of asset objects unloaded after import = 2

========================================================================
Received Import Request.
  Time since last request: 0.000031 seconds.
  path: Assets/Graphisms/Tilesets/SubTiles/Outside_3200.asset
  artifactKey: Guid(1f799052c574fd34fb78956ff72c2385) Importer(2089858483,b0f066a214c2f5e87bad3c948f4d605d)
Start importing Assets/Graphisms/Tilesets/SubTiles/Outside_3200.asset using Guid(1f799052c574fd34fb78956ff72c2385) Importer(2089858483,b0f066a214c2f5e87bad3c948f4d605d) (ScriptedImporter) -> (artifact id: 'd1da8738f091a6420497fb9e8f9b6ada') in 0.0100325 seconds
Number of updated asset objects reloaded before import = 0Number of asset objects unloaded after import = 2

========================================================================
Received Import Request.
  Time since last request: 0.000047 seconds.
  path: Assets/Graphisms/Tilesets/SubTiles/Outside_3707.asset
  artifactKey: Guid(7fc497b190818f545983e100e299cf88) Importer(2089858483,b0f066a214c2f5e87bad3c948f4d605d)
Start importing Assets/Graphisms/Tilesets/SubTiles/Outside_3707.asset using Guid(7fc497b190818f545983e100e299cf88) Importer(2089858483,b0f066a214c2f5e87bad3c948f4d605d) (ScriptedImporter) -> (artifact id: '5d1dc45435a561a0d4b9f3fea44cbb53') in 0.0132399 seconds
Number of updated asset objects reloaded before import = 0Number of asset objects unloaded after import = 2

========================================================================
Received Import Request.
  Time since last request: 0.000024 seconds.
  path: Assets/Graphisms/Tilesets/SubTiles/Outside_3851.asset
  artifactKey: Guid(c0beb3dc1703f714e9da3e6c82e2e0b7) Importer(2089858483,b0f066a214c2f5e87bad3c948f4d605d)
Start importing Assets/Graphisms/Tilesets/SubTiles/Outside_3851.asset using Guid(c0beb3dc1703f714e9da3e6c82e2e0b7) Importer(2089858483,b0f066a214c2f5e87bad3c948f4d605d) (ScriptedImporter) -> (artifact id: '3c78dd5f94fce0b1758dc1d35ebb362c') in 0.044654 seconds
Number of updated asset objects reloaded before import = 0Number of asset objects unloaded after import = 2

========================================================================
Received Import Request.
  Time since last request: 0.000150 seconds.
  path: Assets/Graphisms/Tilesets/SubTiles/Outside_3992.asset
  artifactKey: Guid(d47ec75db86c3bd4c9c427d034977504) Importer(2089858483,b0f066a214c2f5e87bad3c948f4d605d)
Start importing Assets/Graphisms/Tilesets/SubTiles/Outside_3992.asset using Guid(d47ec75db86c3bd4c9c427d034977504) Importer(2089858483,b0f066a214c2f5e87bad3c948f4d605d) (ScriptedImporter) -> (artifact id: '8fb67cd905e6d06ea47440cc39d0efa3') in 0.0110568 seconds
Number of updated asset objects reloaded before import = 0Number of asset objects unloaded after import = 2

========================================================================
Received Import Request.
  Time since last request: 0.000032 seconds.
  path: Assets/Graphisms/Tilesets/SubTiles/Outside_3990.asset
  artifactKey: Guid(0b061638883409e45addcb3d471d81f6) Importer(2089858483,b0f066a214c2f5e87bad3c948f4d605d)
Start importing Assets/Graphisms/Tilesets/SubTiles/Outside_3990.asset using Guid(0b061638883409e45addcb3d471d81f6) Importer(2089858483,b0f066a214c2f5e87bad3c948f4d605d) (ScriptedImporter) -> (artifact id: '52c99043097c217ef92c91a1956ca86f') in 0.0097594 seconds
Number of updated asset objects reloaded before import = 0Number of asset objects unloaded after import = 2

========================================================================
Received Import Request.
  Time since last request: 0.000026 seconds.
  path: Assets/Graphisms/Tilesets/SubTiles/Outside_1252.asset
  artifactKey: Guid(a0391a04d8e61e548b09aa44929b9cf8) Importer(2089858483,b0f066a214c2f5e87bad3c948f4d605d)
Start importing Assets/Graphisms/Tilesets/SubTiles/Outside_1252.asset using Guid(a0391a04d8e61e548b09aa44929b9cf8) Importer(2089858483,b0f066a214c2f5e87bad3c948f4d605d) (ScriptedImporter) -> (artifact id: 'b6860a443e331305927943043bcf107b') in 0.0106923 seconds
Number of updated asset objects reloaded before import = 0Number of asset objects unloaded after import = 2

========================================================================
Received Import Request.
  Time since last request: 0.000020 seconds.
  path: Assets/Graphisms/Tilesets/SubTiles/Outside_496.asset
  artifactKey: Guid(7bae87e757b647b4f9330e581395db75) Importer(2089858483,b0f066a214c2f5e87bad3c948f4d605d)
Start importing Assets/Graphisms/Tilesets/SubTiles/Outside_496.asset using Guid(7bae87e757b647b4f9330e581395db75) Importer(2089858483,b0f066a214c2f5e87bad3c948f4d605d) (ScriptedImporter) -> (artifact id: '20dc68fa5dc339f4e2bc8038c9e8f2f2') in 0.0100199 seconds
Number of updated asset objects reloaded before import = 0Number of asset objects unloaded after import = 2

========================================================================
Received Import Request.
  Time since last request: 0.000019 seconds.
  path: Assets/Graphisms/Tilesets/SubTiles/Outside_2944.asset
  artifactKey: Guid(a28bc688e9a5cd5458abf72e48388229) Importer(2089858483,b0f066a214c2f5e87bad3c948f4d605d)
Start importing Assets/Graphisms/Tilesets/SubTiles/Outside_2944.asset using Guid(a28bc688e9a5cd5458abf72e48388229) Importer(2089858483,b0f066a214c2f5e87bad3c948f4d605d) (ScriptedImporter) -> (artifact id: 'ea9e4d392bc19d29f9310189ad76e6fd') in 0.00916 seconds
Number of updated asset objects reloaded before import = 0Number of asset objects unloaded after import = 2

========================================================================
Received Import Request.
  Time since last request: 0.000034 seconds.
  path: Assets/Graphisms/Tilesets/SubTiles/Outside_1097.asset
  artifactKey: Guid(a4a32c2be39a2f846944ad22965258b9) Importer(2089858483,b0f066a214c2f5e87bad3c948f4d605d)
Start importing Assets/Graphisms/Tilesets/SubTiles/Outside_1097.asset using Guid(a4a32c2be39a2f846944ad22965258b9) Importer(2089858483,b0f066a214c2f5e87bad3c948f4d605d) (ScriptedImporter) -> (artifact id: 'ce8b8dcd95e40b73588c4a99d621f237') in 0.0101667 seconds
Number of updated asset objects reloaded before import = 0Number of asset objects unloaded after import = 2

========================================================================
Received Import Request.
  Time since last request: 0.000036 seconds.
  path: Assets/Graphisms/Tilesets/SubTiles/Outside_1242.asset
  artifactKey: Guid(8aa149c5dfb0e554a8ce6812dcdcdf04) Importer(2089858483,b0f066a214c2f5e87bad3c948f4d605d)
Start importing Assets/Graphisms/Tilesets/SubTiles/Outside_1242.asset using Guid(8aa149c5dfb0e554a8ce6812dcdcdf04) Importer(2089858483,b0f066a214c2f5e87bad3c948f4d605d) (ScriptedImporter) -> (artifact id: '90b4437586b79eea1530b0dfe7ac4d13') in 0.0095085 seconds
Number of updated asset objects reloaded before import = 0Number of asset objects unloaded after import = 2

========================================================================
Received Import Request.
  Time since last request: 0.000019 seconds.
  path: Assets/Graphisms/Tilesets/SubTiles/Outside_1105.asset
  artifactKey: Guid(ff9e0b2ae7d191345967a8387def1d3c) Importer(2089858483,b0f066a214c2f5e87bad3c948f4d605d)
Start importing Assets/Graphisms/Tilesets/SubTiles/Outside_1105.asset using Guid(ff9e0b2ae7d191345967a8387def1d3c) Importer(2089858483,b0f066a214c2f5e87bad3c948f4d605d) (ScriptedImporter) -> (artifact id: '9f9e8c73ad6737349ea813b761c6cdf7') in 0.0095481 seconds
Number of updated asset objects reloaded before import = 0Number of asset objects unloaded after import = 2

========================================================================
Received Import Request.
  Time since last request: 0.000024 seconds.
  path: Assets/Graphisms/Tilesets/SubTiles/Outside_1437.asset
  artifactKey: Guid(194fc17096ecedd489fd6f34bc2d2353) Importer(2089858483,b0f066a214c2f5e87bad3c948f4d605d)
Start importing Assets/Graphisms/Tilesets/SubTiles/Outside_1437.asset using Guid(194fc17096ecedd489fd6f34bc2d2353) Importer(2089858483,b0f066a214c2f5e87bad3c948f4d605d) (ScriptedImporter) -> (artifact id: 'ed25b6ac59920318527c4589b0667b9c') in 0.0105525 seconds
Number of updated asset objects reloaded before import = 0Number of asset objects unloaded after import = 2

========================================================================
Received Import Request.
  Time since last request: 0.000020 seconds.
  path: Assets/Graphisms/Tilesets/SubTiles/Outside_1742.asset
  artifactKey: Guid(904bafd8d27c2f942a2b089071e9860b) Importer(2089858483,b0f066a214c2f5e87bad3c948f4d605d)
Start importing Assets/Graphisms/Tilesets/SubTiles/Outside_1742.asset using Guid(904bafd8d27c2f942a2b089071e9860b) Importer(2089858483,b0f066a214c2f5e87bad3c948f4d605d) (ScriptedImporter) -> (artifact id: 'a75e3a7bf351e5d72ec6a9d3d9fb4987') in 0.0663625 seconds
Number of updated asset objects reloaded before import = 0Number of asset objects unloaded after import = 2

========================================================================
Received Import Request.
  Time since last request: 0.000028 seconds.
  path: Assets/Graphisms/Tilesets/SubTiles/Outside_433.asset
  artifactKey: Guid(1b67f86ebbd437e439769d69b8f43de5) Importer(2089858483,b0f066a214c2f5e87bad3c948f4d605d)
Start importing Assets/Graphisms/Tilesets/SubTiles/Outside_433.asset using Guid(1b67f86ebbd437e439769d69b8f43de5) Importer(2089858483,b0f066a214c2f5e87bad3c948f4d605d) (ScriptedImporter) -> (artifact id: 'e78351f34c22186f2b1d95f51b59aa64') in 0.0104759 seconds
Number of updated asset objects reloaded before import = 0Number of asset objects unloaded after import = 2

========================================================================
Received Import Request.
  Time since last request: 0.000033 seconds.
  path: Assets/Graphisms/Tilesets/SubTiles/Outside_3537.asset
  artifactKey: Guid(67005d4645cf7e64db2924e32a1f5584) Importer(2089858483,b0f066a214c2f5e87bad3c948f4d605d)
Start importing Assets/Graphisms/Tilesets/SubTiles/Outside_3537.asset using Guid(67005d4645cf7e64db2924e32a1f5584) Importer(2089858483,b0f066a214c2f5e87bad3c948f4d605d) (ScriptedImporter) -> (artifact id: 'cac3060725e9aca98a6ff03c31636e13') in 0.0108932 seconds
Number of updated asset objects reloaded before import = 0Number of asset objects unloaded after import = 2

========================================================================
Received Import Request.
  Time since last request: 0.000021 seconds.
  path: Assets/Graphisms/Tilesets/SubTiles/Outside_2085.asset
  artifactKey: Guid(3bb057e7ba9ec7249b1f4b4f50b89957) Importer(2089858483,b0f066a214c2f5e87bad3c948f4d605d)
Start importing Assets/Graphisms/Tilesets/SubTiles/Outside_2085.asset using Guid(3bb057e7ba9ec7249b1f4b4f50b89957) Importer(2089858483,b0f066a214c2f5e87bad3c948f4d605d) (ScriptedImporter) -> (artifact id: 'd9bb84c13e60f61a3c070a7983ff445c') in 0.01033 seconds
Number of updated asset objects reloaded before import = 0Number of asset objects unloaded after import = 2

========================================================================
Received Import Request.
  Time since last request: 0.000030 seconds.
  path: Assets/Graphisms/Tilesets/SubTiles/TreeBottom.asset
  artifactKey: Guid(de36449414dcf2b44aeaaea6765a7bf2) Importer(2089858483,b0f066a214c2f5e87bad3c948f4d605d)
Start importing Assets/Graphisms/Tilesets/SubTiles/TreeBottom.asset using Guid(de36449414dcf2b44aeaaea6765a7bf2) Importer(2089858483,b0f066a214c2f5e87bad3c948f4d605d) (ScriptedImporter) -> (artifact id: '3de980cff7a8409e3a644ee50c720c53') in 0.0327852 seconds
Number of updated asset objects reloaded before import = 0Number of asset objects unloaded after import = 1

========================================================================
Received Import Request.
  Time since last request: 0.000027 seconds.
  path: Assets/Graphisms/Tilesets/SubTiles/Outside_869.asset
  artifactKey: Guid(db64a4260c6a2e64d8266e66efecc197) Importer(2089858483,b0f066a214c2f5e87bad3c948f4d605d)
Start importing Assets/Graphisms/Tilesets/SubTiles/Outside_869.asset using Guid(db64a4260c6a2e64d8266e66efecc197) Importer(2089858483,b0f066a214c2f5e87bad3c948f4d605d) (ScriptedImporter) -> (artifact id: '23e969224cf6621b2c97c844aaa0ec69') in 0.0093785 seconds
Number of updated asset objects reloaded before import = 0Number of asset objects unloaded after import = 2

========================================================================
Received Import Request.
  Time since last request: 0.000041 seconds.
  path: Assets/Graphisms/Tilesets/SubTiles/Outside_2845.asset
  artifactKey: Guid(66b495a4ac8b9574095ed08372b396d3) Importer(2089858483,b0f066a214c2f5e87bad3c948f4d605d)
Start importing Assets/Graphisms/Tilesets/SubTiles/Outside_2845.asset using Guid(66b495a4ac8b9574095ed08372b396d3) Importer(2089858483,b0f066a214c2f5e87bad3c948f4d605d) (ScriptedImporter) -> (artifact id: '260076e4d29c79c22df2c075de7652f8') in 0.0111446 seconds
Number of updated asset objects reloaded before import = 0Number of asset objects unloaded after import = 2

========================================================================
Received Import Request.
  Time since last request: 0.000037 seconds.
  path: Assets/Graphisms/Tilesets/SubTiles/Outside_841.asset
  artifactKey: Guid(7d1a6e096061d1243986bd5c29dd3806) Importer(2089858483,b0f066a214c2f5e87bad3c948f4d605d)
Start importing Assets/Graphisms/Tilesets/SubTiles/Outside_841.asset using Guid(7d1a6e096061d1243986bd5c29dd3806) Importer(2089858483,b0f066a214c2f5e87bad3c948f4d605d) (ScriptedImporter) -> (artifact id: 'b499d892c6546b8849faf1908524c2e1') in 0.0125547 seconds
Number of updated asset objects reloaded before import = 0Number of asset objects unloaded after import = 2

========================================================================
Received Import Request.
  Time since last request: 0.000042 seconds.
  path: Assets/Graphisms/Tilesets/SubTiles/Outside_1468.asset
  artifactKey: Guid(583c498122b8ef940a6c9be0b41e4fd3) Importer(2089858483,b0f066a214c2f5e87bad3c948f4d605d)
Start importing Assets/Graphisms/Tilesets/SubTiles/Outside_1468.asset using Guid(583c498122b8ef940a6c9be0b41e4fd3) Importer(2089858483,b0f066a214c2f5e87bad3c948f4d605d) (ScriptedImporter) -> (artifact id: '0192253e7b0488b9fd95c8627ce1a0c1') in 0.0105272 seconds
Number of updated asset objects reloaded before import = 0Number of asset objects unloaded after import = 2

========================================================================
Received Import Request.
  Time since last request: 0.000029 seconds.
  path: Assets/Graphisms/Tilesets/SubTiles/Outside_1665.asset
  artifactKey: Guid(c7d58bb59d5e48145a46b09ca0c17d0a) Importer(2089858483,b0f066a214c2f5e87bad3c948f4d605d)
Start importing Assets/Graphisms/Tilesets/SubTiles/Outside_1665.asset using Guid(c7d58bb59d5e48145a46b09ca0c17d0a) Importer(2089858483,b0f066a214c2f5e87bad3c948f4d605d) (ScriptedImporter) -> (artifact id: '8fe82918b0d26c77948446160a2281f5') in 0.0103439 seconds
Number of updated asset objects reloaded before import = 0Number of asset objects unloaded after import = 2

========================================================================
Received Import Request.
  Time since last request: 0.000052 seconds.
  path: Assets/Graphisms/Tilesets/SubTiles/Outside_2475.asset
  artifactKey: Guid(99aaceb31a4931343bc73f2620d1c3f8) Importer(2089858483,b0f066a214c2f5e87bad3c948f4d605d)
Start importing Assets/Graphisms/Tilesets/SubTiles/Outside_2475.asset using Guid(99aaceb31a4931343bc73f2620d1c3f8) Importer(2089858483,b0f066a214c2f5e87bad3c948f4d605d) (ScriptedImporter) -> (artifact id: 'f675db9801c98ae08b1260d5c858a498') in 0.0097482 seconds
Number of updated asset objects reloaded before import = 0Number of asset objects unloaded after import = 2

========================================================================
Received Import Request.
  Time since last request: 0.000030 seconds.
  path: Assets/Graphisms/Tilesets/SubTiles/Outside_665.asset
  artifactKey: Guid(b31f53e18ca026c41aec764a87a37ca7) Importer(2089858483,b0f066a214c2f5e87bad3c948f4d605d)
Start importing Assets/Graphisms/Tilesets/SubTiles/Outside_665.asset using Guid(b31f53e18ca026c41aec764a87a37ca7) Importer(2089858483,b0f066a214c2f5e87bad3c948f4d605d) (ScriptedImporter) -> (artifact id: '0501bf9c2e7c448d8abddd031a2f9efb') in 0.0282794 seconds
Number of updated asset objects reloaded before import = 0Number of asset objects unloaded after import = 2

========================================================================
Received Import Request.
  Time since last request: 0.000041 seconds.
  path: Assets/Graphisms/Tilesets/SubTiles/Outside_667.asset
  artifactKey: Guid(3ba9a02dc5916ab44beaaef174d34084) Importer(2089858483,b0f066a214c2f5e87bad3c948f4d605d)
Start importing Assets/Graphisms/Tilesets/SubTiles/Outside_667.asset using Guid(3ba9a02dc5916ab44beaaef174d34084) Importer(2089858483,b0f066a214c2f5e87bad3c948f4d605d) (ScriptedImporter) -> (artifact id: 'db67770c1235de91d76c85fdbd7dd6c2') in 0.010575 seconds
Number of updated asset objects reloaded before import = 0Number of asset objects unloaded after import = 2

========================================================================
Received Import Request.
  Time since last request: 0.000030 seconds.
  path: Assets/Graphisms/Tilesets/SubTiles/Outside_2750.asset
  artifactKey: Guid(c50ad9d5f48d0bd49b0b484feefcea97) Importer(2089858483,b0f066a214c2f5e87bad3c948f4d605d)
Start importing Assets/Graphisms/Tilesets/SubTiles/Outside_2750.asset using Guid(c50ad9d5f48d0bd49b0b484feefcea97) Importer(2089858483,b0f066a214c2f5e87bad3c948f4d605d) (ScriptedImporter) -> (artifact id: 'ea88b3e1fd9232d972c7ec1c8ea44d7f') in 0.009239 seconds
Number of updated asset objects reloaded before import = 0Number of asset objects unloaded after import = 2

========================================================================
Received Import Request.
  Time since last request: 0.000030 seconds.
  path: Assets/Graphisms/Tilesets/SubTiles/Outside_73.asset
  artifactKey: Guid(8fa6e771a5520d8488d67033aa961f04) Importer(2089858483,b0f066a214c2f5e87bad3c948f4d605d)
Start importing Assets/Graphisms/Tilesets/SubTiles/Outside_73.asset using Guid(8fa6e771a5520d8488d67033aa961f04) Importer(2089858483,b0f066a214c2f5e87bad3c948f4d605d) (ScriptedImporter) -> (artifact id: '42bc66b9b25bc7d2f4fa3ced577ab275') in 0.0170695 seconds
Number of updated asset objects reloaded before import = 0Number of asset objects unloaded after import = 2

========================================================================
Received Import Request.
  Time since last request: 0.000019 seconds.
  path: Assets/Graphisms/Tilesets/SubTiles/Outside_2647.asset
  artifactKey: Guid(d35e68aaeec7900438576b779e7953b8) Importer(2089858483,b0f066a214c2f5e87bad3c948f4d605d)
Start importing Assets/Graphisms/Tilesets/SubTiles/Outside_2647.asset using Guid(d35e68aaeec7900438576b779e7953b8) Importer(2089858483,b0f066a214c2f5e87bad3c948f4d605d) (ScriptedImporter) -> (artifact id: 'd736c0bd5e5ea120eca26493e34c984d') in 0.0091504 seconds
Number of updated asset objects reloaded before import = 0Number of asset objects unloaded after import = 2

========================================================================
Received Import Request.
  Time since last request: 0.000022 seconds.
  path: Assets/Graphisms/Tilesets/SubTiles/Outside_1194.asset
  artifactKey: Guid(d4ed809c6578e344a8cc46ed231c2598) Importer(2089858483,b0f066a214c2f5e87bad3c948f4d605d)
Start importing Assets/Graphisms/Tilesets/SubTiles/Outside_1194.asset using Guid(d4ed809c6578e344a8cc46ed231c2598) Importer(2089858483,b0f066a214c2f5e87bad3c948f4d605d) (ScriptedImporter) -> (artifact id: '06d4c27c9fb8f51787d70725d473c82f') in 0.00912 seconds
Number of updated asset objects reloaded before import = 0Number of asset objects unloaded after import = 2

========================================================================
Received Import Request.
  Time since last request: 0.000026 seconds.
  path: Assets/Graphisms/Tilesets/SubTiles/Outside_692.asset
  artifactKey: Guid(420081e8cd1dd234e99b2539b3d83059) Importer(2089858483,b0f066a214c2f5e87bad3c948f4d605d)
Start importing Assets/Graphisms/Tilesets/SubTiles/Outside_692.asset using Guid(420081e8cd1dd234e99b2539b3d83059) Importer(2089858483,b0f066a214c2f5e87bad3c948f4d605d) (ScriptedImporter) -> (artifact id: '9947cddf7cd830b38ae0d0a824c7b111') in 0.0110478 seconds
Number of updated asset objects reloaded before import = 0Number of asset objects unloaded after import = 2

========================================================================
Received Import Request.
  Time since last request: 0.000030 seconds.
  path: Assets/Graphisms/Tilesets/SubTiles/Outside_2491.asset
  artifactKey: Guid(f34dafebfb8eca64b9762fb9afadcca6) Importer(2089858483,b0f066a214c2f5e87bad3c948f4d605d)
Start importing Assets/Graphisms/Tilesets/SubTiles/Outside_2491.asset using Guid(f34dafebfb8eca64b9762fb9afadcca6) Importer(2089858483,b0f066a214c2f5e87bad3c948f4d605d) (ScriptedImporter) -> (artifact id: 'a1dbe97f49b453c347425f89caa0d441') in 0.0127805 seconds
Number of updated asset objects reloaded before import = 0Number of asset objects unloaded after import = 2

========================================================================
Received Import Request.
  Time since last request: 0.000029 seconds.
  path: Assets/Graphisms/Tilesets/SubTiles/Outside_449.asset
  artifactKey: Guid(a755633e9c983a04aa2ad88760b01f61) Importer(2089858483,b0f066a214c2f5e87bad3c948f4d605d)
Start importing Assets/Graphisms/Tilesets/SubTiles/Outside_449.asset using Guid(a755633e9c983a04aa2ad88760b01f61) Importer(2089858483,b0f066a214c2f5e87bad3c948f4d605d) (ScriptedImporter) -> (artifact id: 'b7e53871a929af336064342b6d675c3e') in 0.0088752 seconds
Number of updated asset objects reloaded before import = 0Number of asset objects unloaded after import = 2

========================================================================
Received Import Request.
  Time since last request: 0.000025 seconds.
  path: Assets/Graphisms/Tilesets/SubTiles/Outside_3130.asset
  artifactKey: Guid(7526c1621591be842bde717907e31d3b) Importer(2089858483,b0f066a214c2f5e87bad3c948f4d605d)
Start importing Assets/Graphisms/Tilesets/SubTiles/Outside_3130.asset using Guid(7526c1621591be842bde717907e31d3b) Importer(2089858483,b0f066a214c2f5e87bad3c948f4d605d) (ScriptedImporter) -> (artifact id: '30adc0f4c4cdbeeee5661242c675f0b5') in 0.0105689 seconds
Number of updated asset objects reloaded before import = 0Number of asset objects unloaded after import = 2

========================================================================
Received Import Request.
  Time since last request: 0.000058 seconds.
  path: Assets/Graphisms/Tilesets/SubTiles/Outside_1461.asset
  artifactKey: Guid(d6bea07b400eb3048bd39f408ccbfa3b) Importer(2089858483,b0f066a214c2f5e87bad3c948f4d605d)
Start importing Assets/Graphisms/Tilesets/SubTiles/Outside_1461.asset using Guid(d6bea07b400eb3048bd39f408ccbfa3b) Importer(2089858483,b0f066a214c2f5e87bad3c948f4d605d) (ScriptedImporter) -> (artifact id: '5c07b01a110bc2870bfedd06439fd686') in 0.0135951 seconds
Number of updated asset objects reloaded before import = 0Number of asset objects unloaded after import = 2

========================================================================
Received Import Request.
  Time since last request: 0.000022 seconds.
  path: Assets/Graphisms/Tilesets/SubTiles/Outside_278.asset
  artifactKey: Guid(d0f6e97174955194282d52b7600586d5) Importer(2089858483,b0f066a214c2f5e87bad3c948f4d605d)
Start importing Assets/Graphisms/Tilesets/SubTiles/Outside_278.asset using Guid(d0f6e97174955194282d52b7600586d5) Importer(2089858483,b0f066a214c2f5e87bad3c948f4d605d) (ScriptedImporter) -> (artifact id: 'f0b7e40a6c66b0cc686b68be5bce22aa') in 0.0165298 seconds
Number of updated asset objects reloaded before import = 0Number of asset objects unloaded after import = 2

========================================================================
Received Import Request.
  Time since last request: 0.000027 seconds.
  path: Assets/Graphisms/Tilesets/SubTiles/Outside_1681.asset
  artifactKey: Guid(ea1725729010f4d46b0b5b50cd0a4c1e) Importer(2089858483,b0f066a214c2f5e87bad3c948f4d605d)
Start importing Assets/Graphisms/Tilesets/SubTiles/Outside_1681.asset using Guid(ea1725729010f4d46b0b5b50cd0a4c1e) Importer(2089858483,b0f066a214c2f5e87bad3c948f4d605d) (ScriptedImporter) -> (artifact id: '7d631abeccb9f95b186597cd62f47a4b') in 0.0105448 seconds
Number of updated asset objects reloaded before import = 0Number of asset objects unloaded after import = 2

========================================================================
Received Import Request.
  Time since last request: 0.000033 seconds.
  path: Assets/Graphisms/Tilesets/SubTiles/Outside_330.asset
  artifactKey: Guid(1ef9416b63096674997ef4d10899b9da) Importer(2089858483,b0f066a214c2f5e87bad3c948f4d605d)
Start importing Assets/Graphisms/Tilesets/SubTiles/Outside_330.asset using Guid(1ef9416b63096674997ef4d10899b9da) Importer(2089858483,b0f066a214c2f5e87bad3c948f4d605d) (ScriptedImporter) -> (artifact id: '77d56c3e9e24a7a98b7747125b171793') in 0.1747167 seconds
Number of updated asset objects reloaded before import = 0Number of asset objects unloaded after import = 2

========================================================================
Received Import Request.
  Time since last request: 0.000022 seconds.
  path: Assets/Graphisms/Tilesets/SubTiles/Outside_13.asset
  artifactKey: Guid(ad7701417bf3ac54388e61c0d7f463f7) Importer(2089858483,b0f066a214c2f5e87bad3c948f4d605d)
Start importing Assets/Graphisms/Tilesets/SubTiles/Outside_13.asset using Guid(ad7701417bf3ac54388e61c0d7f463f7) Importer(2089858483,b0f066a214c2f5e87bad3c948f4d605d) (ScriptedImporter) -> (artifact id: 'd724b72ef9e770d1224c8636d2580e0d') in 0.0262879 seconds
Number of updated asset objects reloaded before import = 0Number of asset objects unloaded after import = 2

========================================================================
Received Import Request.
  Time since last request: 0.000053 seconds.
  path: Assets/Graphisms/Tilesets/SubTiles/Outside_2081.asset
  artifactKey: Guid(3b3cbe95f69c5e6438756f6c4093b494) Importer(2089858483,b0f066a214c2f5e87bad3c948f4d605d)
Start importing Assets/Graphisms/Tilesets/SubTiles/Outside_2081.asset using Guid(3b3cbe95f69c5e6438756f6c4093b494) Importer(2089858483,b0f066a214c2f5e87bad3c948f4d605d) (ScriptedImporter) -> (artifact id: '66341fab6f7fe3f21fc543540fdb62bd') in 0.0169794 seconds
Number of updated asset objects reloaded before import = 0Number of asset objects unloaded after import = 2

========================================================================
Received Import Request.
  Time since last request: 0.000032 seconds.
  path: Assets/Graphisms/Tilesets/SubTiles/Outside_1161.asset
  artifactKey: Guid(292e662adad7cb6499f22726935ae6ec) Importer(2089858483,b0f066a214c2f5e87bad3c948f4d605d)
Start importing Assets/Graphisms/Tilesets/SubTiles/Outside_1161.asset using Guid(292e662adad7cb6499f22726935ae6ec) Importer(2089858483,b0f066a214c2f5e87bad3c948f4d605d) (ScriptedImporter) -> (artifact id: '949a8e1a087d5b383723abe8518deec8') in 0.0115796 seconds
Number of updated asset objects reloaded before import = 0Number of asset objects unloaded after import = 2

========================================================================
Received Import Request.
  Time since last request: 0.000021 seconds.
  path: Assets/Graphisms/Tilesets/SubTiles/Outside_1417.asset
  artifactKey: Guid(c8be61f9cd910b8418f95f8da73a0239) Importer(2089858483,b0f066a214c2f5e87bad3c948f4d605d)
Start importing Assets/Graphisms/Tilesets/SubTiles/Outside_1417.asset using Guid(c8be61f9cd910b8418f95f8da73a0239) Importer(2089858483,b0f066a214c2f5e87bad3c948f4d605d) (ScriptedImporter) -> (artifact id: 'c79b733f1f1705b118568c01fbfb0b80') in 0.0109206 seconds
Number of updated asset objects reloaded before import = 0Number of asset objects unloaded after import = 2

========================================================================
Received Import Request.
  Time since last request: 0.000032 seconds.
  path: Assets/Graphisms/Tilesets/SubTiles/Outside_2457.asset
  artifactKey: Guid(baebcdcb6be74ad48b4ac01e4a55ea70) Importer(2089858483,b0f066a214c2f5e87bad3c948f4d605d)
Start importing Assets/Graphisms/Tilesets/SubTiles/Outside_2457.asset using Guid(baebcdcb6be74ad48b4ac01e4a55ea70) Importer(2089858483,b0f066a214c2f5e87bad3c948f4d605d) (ScriptedImporter) -> (artifact id: '1bed6f5dbb6d2cb7378148ba5ad4cacc') in 0.0101606 seconds
Number of updated asset objects reloaded before import = 0Number of asset objects unloaded after import = 2

========================================================================
Received Import Request.
  Time since last request: 0.000040 seconds.
  path: Assets/Graphisms/Tilesets/SubTiles/Outside_2525.asset
  artifactKey: Guid(21f431ac5948388459eb159f4948a46b) Importer(2089858483,b0f066a214c2f5e87bad3c948f4d605d)
Start importing Assets/Graphisms/Tilesets/SubTiles/Outside_2525.asset using Guid(21f431ac5948388459eb159f4948a46b) Importer(2089858483,b0f066a214c2f5e87bad3c948f4d605d) (ScriptedImporter) -> (artifact id: 'a7b4b9f404203666647f53253e41bc6d') in 0.0179027 seconds
Number of updated asset objects reloaded before import = 0Number of asset objects unloaded after import = 2

========================================================================
Received Import Request.
  Time since last request: 0.000025 seconds.
  path: Assets/Graphisms/Tilesets/SubTiles/Outside_184.asset
  artifactKey: Guid(6774cca9f95668f4e99f59112f262b54) Importer(2089858483,b0f066a214c2f5e87bad3c948f4d605d)
Start importing Assets/Graphisms/Tilesets/SubTiles/Outside_184.asset using Guid(6774cca9f95668f4e99f59112f262b54) Importer(2089858483,b0f066a214c2f5e87bad3c948f4d605d) (ScriptedImporter) -> (artifact id: '7b77b3168a7e6e4191bed176c2884b33') in 0.0114195 seconds
Number of updated asset objects reloaded before import = 0Number of asset objects unloaded after import = 2

========================================================================
Received Import Request.
  Time since last request: 0.000033 seconds.
  path: Assets/Graphisms/Tilesets/SubTiles/Outside_3716.asset
  artifactKey: Guid(3e963e64e73edd1498eaada8dbe3a750) Importer(2089858483,b0f066a214c2f5e87bad3c948f4d605d)
Start importing Assets/Graphisms/Tilesets/SubTiles/Outside_3716.asset using Guid(3e963e64e73edd1498eaada8dbe3a750) Importer(2089858483,b0f066a214c2f5e87bad3c948f4d605d) (ScriptedImporter) -> (artifact id: '074ba924ffc7fdb67a28ec09f7ddd628') in 0.0263515 seconds
Number of updated asset objects reloaded before import = 0Number of asset objects unloaded after import = 2

========================================================================
Received Import Request.
  Time since last request: 0.000043 seconds.
  path: Assets/Graphisms/Tilesets/SubTiles/Outside_968.asset
  artifactKey: Guid(b96239814eba3fb4587221fe88b81edb) Importer(2089858483,b0f066a214c2f5e87bad3c948f4d605d)
Start importing Assets/Graphisms/Tilesets/SubTiles/Outside_968.asset using Guid(b96239814eba3fb4587221fe88b81edb) Importer(2089858483,b0f066a214c2f5e87bad3c948f4d605d) (ScriptedImporter) -> (artifact id: 'd372e3df2d73b2ad8769a1d1c46d4070') in 0.0207475 seconds
Number of updated asset objects reloaded before import = 0Number of asset objects unloaded after import = 2

========================================================================
Received Import Request.
  Time since last request: 0.000033 seconds.
  path: Assets/Graphisms/Tilesets/SubTiles/Outside_3182.asset
  artifactKey: Guid(127c06adc9bfeb04fb4720f4746c2034) Importer(2089858483,b0f066a214c2f5e87bad3c948f4d605d)
Start importing Assets/Graphisms/Tilesets/SubTiles/Outside_3182.asset using Guid(127c06adc9bfeb04fb4720f4746c2034) Importer(2089858483,b0f066a214c2f5e87bad3c948f4d605d) (ScriptedImporter) -> (artifact id: 'b53968b283d5b66bbbaaad613499b263') in 0.0117272 seconds
Number of updated asset objects reloaded before import = 0Number of asset objects unloaded after import = 2

========================================================================
Received Import Request.
  Time since last request: 0.000020 seconds.
  path: Assets/Graphisms/Tilesets/SubTiles/Outside_3726.asset
  artifactKey: Guid(1530fae5b1164694594d0892debb3271) Importer(2089858483,b0f066a214c2f5e87bad3c948f4d605d)
Start importing Assets/Graphisms/Tilesets/SubTiles/Outside_3726.asset using Guid(1530fae5b1164694594d0892debb3271) Importer(2089858483,b0f066a214c2f5e87bad3c948f4d605d) (ScriptedImporter) -> (artifact id: 'ea6099b2e9ad2f9f3bd9e3f19c712bcb') in 0.1591081 seconds
Number of updated asset objects reloaded before import = 0Number of asset objects unloaded after import = 2

========================================================================
Received Import Request.
  Time since last request: 0.000020 seconds.
  path: Assets/Graphisms/Tilesets/SubTiles/Outside_2409.asset
  artifactKey: Guid(9cf64926e3dd1a345b2831bbff0b7eff) Importer(2089858483,b0f066a214c2f5e87bad3c948f4d605d)
Start importing Assets/Graphisms/Tilesets/SubTiles/Outside_2409.asset using Guid(9cf64926e3dd1a345b2831bbff0b7eff) Importer(2089858483,b0f066a214c2f5e87bad3c948f4d605d) (ScriptedImporter) -> (artifact id: 'f891cd43be8e40058486ba62efc27eb0') in 0.0099167 seconds
Number of updated asset objects reloaded before import = 0Number of asset objects unloaded after import = 2

========================================================================
Received Import Request.
  Time since last request: 0.000036 seconds.
  path: Assets/Graphisms/Tilesets/SubTiles/Outside_2258.asset
  artifactKey: Guid(f2a526673a21b6845b5190820382e3de) Importer(2089858483,b0f066a214c2f5e87bad3c948f4d605d)
Start importing Assets/Graphisms/Tilesets/SubTiles/Outside_2258.asset using Guid(f2a526673a21b6845b5190820382e3de) Importer(2089858483,b0f066a214c2f5e87bad3c948f4d605d) (ScriptedImporter) -> (artifact id: 'b152731e7963f91aedb5a2a663431f46') in 0.0101703 seconds
Number of updated asset objects reloaded before import = 0Number of asset objects unloaded after import = 2

========================================================================
Received Import Request.
  Time since last request: 0.000027 seconds.
  path: Assets/Graphisms/Tilesets/SubTiles/Outside_2339.asset
  artifactKey: Guid(a71669dc3c7e28a459433650c6ee4fd8) Importer(2089858483,b0f066a214c2f5e87bad3c948f4d605d)
Start importing Assets/Graphisms/Tilesets/SubTiles/Outside_2339.asset using Guid(a71669dc3c7e28a459433650c6ee4fd8) Importer(2089858483,b0f066a214c2f5e87bad3c948f4d605d) (ScriptedImporter) -> (artifact id: '0caeef4baa985a21ebf487988a60c8ad') in 0.0089853 seconds
Number of updated asset objects reloaded before import = 0Number of asset objects unloaded after import = 2

========================================================================
Received Import Request.
  Time since last request: 0.000022 seconds.
  path: Assets/Graphisms/Tilesets/SubTiles/Outside_3322.asset
  artifactKey: Guid(e0866f58e71a9504b83bd260551b24ce) Importer(2089858483,b0f066a214c2f5e87bad3c948f4d605d)
Start importing Assets/Graphisms/Tilesets/SubTiles/Outside_3322.asset using Guid(e0866f58e71a9504b83bd260551b24ce) Importer(2089858483,b0f066a214c2f5e87bad3c948f4d605d) (ScriptedImporter) -> (artifact id: '0bf84d06e28e8e6075847bb00ea8e943') in 0.00962 seconds
Number of updated asset objects reloaded before import = 0Number of asset objects unloaded after import = 2

========================================================================
Received Import Request.
  Time since last request: 0.000024 seconds.
  path: Assets/Graphisms/Tilesets/SubTiles/Outside_3885.asset
  artifactKey: Guid(f9d7373cb870faa4eb52df40e4aed927) Importer(2089858483,b0f066a214c2f5e87bad3c948f4d605d)
Start importing Assets/Graphisms/Tilesets/SubTiles/Outside_3885.asset using Guid(f9d7373cb870faa4eb52df40e4aed927) Importer(2089858483,b0f066a214c2f5e87bad3c948f4d605d) (ScriptedImporter) -> (artifact id: 'b531ad1e26a848102fb0d21899e3a279') in 0.0097929 seconds
Number of updated asset objects reloaded before import = 0Number of asset objects unloaded after import = 2

========================================================================
Received Import Request.
  Time since last request: 0.000025 seconds.
  path: Assets/Graphisms/Tilesets/SubTiles/Outside_3116.asset
  artifactKey: Guid(12bf90f8b2cb9ef42be755897f390784) Importer(2089858483,b0f066a214c2f5e87bad3c948f4d605d)
Start importing Assets/Graphisms/Tilesets/SubTiles/Outside_3116.asset using Guid(12bf90f8b2cb9ef42be755897f390784) Importer(2089858483,b0f066a214c2f5e87bad3c948f4d605d) (ScriptedImporter) -> (artifact id: '98b59866af3d430f8ebca1b41941f75b') in 0.0104103 seconds
Number of updated asset objects reloaded before import = 0Number of asset objects unloaded after import = 2

========================================================================
Received Import Request.
  Time since last request: 0.000034 seconds.
  path: Assets/Graphisms/Tilesets/SubTiles/Outside_2425.asset
  artifactKey: Guid(de5248266a4491d47970fb12caef3db7) Importer(2089858483,b0f066a214c2f5e87bad3c948f4d605d)
Start importing Assets/Graphisms/Tilesets/SubTiles/Outside_2425.asset using Guid(de5248266a4491d47970fb12caef3db7) Importer(2089858483,b0f066a214c2f5e87bad3c948f4d605d) (ScriptedImporter) -> (artifact id: '1cb5f913940f1cefceb7f6280e69b1fc') in 0.0111127 seconds
Number of updated asset objects reloaded before import = 0Number of asset objects unloaded after import = 2

========================================================================
Received Import Request.
  Time since last request: 0.000020 seconds.
  path: Assets/Graphisms/Tilesets/SubTiles/Outside_3751.asset
  artifactKey: Guid(f60ec35e79a95ad4683314e10acf1bc4) Importer(2089858483,b0f066a214c2f5e87bad3c948f4d605d)
Start importing Assets/Graphisms/Tilesets/SubTiles/Outside_3751.asset using Guid(f60ec35e79a95ad4683314e10acf1bc4) Importer(2089858483,b0f066a214c2f5e87bad3c948f4d605d) (ScriptedImporter) -> (artifact id: '8fa4428de40a765affc982f2a41d78a8') in 0.0096889 seconds
Number of updated asset objects reloaded before import = 0Number of asset objects unloaded after import = 2

========================================================================
Received Import Request.
  Time since last request: 0.000022 seconds.
  path: Assets/Graphisms/Tilesets/SubTiles/Outside_938.asset
  artifactKey: Guid(eb1187fd65962f94ba177fed8743be37) Importer(2089858483,b0f066a214c2f5e87bad3c948f4d605d)
Start importing Assets/Graphisms/Tilesets/SubTiles/Outside_938.asset using Guid(eb1187fd65962f94ba177fed8743be37) Importer(2089858483,b0f066a214c2f5e87bad3c948f4d605d) (ScriptedImporter) -> (artifact id: 'd48fc9155f98ac6ed0ed68862be29b81') in 0.0094146 seconds
Number of updated asset objects reloaded before import = 0Number of asset objects unloaded after import = 2

========================================================================
Received Import Request.
  Time since last request: 0.000021 seconds.
  path: Assets/Graphisms/Tilesets/SubTiles/Outside_2879.asset
  artifactKey: Guid(1a026f5a1de626642bfc8501928687ff) Importer(2089858483,b0f066a214c2f5e87bad3c948f4d605d)
Start importing Assets/Graphisms/Tilesets/SubTiles/Outside_2879.asset using Guid(1a026f5a1de626642bfc8501928687ff) Importer(2089858483,b0f066a214c2f5e87bad3c948f4d605d) (ScriptedImporter) -> (artifact id: '4149ee8cbe7fd7ae9b5b1b3e0c5034eb') in 0.0115754 seconds
Number of updated asset objects reloaded before import = 0Number of asset objects unloaded after import = 2

========================================================================
Received Import Request.
  Time since last request: 0.000027 seconds.
  path: Assets/Graphisms/Tilesets/SubTiles/Outside_447.asset
  artifactKey: Guid(2c44eaea56b06b04b8739511a080da7b) Importer(2089858483,b0f066a214c2f5e87bad3c948f4d605d)
Start importing Assets/Graphisms/Tilesets/SubTiles/Outside_447.asset using Guid(2c44eaea56b06b04b8739511a080da7b) Importer(2089858483,b0f066a214c2f5e87bad3c948f4d605d) (ScriptedImporter) -> (artifact id: '588419db915b80ff182bfba983e2b10f') in 0.01576 seconds
Number of updated asset objects reloaded before import = 0Number of asset objects unloaded after import = 2

========================================================================
Received Import Request.
  Time since last request: 0.000032 seconds.
  path: Assets/Graphisms/Tilesets/SubTiles/Outside_3119.asset
  artifactKey: Guid(88bbe0e9707bccb40af39ed82274094d) Importer(2089858483,b0f066a214c2f5e87bad3c948f4d605d)
Start importing Assets/Graphisms/Tilesets/SubTiles/Outside_3119.asset using Guid(88bbe0e9707bccb40af39ed82274094d) Importer(2089858483,b0f066a214c2f5e87bad3c948f4d605d) (ScriptedImporter) -> (artifact id: '97fce526f65c7be9da461234fff98ed2') in 0.0088612 seconds
Number of updated asset objects reloaded before import = 0Number of asset objects unloaded after import = 2

========================================================================
Received Import Request.
  Time since last request: 0.000020 seconds.
  path: Assets/Graphisms/Tilesets/SubTiles/Outside_1585.asset
  artifactKey: Guid(51bd1e0807d03cd44921c20438566718) Importer(2089858483,b0f066a214c2f5e87bad3c948f4d605d)
Start importing Assets/Graphisms/Tilesets/SubTiles/Outside_1585.asset using Guid(51bd1e0807d03cd44921c20438566718) Importer(2089858483,b0f066a214c2f5e87bad3c948f4d605d) (ScriptedImporter) -> (artifact id: '6152b96ef0e550d7005acb8d85693405') in 0.0093553 seconds
Number of updated asset objects reloaded before import = 0Number of asset objects unloaded after import = 2

========================================================================
Received Import Request.
  Time since last request: 0.342748 seconds.
  path: Assets/Graphisms/Tilesets/SubTiles/Outside_2686.asset
  artifactKey: Guid(ffc48cd7c9b25114cb2cadb54a9381ea) Importer(2089858483,b0f066a214c2f5e87bad3c948f4d605d)
Start importing Assets/Graphisms/Tilesets/SubTiles/Outside_2686.asset using Guid(ffc48cd7c9b25114cb2cadb54a9381ea) Importer(2089858483,b0f066a214c2f5e87bad3c948f4d605d) (ScriptedImporter) -> (artifact id: '91c206fdd1c9efd100a500268bd7168d') in 0.0302053 seconds
Number of updated asset objects reloaded before import = 0Number of asset objects unloaded after import = 2

========================================================================
Received Import Request.
  Time since last request: 0.000023 seconds.
  path: Assets/Graphisms/Tilesets/SubTiles/Outside_3667.asset
  artifactKey: Guid(12362bf758dd09e4890cdf573868df8e) Importer(2089858483,b0f066a214c2f5e87bad3c948f4d605d)
Start importing Assets/Graphisms/Tilesets/SubTiles/Outside_3667.asset using Guid(12362bf758dd09e4890cdf573868df8e) Importer(2089858483,b0f066a214c2f5e87bad3c948f4d605d) (ScriptedImporter) -> (artifact id: 'bf7769002ce60b271c8e300de8d0c467') in 0.0101154 seconds
Number of updated asset objects reloaded before import = 0Number of asset objects unloaded after import = 2

========================================================================
Received Import Request.
  Time since last request: 0.000031 seconds.
  path: Assets/Graphisms/Tilesets/SubTiles/Outside_3904.asset
  artifactKey: Guid(c209981bc9b19534fb9b97c8701c8310) Importer(2089858483,b0f066a214c2f5e87bad3c948f4d605d)
Start importing Assets/Graphisms/Tilesets/SubTiles/Outside_3904.asset using Guid(c209981bc9b19534fb9b97c8701c8310) Importer(2089858483,b0f066a214c2f5e87bad3c948f4d605d) (ScriptedImporter) -> (artifact id: 'c1467a08af0b02515f806f276283d53e') in 0.0205166 seconds
Number of updated asset objects reloaded before import = 0Number of asset objects unloaded after import = 2

========================================================================
Received Import Request.
  Time since last request: 0.000031 seconds.
  path: Assets/Graphisms/Tilesets/SubTiles/Outside_566.asset
  artifactKey: Guid(95e892663e0e417469caa6106240dd4c) Importer(2089858483,b0f066a214c2f5e87bad3c948f4d605d)
Start importing Assets/Graphisms/Tilesets/SubTiles/Outside_566.asset using Guid(95e892663e0e417469caa6106240dd4c) Importer(2089858483,b0f066a214c2f5e87bad3c948f4d605d) (ScriptedImporter) -> (artifact id: '55d4c7f6247c86c60b271d98ab8094e2') in 0.0126462 seconds
Number of updated asset objects reloaded before import = 0Number of asset objects unloaded after import = 2

========================================================================
Received Import Request.
  Time since last request: 0.000035 seconds.
  path: Assets/Graphisms/Tilesets/SubTiles/Outside_3488.asset
  artifactKey: Guid(a49d7bcb61f31d448a67cb9426ffb128) Importer(2089858483,b0f066a214c2f5e87bad3c948f4d605d)
Start importing Assets/Graphisms/Tilesets/SubTiles/Outside_3488.asset using Guid(a49d7bcb61f31d448a67cb9426ffb128) Importer(2089858483,b0f066a214c2f5e87bad3c948f4d605d) (ScriptedImporter) -> (artifact id: 'aa9f6b4b04f9a93e0cb74cea1e5ef233') in 0.01102 seconds
Number of updated asset objects reloaded before import = 0Number of asset objects unloaded after import = 2

========================================================================
Received Import Request.
  Time since last request: 0.000018 seconds.
  path: Assets/Graphisms/Tilesets/SubTiles/Outside_1621.asset
  artifactKey: Guid(a3d1262bf71b2ce4f8bbbf95817af454) Importer(2089858483,b0f066a214c2f5e87bad3c948f4d605d)
Start importing Assets/Graphisms/Tilesets/SubTiles/Outside_1621.asset using Guid(a3d1262bf71b2ce4f8bbbf95817af454) Importer(2089858483,b0f066a214c2f5e87bad3c948f4d605d) (ScriptedImporter) -> (artifact id: 'c0cc44a3a42c3f7780cea313c9de8949') in 0.0105693 seconds
Number of updated asset objects reloaded before import = 0Number of asset objects unloaded after import = 2

========================================================================
Received Import Request.
  Time since last request: 0.000025 seconds.
  path: Assets/Graphisms/Tilesets/SubTiles/Outside_1899.asset
  artifactKey: Guid(8904df683ef7378469fcf859556d1d5d) Importer(2089858483,b0f066a214c2f5e87bad3c948f4d605d)
Start importing Assets/Graphisms/Tilesets/SubTiles/Outside_1899.asset using Guid(8904df683ef7378469fcf859556d1d5d) Importer(2089858483,b0f066a214c2f5e87bad3c948f4d605d) (ScriptedImporter) -> (artifact id: '340fc262d45fa0920543ca494c332d76') in 0.0097537 seconds
Number of updated asset objects reloaded before import = 0Number of asset objects unloaded after import = 2

========================================================================
Received Import Request.
  Time since last request: 0.000021 seconds.
  path: Assets/Graphisms/Tilesets/SubTiles/Outside_623.asset
  artifactKey: Guid(38f6debd2a4b0f1428260c11d64448d2) Importer(2089858483,b0f066a214c2f5e87bad3c948f4d605d)
Start importing Assets/Graphisms/Tilesets/SubTiles/Outside_623.asset using Guid(38f6debd2a4b0f1428260c11d64448d2) Importer(2089858483,b0f066a214c2f5e87bad3c948f4d605d) (ScriptedImporter) -> (artifact id: 'f2c347757f773add95cc189f6c317494') in 0.0115928 seconds
Number of updated asset objects reloaded before import = 0Number of asset objects unloaded after import = 2

========================================================================
Received Import Request.
  Time since last request: 0.000025 seconds.
  path: Assets/Graphisms/Tilesets/SubTiles/Outside_1766.asset
  artifactKey: Guid(b8fc363566fefdb4da0a23014c439784) Importer(2089858483,b0f066a214c2f5e87bad3c948f4d605d)
Start importing Assets/Graphisms/Tilesets/SubTiles/Outside_1766.asset using Guid(b8fc363566fefdb4da0a23014c439784) Importer(2089858483,b0f066a214c2f5e87bad3c948f4d605d) (ScriptedImporter) -> (artifact id: '631a6411f50d3dd0300ba040086c7e73') in 0.0094313 seconds
Number of updated asset objects reloaded before import = 0Number of asset objects unloaded after import = 2

========================================================================
Received Import Request.
  Time since last request: 0.000044 seconds.
  path: Assets/Graphisms/Tilesets/SubTiles/Outside_197.asset
  artifactKey: Guid(3383b2c082e1cb64eb97f261c9f0a7d9) Importer(2089858483,b0f066a214c2f5e87bad3c948f4d605d)
Start importing Assets/Graphisms/Tilesets/SubTiles/Outside_197.asset using Guid(3383b2c082e1cb64eb97f261c9f0a7d9) Importer(2089858483,b0f066a214c2f5e87bad3c948f4d605d) (ScriptedImporter) -> (artifact id: 'ebeae8d474bc34d2dd7076ccda444ae2') in 0.011094 seconds
Number of updated asset objects reloaded before import = 0Number of asset objects unloaded after import = 2

========================================================================
Received Import Request.
  Time since last request: 0.000024 seconds.
  path: Assets/Graphisms/Tilesets/SubTiles/Outside_2735.asset
  artifactKey: Guid(6eb3701d64d6c704d86cabeac527b982) Importer(2089858483,b0f066a214c2f5e87bad3c948f4d605d)
Start importing Assets/Graphisms/Tilesets/SubTiles/Outside_2735.asset using Guid(6eb3701d64d6c704d86cabeac527b982) Importer(2089858483,b0f066a214c2f5e87bad3c948f4d605d) (ScriptedImporter) -> (artifact id: 'fb0ead65d8133e0613e489176e49f815') in 0.021599 seconds
Number of updated asset objects reloaded before import = 0Number of asset objects unloaded after import = 2

========================================================================
Received Import Request.
  Time since last request: 0.000022 seconds.
  path: Assets/Graphisms/Tilesets/SubTiles/Outside_4014.asset
  artifactKey: Guid(36b0f3feb6df98e489022fc724065ad2) Importer(2089858483,b0f066a214c2f5e87bad3c948f4d605d)
Start importing Assets/Graphisms/Tilesets/SubTiles/Outside_4014.asset using Guid(36b0f3feb6df98e489022fc724065ad2) Importer(2089858483,b0f066a214c2f5e87bad3c948f4d605d) (ScriptedImporter) -> (artifact id: '0e95a5a0f1ee11ee87730269996cf0fc') in 0.0100145 seconds
Number of updated asset objects reloaded before import = 0Number of asset objects unloaded after import = 2

========================================================================
Received Import Request.
  Time since last request: 0.000025 seconds.
  path: Assets/Graphisms/Tilesets/SubTiles/Outside_475.asset
  artifactKey: Guid(9b1f2b5f6240c0546a877e75bad0d421) Importer(2089858483,b0f066a214c2f5e87bad3c948f4d605d)
Start importing Assets/Graphisms/Tilesets/SubTiles/Outside_475.asset using Guid(9b1f2b5f6240c0546a877e75bad0d421) Importer(2089858483,b0f066a214c2f5e87bad3c948f4d605d) (ScriptedImporter) -> (artifact id: '6888cc28e8d940ac583779b086a13fc0') in 0.0098848 seconds
Number of updated asset objects reloaded before import = 0Number of asset objects unloaded after import = 2

========================================================================
Received Import Request.
  Time since last request: 0.000031 seconds.
  path: Assets/Graphisms/Tilesets/SubTiles/Outside_580.asset
  artifactKey: Guid(535cdc8fae27bfa488c532bf4ff57391) Importer(2089858483,b0f066a214c2f5e87bad3c948f4d605d)
Start importing Assets/Graphisms/Tilesets/SubTiles/Outside_580.asset using Guid(535cdc8fae27bfa488c532bf4ff57391) Importer(2089858483,b0f066a214c2f5e87bad3c948f4d605d) (ScriptedImporter) -> (artifact id: '33a29dae46b29ff7c22ea826711effe0') in 0.0100825 seconds
Number of updated asset objects reloaded before import = 0Number of asset objects unloaded after import = 2

========================================================================
Received Import Request.
  Time since last request: 0.000034 seconds.
  path: Assets/Graphisms/Tilesets/SubTiles/Outside_29.asset
  artifactKey: Guid(ab9919ee81c8e154bb9de2426eff5322) Importer(2089858483,b0f066a214c2f5e87bad3c948f4d605d)
Start importing Assets/Graphisms/Tilesets/SubTiles/Outside_29.asset using Guid(ab9919ee81c8e154bb9de2426eff5322) Importer(2089858483,b0f066a214c2f5e87bad3c948f4d605d) (ScriptedImporter) -> (artifact id: 'b8eb82c184d61c77112a44063afc61b2') in 0.0268286 seconds
Number of updated asset objects reloaded before import = 0Number of asset objects unloaded after import = 2

========================================================================
Received Import Request.
  Time since last request: 0.000024 seconds.
  path: Assets/Graphisms/Tilesets/SubTiles/Outside_1211.asset
  artifactKey: Guid(6bc0133bd9d554d47b612af84ecafa4c) Importer(2089858483,b0f066a214c2f5e87bad3c948f4d605d)
Start importing Assets/Graphisms/Tilesets/SubTiles/Outside_1211.asset using Guid(6bc0133bd9d554d47b612af84ecafa4c) Importer(2089858483,b0f066a214c2f5e87bad3c948f4d605d) (ScriptedImporter) -> (artifact id: '646175c75d44417db1fc5aa533642d41') in 0.0111035 seconds
Number of updated asset objects reloaded before import = 0Number of asset objects unloaded after import = 2

========================================================================
Received Import Request.
  Time since last request: 0.000018 seconds.
  path: Assets/Graphisms/Tilesets/SubTiles/Outside_789.asset
  artifactKey: Guid(4d0cfd6fc68ed0045b2b1ec44c925f12) Importer(2089858483,b0f066a214c2f5e87bad3c948f4d605d)
Start importing Assets/Graphisms/Tilesets/SubTiles/Outside_789.asset using Guid(4d0cfd6fc68ed0045b2b1ec44c925f12) Importer(2089858483,b0f066a214c2f5e87bad3c948f4d605d) (ScriptedImporter) -> (artifact id: '090249209b1486364a18ed3490042b95') in 0.0108879 seconds
Number of updated asset objects reloaded before import = 0Number of asset objects unloaded after import = 2

========================================================================
Received Import Request.
  Time since last request: 0.000026 seconds.
  path: Assets/Graphisms/Tilesets/SubTiles/Outside_3811.asset
  artifactKey: Guid(ced980885f9bc054d9ac4f98c237b52e) Importer(2089858483,b0f066a214c2f5e87bad3c948f4d605d)
Start importing Assets/Graphisms/Tilesets/SubTiles/Outside_3811.asset using Guid(ced980885f9bc054d9ac4f98c237b52e) Importer(2089858483,b0f066a214c2f5e87bad3c948f4d605d) (ScriptedImporter) -> (artifact id: '9dc07592a5f58fd637c172c1a16ea34d') in 0.0092397 seconds
Number of updated asset objects reloaded before import = 0Number of asset objects unloaded after import = 2

========================================================================
Received Import Request.
  Time since last request: 0.000038 seconds.
  path: Assets/Graphisms/Tilesets/SubTiles/Outside_555.asset
  artifactKey: Guid(648e5c50a003d114cbc7e950d133a679) Importer(2089858483,b0f066a214c2f5e87bad3c948f4d605d)
Start importing Assets/Graphisms/Tilesets/SubTiles/Outside_555.asset using Guid(648e5c50a003d114cbc7e950d133a679) Importer(2089858483,b0f066a214c2f5e87bad3c948f4d605d) (ScriptedImporter) -> (artifact id: '5e412312b3c0dbe36ee161edf2c011af') in 0.0118849 seconds
Number of updated asset objects reloaded before import = 0Number of asset objects unloaded after import = 2

========================================================================
Received Import Request.
  Time since last request: 0.000017 seconds.
  path: Assets/Graphisms/Tilesets/SubTiles/Outside_55.asset
  artifactKey: Guid(3fdf32e63e4eed14ab5797f252385bcf) Importer(2089858483,b0f066a214c2f5e87bad3c948f4d605d)
Start importing Assets/Graphisms/Tilesets/SubTiles/Outside_55.asset using Guid(3fdf32e63e4eed14ab5797f252385bcf) Importer(2089858483,b0f066a214c2f5e87bad3c948f4d605d) (ScriptedImporter) -> (artifact id: 'fa522c08eed507bf6e4f64d571b1521f') in 0.0292292 seconds
Number of updated asset objects reloaded before import = 0Number of asset objects unloaded after import = 2

========================================================================
Received Import Request.
  Time since last request: 0.000023 seconds.
  path: Assets/Graphisms/Tilesets/SubTiles/Outside_3882.asset
  artifactKey: Guid(e56fcceb75c019e4aab94fd4c6e5310b) Importer(2089858483,b0f066a214c2f5e87bad3c948f4d605d)
Start importing Assets/Graphisms/Tilesets/SubTiles/Outside_3882.asset using Guid(e56fcceb75c019e4aab94fd4c6e5310b) Importer(2089858483,b0f066a214c2f5e87bad3c948f4d605d) (ScriptedImporter) -> (artifact id: 'f6cdbf6ed4b8c4305c014ad5043f8e7f') in 0.0102403 seconds
Number of updated asset objects reloaded before import = 0Number of asset objects unloaded after import = 2

========================================================================
Received Import Request.
  Time since last request: 0.000063 seconds.
  path: Assets/Graphisms/Tilesets/SubTiles/Outside_1756.asset
  artifactKey: Guid(fe6eab100bc01264bb71cd6f03b570c2) Importer(2089858483,b0f066a214c2f5e87bad3c948f4d605d)
Start importing Assets/Graphisms/Tilesets/SubTiles/Outside_1756.asset using Guid(fe6eab100bc01264bb71cd6f03b570c2) Importer(2089858483,b0f066a214c2f5e87bad3c948f4d605d) (ScriptedImporter) -> (artifact id: 'd84af53f29ef687ecc065549182db4d6') in 0.010549 seconds
Number of updated asset objects reloaded before import = 0Number of asset objects unloaded after import = 2

========================================================================
Received Import Request.
  Time since last request: 0.000053 seconds.
  path: Assets/Graphisms/Tilesets/SubTiles/Outside_1649.asset
  artifactKey: Guid(e9acec8985f36d749ac3d436e1583be8) Importer(2089858483,b0f066a214c2f5e87bad3c948f4d605d)
Start importing Assets/Graphisms/Tilesets/SubTiles/Outside_1649.asset using Guid(e9acec8985f36d749ac3d436e1583be8) Importer(2089858483,b0f066a214c2f5e87bad3c948f4d605d) (ScriptedImporter) -> (artifact id: '47373e8d6bea4e5a6056cf2af12a41a3') in 0.0234529 seconds
Number of updated asset objects reloaded before import = 0Number of asset objects unloaded after import = 2

========================================================================
Received Import Request.
  Time since last request: 0.000021 seconds.
  path: Assets/Graphisms/Tilesets/SubTiles/Outside_3383.asset
  artifactKey: Guid(79ee3fb26f612dc4bace3383ff52cfc4) Importer(2089858483,b0f066a214c2f5e87bad3c948f4d605d)
Start importing Assets/Graphisms/Tilesets/SubTiles/Outside_3383.asset using Guid(79ee3fb26f612dc4bace3383ff52cfc4) Importer(2089858483,b0f066a214c2f5e87bad3c948f4d605d) (ScriptedImporter) -> (artifact id: 'd651efd73ed530c446afa57cd17be318') in 0.0095452 seconds
Number of updated asset objects reloaded before import = 0Number of asset objects unloaded after import = 2

========================================================================
Received Import Request.
  Time since last request: 0.000031 seconds.
  path: Assets/Graphisms/Tilesets/SubTiles/Outside_760.asset
  artifactKey: Guid(b3430dc404181e141be4061a9ae383a4) Importer(2089858483,b0f066a214c2f5e87bad3c948f4d605d)
Start importing Assets/Graphisms/Tilesets/SubTiles/Outside_760.asset using Guid(b3430dc404181e141be4061a9ae383a4) Importer(2089858483,b0f066a214c2f5e87bad3c948f4d605d) (ScriptedImporter) -> (artifact id: 'eaa77ee9f6848983fdc2c805823663dd') in 0.012924 seconds
Number of updated asset objects reloaded before import = 0Number of asset objects unloaded after import = 2

========================================================================
Received Import Request.
  Time since last request: 0.000026 seconds.
  path: Assets/Graphisms/Tilesets/SubTiles/Outside_3291.asset
  artifactKey: Guid(192a9dda67502b94fa11299a5f6df3d4) Importer(2089858483,b0f066a214c2f5e87bad3c948f4d605d)
Start importing Assets/Graphisms/Tilesets/SubTiles/Outside_3291.asset using Guid(192a9dda67502b94fa11299a5f6df3d4) Importer(2089858483,b0f066a214c2f5e87bad3c948f4d605d) (ScriptedImporter) -> (artifact id: '6f85d0a368a8e209b5fc7cd9730af765') in 0.0158232 seconds
Number of updated asset objects reloaded before import = 0Number of asset objects unloaded after import = 2

========================================================================
Received Import Request.
  Time since last request: 0.000038 seconds.
  path: Assets/Graphisms/Tilesets/SubTiles/Outside_1754.asset
  artifactKey: Guid(33bb830dce425d74596010b805e88bd2) Importer(2089858483,b0f066a214c2f5e87bad3c948f4d605d)
Start importing Assets/Graphisms/Tilesets/SubTiles/Outside_1754.asset using Guid(33bb830dce425d74596010b805e88bd2) Importer(2089858483,b0f066a214c2f5e87bad3c948f4d605d) (ScriptedImporter) -> (artifact id: 'df35b7adef0f2f71f242d4ac28bbb99e') in 0.0111516 seconds
Number of updated asset objects reloaded before import = 0Number of asset objects unloaded after import = 2

========================================================================
Received Import Request.
  Time since last request: 0.000022 seconds.
  path: Assets/Graphisms/Tilesets/SubTiles/Outside_3877.asset
  artifactKey: Guid(13237d61eb0fedb419d474171c0849e4) Importer(2089858483,b0f066a214c2f5e87bad3c948f4d605d)
Start importing Assets/Graphisms/Tilesets/SubTiles/Outside_3877.asset using Guid(13237d61eb0fedb419d474171c0849e4) Importer(2089858483,b0f066a214c2f5e87bad3c948f4d605d) (ScriptedImporter) -> (artifact id: '574ec4e1703d97b429d1f6181850219e') in 0.0117831 seconds
Number of updated asset objects reloaded before import = 0Number of asset objects unloaded after import = 2

========================================================================
Received Import Request.
  Time since last request: 0.000038 seconds.
  path: Assets/Graphisms/Tilesets/SubTiles/Outside_3827.asset
  artifactKey: Guid(6f10957c5a8e4404a996e74bef8ca3a8) Importer(2089858483,b0f066a214c2f5e87bad3c948f4d605d)
Start importing Assets/Graphisms/Tilesets/SubTiles/Outside_3827.asset using Guid(6f10957c5a8e4404a996e74bef8ca3a8) Importer(2089858483,b0f066a214c2f5e87bad3c948f4d605d) (ScriptedImporter) -> (artifact id: '6f1a46ffbff4ba4bbbb616f967361282') in 0.0167438 seconds
Number of updated asset objects reloaded before import = 0Number of asset objects unloaded after import = 2

========================================================================
Received Import Request.
  Time since last request: 0.000039 seconds.
  path: Assets/Graphisms/Tilesets/SubTiles/Outside_3897.asset
  artifactKey: Guid(6835110d53977cd4a97d288ed88058e4) Importer(2089858483,b0f066a214c2f5e87bad3c948f4d605d)
Start importing Assets/Graphisms/Tilesets/SubTiles/Outside_3897.asset using Guid(6835110d53977cd4a97d288ed88058e4) Importer(2089858483,b0f066a214c2f5e87bad3c948f4d605d) (ScriptedImporter) -> (artifact id: '956c3920163dcccef5672e881e1fb27b') in 0.0135003 seconds
Number of updated asset objects reloaded before import = 0Number of asset objects unloaded after import = 2

========================================================================
Received Import Request.
  Time since last request: 0.000035 seconds.
  path: Assets/Graphisms/Tilesets/SubTiles/Outside_2619.asset
  artifactKey: Guid(a2feeee5f7f6bea47bbf503c4fc7c7ad) Importer(2089858483,b0f066a214c2f5e87bad3c948f4d605d)
Start importing Assets/Graphisms/Tilesets/SubTiles/Outside_2619.asset using Guid(a2feeee5f7f6bea47bbf503c4fc7c7ad) Importer(2089858483,b0f066a214c2f5e87bad3c948f4d605d) (ScriptedImporter) -> (artifact id: '6800855ef763747eb96c52500468419c') in 0.0109165 seconds
Number of updated asset objects reloaded before import = 0Number of asset objects unloaded after import = 2

========================================================================
Received Import Request.
  Time since last request: 0.000026 seconds.
  path: Assets/Graphisms/Tilesets/SubTiles/Outside_774.asset
  artifactKey: Guid(158727b57d066734dac61f39d534d992) Importer(2089858483,b0f066a214c2f5e87bad3c948f4d605d)
Start importing Assets/Graphisms/Tilesets/SubTiles/Outside_774.asset using Guid(158727b57d066734dac61f39d534d992) Importer(2089858483,b0f066a214c2f5e87bad3c948f4d605d) (ScriptedImporter) -> (artifact id: '5fa838db15fce813e02b7da33860dcb4') in 0.0118486 seconds
Number of updated asset objects reloaded before import = 0Number of asset objects unloaded after import = 2

========================================================================
Received Import Request.
  Time since last request: 0.000035 seconds.
  path: Assets/Graphisms/Tilesets/SubTiles/Outside_704.asset
  artifactKey: Guid(324a7df9675a6794abafb3dc95d5cac0) Importer(2089858483,b0f066a214c2f5e87bad3c948f4d605d)
Start importing Assets/Graphisms/Tilesets/SubTiles/Outside_704.asset using Guid(324a7df9675a6794abafb3dc95d5cac0) Importer(2089858483,b0f066a214c2f5e87bad3c948f4d605d) (ScriptedImporter) -> (artifact id: '51b44179e9d5c3cec8aff337dc0e44f2') in 0.01103 seconds
Number of updated asset objects reloaded before import = 0Number of asset objects unloaded after import = 2

========================================================================
Received Import Request.
  Time since last request: 0.668621 seconds.
  path: Assets/Graphisms/Tilesets/SubTiles/Outside_2614.asset
  artifactKey: Guid(e8018d0fec1fbc9469e371b1b2657a24) Importer(2089858483,b0f066a214c2f5e87bad3c948f4d605d)
Start importing Assets/Graphisms/Tilesets/SubTiles/Outside_2614.asset using Guid(e8018d0fec1fbc9469e371b1b2657a24) Importer(2089858483,b0f066a214c2f5e87bad3c948f4d605d) (ScriptedImporter) -> (artifact id: 'c33ace5d187fc0af9db98f3d856c00d3') in 0.0160241 seconds
Number of updated asset objects reloaded before import = 0Number of asset objects unloaded after import = 2

========================================================================
Received Import Request.
  Time since last request: 0.000018 seconds.
  path: Assets/Graphisms/Tilesets/SubTiles/Outside_807.asset
  artifactKey: Guid(1dab79ea25ec18e42888a92910e5daee) Importer(2089858483,b0f066a214c2f5e87bad3c948f4d605d)
Start importing Assets/Graphisms/Tilesets/SubTiles/Outside_807.asset using Guid(1dab79ea25ec18e42888a92910e5daee) Importer(2089858483,b0f066a214c2f5e87bad3c948f4d605d) (ScriptedImporter) -> (artifact id: '92c63ef223cd946f3c9acbe508a02ae6') in 0.0111409 seconds
Number of updated asset objects reloaded before import = 0Number of asset objects unloaded after import = 2

========================================================================
Received Import Request.
  Time since last request: 0.000025 seconds.
  path: Assets/Graphisms/Tilesets/SubTiles/Outside_3874.asset
  artifactKey: Guid(80783f26448ffed428fc17aad5830224) Importer(2089858483,b0f066a214c2f5e87bad3c948f4d605d)
Start importing Assets/Graphisms/Tilesets/SubTiles/Outside_3874.asset using Guid(80783f26448ffed428fc17aad5830224) Importer(2089858483,b0f066a214c2f5e87bad3c948f4d605d) (ScriptedImporter) -> (artifact id: 'bfa64a4b0f4750d81f0cfdba6e975a56') in 0.0109969 seconds
Number of updated asset objects reloaded before import = 0Number of asset objects unloaded after import = 2

========================================================================
Received Import Request.
  Time since last request: 0.000021 seconds.
  path: Assets/Graphisms/Tilesets/SubTiles/Outside_3411.asset
  artifactKey: Guid(59f77e21767346e418913be64bff8065) Importer(2089858483,b0f066a214c2f5e87bad3c948f4d605d)
Start importing Assets/Graphisms/Tilesets/SubTiles/Outside_3411.asset using Guid(59f77e21767346e418913be64bff8065) Importer(2089858483,b0f066a214c2f5e87bad3c948f4d605d) (ScriptedImporter) -> (artifact id: 'a8a9d15c76ab9c0ccafd57ae1f10e42e') in 0.0107817 seconds
Number of updated asset objects reloaded before import = 0Number of asset objects unloaded after import = 2

========================================================================
Received Import Request.
  Time since last request: 0.000064 seconds.
  path: Assets/Graphisms/Tilesets/SubTiles/Outside_3676.asset
  artifactKey: Guid(f0d98b9d21293d341a95bf063c7247ac) Importer(2089858483,b0f066a214c2f5e87bad3c948f4d605d)
Start importing Assets/Graphisms/Tilesets/SubTiles/Outside_3676.asset using Guid(f0d98b9d21293d341a95bf063c7247ac) Importer(2089858483,b0f066a214c2f5e87bad3c948f4d605d) (ScriptedImporter) -> (artifact id: '6118ce56d71a91c94fadcad7da094513') in 0.0119868 seconds
Number of updated asset objects reloaded before import = 0Number of asset objects unloaded after import = 2

========================================================================
Received Import Request.
  Time since last request: 0.000020 seconds.
  path: Assets/Graphisms/Tilesets/SubTiles/Outside_241.asset
  artifactKey: Guid(18c7accc01d24ea46b99c3db4a9b86fd) Importer(2089858483,b0f066a214c2f5e87bad3c948f4d605d)
Start importing Assets/Graphisms/Tilesets/SubTiles/Outside_241.asset using Guid(18c7accc01d24ea46b99c3db4a9b86fd) Importer(2089858483,b0f066a214c2f5e87bad3c948f4d605d) (ScriptedImporter) -> (artifact id: '7d52820ae8d9e80b5ecadcb4e5beae78') in 0.0114919 seconds
Number of updated asset objects reloaded before import = 0Number of asset objects unloaded after import = 2

========================================================================
Received Import Request.
  Time since last request: 0.000024 seconds.
  path: Assets/Graphisms/Tilesets/SubTiles/Outside_2857.asset
  artifactKey: Guid(ee3d0a99f81eace4e9622b8eb90269b8) Importer(2089858483,b0f066a214c2f5e87bad3c948f4d605d)
Start importing Assets/Graphisms/Tilesets/SubTiles/Outside_2857.asset using Guid(ee3d0a99f81eace4e9622b8eb90269b8) Importer(2089858483,b0f066a214c2f5e87bad3c948f4d605d) (ScriptedImporter) -> (artifact id: 'cb32fe26f59ceea740d7a1df900260e8') in 0.0124419 seconds
Number of updated asset objects reloaded before import = 0Number of asset objects unloaded after import = 2

========================================================================
Received Import Request.
  Time since last request: 0.000026 seconds.
  path: Assets/Graphisms/Tilesets/SubTiles/Outside_1602.asset
  artifactKey: Guid(3147a297de7470d4584037be7a08c196) Importer(2089858483,b0f066a214c2f5e87bad3c948f4d605d)
Start importing Assets/Graphisms/Tilesets/SubTiles/Outside_1602.asset using Guid(3147a297de7470d4584037be7a08c196) Importer(2089858483,b0f066a214c2f5e87bad3c948f4d605d) (ScriptedImporter) -> (artifact id: '2e6b4504d1c424a0773c56e9261953d7') in 0.0254568 seconds
Number of updated asset objects reloaded before import = 0Number of asset objects unloaded after import = 2

========================================================================
Received Import Request.
  Time since last request: 0.000023 seconds.
  path: Assets/Graphisms/Tilesets/SubTiles/Outside_3738.asset
  artifactKey: Guid(25d49c09ed6b7744e94c822c5993c360) Importer(2089858483,b0f066a214c2f5e87bad3c948f4d605d)
Start importing Assets/Graphisms/Tilesets/SubTiles/Outside_3738.asset using Guid(25d49c09ed6b7744e94c822c5993c360) Importer(2089858483,b0f066a214c2f5e87bad3c948f4d605d) (ScriptedImporter) -> (artifact id: 'fd6b1a96993f569d156f91430dc4a38d') in 0.0096003 seconds
Number of updated asset objects reloaded before import = 0Number of asset objects unloaded after import = 2

========================================================================
Received Import Request.
  Time since last request: 0.000033 seconds.
  path: Assets/Graphisms/Tilesets/SubTiles/Outside_2466.asset
  artifactKey: Guid(01e8aaaaf85c103428ee1ac762b9794d) Importer(2089858483,b0f066a214c2f5e87bad3c948f4d605d)
Start importing Assets/Graphisms/Tilesets/SubTiles/Outside_2466.asset using Guid(01e8aaaaf85c103428ee1ac762b9794d) Importer(2089858483,b0f066a214c2f5e87bad3c948f4d605d) (ScriptedImporter) -> (artifact id: '5eddbaaa3fd440373fae23ae9be0347a') in 0.010074 seconds
Number of updated asset objects reloaded before import = 0Number of asset objects unloaded after import = 2

========================================================================
Received Import Request.
  Time since last request: 0.000020 seconds.
  path: Assets/Graphisms/Tilesets/SubTiles/Outside_3485.asset
  artifactKey: Guid(ff062b70cad01ae4f8a70a76cd7a7819) Importer(2089858483,b0f066a214c2f5e87bad3c948f4d605d)
Start importing Assets/Graphisms/Tilesets/SubTiles/Outside_3485.asset using Guid(ff062b70cad01ae4f8a70a76cd7a7819) Importer(2089858483,b0f066a214c2f5e87bad3c948f4d605d) (ScriptedImporter) -> (artifact id: 'b240728b917e03fc99ca3cadf5f56c29') in 0.0104177 seconds
Number of updated asset objects reloaded before import = 0Number of asset objects unloaded after import = 2

========================================================================
Received Import Request.
  Time since last request: 0.000020 seconds.
  path: Assets/Graphisms/Tilesets/SubTiles/Outside_308.asset
  artifactKey: Guid(8a35de8416e3f2a4ab639da08f4d888a) Importer(2089858483,b0f066a214c2f5e87bad3c948f4d605d)
Start importing Assets/Graphisms/Tilesets/SubTiles/Outside_308.asset using Guid(8a35de8416e3f2a4ab639da08f4d888a) Importer(2089858483,b0f066a214c2f5e87bad3c948f4d605d) (ScriptedImporter) -> (artifact id: 'eddf637aae4609739d6ace4a06327827') in 0.0135495 seconds
Number of updated asset objects reloaded before import = 0Number of asset objects unloaded after import = 2

========================================================================
Received Import Request.
  Time since last request: 0.000033 seconds.
  path: Assets/Graphisms/Tilesets/SubTiles/Outside_3941.asset
  artifactKey: Guid(95de6bf4aba73a942a70f29de6d71b1b) Importer(2089858483,b0f066a214c2f5e87bad3c948f4d605d)
Start importing Assets/Graphisms/Tilesets/SubTiles/Outside_3941.asset using Guid(95de6bf4aba73a942a70f29de6d71b1b) Importer(2089858483,b0f066a214c2f5e87bad3c948f4d605d) (ScriptedImporter) -> (artifact id: 'dcedf51a17b36d0dc3322204bca3cb80') in 0.0209747 seconds
Number of updated asset objects reloaded before import = 0Number of asset objects unloaded after import = 2

========================================================================
Received Import Request.
  Time since last request: 0.000025 seconds.
  path: Assets/Graphisms/Tilesets/SubTiles/Outside_2611.asset
  artifactKey: Guid(b77382f0c566cef49a2ae0e168f9bd2a) Importer(2089858483,b0f066a214c2f5e87bad3c948f4d605d)
Start importing Assets/Graphisms/Tilesets/SubTiles/Outside_2611.asset using Guid(b77382f0c566cef49a2ae0e168f9bd2a) Importer(2089858483,b0f066a214c2f5e87bad3c948f4d605d) (ScriptedImporter) -> (artifact id: '2a7fd9c7832e8910604789d2d216c4d7') in 0.0100713 seconds
Number of updated asset objects reloaded before import = 0Number of asset objects unloaded after import = 2

========================================================================
Received Import Request.
  Time since last request: 0.000033 seconds.
  path: Assets/Graphisms/Tilesets/SubTiles/Outside_2953.asset
  artifactKey: Guid(ed2fd2b0c6e5a1443b2de94accb554a4) Importer(2089858483,b0f066a214c2f5e87bad3c948f4d605d)
Start importing Assets/Graphisms/Tilesets/SubTiles/Outside_2953.asset using Guid(ed2fd2b0c6e5a1443b2de94accb554a4) Importer(2089858483,b0f066a214c2f5e87bad3c948f4d605d) (ScriptedImporter) -> (artifact id: '4d9dbf95c7f97221027e8107c001ae0b') in 0.0141675 seconds
Number of updated asset objects reloaded before import = 0Number of asset objects unloaded after import = 2

========================================================================
Received Import Request.
  Time since last request: 0.000023 seconds.
  path: Assets/Graphisms/Tilesets/SubTiles/Outside_1044.asset
  artifactKey: Guid(3c89b5c7389dff04d9736d101b6a5849) Importer(2089858483,b0f066a214c2f5e87bad3c948f4d605d)
Start importing Assets/Graphisms/Tilesets/SubTiles/Outside_1044.asset using Guid(3c89b5c7389dff04d9736d101b6a5849) Importer(2089858483,b0f066a214c2f5e87bad3c948f4d605d) (ScriptedImporter) -> (artifact id: '8c5ffbd92ff03c7b6a8823b3935c9ab0') in 0.0122042 seconds
Number of updated asset objects reloaded before import = 0Number of asset objects unloaded after import = 2

========================================================================
Received Import Request.
  Time since last request: 0.000027 seconds.
  path: Assets/Graphisms/Tilesets/SubTiles/Outside_992.asset
  artifactKey: Guid(5298362bc17414944920e66e9ba5ba02) Importer(2089858483,b0f066a214c2f5e87bad3c948f4d605d)
Start importing Assets/Graphisms/Tilesets/SubTiles/Outside_992.asset using Guid(5298362bc17414944920e66e9ba5ba02) Importer(2089858483,b0f066a214c2f5e87bad3c948f4d605d) (ScriptedImporter) -> (artifact id: '5c46f9fac3001393b32ae7e3066ceb37') in 0.0115995 seconds
Number of updated asset objects reloaded before import = 0Number of asset objects unloaded after import = 2

========================================================================
Received Import Request.
  Time since last request: 0.000022 seconds.
  path: Assets/Graphisms/Tilesets/SubTiles/Outside_600.asset
  artifactKey: Guid(f999dfac84b9a52459c16e60b5668a16) Importer(2089858483,b0f066a214c2f5e87bad3c948f4d605d)
Start importing Assets/Graphisms/Tilesets/SubTiles/Outside_600.asset using Guid(f999dfac84b9a52459c16e60b5668a16) Importer(2089858483,b0f066a214c2f5e87bad3c948f4d605d) (ScriptedImporter) -> (artifact id: '6dc21ad8bf1508e026687956800e5459') in 0.0484209 seconds
Number of updated asset objects reloaded before import = 0Number of asset objects unloaded after import = 2

========================================================================
Received Import Request.
  Time since last request: 0.000056 seconds.
  path: Assets/Graphisms/Tilesets/SubTiles/Outside_111.asset
  artifactKey: Guid(edf8355695e1e7c4dbbc18de469763cb) Importer(2089858483,b0f066a214c2f5e87bad3c948f4d605d)
Start importing Assets/Graphisms/Tilesets/SubTiles/Outside_111.asset using Guid(edf8355695e1e7c4dbbc18de469763cb) Importer(2089858483,b0f066a214c2f5e87bad3c948f4d605d) (ScriptedImporter) -> (artifact id: 'eaa8db405bc4362c65dc683a47455c0a') in 0.1608331 seconds
Number of updated asset objects reloaded before import = 0Number of asset objects unloaded after import = 2

========================================================================
Received Import Request.
  Time since last request: 0.000036 seconds.
  path: Assets/Graphisms/Tilesets/SubTiles/Outside_78.asset
  artifactKey: Guid(4b7451fbead5e3d4f80c5042a3678efa) Importer(2089858483,b0f066a214c2f5e87bad3c948f4d605d)
Start importing Assets/Graphisms/Tilesets/SubTiles/Outside_78.asset using Guid(4b7451fbead5e3d4f80c5042a3678efa) Importer(2089858483,b0f066a214c2f5e87bad3c948f4d605d) (ScriptedImporter) -> (artifact id: 'ecf838b6e800ff4c10b0b0bb832e1e9e') in 0.0559009 seconds
Number of updated asset objects reloaded before import = 0Number of asset objects unloaded after import = 2

========================================================================
Received Import Request.
  Time since last request: 0.000024 seconds.
  path: Assets/Graphisms/Tilesets/SubTiles/Outside_1053.asset
  artifactKey: Guid(ba8a01d0b4064804b9f0be550c40d7ad) Importer(2089858483,b0f066a214c2f5e87bad3c948f4d605d)
Start importing Assets/Graphisms/Tilesets/SubTiles/Outside_1053.asset using Guid(ba8a01d0b4064804b9f0be550c40d7ad) Importer(2089858483,b0f066a214c2f5e87bad3c948f4d605d) (ScriptedImporter) -> (artifact id: '052254547a515cb30e7afba901f35d3b') in 0.0108139 seconds
Number of updated asset objects reloaded before import = 0Number of asset objects unloaded after import = 2

========================================================================
Received Import Request.
  Time since last request: 0.000047 seconds.
  path: Assets/Graphisms/Tilesets/SubTiles/Outside_3769.asset
  artifactKey: Guid(b659ab597f76f604d9f022c41ab12f3c) Importer(2089858483,b0f066a214c2f5e87bad3c948f4d605d)
Start importing Assets/Graphisms/Tilesets/SubTiles/Outside_3769.asset using Guid(b659ab597f76f604d9f022c41ab12f3c) Importer(2089858483,b0f066a214c2f5e87bad3c948f4d605d) (ScriptedImporter) -> (artifact id: 'dba52d1eac346d6184f76f396cd6a05b') in 0.0110155 seconds
Number of updated asset objects reloaded before import = 0Number of asset objects unloaded after import = 2

========================================================================
Received Import Request.
  Time since last request: 0.000019 seconds.
  path: Assets/Graphisms/Tilesets/SubTiles/Outside_476.asset
  artifactKey: Guid(c4701d70e27b04e47bab956b2f09a4ba) Importer(2089858483,b0f066a214c2f5e87bad3c948f4d605d)
Start importing Assets/Graphisms/Tilesets/SubTiles/Outside_476.asset using Guid(c4701d70e27b04e47bab956b2f09a4ba) Importer(2089858483,b0f066a214c2f5e87bad3c948f4d605d) (ScriptedImporter) -> (artifact id: '99ccdbe7c5cfcc92691ba09f64c8117a') in 0.0126037 seconds
Number of updated asset objects reloaded before import = 0Number of asset objects unloaded after import = 2

========================================================================
Received Import Request.
  Time since last request: 0.000018 seconds.
  path: Assets/Graphisms/Tilesets/SubTiles/Outside_3299.asset
  artifactKey: Guid(06340a0a554b45a40a5fe38a7ecbff86) Importer(2089858483,b0f066a214c2f5e87bad3c948f4d605d)
Start importing Assets/Graphisms/Tilesets/SubTiles/Outside_3299.asset using Guid(06340a0a554b45a40a5fe38a7ecbff86) Importer(2089858483,b0f066a214c2f5e87bad3c948f4d605d) (ScriptedImporter) -> (artifact id: 'c7c024a67024eac6d6c00c2f567d2c64') in 0.0115614 seconds
Number of updated asset objects reloaded before import = 0Number of asset objects unloaded after import = 2

========================================================================
Received Import Request.
  Time since last request: 0.000030 seconds.
  path: Assets/Graphisms/Tilesets/SubTiles/Outside_1633.asset
  artifactKey: Guid(dfff885707d4a9b4c9f9acc0f891825a) Importer(2089858483,b0f066a214c2f5e87bad3c948f4d605d)
Start importing Assets/Graphisms/Tilesets/SubTiles/Outside_1633.asset using Guid(dfff885707d4a9b4c9f9acc0f891825a) Importer(2089858483,b0f066a214c2f5e87bad3c948f4d605d) (ScriptedImporter) -> (artifact id: 'f98dc8431752a0e3f09a6c8f4bb40f5e') in 0.0545115 seconds
Number of updated asset objects reloaded before import = 0Number of asset objects unloaded after import = 2

========================================================================
Received Import Request.
  Time since last request: 0.000028 seconds.
  path: Assets/Graphisms/Tilesets/SubTiles/Outside_3247.asset
  artifactKey: Guid(feefc87bdef788e4b9277a6f249b3e05) Importer(2089858483,b0f066a214c2f5e87bad3c948f4d605d)
Start importing Assets/Graphisms/Tilesets/SubTiles/Outside_3247.asset using Guid(feefc87bdef788e4b9277a6f249b3e05) Importer(2089858483,b0f066a214c2f5e87bad3c948f4d605d) (ScriptedImporter) -> (artifact id: 'a0a2de4e2eb775b27d41f9aa2739f167') in 0.0118004 seconds
Number of updated asset objects reloaded before import = 0Number of asset objects unloaded after import = 2

========================================================================
Received Import Request.
  Time since last request: 0.000032 seconds.
  path: Assets/Graphisms/Tilesets/SubTiles/Outside_364.asset
  artifactKey: Guid(5894580d734b0e44e8b3dfbbaa36e426) Importer(2089858483,b0f066a214c2f5e87bad3c948f4d605d)
Start importing Assets/Graphisms/Tilesets/SubTiles/Outside_364.asset using Guid(5894580d734b0e44e8b3dfbbaa36e426) Importer(2089858483,b0f066a214c2f5e87bad3c948f4d605d) (ScriptedImporter) -> (artifact id: '49ab1a318fd36a04759e7238b64e88f4') in 0.3004221 seconds
Number of updated asset objects reloaded before import = 0Number of asset objects unloaded after import = 2

========================================================================
Received Import Request.
  Time since last request: 0.000043 seconds.
  path: Assets/Graphisms/Tilesets/SubTiles/Outside_3579.asset
  artifactKey: Guid(806f719beab0d5443924f3dc3435186b) Importer(2089858483,b0f066a214c2f5e87bad3c948f4d605d)
Start importing Assets/Graphisms/Tilesets/SubTiles/Outside_3579.asset using Guid(806f719beab0d5443924f3dc3435186b) Importer(2089858483,b0f066a214c2f5e87bad3c948f4d605d) (ScriptedImporter) -> (artifact id: 'd8a6bfb8ee0dfcbcea720957f2a4a767') in 0.0128951 seconds
Number of updated asset objects reloaded before import = 0Number of asset objects unloaded after import = 2

========================================================================
Received Import Request.
  Time since last request: 0.000030 seconds.
  path: Assets/Graphisms/Tilesets/SubTiles/Outside_1946.asset
  artifactKey: Guid(830d7de45f021204f9bbbdac5a6edd47) Importer(2089858483,b0f066a214c2f5e87bad3c948f4d605d)
Start importing Assets/Graphisms/Tilesets/SubTiles/Outside_1946.asset using Guid(830d7de45f021204f9bbbdac5a6edd47) Importer(2089858483,b0f066a214c2f5e87bad3c948f4d605d) (ScriptedImporter) -> (artifact id: '80e0c6a4f60f1a173fb727f96d11a8d3') in 0.0100634 seconds
Number of updated asset objects reloaded before import = 0Number of asset objects unloaded after import = 2

========================================================================
Received Import Request.
  Time since last request: 0.000024 seconds.
  path: Assets/Graphisms/Tilesets/SubTiles/Outside_59.asset
  artifactKey: Guid(eb859ea9ab8cfb2458b611ed2a69704d) Importer(2089858483,b0f066a214c2f5e87bad3c948f4d605d)
Start importing Assets/Graphisms/Tilesets/SubTiles/Outside_59.asset using Guid(eb859ea9ab8cfb2458b611ed2a69704d) Importer(2089858483,b0f066a214c2f5e87bad3c948f4d605d) (ScriptedImporter) -> (artifact id: 'fed94c17481e4f39b1d0d52bd531563e') in 0.1221568 seconds
Number of updated asset objects reloaded before import = 0Number of asset objects unloaded after import = 2

========================================================================
Received Import Request.
  Time since last request: 0.000023 seconds.
  path: Assets/Graphisms/Tilesets/SubTiles/Outside_914.asset
  artifactKey: Guid(77008a6501d99b0409a83f6bbb895c0a) Importer(2089858483,b0f066a214c2f5e87bad3c948f4d605d)
Start importing Assets/Graphisms/Tilesets/SubTiles/Outside_914.asset using Guid(77008a6501d99b0409a83f6bbb895c0a) Importer(2089858483,b0f066a214c2f5e87bad3c948f4d605d) (ScriptedImporter) -> (artifact id: '8f2c71faf497f5c455b08cbf8e4b3059') in 0.0111225 seconds
Number of updated asset objects reloaded before import = 0Number of asset objects unloaded after import = 2

========================================================================
Received Import Request.
  Time since last request: 0.000043 seconds.
  path: Assets/Graphisms/Tilesets/SubTiles/Outside_2763.asset
  artifactKey: Guid(cb1f423c201ee084b962eae9fb19b77d) Importer(2089858483,b0f066a214c2f5e87bad3c948f4d605d)
Start importing Assets/Graphisms/Tilesets/SubTiles/Outside_2763.asset using Guid(cb1f423c201ee084b962eae9fb19b77d) Importer(2089858483,b0f066a214c2f5e87bad3c948f4d605d) (ScriptedImporter) -> (artifact id: '4c7e562438bcb6160ed70cefc099cfc2') in 0.0306078 seconds
Number of updated asset objects reloaded before import = 0Number of asset objects unloaded after import = 2

========================================================================
Received Import Request.
  Time since last request: 0.000043 seconds.
  path: Assets/Graphisms/Tilesets/SubTiles/Outside_3108.asset
  artifactKey: Guid(30e317bc22d312e43ba38a20408f2030) Importer(2089858483,b0f066a214c2f5e87bad3c948f4d605d)
Start importing Assets/Graphisms/Tilesets/SubTiles/Outside_3108.asset using Guid(30e317bc22d312e43ba38a20408f2030) Importer(2089858483,b0f066a214c2f5e87bad3c948f4d605d) (ScriptedImporter) -> (artifact id: '3c113fccdffaa5c8af6f23b66d9f9ce5') in 0.0441633 seconds
Number of updated asset objects reloaded before import = 0Number of asset objects unloaded after import = 2

========================================================================
Received Import Request.
  Time since last request: 0.000026 seconds.
  path: Assets/Graphisms/Tilesets/SubTiles/Outside_1466.asset
  artifactKey: Guid(67f1ca707839e294eb319b23f317f12a) Importer(2089858483,b0f066a214c2f5e87bad3c948f4d605d)
Start importing Assets/Graphisms/Tilesets/SubTiles/Outside_1466.asset using Guid(67f1ca707839e294eb319b23f317f12a) Importer(2089858483,b0f066a214c2f5e87bad3c948f4d605d) (ScriptedImporter) -> (artifact id: 'b0159a712eb2a510a4e185dd2ebe02b7') in 0.010017 seconds
Number of updated asset objects reloaded before import = 0Number of asset objects unloaded after import = 2

========================================================================
Received Import Request.
  Time since last request: 0.000025 seconds.
  path: Assets/Graphisms/Tilesets/SubTiles/Outside_1875.asset
  artifactKey: Guid(bd23cc9548615224984d449a86ca4841) Importer(2089858483,b0f066a214c2f5e87bad3c948f4d605d)
Start importing Assets/Graphisms/Tilesets/SubTiles/Outside_1875.asset using Guid(bd23cc9548615224984d449a86ca4841) Importer(2089858483,b0f066a214c2f5e87bad3c948f4d605d) (ScriptedImporter) -> (artifact id: '57ece880fd6a025d2ac3badfb10ed8f0') in 0.0107377 seconds
Number of updated asset objects reloaded before import = 0Number of asset objects unloaded after import = 2

========================================================================
Received Import Request.
  Time since last request: 0.000040 seconds.
  path: Assets/Graphisms/Tilesets/SubTiles/Outside_3967.asset
  artifactKey: Guid(49f2ca4b3bc2d34458d0496b644f3657) Importer(2089858483,b0f066a214c2f5e87bad3c948f4d605d)
Start importing Assets/Graphisms/Tilesets/SubTiles/Outside_3967.asset using Guid(49f2ca4b3bc2d34458d0496b644f3657) Importer(2089858483,b0f066a214c2f5e87bad3c948f4d605d) (ScriptedImporter) -> (artifact id: '65233d5aaf270b95a8791fe44e41ce86') in 0.0370091 seconds
Number of updated asset objects reloaded before import = 0Number of asset objects unloaded after import = 2

========================================================================
Received Import Request.
  Time since last request: 0.000021 seconds.
  path: Assets/Graphisms/Tilesets/SubTiles/Outside_1724.asset
  artifactKey: Guid(cea4109dd93133b46844dd6ae9e6477c) Importer(2089858483,b0f066a214c2f5e87bad3c948f4d605d)
Start importing Assets/Graphisms/Tilesets/SubTiles/Outside_1724.asset using Guid(cea4109dd93133b46844dd6ae9e6477c) Importer(2089858483,b0f066a214c2f5e87bad3c948f4d605d) (ScriptedImporter) -> (artifact id: 'faba262e44087abc022c6293f04fe777') in 0.0100261 seconds
Number of updated asset objects reloaded before import = 0Number of asset objects unloaded after import = 2

========================================================================
Received Import Request.
  Time since last request: 0.000024 seconds.
  path: Assets/Graphisms/Tilesets/SubTiles/Outside_3081.asset
  artifactKey: Guid(13a123e2b783fb348bbb169a2037af08) Importer(2089858483,b0f066a214c2f5e87bad3c948f4d605d)
Start importing Assets/Graphisms/Tilesets/SubTiles/Outside_3081.asset using Guid(13a123e2b783fb348bbb169a2037af08) Importer(2089858483,b0f066a214c2f5e87bad3c948f4d605d) (ScriptedImporter) -> (artifact id: 'ed0967af253de520884143453633a42a') in 0.0101359 seconds
Number of updated asset objects reloaded before import = 0Number of asset objects unloaded after import = 2

========================================================================
Received Import Request.
  Time since last request: 0.000035 seconds.
  path: Assets/Graphisms/Tilesets/SubTiles/Outside_4000.asset
  artifactKey: Guid(9275618e10db30342b7dc901ffc27d42) Importer(2089858483,b0f066a214c2f5e87bad3c948f4d605d)
Start importing Assets/Graphisms/Tilesets/SubTiles/Outside_4000.asset using Guid(9275618e10db30342b7dc901ffc27d42) Importer(2089858483,b0f066a214c2f5e87bad3c948f4d605d) (ScriptedImporter) -> (artifact id: '87f3a44888a898e88cb3664c40cf8baa') in 0.0099438 seconds
Number of updated asset objects reloaded before import = 0Number of asset objects unloaded after import = 2

========================================================================
Received Import Request.
  Time since last request: 0.000031 seconds.
  path: Assets/Graphisms/Tilesets/SubTiles/Outside_3487.asset
  artifactKey: Guid(329806459fbe3ba42aa9823ea43d6cd5) Importer(2089858483,b0f066a214c2f5e87bad3c948f4d605d)
Start importing Assets/Graphisms/Tilesets/SubTiles/Outside_3487.asset using Guid(329806459fbe3ba42aa9823ea43d6cd5) Importer(2089858483,b0f066a214c2f5e87bad3c948f4d605d) (ScriptedImporter) -> (artifact id: '70dab4e5fee89d5dfd294fd3a1a7ef30') in 0.0162418 seconds
Number of updated asset objects reloaded before import = 0Number of asset objects unloaded after import = 2

========================================================================
Received Import Request.
  Time since last request: 0.000020 seconds.
  path: Assets/Graphisms/Tilesets/SubTiles/Outside_2009.asset
  artifactKey: Guid(82d7ffb6fe81744478d1fd8dccfe8eae) Importer(2089858483,b0f066a214c2f5e87bad3c948f4d605d)
Start importing Assets/Graphisms/Tilesets/SubTiles/Outside_2009.asset using Guid(82d7ffb6fe81744478d1fd8dccfe8eae) Importer(2089858483,b0f066a214c2f5e87bad3c948f4d605d) (ScriptedImporter) -> (artifact id: '9912d6488559ef066b61bc7a776949e5') in 0.0100962 seconds
Number of updated asset objects reloaded before import = 0Number of asset objects unloaded after import = 2

========================================================================
Received Import Request.
  Time since last request: 0.000017 seconds.
  path: Assets/Graphisms/Tilesets/SubTiles/Outside_1997.asset
  artifactKey: Guid(0ef32393798f1a147949d62537c64566) Importer(2089858483,b0f066a214c2f5e87bad3c948f4d605d)
Start importing Assets/Graphisms/Tilesets/SubTiles/Outside_1997.asset using Guid(0ef32393798f1a147949d62537c64566) Importer(2089858483,b0f066a214c2f5e87bad3c948f4d605d) (ScriptedImporter) -> (artifact id: 'b78fa997d5e8d5afd410e66366073530') in 0.0113724 seconds
Number of updated asset objects reloaded before import = 0Number of asset objects unloaded after import = 2

========================================================================
Received Import Request.
  Time since last request: 0.000020 seconds.
  path: Assets/Graphisms/Tilesets/SubTiles/Outside_2504.asset
  artifactKey: Guid(215cf16c7e324da4fa9ef45b1cc13c14) Importer(2089858483,b0f066a214c2f5e87bad3c948f4d605d)
Start importing Assets/Graphisms/Tilesets/SubTiles/Outside_2504.asset using Guid(215cf16c7e324da4fa9ef45b1cc13c14) Importer(2089858483,b0f066a214c2f5e87bad3c948f4d605d) (ScriptedImporter) -> (artifact id: '4d8de960cab42d26f655ef5076809d71') in 0.0205204 seconds
Number of updated asset objects reloaded before import = 0Number of asset objects unloaded after import = 2

========================================================================
Received Import Request.
  Time since last request: 0.000042 seconds.
  path: Assets/Graphisms/Tilesets/SubTiles/Outside_2420.asset
  artifactKey: Guid(c7d8d33a6d89ae1469caf418969732b4) Importer(2089858483,b0f066a214c2f5e87bad3c948f4d605d)
Start importing Assets/Graphisms/Tilesets/SubTiles/Outside_2420.asset using Guid(c7d8d33a6d89ae1469caf418969732b4) Importer(2089858483,b0f066a214c2f5e87bad3c948f4d605d) (ScriptedImporter) -> (artifact id: 'eb3d670b9ae66cf26d22562aaeb62828') in 0.0168954 seconds
Number of updated asset objects reloaded before import = 0Number of asset objects unloaded after import = 2

========================================================================
Received Import Request.
  Time since last request: 0.000036 seconds.
  path: Assets/Graphisms/Tilesets/SubTiles/Outside_2277.asset
  artifactKey: Guid(e5a2b7ef674824d41af4625ffbda0dbc) Importer(2089858483,b0f066a214c2f5e87bad3c948f4d605d)
Start importing Assets/Graphisms/Tilesets/SubTiles/Outside_2277.asset using Guid(e5a2b7ef674824d41af4625ffbda0dbc) Importer(2089858483,b0f066a214c2f5e87bad3c948f4d605d) (ScriptedImporter) -> (artifact id: '6660ad9871af9dfb1cacdd9811f104e3') in 0.0091823 seconds
Number of updated asset objects reloaded before import = 0Number of asset objects unloaded after import = 2

========================================================================
Received Import Request.
  Time since last request: 0.000021 seconds.
  path: Assets/Graphisms/Tilesets/SubTiles/Outside_2372.asset
  artifactKey: Guid(d76c2fcc6595dcb4fb179798ae1cd487) Importer(2089858483,b0f066a214c2f5e87bad3c948f4d605d)
Start importing Assets/Graphisms/Tilesets/SubTiles/Outside_2372.asset using Guid(d76c2fcc6595dcb4fb179798ae1cd487) Importer(2089858483,b0f066a214c2f5e87bad3c948f4d605d) (ScriptedImporter) -> (artifact id: '0773c521dd17136c8e3e03e134291a48') in 0.0092975 seconds
Number of updated asset objects reloaded before import = 0Number of asset objects unloaded after import = 2

========================================================================
Received Import Request.
  Time since last request: 0.000022 seconds.
  path: Assets/Graphisms/Tilesets/SubTiles/Outside_282.asset
  artifactKey: Guid(ef2cab1d95aebbb41a21dbc1448a055d) Importer(2089858483,b0f066a214c2f5e87bad3c948f4d605d)
Start importing Assets/Graphisms/Tilesets/SubTiles/Outside_282.asset using Guid(ef2cab1d95aebbb41a21dbc1448a055d) Importer(2089858483,b0f066a214c2f5e87bad3c948f4d605d) (ScriptedImporter) -> (artifact id: 'aed7bd897e7f400806a9fb3ee108c153') in 0.01035 seconds
Number of updated asset objects reloaded before import = 0Number of asset objects unloaded after import = 2

========================================================================
Received Import Request.
  Time since last request: 0.000026 seconds.
  path: Assets/Graphisms/Tilesets/SubTiles/Outside_3939.asset
  artifactKey: Guid(93f49f678ee722e4abd99740dc1cdfc0) Importer(2089858483,b0f066a214c2f5e87bad3c948f4d605d)
Start importing Assets/Graphisms/Tilesets/SubTiles/Outside_3939.asset using Guid(93f49f678ee722e4abd99740dc1cdfc0) Importer(2089858483,b0f066a214c2f5e87bad3c948f4d605d) (ScriptedImporter) -> (artifact id: '38f0669ce736e52428166b399f2a14d2') in 0.0103431 seconds
Number of updated asset objects reloaded before import = 0Number of asset objects unloaded after import = 2

========================================================================
Received Import Request.
  Time since last request: 0.000027 seconds.
  path: Assets/Graphisms/Tilesets/SubTiles/Outside_1606.asset
  artifactKey: Guid(624d725ccd3c4174ab93e14db4a8da2e) Importer(2089858483,b0f066a214c2f5e87bad3c948f4d605d)
Start importing Assets/Graphisms/Tilesets/SubTiles/Outside_1606.asset using Guid(624d725ccd3c4174ab93e14db4a8da2e) Importer(2089858483,b0f066a214c2f5e87bad3c948f4d605d) (ScriptedImporter) -> (artifact id: 'b4381948459f85f2669ab1f84c82b70f') in 0.009657 seconds
Number of updated asset objects reloaded before import = 0Number of asset objects unloaded after import = 2

========================================================================
Received Import Request.
  Time since last request: 0.000042 seconds.
  path: Assets/Graphisms/Tilesets/SubTiles/Outside_584.asset
  artifactKey: Guid(c10da52eac91a1e43b765f5f4adc4b63) Importer(2089858483,b0f066a214c2f5e87bad3c948f4d605d)
Start importing Assets/Graphisms/Tilesets/SubTiles/Outside_584.asset using Guid(c10da52eac91a1e43b765f5f4adc4b63) Importer(2089858483,b0f066a214c2f5e87bad3c948f4d605d) (ScriptedImporter) -> (artifact id: 'c3818f09b8b5436eb1f3eb8c47ea18c5') in 0.0096492 seconds
Number of updated asset objects reloaded before import = 0Number of asset objects unloaded after import = 2

========================================================================
Received Import Request.
  Time since last request: 0.000033 seconds.
  path: Assets/Graphisms/Tilesets/SubTiles/Outside_2288.asset
  artifactKey: Guid(fa2104425bd9ce24381b57e63c0d27ab) Importer(2089858483,b0f066a214c2f5e87bad3c948f4d605d)
Start importing Assets/Graphisms/Tilesets/SubTiles/Outside_2288.asset using Guid(fa2104425bd9ce24381b57e63c0d27ab) Importer(2089858483,b0f066a214c2f5e87bad3c948f4d605d) (ScriptedImporter) -> (artifact id: '9b99c3cfb55ac3dc77fab303506cabd6') in 0.0102876 seconds
Number of updated asset objects reloaded before import = 0Number of asset objects unloaded after import = 2

========================================================================
Received Import Request.
  Time since last request: 0.000039 seconds.
  path: Assets/Graphisms/Tilesets/SubTiles/Outside_134.asset
  artifactKey: Guid(fff5a0e3c5e7c0d40a20cfdc5e23e000) Importer(2089858483,b0f066a214c2f5e87bad3c948f4d605d)
Start importing Assets/Graphisms/Tilesets/SubTiles/Outside_134.asset using Guid(fff5a0e3c5e7c0d40a20cfdc5e23e000) Importer(2089858483,b0f066a214c2f5e87bad3c948f4d605d) (ScriptedImporter) -> (artifact id: '32102ecde1499c12de624ef7a68ed52e') in 0.027089 seconds
Number of updated asset objects reloaded before import = 0Number of asset objects unloaded after import = 2

========================================================================
Received Import Request.
  Time since last request: 0.000023 seconds.
  path: Assets/Graphisms/Tilesets/SubTiles/Outside_3593.asset
  artifactKey: Guid(22a378a7d8b62024dae9f6e3bc1922ad) Importer(2089858483,b0f066a214c2f5e87bad3c948f4d605d)
Start importing Assets/Graphisms/Tilesets/SubTiles/Outside_3593.asset using Guid(22a378a7d8b62024dae9f6e3bc1922ad) Importer(2089858483,b0f066a214c2f5e87bad3c948f4d605d) (ScriptedImporter) -> (artifact id: 'fad6c720214ddbdd6d48fd3c5db1b607') in 0.0093195 seconds
Number of updated asset objects reloaded before import = 0Number of asset objects unloaded after import = 2

========================================================================
Received Import Request.
  Time since last request: 0.000036 seconds.
  path: Assets/Graphisms/Tilesets/SubTiles/Outside_1993.asset
  artifactKey: Guid(fda4695c8232b644b89b4d604e573983) Importer(2089858483,b0f066a214c2f5e87bad3c948f4d605d)
Start importing Assets/Graphisms/Tilesets/SubTiles/Outside_1993.asset using Guid(fda4695c8232b644b89b4d604e573983) Importer(2089858483,b0f066a214c2f5e87bad3c948f4d605d) (ScriptedImporter) -> (artifact id: '2d0b67e2fce76e5a628c6c51a0e2fe1c') in 0.0105753 seconds
Number of updated asset objects reloaded before import = 0Number of asset objects unloaded after import = 2

========================================================================
Received Import Request.
  Time since last request: 0.000019 seconds.
  path: Assets/Graphisms/Tilesets/SubTiles/Outside_2946.asset
  artifactKey: Guid(7aed77efd3c0bde4baefa0b9906ff3d1) Importer(2089858483,b0f066a214c2f5e87bad3c948f4d605d)
Start importing Assets/Graphisms/Tilesets/SubTiles/Outside_2946.asset using Guid(7aed77efd3c0bde4baefa0b9906ff3d1) Importer(2089858483,b0f066a214c2f5e87bad3c948f4d605d) (ScriptedImporter) -> (artifact id: '794bafa4ff9eecb76b44ec233b54265e') in 0.0092363 seconds
Number of updated asset objects reloaded before import = 0Number of asset objects unloaded after import = 2

========================================================================
Received Import Request.
  Time since last request: 0.000020 seconds.
  path: Assets/Graphisms/Tilesets/SubTiles/Outside_2860.asset
  artifactKey: Guid(bef0d423d04204944b6bf2801372a46b) Importer(2089858483,b0f066a214c2f5e87bad3c948f4d605d)
Start importing Assets/Graphisms/Tilesets/SubTiles/Outside_2860.asset using Guid(bef0d423d04204944b6bf2801372a46b) Importer(2089858483,b0f066a214c2f5e87bad3c948f4d605d) (ScriptedImporter) -> (artifact id: '018b494ee08a96d8fa54543301934697') in 0.010727 seconds
Number of updated asset objects reloaded before import = 0Number of asset objects unloaded after import = 2

========================================================================
Received Import Request.
  Time since last request: 0.000020 seconds.
  path: Assets/Graphisms/Tilesets/SubTiles/Outside_2728.asset
  artifactKey: Guid(14d0cd914a793b742aef9ec622867020) Importer(2089858483,b0f066a214c2f5e87bad3c948f4d605d)
Start importing Assets/Graphisms/Tilesets/SubTiles/Outside_2728.asset using Guid(14d0cd914a793b742aef9ec622867020) Importer(2089858483,b0f066a214c2f5e87bad3c948f4d605d) (ScriptedImporter) -> (artifact id: 'cacf91bb9dcdba0f2b82d93ed92dac35') in 0.0094434 seconds
Number of updated asset objects reloaded before import = 0Number of asset objects unloaded after import = 2

========================================================================
Received Import Request.
  Time since last request: 0.000024 seconds.
  path: Assets/Graphisms/Tilesets/SubTiles/Outside_840.asset
  artifactKey: Guid(70db94994444ed045879a2bd12724bac) Importer(2089858483,b0f066a214c2f5e87bad3c948f4d605d)
Start importing Assets/Graphisms/Tilesets/SubTiles/Outside_840.asset using Guid(70db94994444ed045879a2bd12724bac) Importer(2089858483,b0f066a214c2f5e87bad3c948f4d605d) (ScriptedImporter) -> (artifact id: '263dee65aa06bed6cc776f286745439e') in 0.0090864 seconds
Number of updated asset objects reloaded before import = 0Number of asset objects unloaded after import = 2

========================================================================
Received Import Request.
  Time since last request: 0.000033 seconds.
  path: Assets/Graphisms/Tilesets/SubTiles/Outside_3792.asset
  artifactKey: Guid(6765dc3494341464589d8a324534137e) Importer(2089858483,b0f066a214c2f5e87bad3c948f4d605d)
Start importing Assets/Graphisms/Tilesets/SubTiles/Outside_3792.asset using Guid(6765dc3494341464589d8a324534137e) Importer(2089858483,b0f066a214c2f5e87bad3c948f4d605d) (ScriptedImporter) -> (artifact id: 'f3403a7a6acea0fd97ea15703277bea2') in 0.0090411 seconds
Number of updated asset objects reloaded before import = 0Number of asset objects unloaded after import = 2

========================================================================
Received Import Request.
  Time since last request: 0.000035 seconds.
  path: Assets/Graphisms/Tilesets/SubTiles/Outside_3698.asset
  artifactKey: Guid(7e78515485f603c498632959be85df77) Importer(2089858483,b0f066a214c2f5e87bad3c948f4d605d)
Start importing Assets/Graphisms/Tilesets/SubTiles/Outside_3698.asset using Guid(7e78515485f603c498632959be85df77) Importer(2089858483,b0f066a214c2f5e87bad3c948f4d605d) (ScriptedImporter) -> (artifact id: '96fb14f500ea1ec148671958a09c2099') in 0.0100631 seconds
Number of updated asset objects reloaded before import = 0Number of asset objects unloaded after import = 2

========================================================================
Received Import Request.
  Time since last request: 0.000025 seconds.
  path: Assets/Graphisms/Tilesets/SubTiles/Outside_3343.asset
  artifactKey: Guid(b15d9706318253b4291ead2ec11bd6f0) Importer(2089858483,b0f066a214c2f5e87bad3c948f4d605d)
Start importing Assets/Graphisms/Tilesets/SubTiles/Outside_3343.asset using Guid(b15d9706318253b4291ead2ec11bd6f0) Importer(2089858483,b0f066a214c2f5e87bad3c948f4d605d) (ScriptedImporter) -> (artifact id: '1baa37e73e3347add260e9fd73ff668b') in 0.0094537 seconds
Number of updated asset objects reloaded before import = 0Number of asset objects unloaded after import = 2

========================================================================
Received Import Request.
  Time since last request: 0.000019 seconds.
  path: Assets/Graphisms/Tilesets/SubTiles/Outside_3419.asset
  artifactKey: Guid(d8dfa6e78ad53cf4198035c231470d73) Importer(2089858483,b0f066a214c2f5e87bad3c948f4d605d)
Start importing Assets/Graphisms/Tilesets/SubTiles/Outside_3419.asset using Guid(d8dfa6e78ad53cf4198035c231470d73) Importer(2089858483,b0f066a214c2f5e87bad3c948f4d605d) (ScriptedImporter) -> (artifact id: 'd6564e8ea0cb8c58aa48f957bc3ca072') in 0.009549 seconds
Number of updated asset objects reloaded before import = 0Number of asset objects unloaded after import = 2

========================================================================
Received Import Request.
  Time since last request: 0.000025 seconds.
  path: Assets/Graphisms/Tilesets/SubTiles/Outside_30.asset
  artifactKey: Guid(2ea63e1706dd99742919816a29a1fe36) Importer(2089858483,b0f066a214c2f5e87bad3c948f4d605d)
Start importing Assets/Graphisms/Tilesets/SubTiles/Outside_30.asset using Guid(2ea63e1706dd99742919816a29a1fe36) Importer(2089858483,b0f066a214c2f5e87bad3c948f4d605d) (ScriptedImporter) -> (artifact id: '74ca467d3820bfd26e9e5573c31512c9') in 0.0267364 seconds
Number of updated asset objects reloaded before import = 0Number of asset objects unloaded after import = 2

========================================================================
Received Import Request.
  Time since last request: 0.000035 seconds.
  path: Assets/Graphisms/Tilesets/SubTiles/Outside_2881.asset
  artifactKey: Guid(5214d95e7b3d9814e90342581c01714c) Importer(2089858483,b0f066a214c2f5e87bad3c948f4d605d)
Start importing Assets/Graphisms/Tilesets/SubTiles/Outside_2881.asset using Guid(5214d95e7b3d9814e90342581c01714c) Importer(2089858483,b0f066a214c2f5e87bad3c948f4d605d) (ScriptedImporter) -> (artifact id: 'f863d9ffb55fe87d5541e3dde7027216') in 0.0094406 seconds
Number of updated asset objects reloaded before import = 0Number of asset objects unloaded after import = 2

========================================================================
Received Import Request.
  Time since last request: 0.000024 seconds.
  path: Assets/Graphisms/Tilesets/SubTiles/Outside_1493.asset
  artifactKey: Guid(fcff523d898b1de4ea31b818c3e7a3c4) Importer(2089858483,b0f066a214c2f5e87bad3c948f4d605d)
Start importing Assets/Graphisms/Tilesets/SubTiles/Outside_1493.asset using Guid(fcff523d898b1de4ea31b818c3e7a3c4) Importer(2089858483,b0f066a214c2f5e87bad3c948f4d605d) (ScriptedImporter) -> (artifact id: '67f252523ba32f6dab8da107ef40a93a') in 0.0090546 seconds
Number of updated asset objects reloaded before import = 0Number of asset objects unloaded after import = 2

========================================================================
Received Import Request.
  Time since last request: 0.000025 seconds.
  path: Assets/Graphisms/Tilesets/SubTiles/Outside_1276.asset
  artifactKey: Guid(565ee9cc8d0a29f4ab8a14c4161b510f) Importer(2089858483,b0f066a214c2f5e87bad3c948f4d605d)
Start importing Assets/Graphisms/Tilesets/SubTiles/Outside_1276.asset using Guid(565ee9cc8d0a29f4ab8a14c4161b510f) Importer(2089858483,b0f066a214c2f5e87bad3c948f4d605d) (ScriptedImporter) -> (artifact id: '2e671d6c9df5da94bc830a487c09c996') in 0.0093462 seconds
Number of updated asset objects reloaded before import = 0Number of asset objects unloaded after import = 2

========================================================================
Received Import Request.
  Time since last request: 0.000021 seconds.
  path: Assets/Graphisms/Tilesets/SubTiles/Outside_2748.asset
  artifactKey: Guid(5e75bb604bf836d479171352c57f7152) Importer(2089858483,b0f066a214c2f5e87bad3c948f4d605d)
Start importing Assets/Graphisms/Tilesets/SubTiles/Outside_2748.asset using Guid(5e75bb604bf836d479171352c57f7152) Importer(2089858483,b0f066a214c2f5e87bad3c948f4d605d) (ScriptedImporter) -> (artifact id: 'bcaa49e34b213d87b2a7aac7a9e051f8') in 0.0119726 seconds
Number of updated asset objects reloaded before import = 0Number of asset objects unloaded after import = 2

========================================================================
Received Import Request.
  Time since last request: 0.000031 seconds.
  path: Assets/Graphisms/Tilesets/SubTiles/Outside_1671.asset
  artifactKey: Guid(d74bd012e31bef144907dd4e1212984a) Importer(2089858483,b0f066a214c2f5e87bad3c948f4d605d)
Start importing Assets/Graphisms/Tilesets/SubTiles/Outside_1671.asset using Guid(d74bd012e31bef144907dd4e1212984a) Importer(2089858483,b0f066a214c2f5e87bad3c948f4d605d) (ScriptedImporter) -> (artifact id: 'fd00f42c0bb4f0a224753f5c32d1db12') in 0.0089678 seconds
Number of updated asset objects reloaded before import = 0Number of asset objects unloaded after import = 2

========================================================================
Received Import Request.
  Time since last request: 0.000034 seconds.
  path: Assets/Graphisms/Tilesets/SubTiles/Outside_3504.asset
  artifactKey: Guid(ae49bb4d1b8d2fc4eb7f0621d3d72b9a) Importer(2089858483,b0f066a214c2f5e87bad3c948f4d605d)
Start importing Assets/Graphisms/Tilesets/SubTiles/Outside_3504.asset using Guid(ae49bb4d1b8d2fc4eb7f0621d3d72b9a) Importer(2089858483,b0f066a214c2f5e87bad3c948f4d605d) (ScriptedImporter) -> (artifact id: '83efedcca1dad31fe2a804320e3accf6') in 0.010124 seconds
Number of updated asset objects reloaded before import = 0Number of asset objects unloaded after import = 2

========================================================================
Received Import Request.
  Time since last request: 0.000023 seconds.
  path: Assets/Graphisms/Tilesets/SubTiles/Outside_3920.asset
  artifactKey: Guid(1293dfe57b874f44bbd3f36f25437a00) Importer(2089858483,b0f066a214c2f5e87bad3c948f4d605d)
Start importing Assets/Graphisms/Tilesets/SubTiles/Outside_3920.asset using Guid(1293dfe57b874f44bbd3f36f25437a00) Importer(2089858483,b0f066a214c2f5e87bad3c948f4d605d) (ScriptedImporter) -> (artifact id: '6e8a44837bae49e190c7fc30a57bdfd6') in 0.0112965 seconds
Number of updated asset objects reloaded before import = 0Number of asset objects unloaded after import = 2

========================================================================
Received Import Request.
  Time since last request: 0.000024 seconds.
  path: Assets/Graphisms/Tilesets/SubTiles/Outside_3224.asset
  artifactKey: Guid(9d81892ef4d233e4f8620ddb01625757) Importer(2089858483,b0f066a214c2f5e87bad3c948f4d605d)
Start importing Assets/Graphisms/Tilesets/SubTiles/Outside_3224.asset using Guid(9d81892ef4d233e4f8620ddb01625757) Importer(2089858483,b0f066a214c2f5e87bad3c948f4d605d) (ScriptedImporter) -> (artifact id: '6ba2d04a64db1cf2b1087f81c2db5a8f') in 0.0102289 seconds
Number of updated asset objects reloaded before import = 0Number of asset objects unloaded after import = 2

========================================================================
Received Import Request.
  Time since last request: 0.000026 seconds.
  path: Assets/Graphisms/Tilesets/SubTiles/Outside_125.asset
  artifactKey: Guid(9a04be7dfccf34b43b40bf6c59ee6116) Importer(2089858483,b0f066a214c2f5e87bad3c948f4d605d)
Start importing Assets/Graphisms/Tilesets/SubTiles/Outside_125.asset using Guid(9a04be7dfccf34b43b40bf6c59ee6116) Importer(2089858483,b0f066a214c2f5e87bad3c948f4d605d) (ScriptedImporter) -> (artifact id: '0b5ffd4f4c4e4521d230e55173f812e4') in 0.0295943 seconds
Number of updated asset objects reloaded before import = 0Number of asset objects unloaded after import = 2

========================================================================
Received Import Request.
  Time since last request: 0.000025 seconds.
  path: Assets/Graphisms/Tilesets/SubTiles/Outside_1689.asset
  artifactKey: Guid(b4540f556f812f742994fb68024bc7f3) Importer(2089858483,b0f066a214c2f5e87bad3c948f4d605d)
Start importing Assets/Graphisms/Tilesets/SubTiles/Outside_1689.asset using Guid(b4540f556f812f742994fb68024bc7f3) Importer(2089858483,b0f066a214c2f5e87bad3c948f4d605d) (ScriptedImporter) -> (artifact id: '3f7e056a6e421cd9edec9312b2959881') in 0.0098742 seconds
Number of updated asset objects reloaded before import = 0Number of asset objects unloaded after import = 2

========================================================================
Received Import Request.
  Time since last request: 0.000047 seconds.
  path: Assets/Graphisms/Tilesets/SubTiles/Outside_2771.asset
  artifactKey: Guid(fb96d06c7a6997843a64ddbc2f29455c) Importer(2089858483,b0f066a214c2f5e87bad3c948f4d605d)
Start importing Assets/Graphisms/Tilesets/SubTiles/Outside_2771.asset using Guid(fb96d06c7a6997843a64ddbc2f29455c) Importer(2089858483,b0f066a214c2f5e87bad3c948f4d605d) (ScriptedImporter) -> (artifact id: 'b8bed699e0eb315c0891b02b1fe3a552') in 0.0087631 seconds
Number of updated asset objects reloaded before import = 0Number of asset objects unloaded after import = 2

========================================================================
Received Import Request.
  Time since last request: 0.000023 seconds.
  path: Assets/Graphisms/Tilesets/SubTiles/Outside_3309.asset
  artifactKey: Guid(85ff65e99d717974aa6d96fd0d39160b) Importer(2089858483,b0f066a214c2f5e87bad3c948f4d605d)
Start importing Assets/Graphisms/Tilesets/SubTiles/Outside_3309.asset using Guid(85ff65e99d717974aa6d96fd0d39160b) Importer(2089858483,b0f066a214c2f5e87bad3c948f4d605d) (ScriptedImporter) -> (artifact id: '5523bd23d8f2172744ca999b08ff12c7') in 0.009979 seconds
Number of updated asset objects reloaded before import = 0Number of asset objects unloaded after import = 2

========================================================================
Received Import Request.
  Time since last request: 0.000030 seconds.
  path: Assets/Graphisms/Tilesets/SubTiles/Outside_3592.asset
  artifactKey: Guid(6a434ab80ce50644db9593b5c3e10742) Importer(2089858483,b0f066a214c2f5e87bad3c948f4d605d)
Start importing Assets/Graphisms/Tilesets/SubTiles/Outside_3592.asset using Guid(6a434ab80ce50644db9593b5c3e10742) Importer(2089858483,b0f066a214c2f5e87bad3c948f4d605d) (ScriptedImporter) -> (artifact id: '2d5e34199210cf950c89b22a5936111a') in 0.009613 seconds
Number of updated asset objects reloaded before import = 0Number of asset objects unloaded after import = 2

========================================================================
Received Import Request.
  Time since last request: 0.000020 seconds.
  path: Assets/Graphisms/Tilesets/SubTiles/Outside_2263.asset
  artifactKey: Guid(36d811cafdb48cb49bf0e970126ff3d7) Importer(2089858483,b0f066a214c2f5e87bad3c948f4d605d)
Start importing Assets/Graphisms/Tilesets/SubTiles/Outside_2263.asset using Guid(36d811cafdb48cb49bf0e970126ff3d7) Importer(2089858483,b0f066a214c2f5e87bad3c948f4d605d) (ScriptedImporter) -> (artifact id: 'c511651a29890b9c98edff515e2dd340') in 0.0087246 seconds
Number of updated asset objects reloaded before import = 0Number of asset objects unloaded after import = 2

========================================================================
Received Import Request.
  Time since last request: 0.000023 seconds.
  path: Assets/Graphisms/Tilesets/SubTiles/Outside_119.asset
  artifactKey: Guid(af4295a47cd389847adfb1410fc59c88) Importer(2089858483,b0f066a214c2f5e87bad3c948f4d605d)
Start importing Assets/Graphisms/Tilesets/SubTiles/Outside_119.asset using Guid(af4295a47cd389847adfb1410fc59c88) Importer(2089858483,b0f066a214c2f5e87bad3c948f4d605d) (ScriptedImporter) -> (artifact id: 'c7142c4bfe3b9db0c56f9e608774da6f') in 0.010913 seconds
Number of updated asset objects reloaded before import = 0Number of asset objects unloaded after import = 2

========================================================================
Received Import Request.
  Time since last request: 0.000040 seconds.
  path: Assets/Graphisms/Tilesets/SubTiles/Outside_3401.asset
  artifactKey: Guid(6dca1ef3221cc4d44be3061fbe3b9917) Importer(2089858483,b0f066a214c2f5e87bad3c948f4d605d)
Start importing Assets/Graphisms/Tilesets/SubTiles/Outside_3401.asset using Guid(6dca1ef3221cc4d44be3061fbe3b9917) Importer(2089858483,b0f066a214c2f5e87bad3c948f4d605d) (ScriptedImporter) -> (artifact id: '25766c58f0b1e154528eabd65fab2d9d') in 0.0104396 seconds
Number of updated asset objects reloaded before import = 0Number of asset objects unloaded after import = 2

========================================================================
Received Import Request.
  Time since last request: 0.000017 seconds.
  path: Assets/Graphisms/Tilesets/SubTiles/Outside_3038.asset
  artifactKey: Guid(0ca39fb1f685f9d4c83957fa2dbd8dfc) Importer(2089858483,b0f066a214c2f5e87bad3c948f4d605d)
Start importing Assets/Graphisms/Tilesets/SubTiles/Outside_3038.asset using Guid(0ca39fb1f685f9d4c83957fa2dbd8dfc) Importer(2089858483,b0f066a214c2f5e87bad3c948f4d605d) (ScriptedImporter) -> (artifact id: '448f24b23936ee9e22df43eb6487bb0a') in 0.0092759 seconds
Number of updated asset objects reloaded before import = 0Number of asset objects unloaded after import = 2

========================================================================
Received Import Request.
  Time since last request: 0.000026 seconds.
  path: Assets/Graphisms/Tilesets/SubTiles/Outside_733.asset
  artifactKey: Guid(f2cf814c212f74540b6e993f908b3f15) Importer(2089858483,b0f066a214c2f5e87bad3c948f4d605d)
Start importing Assets/Graphisms/Tilesets/SubTiles/Outside_733.asset using Guid(f2cf814c212f74540b6e993f908b3f15) Importer(2089858483,b0f066a214c2f5e87bad3c948f4d605d) (ScriptedImporter) -> (artifact id: '279990fa104fcf8de5fffbcc0f094950') in 0.0088491 seconds
Number of updated asset objects reloaded before import = 0Number of asset objects unloaded after import = 2

========================================================================
Received Import Request.
  Time since last request: 0.000020 seconds.
  path: Assets/Graphisms/Tilesets/SubTiles/Outside_1735.asset
  artifactKey: Guid(b0b342f847b13f24699d97be4ce9e67c) Importer(2089858483,b0f066a214c2f5e87bad3c948f4d605d)
Start importing Assets/Graphisms/Tilesets/SubTiles/Outside_1735.asset using Guid(b0b342f847b13f24699d97be4ce9e67c) Importer(2089858483,b0f066a214c2f5e87bad3c948f4d605d) (ScriptedImporter) -> (artifact id: '637c47e489a3f2f035570e76435ba090') in 0.009233 seconds
Number of updated asset objects reloaded before import = 0Number of asset objects unloaded after import = 2

========================================================================
Received Import Request.
  Time since last request: 0.000022 seconds.
  path: Assets/Graphisms/Tilesets/SubTiles/Outside_2574.asset
  artifactKey: Guid(07476a89fca47044e9a5f54f84e4837c) Importer(2089858483,b0f066a214c2f5e87bad3c948f4d605d)
Start importing Assets/Graphisms/Tilesets/SubTiles/Outside_2574.asset using Guid(07476a89fca47044e9a5f54f84e4837c) Importer(2089858483,b0f066a214c2f5e87bad3c948f4d605d) (ScriptedImporter) -> (artifact id: '6a29e2909844f82100f7f8b53e48138b') in 0.0100919 seconds
Number of updated asset objects reloaded before import = 0Number of asset objects unloaded after import = 2

========================================================================
Received Import Request.
  Time since last request: 0.000036 seconds.
  path: Assets/Graphisms/Tilesets/SubTiles/Outside_1028.asset
  artifactKey: Guid(fa00a3ab6a77f4a49841ea555bc343f3) Importer(2089858483,b0f066a214c2f5e87bad3c948f4d605d)
Start importing Assets/Graphisms/Tilesets/SubTiles/Outside_1028.asset using Guid(fa00a3ab6a77f4a49841ea555bc343f3) Importer(2089858483,b0f066a214c2f5e87bad3c948f4d605d) (ScriptedImporter) -> (artifact id: '08ec8f72e957d079bd0d1297b2b82fab') in 0.0097207 seconds
Number of updated asset objects reloaded before import = 0Number of asset objects unloaded after import = 2

========================================================================
Received Import Request.
  Time since last request: 0.000025 seconds.
  path: Assets/Graphisms/Tilesets/SubTiles/Outside_1707.asset
  artifactKey: Guid(c4baee461a706da4ebf4c237a0e4743b) Importer(2089858483,b0f066a214c2f5e87bad3c948f4d605d)
Start importing Assets/Graphisms/Tilesets/SubTiles/Outside_1707.asset using Guid(c4baee461a706da4ebf4c237a0e4743b) Importer(2089858483,b0f066a214c2f5e87bad3c948f4d605d) (ScriptedImporter) -> (artifact id: '8c1e00d69aa52bdf2ce79793532bb68c') in 0.009353 seconds
Number of updated asset objects reloaded before import = 0Number of asset objects unloaded after import = 2

========================================================================
Received Import Request.
  Time since last request: 0.000024 seconds.
  path: Assets/Graphisms/Tilesets/SubTiles/Outside_52.asset
  artifactKey: Guid(938d648cec5c6c1428fc6d275114d595) Importer(2089858483,b0f066a214c2f5e87bad3c948f4d605d)
Start importing Assets/Graphisms/Tilesets/SubTiles/Outside_52.asset using Guid(938d648cec5c6c1428fc6d275114d595) Importer(2089858483,b0f066a214c2f5e87bad3c948f4d605d) (ScriptedImporter) -> (artifact id: '35546900ef173c3d9c2cbbac6246905f') in 0.0218774 seconds
Number of updated asset objects reloaded before import = 0Number of asset objects unloaded after import = 2

========================================================================
Received Import Request.
  Time since last request: 0.000021 seconds.
  path: Assets/Graphisms/Tilesets/SubTiles/Outside_2026.asset
  artifactKey: Guid(88f85ed4cc0df19409646335f252db84) Importer(2089858483,b0f066a214c2f5e87bad3c948f4d605d)
Start importing Assets/Graphisms/Tilesets/SubTiles/Outside_2026.asset using Guid(88f85ed4cc0df19409646335f252db84) Importer(2089858483,b0f066a214c2f5e87bad3c948f4d605d) (ScriptedImporter) -> (artifact id: 'f78cc0d5c2b16b742568bb3c17727e1d') in 0.0155859 seconds
Number of updated asset objects reloaded before import = 0Number of asset objects unloaded after import = 2

========================================================================
Received Import Request.
  Time since last request: 0.000043 seconds.
  path: Assets/Graphisms/Tilesets/SubTiles/Outside_1764.asset
  artifactKey: Guid(7fb19af6de0b9274e9e91f917bed1113) Importer(2089858483,b0f066a214c2f5e87bad3c948f4d605d)
Start importing Assets/Graphisms/Tilesets/SubTiles/Outside_1764.asset using Guid(7fb19af6de0b9274e9e91f917bed1113) Importer(2089858483,b0f066a214c2f5e87bad3c948f4d605d) (ScriptedImporter) -> (artifact id: '382ad8b31d3b259080e8dfe583f20a87') in 0.0105008 seconds
Number of updated asset objects reloaded before import = 0Number of asset objects unloaded after import = 2

========================================================================
Received Import Request.
  Time since last request: 0.000048 seconds.
  path: Assets/Graphisms/Tilesets/SubTiles/Outside_2074.asset
  artifactKey: Guid(e1a058e654512244fb4803902495f26d) Importer(2089858483,b0f066a214c2f5e87bad3c948f4d605d)
Start importing Assets/Graphisms/Tilesets/SubTiles/Outside_2074.asset using Guid(e1a058e654512244fb4803902495f26d) Importer(2089858483,b0f066a214c2f5e87bad3c948f4d605d) (ScriptedImporter) -> (artifact id: '6b69e2381c8b710b80b7be8ffd51ff14') in 0.0127572 seconds
Number of updated asset objects reloaded before import = 0Number of asset objects unloaded after import = 2

========================================================================
Received Import Request.
  Time since last request: 0.000026 seconds.
  path: Assets/Graphisms/Tilesets/SubTiles/Outside_1800.asset
  artifactKey: Guid(0ea0d485fbd419545a6b54b057871632) Importer(2089858483,b0f066a214c2f5e87bad3c948f4d605d)
Start importing Assets/Graphisms/Tilesets/SubTiles/Outside_1800.asset using Guid(0ea0d485fbd419545a6b54b057871632) Importer(2089858483,b0f066a214c2f5e87bad3c948f4d605d) (ScriptedImporter) -> (artifact id: '58d9a4023a8f26a205764b016132e066') in 0.0094572 seconds
Number of updated asset objects reloaded before import = 0Number of asset objects unloaded after import = 2

========================================================================
Received Import Request.
  Time since last request: 0.000023 seconds.
  path: Assets/Graphisms/Tilesets/SubTiles/Outside_38.asset
  artifactKey: Guid(3b4088f40a5927743b9ec2b31204e8da) Importer(2089858483,b0f066a214c2f5e87bad3c948f4d605d)
Start importing Assets/Graphisms/Tilesets/SubTiles/Outside_38.asset using Guid(3b4088f40a5927743b9ec2b31204e8da) Importer(2089858483,b0f066a214c2f5e87bad3c948f4d605d) (ScriptedImporter) -> (artifact id: '4205a13315ace829ae769bea436ef15d') in 0.0272936 seconds
Number of updated asset objects reloaded before import = 0Number of asset objects unloaded after import = 2

========================================================================
Received Import Request.
  Time since last request: 0.000023 seconds.
  path: Assets/Graphisms/Tilesets/SubTiles/Outside_736.asset
  artifactKey: Guid(3600094eba7cf4941bb9e1fa32757127) Importer(2089858483,b0f066a214c2f5e87bad3c948f4d605d)
Start importing Assets/Graphisms/Tilesets/SubTiles/Outside_736.asset using Guid(3600094eba7cf4941bb9e1fa32757127) Importer(2089858483,b0f066a214c2f5e87bad3c948f4d605d) (ScriptedImporter) -> (artifact id: '419ffb63e19b92229ab5fb57fc623088') in 0.0095179 seconds
Number of updated asset objects reloaded before import = 0Number of asset objects unloaded after import = 2

========================================================================
Received Import Request.
  Time since last request: 0.000036 seconds.
  path: Assets/Graphisms/Tilesets/SubTiles/Outside_2981.asset
  artifactKey: Guid(f9d820b6ab5a2b04385f0ccb2c362fc6) Importer(2089858483,b0f066a214c2f5e87bad3c948f4d605d)
Start importing Assets/Graphisms/Tilesets/SubTiles/Outside_2981.asset using Guid(f9d820b6ab5a2b04385f0ccb2c362fc6) Importer(2089858483,b0f066a214c2f5e87bad3c948f4d605d) (ScriptedImporter) -> (artifact id: '82f32489ac744a0f7844e7723a283f0a') in 0.0091442 seconds
Number of updated asset objects reloaded before import = 0Number of asset objects unloaded after import = 2

========================================================================
Received Import Request.
  Time since last request: 0.000025 seconds.
  path: Assets/Graphisms/Tilesets/SubTiles/Outside_2532.asset
  artifactKey: Guid(05d92faffc60fc0469325031852fc7f4) Importer(2089858483,b0f066a214c2f5e87bad3c948f4d605d)
Start importing Assets/Graphisms/Tilesets/SubTiles/Outside_2532.asset using Guid(05d92faffc60fc0469325031852fc7f4) Importer(2089858483,b0f066a214c2f5e87bad3c948f4d605d) (ScriptedImporter) -> (artifact id: 'b57673b6dde7fcd71d77cab3971ebcfc') in 0.0111701 seconds
Number of updated asset objects reloaded before import = 0Number of asset objects unloaded after import = 2

========================================================================
Received Import Request.
  Time since last request: 0.000022 seconds.
  path: Assets/Graphisms/Tilesets/SubTiles/Outside_1421.asset
  artifactKey: Guid(0cbbd5e26bc9cdd479315ef9b39d3c42) Importer(2089858483,b0f066a214c2f5e87bad3c948f4d605d)
Start importing Assets/Graphisms/Tilesets/SubTiles/Outside_1421.asset using Guid(0cbbd5e26bc9cdd479315ef9b39d3c42) Importer(2089858483,b0f066a214c2f5e87bad3c948f4d605d) (ScriptedImporter) -> (artifact id: '75fa174e6b6ec6fcd5088a50a3d32ba3') in 0.0105872 seconds
Number of updated asset objects reloaded before import = 0Number of asset objects unloaded after import = 2

========================================================================
Received Import Request.
  Time since last request: 0.000022 seconds.
  path: Assets/Graphisms/Tilesets/SubTiles/Outside_3905.asset
  artifactKey: Guid(c2ccf884ccca63e43975bd472e852377) Importer(2089858483,b0f066a214c2f5e87bad3c948f4d605d)
Start importing Assets/Graphisms/Tilesets/SubTiles/Outside_3905.asset using Guid(c2ccf884ccca63e43975bd472e852377) Importer(2089858483,b0f066a214c2f5e87bad3c948f4d605d) (ScriptedImporter) -> (artifact id: '6e039c65cd9470588d08002dc9006f4b') in 0.0100909 seconds
Number of updated asset objects reloaded before import = 0Number of asset objects unloaded after import = 2

========================================================================
Received Import Request.
  Time since last request: 0.000029 seconds.
  path: Assets/Graphisms/Tilesets/SubTiles/Outside_3205.asset
  artifactKey: Guid(490edfd185c1c6d439b9f3bc520da0b7) Importer(2089858483,b0f066a214c2f5e87bad3c948f4d605d)
Start importing Assets/Graphisms/Tilesets/SubTiles/Outside_3205.asset using Guid(490edfd185c1c6d439b9f3bc520da0b7) Importer(2089858483,b0f066a214c2f5e87bad3c948f4d605d) (ScriptedImporter) -> (artifact id: 'b656b001f51e8e4ee10b34e489f68175') in 0.0085913 seconds
Number of updated asset objects reloaded before import = 0Number of asset objects unloaded after import = 2

========================================================================
Received Import Request.
  Time since last request: 0.000030 seconds.
  path: Assets/Graphisms/Tilesets/SubTiles/Outside_977.asset
  artifactKey: Guid(4750a464109b58241bb70d21f57bea7f) Importer(2089858483,b0f066a214c2f5e87bad3c948f4d605d)
Start importing Assets/Graphisms/Tilesets/SubTiles/Outside_977.asset using Guid(4750a464109b58241bb70d21f57bea7f) Importer(2089858483,b0f066a214c2f5e87bad3c948f4d605d) (ScriptedImporter) -> (artifact id: '682e0f986c567808386de4b4a0d34026') in 0.0127617 seconds
Number of updated asset objects reloaded before import = 0Number of asset objects unloaded after import = 2

========================================================================
Received Import Request.
  Time since last request: 0.000027 seconds.
  path: Assets/Graphisms/Tilesets/SubTiles/Outside_3618.asset
  artifactKey: Guid(28619db04f9c7dd438174f9901387923) Importer(2089858483,b0f066a214c2f5e87bad3c948f4d605d)
Start importing Assets/Graphisms/Tilesets/SubTiles/Outside_3618.asset using Guid(28619db04f9c7dd438174f9901387923) Importer(2089858483,b0f066a214c2f5e87bad3c948f4d605d) (ScriptedImporter) -> (artifact id: '1c362acdef3e8aeb281d62d08e282895') in 0.010118 seconds
Number of updated asset objects reloaded before import = 0Number of asset objects unloaded after import = 2

========================================================================
Received Import Request.
  Time since last request: 0.000023 seconds.
  path: Assets/Graphisms/Tilesets/SubTiles/Outside_1635.asset
  artifactKey: Guid(325e923928677074bbc263e726271ea1) Importer(2089858483,b0f066a214c2f5e87bad3c948f4d605d)
Start importing Assets/Graphisms/Tilesets/SubTiles/Outside_1635.asset using Guid(325e923928677074bbc263e726271ea1) Importer(2089858483,b0f066a214c2f5e87bad3c948f4d605d) (ScriptedImporter) -> (artifact id: 'f6fcec43dd826020621a27736f7ffc15') in 0.0089704 seconds
Number of updated asset objects reloaded before import = 0Number of asset objects unloaded after import = 2

========================================================================
Received Import Request.
  Time since last request: 0.000022 seconds.
  path: Assets/Graphisms/Tilesets/SubTiles/Outside_2787.asset
  artifactKey: Guid(5913afce1cf69ef4fb47bd88054171e5) Importer(2089858483,b0f066a214c2f5e87bad3c948f4d605d)
Start importing Assets/Graphisms/Tilesets/SubTiles/Outside_2787.asset using Guid(5913afce1cf69ef4fb47bd88054171e5) Importer(2089858483,b0f066a214c2f5e87bad3c948f4d605d) (ScriptedImporter) -> (artifact id: 'bb653fc78951cf6997af4e09a068ffab') in 0.0088109 seconds
Number of updated asset objects reloaded before import = 0Number of asset objects unloaded after import = 2

========================================================================
Received Import Request.
  Time since last request: 0.000038 seconds.
  path: Assets/Graphisms/Tilesets/SubTiles/Outside_41.asset
  artifactKey: Guid(0e8be94137ffb3646a9b92710920c31f) Importer(2089858483,b0f066a214c2f5e87bad3c948f4d605d)
Start importing Assets/Graphisms/Tilesets/SubTiles/Outside_41.asset using Guid(0e8be94137ffb3646a9b92710920c31f) Importer(2089858483,b0f066a214c2f5e87bad3c948f4d605d) (ScriptedImporter) -> (artifact id: '13a317d629102f79628a0b7d6ed923d4') in 0.0152212 seconds
Number of updated asset objects reloaded before import = 0Number of asset objects unloaded after import = 2

========================================================================
Received Import Request.
  Time since last request: 0.000028 seconds.
  path: Assets/Graphisms/Tilesets/SubTiles/Outside_3002.asset
  artifactKey: Guid(b645661225563bc4eac0a4afd05a6afa) Importer(2089858483,b0f066a214c2f5e87bad3c948f4d605d)
Start importing Assets/Graphisms/Tilesets/SubTiles/Outside_3002.asset using Guid(b645661225563bc4eac0a4afd05a6afa) Importer(2089858483,b0f066a214c2f5e87bad3c948f4d605d) (ScriptedImporter) -> (artifact id: '2680a3f8656f620630a990af891d7dae') in 0.0109001 seconds
Number of updated asset objects reloaded before import = 0Number of asset objects unloaded after import = 2

========================================================================
Received Import Request.
  Time since last request: 0.000026 seconds.
  path: Assets/Graphisms/Tilesets/SubTiles/Outside_3274.asset
  artifactKey: Guid(4b1face81ae363c4aadc89cc390102e7) Importer(2089858483,b0f066a214c2f5e87bad3c948f4d605d)
Start importing Assets/Graphisms/Tilesets/SubTiles/Outside_3274.asset using Guid(4b1face81ae363c4aadc89cc390102e7) Importer(2089858483,b0f066a214c2f5e87bad3c948f4d605d) (ScriptedImporter) -> (artifact id: 'db1f2084cf7c6d65da6ff98f46143696') in 0.00984 seconds
Number of updated asset objects reloaded before import = 0Number of asset objects unloaded after import = 2

========================================================================
Received Import Request.
  Time since last request: 0.000022 seconds.
  path: Assets/Graphisms/Tilesets/SubTiles/Outside_678.asset
  artifactKey: Guid(4a1367ff9dd54ab488592f0297c7652c) Importer(2089858483,b0f066a214c2f5e87bad3c948f4d605d)
Start importing Assets/Graphisms/Tilesets/SubTiles/Outside_678.asset using Guid(4a1367ff9dd54ab488592f0297c7652c) Importer(2089858483,b0f066a214c2f5e87bad3c948f4d605d) (ScriptedImporter) -> (artifact id: '7271e51ecca0fc1653c37ec13c1afb42') in 0.0092988 seconds
Number of updated asset objects reloaded before import = 0Number of asset objects unloaded after import = 2

========================================================================
Received Import Request.
  Time since last request: 0.000019 seconds.
  path: Assets/Graphisms/Tilesets/SubTiles/Outside_744.asset
  artifactKey: Guid(c0548ac6b6df605489405a6b745bef29) Importer(2089858483,b0f066a214c2f5e87bad3c948f4d605d)
Start importing Assets/Graphisms/Tilesets/SubTiles/Outside_744.asset using Guid(c0548ac6b6df605489405a6b745bef29) Importer(2089858483,b0f066a214c2f5e87bad3c948f4d605d) (ScriptedImporter) -> (artifact id: '6dd311d54d3ab01b32375f7e100274a6') in 0.0118184 seconds
Number of updated asset objects reloaded before import = 0Number of asset objects unloaded after import = 2

========================================================================
Received Import Request.
  Time since last request: 0.000027 seconds.
  path: Assets/Graphisms/Tilesets/SubTiles/Outside_554.asset
  artifactKey: Guid(86b24e9bca8e16f48902c111b02b1e41) Importer(2089858483,b0f066a214c2f5e87bad3c948f4d605d)
Start importing Assets/Graphisms/Tilesets/SubTiles/Outside_554.asset using Guid(86b24e9bca8e16f48902c111b02b1e41) Importer(2089858483,b0f066a214c2f5e87bad3c948f4d605d) (ScriptedImporter) -> (artifact id: '188f111fd0e6f312e5f3efe84e0e8929') in 0.0098091 seconds
Number of updated asset objects reloaded before import = 0Number of asset objects unloaded after import = 2

========================================================================
Received Import Request.
  Time since last request: 0.000030 seconds.
  path: Assets/Graphisms/Tilesets/SubTiles/Outside_3033.asset
  artifactKey: Guid(c4c7b20620c1d9143b44d42dfde295cc) Importer(2089858483,b0f066a214c2f5e87bad3c948f4d605d)
Start importing Assets/Graphisms/Tilesets/SubTiles/Outside_3033.asset using Guid(c4c7b20620c1d9143b44d42dfde295cc) Importer(2089858483,b0f066a214c2f5e87bad3c948f4d605d) (ScriptedImporter) -> (artifact id: 'a22feea28ddfb764e81ef286be36e3f5') in 0.0105534 seconds
Number of updated asset objects reloaded before import = 0Number of asset objects unloaded after import = 2

========================================================================
Received Import Request.
  Time since last request: 0.000023 seconds.
  path: Assets/Graphisms/Tilesets/SubTiles/Outside_544.asset
  artifactKey: Guid(512436656d676a141b939c6514f5e8c3) Importer(2089858483,b0f066a214c2f5e87bad3c948f4d605d)
Start importing Assets/Graphisms/Tilesets/SubTiles/Outside_544.asset using Guid(512436656d676a141b939c6514f5e8c3) Importer(2089858483,b0f066a214c2f5e87bad3c948f4d605d) (ScriptedImporter) -> (artifact id: '11520f3fe31a9be64a682c9bccb3d386') in 0.0092455 seconds
Number of updated asset objects reloaded before import = 0Number of asset objects unloaded after import = 2

========================================================================
Received Import Request.
  Time since last request: 0.000025 seconds.
  path: Assets/Graphisms/Tilesets/SubTiles/Outside_1870.asset
  artifactKey: Guid(62e557347abc59b46b7d40e42aaec886) Importer(2089858483,b0f066a214c2f5e87bad3c948f4d605d)
Start importing Assets/Graphisms/Tilesets/SubTiles/Outside_1870.asset using Guid(62e557347abc59b46b7d40e42aaec886) Importer(2089858483,b0f066a214c2f5e87bad3c948f4d605d) (ScriptedImporter) -> (artifact id: '741b97c476521986cfb0e06ae33ba223') in 0.0155906 seconds
Number of updated asset objects reloaded before import = 0Number of asset objects unloaded after import = 2

========================================================================
Received Import Request.
  Time since last request: 0.000020 seconds.
  path: Assets/Graphisms/Tilesets/SubTiles/Outside_3620.asset
  artifactKey: Guid(e10f0784f0d096b4782e1a99162cc350) Importer(2089858483,b0f066a214c2f5e87bad3c948f4d605d)
Start importing Assets/Graphisms/Tilesets/SubTiles/Outside_3620.asset using Guid(e10f0784f0d096b4782e1a99162cc350) Importer(2089858483,b0f066a214c2f5e87bad3c948f4d605d) (ScriptedImporter) -> (artifact id: '991a7b64a0cdfe414729c65d0119e914') in 0.010166 seconds
Number of updated asset objects reloaded before import = 0Number of asset objects unloaded after import = 2

========================================================================
Received Import Request.
  Time since last request: 0.000024 seconds.
  path: Assets/Graphisms/Tilesets/SubTiles/Outside_1255.asset
  artifactKey: Guid(feb0e219e26dfa547a409b6b5e7d6ded) Importer(2089858483,b0f066a214c2f5e87bad3c948f4d605d)
Start importing Assets/Graphisms/Tilesets/SubTiles/Outside_1255.asset using Guid(feb0e219e26dfa547a409b6b5e7d6ded) Importer(2089858483,b0f066a214c2f5e87bad3c948f4d605d) (ScriptedImporter) -> (artifact id: 'cd17bc0c4ef4f13ba674a2fd67474f5e') in 0.0094045 seconds
Number of updated asset objects reloaded before import = 0Number of asset objects unloaded after import = 2

========================================================================
Received Import Request.
  Time since last request: 0.000033 seconds.
  path: Assets/Graphisms/Tilesets/SubTiles/Outside_3800.asset
  artifactKey: Guid(df7583250b38a694e8201d8379b47829) Importer(2089858483,b0f066a214c2f5e87bad3c948f4d605d)
Start importing Assets/Graphisms/Tilesets/SubTiles/Outside_3800.asset using Guid(df7583250b38a694e8201d8379b47829) Importer(2089858483,b0f066a214c2f5e87bad3c948f4d605d) (ScriptedImporter) -> (artifact id: '5c0743f036baf0073ed4100e1b08e12c') in 0.0097552 seconds
Number of updated asset objects reloaded before import = 0Number of asset objects unloaded after import = 2

========================================================================
Received Import Request.
  Time since last request: 0.000033 seconds.
  path: Assets/Graphisms/Tilesets/SubTiles/Outside_2286.asset
  artifactKey: Guid(a3bbcecdd88676044b35627f6caf709c) Importer(2089858483,b0f066a214c2f5e87bad3c948f4d605d)
Start importing Assets/Graphisms/Tilesets/SubTiles/Outside_2286.asset using Guid(a3bbcecdd88676044b35627f6caf709c) Importer(2089858483,b0f066a214c2f5e87bad3c948f4d605d) (ScriptedImporter) -> (artifact id: '77170797fe4564f08eb374e970d33876') in 0.0099332 seconds
Number of updated asset objects reloaded before import = 0Number of asset objects unloaded after import = 2

========================================================================
Received Import Request.
  Time since last request: 0.000027 seconds.
  path: Assets/Graphisms/Tilesets/SubTiles/Outside_1015.asset
  artifactKey: Guid(ece66107b494dd14c92e56fe8ad613db) Importer(2089858483,b0f066a214c2f5e87bad3c948f4d605d)
Start importing Assets/Graphisms/Tilesets/SubTiles/Outside_1015.asset using Guid(ece66107b494dd14c92e56fe8ad613db) Importer(2089858483,b0f066a214c2f5e87bad3c948f4d605d) (ScriptedImporter) -> (artifact id: '043c8d051180d87570d50d2ab76e71d1') in 0.0096761 seconds
Number of updated asset objects reloaded before import = 0Number of asset objects unloaded after import = 2

========================================================================
Received Import Request.
  Time since last request: 0.000024 seconds.
  path: Assets/Graphisms/Tilesets/SubTiles/Outside_1988.asset
  artifactKey: Guid(589d2c5a803404940af197f6aa2a5d73) Importer(2089858483,b0f066a214c2f5e87bad3c948f4d605d)
Start importing Assets/Graphisms/Tilesets/SubTiles/Outside_1988.asset using Guid(589d2c5a803404940af197f6aa2a5d73) Importer(2089858483,b0f066a214c2f5e87bad3c948f4d605d) (ScriptedImporter) -> (artifact id: '3c44887c8e6baf259e3d6f17620c4f9e') in 0.0102865 seconds
Number of updated asset objects reloaded before import = 0Number of asset objects unloaded after import = 2

========================================================================
Received Import Request.
  Time since last request: 0.000020 seconds.
  path: Assets/Graphisms/Tilesets/SubTiles/Outside_2282.asset
  artifactKey: Guid(8c2b766816b70814fb72785bbedb0410) Importer(2089858483,b0f066a214c2f5e87bad3c948f4d605d)
Start importing Assets/Graphisms/Tilesets/SubTiles/Outside_2282.asset using Guid(8c2b766816b70814fb72785bbedb0410) Importer(2089858483,b0f066a214c2f5e87bad3c948f4d605d) (ScriptedImporter) -> (artifact id: 'ef90cafc7b78c136290333e4dce23367') in 0.010134 seconds
Number of updated asset objects reloaded before import = 0Number of asset objects unloaded after import = 2

========================================================================
Received Import Request.
  Time since last request: 0.000040 seconds.
  path: Assets/Graphisms/Tilesets/SubTiles/Outside_706.asset
  artifactKey: Guid(e9ab943a615e811469cf77a3825fac89) Importer(2089858483,b0f066a214c2f5e87bad3c948f4d605d)
Start importing Assets/Graphisms/Tilesets/SubTiles/Outside_706.asset using Guid(e9ab943a615e811469cf77a3825fac89) Importer(2089858483,b0f066a214c2f5e87bad3c948f4d605d) (ScriptedImporter) -> (artifact id: '91615c84f8c3cb590b6a7a52bba03bf4') in 0.017559 seconds
Number of updated asset objects reloaded before import = 0Number of asset objects unloaded after import = 2

========================================================================
Received Import Request.
  Time since last request: 0.000020 seconds.
  path: Assets/Graphisms/Tilesets/SubTiles/Outside_2208.asset
  artifactKey: Guid(e1d4744b91a6ce8438a6ba3882ef711f) Importer(2089858483,b0f066a214c2f5e87bad3c948f4d605d)
Start importing Assets/Graphisms/Tilesets/SubTiles/Outside_2208.asset using Guid(e1d4744b91a6ce8438a6ba3882ef711f) Importer(2089858483,b0f066a214c2f5e87bad3c948f4d605d) (ScriptedImporter) -> (artifact id: '4e5e659870cbe21b3625344d448dca8a') in 0.0113277 seconds
Number of updated asset objects reloaded before import = 0Number of asset objects unloaded after import = 2

========================================================================
Received Import Request.
  Time since last request: 0.000018 seconds.
  path: Assets/Graphisms/Tilesets/SubTiles/Outside_1014.asset
  artifactKey: Guid(d566a8ae7d2639b4396bb090cd9de6f2) Importer(2089858483,b0f066a214c2f5e87bad3c948f4d605d)
Start importing Assets/Graphisms/Tilesets/SubTiles/Outside_1014.asset using Guid(d566a8ae7d2639b4396bb090cd9de6f2) Importer(2089858483,b0f066a214c2f5e87bad3c948f4d605d) (ScriptedImporter) -> (artifact id: '1e084b76bb56524caba458f2c4d3b6ae') in 0.0111527 seconds
Number of updated asset objects reloaded before import = 0Number of asset objects unloaded after import = 2

========================================================================
Received Import Request.
  Time since last request: 0.000038 seconds.
  path: Assets/Graphisms/Tilesets/SubTiles/Outside_3910.asset
  artifactKey: Guid(c3e9d888a10d082439030942313a91e3) Importer(2089858483,b0f066a214c2f5e87bad3c948f4d605d)
Start importing Assets/Graphisms/Tilesets/SubTiles/Outside_3910.asset using Guid(c3e9d888a10d082439030942313a91e3) Importer(2089858483,b0f066a214c2f5e87bad3c948f4d605d) (ScriptedImporter) -> (artifact id: 'a79d6ad6ac5ebac4cfe28ac1878f751f') in 0.0100935 seconds
Number of updated asset objects reloaded before import = 0Number of asset objects unloaded after import = 2

========================================================================
Received Import Request.
  Time since last request: 0.000038 seconds.
  path: Assets/Graphisms/Tilesets/SubTiles/Outside_1967.asset
  artifactKey: Guid(29704c73dec6133408038c7dc9c6dbeb) Importer(2089858483,b0f066a214c2f5e87bad3c948f4d605d)
Start importing Assets/Graphisms/Tilesets/SubTiles/Outside_1967.asset using Guid(29704c73dec6133408038c7dc9c6dbeb) Importer(2089858483,b0f066a214c2f5e87bad3c948f4d605d) (ScriptedImporter) -> (artifact id: 'a23af42e8f260d364c038fcadfdb3e3d') in 0.0115053 seconds
Number of updated asset objects reloaded before import = 0Number of asset objects unloaded after import = 2

========================================================================
Received Import Request.
  Time since last request: 0.000034 seconds.
  path: Assets/Graphisms/Tilesets/SubTiles/Outside_4.asset
  artifactKey: Guid(52e7bf039457e934db50b043df364a01) Importer(2089858483,b0f066a214c2f5e87bad3c948f4d605d)
Start importing Assets/Graphisms/Tilesets/SubTiles/Outside_4.asset using Guid(52e7bf039457e934db50b043df364a01) Importer(2089858483,b0f066a214c2f5e87bad3c948f4d605d) (ScriptedImporter) -> (artifact id: '8c0d1efe3578d3351165f69b38a3ae93') in 0.0278185 seconds
Number of updated asset objects reloaded before import = 0Number of asset objects unloaded after import = 2

========================================================================
Received Import Request.
  Time since last request: 0.000018 seconds.
  path: Assets/Graphisms/Tilesets/SubTiles/Outside_2118.asset
  artifactKey: Guid(b29d028b824d63a44a9eb59331f4fe90) Importer(2089858483,b0f066a214c2f5e87bad3c948f4d605d)
Start importing Assets/Graphisms/Tilesets/SubTiles/Outside_2118.asset using Guid(b29d028b824d63a44a9eb59331f4fe90) Importer(2089858483,b0f066a214c2f5e87bad3c948f4d605d) (ScriptedImporter) -> (artifact id: '5978a39f4c8439d34de1fd93207887b9') in 0.0103422 seconds
Number of updated asset objects reloaded before import = 0Number of asset objects unloaded after import = 2

========================================================================
Received Import Request.
  Time since last request: 0.000019 seconds.
  path: Assets/Graphisms/Tilesets/SubTiles/Outside_1473.asset
  artifactKey: Guid(bd03a9b924ac2a64cac9f9fc4f476c37) Importer(2089858483,b0f066a214c2f5e87bad3c948f4d605d)
Start importing Assets/Graphisms/Tilesets/SubTiles/Outside_1473.asset using Guid(bd03a9b924ac2a64cac9f9fc4f476c37) Importer(2089858483,b0f066a214c2f5e87bad3c948f4d605d) (ScriptedImporter) -> (artifact id: 'b54631bf3e5ec647a1c597689e9e1bda') in 0.0132688 seconds
Number of updated asset objects reloaded before import = 0Number of asset objects unloaded after import = 2

========================================================================
Received Import Request.
  Time since last request: 0.000036 seconds.
  path: Assets/Graphisms/Tilesets/SubTiles/Outside_2012.asset
  artifactKey: Guid(b8d9e7401757229459bd0cfb95adb679) Importer(2089858483,b0f066a214c2f5e87bad3c948f4d605d)
Start importing Assets/Graphisms/Tilesets/SubTiles/Outside_2012.asset using Guid(b8d9e7401757229459bd0cfb95adb679) Importer(2089858483,b0f066a214c2f5e87bad3c948f4d605d) (ScriptedImporter) -> (artifact id: 'fe0081752eccb6c79c4f232613489900') in 0.0106558 seconds
Number of updated asset objects reloaded before import = 0Number of asset objects unloaded after import = 2

========================================================================
Received Import Request.
  Time since last request: 0.000022 seconds.
  path: Assets/Graphisms/Tilesets/SubTiles/Outside_3166.asset
  artifactKey: Guid(a68910b92dfc6b344b340a9df42537c7) Importer(2089858483,b0f066a214c2f5e87bad3c948f4d605d)
Start importing Assets/Graphisms/Tilesets/SubTiles/Outside_3166.asset using Guid(a68910b92dfc6b344b340a9df42537c7) Importer(2089858483,b0f066a214c2f5e87bad3c948f4d605d) (ScriptedImporter) -> (artifact id: 'd5254f5b9d9480171fe41c8b9fa2ee20') in 0.0093212 seconds
Number of updated asset objects reloaded before import = 0Number of asset objects unloaded after import = 2

========================================================================
Received Import Request.
  Time since last request: 0.000019 seconds.
  path: Assets/Graphisms/Tilesets/SubTiles/Outside_3519.asset
  artifactKey: Guid(ca29a207c74b5a241a8c89b858aea201) Importer(2089858483,b0f066a214c2f5e87bad3c948f4d605d)
Start importing Assets/Graphisms/Tilesets/SubTiles/Outside_3519.asset using Guid(ca29a207c74b5a241a8c89b858aea201) Importer(2089858483,b0f066a214c2f5e87bad3c948f4d605d) (ScriptedImporter) -> (artifact id: '9f21da1f4e8aa5c4977c7fb62aa0bcef') in 0.0096698 seconds
Number of updated asset objects reloaded before import = 0Number of asset objects unloaded after import = 2

========================================================================
Received Import Request.
  Time since last request: 0.000024 seconds.
  path: Assets/Graphisms/Tilesets/SubTiles/Outside_2859.asset
  artifactKey: Guid(869c4ff395594a94299d17ba0797d382) Importer(2089858483,b0f066a214c2f5e87bad3c948f4d605d)
Start importing Assets/Graphisms/Tilesets/SubTiles/Outside_2859.asset using Guid(869c4ff395594a94299d17ba0797d382) Importer(2089858483,b0f066a214c2f5e87bad3c948f4d605d) (ScriptedImporter) -> (artifact id: '6b19ce9e5991f7e13e02749466b297ea') in 0.0176176 seconds
Number of updated asset objects reloaded before import = 0Number of asset objects unloaded after import = 2

========================================================================
Received Import Request.
  Time since last request: 0.000039 seconds.
  path: Assets/Graphisms/Tilesets/SubTiles/Outside_3141.asset
  artifactKey: Guid(bae397875df87464da61305758b63471) Importer(2089858483,b0f066a214c2f5e87bad3c948f4d605d)
Start importing Assets/Graphisms/Tilesets/SubTiles/Outside_3141.asset using Guid(bae397875df87464da61305758b63471) Importer(2089858483,b0f066a214c2f5e87bad3c948f4d605d) (ScriptedImporter) -> (artifact id: 'a715cc7828537acab39fefb31b1222e0') in 0.010149 seconds
Number of updated asset objects reloaded before import = 0Number of asset objects unloaded after import = 2

========================================================================
Received Import Request.
  Time since last request: 0.000030 seconds.
  path: Assets/Graphisms/Tilesets/SubTiles/Outside_3231.asset
  artifactKey: Guid(8c2dcfdb9eaaf6843b84d83ae278df57) Importer(2089858483,b0f066a214c2f5e87bad3c948f4d605d)
Start importing Assets/Graphisms/Tilesets/SubTiles/Outside_3231.asset using Guid(8c2dcfdb9eaaf6843b84d83ae278df57) Importer(2089858483,b0f066a214c2f5e87bad3c948f4d605d) (ScriptedImporter) -> (artifact id: '36e0940bba916442f8646e9afd8c54bd') in 0.011872 seconds
Number of updated asset objects reloaded before import = 0Number of asset objects unloaded after import = 2

========================================================================
Received Import Request.
  Time since last request: 0.000031 seconds.
  path: Assets/Graphisms/Tilesets/SubTiles/Outside_2190.asset
  artifactKey: Guid(92a1f3e1a38ca7247bb05e25508984fe) Importer(2089858483,b0f066a214c2f5e87bad3c948f4d605d)
Start importing Assets/Graphisms/Tilesets/SubTiles/Outside_2190.asset using Guid(92a1f3e1a38ca7247bb05e25508984fe) Importer(2089858483,b0f066a214c2f5e87bad3c948f4d605d) (ScriptedImporter) -> (artifact id: 'e7bab8927ab521b65b62ea0958452d30') in 0.0102948 seconds
Number of updated asset objects reloaded before import = 0Number of asset objects unloaded after import = 2

========================================================================
Received Import Request.
  Time since last request: 0.000022 seconds.
  path: Assets/Graphisms/Tilesets/SubTiles/Outside_3446.asset
  artifactKey: Guid(683bbc72a94622d458137d59fa53be92) Importer(2089858483,b0f066a214c2f5e87bad3c948f4d605d)
Start importing Assets/Graphisms/Tilesets/SubTiles/Outside_3446.asset using Guid(683bbc72a94622d458137d59fa53be92) Importer(2089858483,b0f066a214c2f5e87bad3c948f4d605d) (ScriptedImporter) -> (artifact id: 'cb1d8e4f3b46e8195886590cf80320b4') in 0.0185548 seconds
Number of updated asset objects reloaded before import = 0Number of asset objects unloaded after import = 2

========================================================================
Received Import Request.
  Time since last request: 0.000021 seconds.
  path: Assets/Graphisms/Tilesets/SubTiles/Outside_1904.asset
  artifactKey: Guid(8e70aa6a5d3a18b4397dcc04f593201d) Importer(2089858483,b0f066a214c2f5e87bad3c948f4d605d)
Start importing Assets/Graphisms/Tilesets/SubTiles/Outside_1904.asset using Guid(8e70aa6a5d3a18b4397dcc04f593201d) Importer(2089858483,b0f066a214c2f5e87bad3c948f4d605d) (ScriptedImporter) -> (artifact id: '8dea3dcf7a5f8aa16b7702d490246e28') in 0.0098424 seconds
Number of updated asset objects reloaded before import = 0Number of asset objects unloaded after import = 2

========================================================================
Received Import Request.
  Time since last request: 0.000023 seconds.
  path: Assets/Graphisms/Tilesets/SubTiles/Outside_2053.asset
  artifactKey: Guid(a072d213b2678ed43a6d678d02ac0779) Importer(2089858483,b0f066a214c2f5e87bad3c948f4d605d)
Start importing Assets/Graphisms/Tilesets/SubTiles/Outside_2053.asset using Guid(a072d213b2678ed43a6d678d02ac0779) Importer(2089858483,b0f066a214c2f5e87bad3c948f4d605d) (ScriptedImporter) -> (artifact id: 'dc423b751c7b8a4785267b0534e24b0e') in 0.0103294 seconds
Number of updated asset objects reloaded before import = 0Number of asset objects unloaded after import = 2

========================================================================
Received Import Request.
  Time since last request: 0.000023 seconds.
  path: Assets/Graphisms/Tilesets/SubTiles/Outside_267.asset
  artifactKey: Guid(4a7a4e123e93a8f4d854911fd74760db) Importer(2089858483,b0f066a214c2f5e87bad3c948f4d605d)
Start importing Assets/Graphisms/Tilesets/SubTiles/Outside_267.asset using Guid(4a7a4e123e93a8f4d854911fd74760db) Importer(2089858483,b0f066a214c2f5e87bad3c948f4d605d) (ScriptedImporter) -> (artifact id: '1d6184d5ecafcc73dc0b273097097338') in 0.0094417 seconds
Number of updated asset objects reloaded before import = 0Number of asset objects unloaded after import = 2

========================================================================
Received Import Request.
  Time since last request: 0.000052 seconds.
  path: Assets/Graphisms/Tilesets/SubTiles/Outside_124.asset
  artifactKey: Guid(d0e1b471a19ef4047b11cce75838a16b) Importer(2089858483,b0f066a214c2f5e87bad3c948f4d605d)
Start importing Assets/Graphisms/Tilesets/SubTiles/Outside_124.asset using Guid(d0e1b471a19ef4047b11cce75838a16b) Importer(2089858483,b0f066a214c2f5e87bad3c948f4d605d) (ScriptedImporter) -> (artifact id: 'cfbc339adc143a43daf89d5401339cb2') in 0.0096424 seconds
Number of updated asset objects reloaded before import = 0Number of asset objects unloaded after import = 2

========================================================================
Received Import Request.
  Time since last request: 0.000020 seconds.
  path: Assets/Graphisms/Tilesets/SubTiles/Outside_2063.asset
  artifactKey: Guid(d7a5f8311637a5141b6a1b9f609ec88e) Importer(2089858483,b0f066a214c2f5e87bad3c948f4d605d)
Start importing Assets/Graphisms/Tilesets/SubTiles/Outside_2063.asset using Guid(d7a5f8311637a5141b6a1b9f609ec88e) Importer(2089858483,b0f066a214c2f5e87bad3c948f4d605d) (ScriptedImporter) -> (artifact id: '7ebebe707871768ac5a2d94c3421df34') in 0.0097364 seconds
Number of updated asset objects reloaded before import = 0Number of asset objects unloaded after import = 2

========================================================================
Received Import Request.
  Time since last request: 0.000028 seconds.
  path: Assets/Graphisms/Tilesets/SubTiles/Outside_3479.asset
  artifactKey: Guid(d7a751188cd8e914ab71c268c4b08123) Importer(2089858483,b0f066a214c2f5e87bad3c948f4d605d)
Start importing Assets/Graphisms/Tilesets/SubTiles/Outside_3479.asset using Guid(d7a751188cd8e914ab71c268c4b08123) Importer(2089858483,b0f066a214c2f5e87bad3c948f4d605d) (ScriptedImporter) -> (artifact id: '4f28d0ddef644d37e230df419f6c1081') in 0.0111874 seconds
Number of updated asset objects reloaded before import = 0Number of asset objects unloaded after import = 2

========================================================================
Received Import Request.
  Time since last request: 0.000027 seconds.
  path: Assets/Graphisms/Tilesets/SubTiles/Outside_1949.asset
  artifactKey: Guid(ed6c657bf3f21494880d6423e789b078) Importer(2089858483,b0f066a214c2f5e87bad3c948f4d605d)
Start importing Assets/Graphisms/Tilesets/SubTiles/Outside_1949.asset using Guid(ed6c657bf3f21494880d6423e789b078) Importer(2089858483,b0f066a214c2f5e87bad3c948f4d605d) (ScriptedImporter) -> (artifact id: '32a687f6dfcde80a66c53aa09e121bf0') in 0.0118263 seconds
Number of updated asset objects reloaded before import = 0Number of asset objects unloaded after import = 2

========================================================================
Received Import Request.
  Time since last request: 0.000029 seconds.
  path: Assets/Graphisms/Tilesets/SubTiles/Outside_3311.asset
  artifactKey: Guid(b5c654f0913829a49a1117ee1bb20bfb) Importer(2089858483,b0f066a214c2f5e87bad3c948f4d605d)
Start importing Assets/Graphisms/Tilesets/SubTiles/Outside_3311.asset using Guid(b5c654f0913829a49a1117ee1bb20bfb) Importer(2089858483,b0f066a214c2f5e87bad3c948f4d605d) (ScriptedImporter) -> (artifact id: '6debea96fd4154dd4e4db8e27e958dd8') in 0.0132034 seconds
Number of updated asset objects reloaded before import = 0Number of asset objects unloaded after import = 2

========================================================================
Received Import Request.
  Time since last request: 0.000037 seconds.
  path: Assets/Graphisms/Tilesets/SubTiles/Outside_2669.asset
  artifactKey: Guid(cb8760fc3efa3df4e864d97d62ccc75a) Importer(2089858483,b0f066a214c2f5e87bad3c948f4d605d)
Start importing Assets/Graphisms/Tilesets/SubTiles/Outside_2669.asset using Guid(cb8760fc3efa3df4e864d97d62ccc75a) Importer(2089858483,b0f066a214c2f5e87bad3c948f4d605d) (ScriptedImporter) -> (artifact id: '289e0afc925bdb58823ccbabfec0b97b') in 0.0174805 seconds
Number of updated asset objects reloaded before import = 0Number of asset objects unloaded after import = 2

========================================================================
Received Import Request.
  Time since last request: 0.000023 seconds.
  path: Assets/Graphisms/Tilesets/SubTiles/Outside_268.asset
  artifactKey: Guid(6c68c6c05164754458c8b8fdd97b37f4) Importer(2089858483,b0f066a214c2f5e87bad3c948f4d605d)
Start importing Assets/Graphisms/Tilesets/SubTiles/Outside_268.asset using Guid(6c68c6c05164754458c8b8fdd97b37f4) Importer(2089858483,b0f066a214c2f5e87bad3c948f4d605d) (ScriptedImporter) -> (artifact id: '63c0e62dffb2b8e4f6a78e5cb5e2c0a1') in 0.0129924 seconds
Number of updated asset objects reloaded before import = 0Number of asset objects unloaded after import = 2

========================================================================
Received Import Request.
  Time since last request: 0.000025 seconds.
  path: Assets/Graphisms/Tilesets/SubTiles/Outside_3766.asset
  artifactKey: Guid(b840a408d0286b5448fd043150303328) Importer(2089858483,b0f066a214c2f5e87bad3c948f4d605d)
Start importing Assets/Graphisms/Tilesets/SubTiles/Outside_3766.asset using Guid(b840a408d0286b5448fd043150303328) Importer(2089858483,b0f066a214c2f5e87bad3c948f4d605d) (ScriptedImporter) -> (artifact id: '80fb3026dd370b42bf81df7add39f048') in 0.0116211 seconds
Number of updated asset objects reloaded before import = 0Number of asset objects unloaded after import = 2

========================================================================
Received Import Request.
  Time since last request: 0.000016 seconds.
  path: Assets/Graphisms/Tilesets/SubTiles/Outside_411.asset
  artifactKey: Guid(9fdab69f7ec31fa41940d5566d0473b2) Importer(2089858483,b0f066a214c2f5e87bad3c948f4d605d)
Start importing Assets/Graphisms/Tilesets/SubTiles/Outside_411.asset using Guid(9fdab69f7ec31fa41940d5566d0473b2) Importer(2089858483,b0f066a214c2f5e87bad3c948f4d605d) (ScriptedImporter) -> (artifact id: '143cf4b581ae71b8eec16be9d298ae96') in 0.0102056 seconds
Number of updated asset objects reloaded before import = 0Number of asset objects unloaded after import = 2

========================================================================
Received Import Request.
  Time since last request: 0.000022 seconds.
  path: Assets/Graphisms/Tilesets/SubTiles/Outside_117.asset
  artifactKey: Guid(036a40c9f313e724489e7af74dbcd82e) Importer(2089858483,b0f066a214c2f5e87bad3c948f4d605d)
Start importing Assets/Graphisms/Tilesets/SubTiles/Outside_117.asset using Guid(036a40c9f313e724489e7af74dbcd82e) Importer(2089858483,b0f066a214c2f5e87bad3c948f4d605d) (ScriptedImporter) -> (artifact id: '66e44bc16591ffe9fa7fa21d3288cd4b') in 0.0093482 seconds
Number of updated asset objects reloaded before import = 0Number of asset objects unloaded after import = 2

========================================================================
Received Import Request.
  Time since last request: 0.000037 seconds.
  path: Assets/Graphisms/Tilesets/SubTiles/Outside_2521.asset
  artifactKey: Guid(36b9d79ba153cfe4a8af165da2ac2b4c) Importer(2089858483,b0f066a214c2f5e87bad3c948f4d605d)
Start importing Assets/Graphisms/Tilesets/SubTiles/Outside_2521.asset using Guid(36b9d79ba153cfe4a8af165da2ac2b4c) Importer(2089858483,b0f066a214c2f5e87bad3c948f4d605d) (ScriptedImporter) -> (artifact id: '78840c1acab9c07163ba95d95d3d5b17') in 0.0120463 seconds
Number of updated asset objects reloaded before import = 0Number of asset objects unloaded after import = 2

========================================================================
Received Import Request.
  Time since last request: 0.000025 seconds.
  path: Assets/Graphisms/Tilesets/SubTiles/Outside_1601.asset
  artifactKey: Guid(71d87aa395821fe4db33e8c1b0b90aaf) Importer(2089858483,b0f066a214c2f5e87bad3c948f4d605d)
Start importing Assets/Graphisms/Tilesets/SubTiles/Outside_1601.asset using Guid(71d87aa395821fe4db33e8c1b0b90aaf) Importer(2089858483,b0f066a214c2f5e87bad3c948f4d605d) (ScriptedImporter) -> (artifact id: '394be7a7acaf4ffb5c459a248445791d') in 0.0120427 seconds
Number of updated asset objects reloaded before import = 0Number of asset objects unloaded after import = 2

========================================================================
Received Import Request.
  Time since last request: 0.000017 seconds.
  path: Assets/Graphisms/Tilesets/SubTiles/Outside_2020.asset
  artifactKey: Guid(c1e9f6e0a98d69048b41e02f4fecc050) Importer(2089858483,b0f066a214c2f5e87bad3c948f4d605d)
Start importing Assets/Graphisms/Tilesets/SubTiles/Outside_2020.asset using Guid(c1e9f6e0a98d69048b41e02f4fecc050) Importer(2089858483,b0f066a214c2f5e87bad3c948f4d605d) (ScriptedImporter) -> (artifact id: '99fffcbaa8d72045861f890f2b760fc1') in 0.0117267 seconds
Number of updated asset objects reloaded before import = 0Number of asset objects unloaded after import = 2

========================================================================
Received Import Request.
  Time since last request: 0.000034 seconds.
  path: Assets/Graphisms/Tilesets/SubTiles/Outside_2369.asset
  artifactKey: Guid(fc33e9793436a07409c8753c1e1de3ce) Importer(2089858483,b0f066a214c2f5e87bad3c948f4d605d)
Start importing Assets/Graphisms/Tilesets/SubTiles/Outside_2369.asset using Guid(fc33e9793436a07409c8753c1e1de3ce) Importer(2089858483,b0f066a214c2f5e87bad3c948f4d605d) (ScriptedImporter) -> (artifact id: 'aaa8775aaf6a8046a92ff7479c666d0b') in 0.0119292 seconds
Number of updated asset objects reloaded before import = 0Number of asset objects unloaded after import = 2

========================================================================
Received Import Request.
  Time since last request: 0.000043 seconds.
  path: Assets/Graphisms/Tilesets/SubTiles/Outside_1304.asset
  artifactKey: Guid(a1658672603101d4197ed05aafbdd033) Importer(2089858483,b0f066a214c2f5e87bad3c948f4d605d)
Start importing Assets/Graphisms/Tilesets/SubTiles/Outside_1304.asset using Guid(a1658672603101d4197ed05aafbdd033) Importer(2089858483,b0f066a214c2f5e87bad3c948f4d605d) (ScriptedImporter) -> (artifact id: '7569afc9a0385c96cb21a2ed1fde9be8') in 0.0131242 seconds
Number of updated asset objects reloaded before import = 0Number of asset objects unloaded after import = 2

========================================================================
Received Import Request.
  Time since last request: 0.000033 seconds.
  path: Assets/Graphisms/Tilesets/SubTiles/Outside_1305.asset
  artifactKey: Guid(d4ec421b83f9f03409aaaf8b959aadd1) Importer(2089858483,b0f066a214c2f5e87bad3c948f4d605d)
Start importing Assets/Graphisms/Tilesets/SubTiles/Outside_1305.asset using Guid(d4ec421b83f9f03409aaaf8b959aadd1) Importer(2089858483,b0f066a214c2f5e87bad3c948f4d605d) (ScriptedImporter) -> (artifact id: '654ffc566dfc1b1081b5cbab61384acb') in 0.0119304 seconds
Number of updated asset objects reloaded before import = 0Number of asset objects unloaded after import = 2

========================================================================
Received Import Request.
  Time since last request: 0.000018 seconds.
  path: Assets/Graphisms/Tilesets/SubTiles/Outside_2921.asset
  artifactKey: Guid(ef140595a1faab64693a732b39fa67cc) Importer(2089858483,b0f066a214c2f5e87bad3c948f4d605d)
Start importing Assets/Graphisms/Tilesets/SubTiles/Outside_2921.asset using Guid(ef140595a1faab64693a732b39fa67cc) Importer(2089858483,b0f066a214c2f5e87bad3c948f4d605d) (ScriptedImporter) -> (artifact id: '523fab3815387a25ce6c0e7bf9994293') in 0.0095928 seconds
Number of updated asset objects reloaded before import = 0Number of asset objects unloaded after import = 2

========================================================================
Received Import Request.
  Time since last request: 0.000022 seconds.
  path: Assets/Graphisms/Tilesets/SubTiles/Outside_727.asset
  artifactKey: Guid(d85550b65230e424aa201cdc4352835f) Importer(2089858483,b0f066a214c2f5e87bad3c948f4d605d)
Start importing Assets/Graphisms/Tilesets/SubTiles/Outside_727.asset using Guid(d85550b65230e424aa201cdc4352835f) Importer(2089858483,b0f066a214c2f5e87bad3c948f4d605d) (ScriptedImporter) -> (artifact id: '8f900bb882239c74de2a4e0c1ea7104f') in 0.0085442 seconds
Number of updated asset objects reloaded before import = 0Number of asset objects unloaded after import = 2

========================================================================
Received Import Request.
  Time since last request: 0.000023 seconds.
  path: Assets/Graphisms/Tilesets/SubTiles/Outside_2701.asset
  artifactKey: Guid(52ed3ca9694da7a4ca8824c6948376d5) Importer(2089858483,b0f066a214c2f5e87bad3c948f4d605d)
Start importing Assets/Graphisms/Tilesets/SubTiles/Outside_2701.asset using Guid(52ed3ca9694da7a4ca8824c6948376d5) Importer(2089858483,b0f066a214c2f5e87bad3c948f4d605d) (ScriptedImporter) -> (artifact id: '7267858d746a923eeaff71e3e414b3b0') in 0.0089672 seconds
Number of updated asset objects reloaded before import = 0Number of asset objects unloaded after import = 2

========================================================================
Received Import Request.
  Time since last request: 0.000032 seconds.
  path: Assets/Graphisms/Tilesets/SubTiles/Outside_2585.asset
  artifactKey: Guid(0863e5f511dc7b147b09abf0ff7a9241) Importer(2089858483,b0f066a214c2f5e87bad3c948f4d605d)
Start importing Assets/Graphisms/Tilesets/SubTiles/Outside_2585.asset using Guid(0863e5f511dc7b147b09abf0ff7a9241) Importer(2089858483,b0f066a214c2f5e87bad3c948f4d605d) (ScriptedImporter) -> (artifact id: '45af267fc61871fe0af58ce9a4a45eed') in 0.0134781 seconds
Number of updated asset objects reloaded before import = 0Number of asset objects unloaded after import = 2

========================================================================
Received Import Request.
  Time since last request: 0.000030 seconds.
  path: Assets/Graphisms/Tilesets/SubTiles/Outside_2996.asset
  artifactKey: Guid(4e7e9f4b7cc9f4945a7842a5728e71a9) Importer(2089858483,b0f066a214c2f5e87bad3c948f4d605d)
Start importing Assets/Graphisms/Tilesets/SubTiles/Outside_2996.asset using Guid(4e7e9f4b7cc9f4945a7842a5728e71a9) Importer(2089858483,b0f066a214c2f5e87bad3c948f4d605d) (ScriptedImporter) -> (artifact id: 'cfd113d096e6c373601f8a7b9c6610da') in 0.0092781 seconds
Number of updated asset objects reloaded before import = 0Number of asset objects unloaded after import = 2

========================================================================
Received Import Request.
  Time since last request: 0.000021 seconds.
  path: Assets/Graphisms/Tilesets/SubTiles/Outside_48.asset
  artifactKey: Guid(d6c5422a127a30d498901e21e3748a13) Importer(2089858483,b0f066a214c2f5e87bad3c948f4d605d)
Start importing Assets/Graphisms/Tilesets/SubTiles/Outside_48.asset using Guid(d6c5422a127a30d498901e21e3748a13) Importer(2089858483,b0f066a214c2f5e87bad3c948f4d605d) (ScriptedImporter) -> (artifact id: '3d8d0fab37195759abed4a6f0a589ad1') in 0.0092402 seconds
Number of updated asset objects reloaded before import = 0Number of asset objects unloaded after import = 2

========================================================================
Received Import Request.
  Time since last request: 0.000022 seconds.
  path: Assets/Graphisms/Tilesets/SubTiles/Outside_1359.asset
  artifactKey: Guid(a6d2b90637a65f643940c7b41e7dbae0) Importer(2089858483,b0f066a214c2f5e87bad3c948f4d605d)
Start importing Assets/Graphisms/Tilesets/SubTiles/Outside_1359.asset using Guid(a6d2b90637a65f643940c7b41e7dbae0) Importer(2089858483,b0f066a214c2f5e87bad3c948f4d605d) (ScriptedImporter) -> (artifact id: 'caade825396cf0ea9b0783b0ed4598e0') in 0.0115001 seconds
Number of updated asset objects reloaded before import = 0Number of asset objects unloaded after import = 2

========================================================================
Received Import Request.
  Time since last request: 0.000037 seconds.
  path: Assets/Graphisms/Tilesets/SubTiles/Outside_906.asset
  artifactKey: Guid(8718c931eb11fd445b695c927b598844) Importer(2089858483,b0f066a214c2f5e87bad3c948f4d605d)
Start importing Assets/Graphisms/Tilesets/SubTiles/Outside_906.asset using Guid(8718c931eb11fd445b695c927b598844) Importer(2089858483,b0f066a214c2f5e87bad3c948f4d605d) (ScriptedImporter) -> (artifact id: '7fce97c72188b1081c52f76487023866') in 0.0173428 seconds
Number of updated asset objects reloaded before import = 0Number of asset objects unloaded after import = 2

========================================================================
Received Import Request.
  Time since last request: 0.000035 seconds.
  path: Assets/Graphisms/Tilesets/SubTiles/Outside_1045.asset
  artifactKey: Guid(378d2e6022c7a1b4cb90d9cfdeb6a38b) Importer(2089858483,b0f066a214c2f5e87bad3c948f4d605d)
Start importing Assets/Graphisms/Tilesets/SubTiles/Outside_1045.asset using Guid(378d2e6022c7a1b4cb90d9cfdeb6a38b) Importer(2089858483,b0f066a214c2f5e87bad3c948f4d605d) (ScriptedImporter) -> (artifact id: '3d205a448e56bb7cf4113083edf55e0e') in 0.0098323 seconds
Number of updated asset objects reloaded before import = 0Number of asset objects unloaded after import = 2

========================================================================
Received Import Request.
  Time since last request: 0.000018 seconds.
  path: Assets/Graphisms/Tilesets/SubTiles/Outside_1366.asset
  artifactKey: Guid(9c33ad26d0cb2494e988d21038142c85) Importer(2089858483,b0f066a214c2f5e87bad3c948f4d605d)
Start importing Assets/Graphisms/Tilesets/SubTiles/Outside_1366.asset using Guid(9c33ad26d0cb2494e988d21038142c85) Importer(2089858483,b0f066a214c2f5e87bad3c948f4d605d) (ScriptedImporter) -> (artifact id: '7b982ce9fe2ff4275e805a9befaea914') in 0.0091961 seconds
Number of updated asset objects reloaded before import = 0Number of asset objects unloaded after import = 2

========================================================================
Received Import Request.
  Time since last request: 0.000018 seconds.
  path: Assets/Graphisms/Tilesets/SubTiles/Outside_2164.asset
  artifactKey: Guid(81846a2d981b63a4185c61a246c429ff) Importer(2089858483,b0f066a214c2f5e87bad3c948f4d605d)
Start importing Assets/Graphisms/Tilesets/SubTiles/Outside_2164.asset using Guid(81846a2d981b63a4185c61a246c429ff) Importer(2089858483,b0f066a214c2f5e87bad3c948f4d605d) (ScriptedImporter) -> (artifact id: 'f4fa286791a1e20ec79cdeb94c4e7823') in 0.0106657 seconds
Number of updated asset objects reloaded before import = 0Number of asset objects unloaded after import = 2

========================================================================
Received Import Request.
  Time since last request: 0.000026 seconds.
  path: Assets/Graphisms/Tilesets/SubTiles/Outside_3823.asset
  artifactKey: Guid(f5811735f261ac7498ff76a2375611c6) Importer(2089858483,b0f066a214c2f5e87bad3c948f4d605d)
Start importing Assets/Graphisms/Tilesets/SubTiles/Outside_3823.asset using Guid(f5811735f261ac7498ff76a2375611c6) Importer(2089858483,b0f066a214c2f5e87bad3c948f4d605d) (ScriptedImporter) -> (artifact id: 'd2df879be8fd01882214869a60793960') in 0.0107149 seconds
Number of updated asset objects reloaded before import = 0Number of asset objects unloaded after import = 2

========================================================================
Received Import Request.
  Time since last request: 0.000022 seconds.
  path: Assets/Graphisms/Tilesets/SubTiles/Outside_2523.asset
  artifactKey: Guid(acab2a8100b697a43ae04a90f7e149d2) Importer(2089858483,b0f066a214c2f5e87bad3c948f4d605d)
Start importing Assets/Graphisms/Tilesets/SubTiles/Outside_2523.asset using Guid(acab2a8100b697a43ae04a90f7e149d2) Importer(2089858483,b0f066a214c2f5e87bad3c948f4d605d) (ScriptedImporter) -> (artifact id: '0afdfb0b3f6bff773ca2a1659f151d71') in 0.0109875 seconds
Number of updated asset objects reloaded before import = 0Number of asset objects unloaded after import = 2

========================================================================
Received Import Request.
  Time since last request: 0.000042 seconds.
  path: Assets/Graphisms/Tilesets/SubTiles/Outside_2135.asset
  artifactKey: Guid(a6bcf31967d1e86438ced58a388d121b) Importer(2089858483,b0f066a214c2f5e87bad3c948f4d605d)
Start importing Assets/Graphisms/Tilesets/SubTiles/Outside_2135.asset using Guid(a6bcf31967d1e86438ced58a388d121b) Importer(2089858483,b0f066a214c2f5e87bad3c948f4d605d) (ScriptedImporter) -> (artifact id: '186566f272723ea54fdbf7d024149c66') in 0.0091009 seconds
Number of updated asset objects reloaded before import = 0Number of asset objects unloaded after import = 2

========================================================================
Received Import Request.
  Time since last request: 0.000020 seconds.
  path: Assets/Graphisms/Tilesets/SubTiles/Outside_499.asset
  artifactKey: Guid(8fdc0fcb87ff12a45b3d7cb70987aa85) Importer(2089858483,b0f066a214c2f5e87bad3c948f4d605d)
Start importing Assets/Graphisms/Tilesets/SubTiles/Outside_499.asset using Guid(8fdc0fcb87ff12a45b3d7cb70987aa85) Importer(2089858483,b0f066a214c2f5e87bad3c948f4d605d) (ScriptedImporter) -> (artifact id: '15d7492e704867e528027ed3a7120811') in 0.0102209 seconds
Number of updated asset objects reloaded before import = 0Number of asset objects unloaded after import = 2

========================================================================
Received Import Request.
  Time since last request: 0.000022 seconds.
  path: Assets/Graphisms/Tilesets/SubTiles/Outside_1937.asset
  artifactKey: Guid(4bd00b66ea0005a4fa9e747dde64a1a0) Importer(2089858483,b0f066a214c2f5e87bad3c948f4d605d)
Start importing Assets/Graphisms/Tilesets/SubTiles/Outside_1937.asset using Guid(4bd00b66ea0005a4fa9e747dde64a1a0) Importer(2089858483,b0f066a214c2f5e87bad3c948f4d605d) (ScriptedImporter) -> (artifact id: 'b505d50966e9a6f3486c3f6104483e01') in 0.0282217 seconds
Number of updated asset objects reloaded before import = 0Number of asset objects unloaded after import = 2

========================================================================
Received Import Request.
  Time since last request: 0.000023 seconds.
  path: Assets/Graphisms/Tilesets/SubTiles/Outside_2536.asset
  artifactKey: Guid(a68f21cea75976e4580b3b3048dd0c49) Importer(2089858483,b0f066a214c2f5e87bad3c948f4d605d)
Start importing Assets/Graphisms/Tilesets/SubTiles/Outside_2536.asset using Guid(a68f21cea75976e4580b3b3048dd0c49) Importer(2089858483,b0f066a214c2f5e87bad3c948f4d605d) (ScriptedImporter) -> (artifact id: 'd13a9d7d2e240cef4a28217ba8068e8a') in 0.0113013 seconds
Number of updated asset objects reloaded before import = 0Number of asset objects unloaded after import = 2

========================================================================
Received Import Request.
  Time since last request: 0.000030 seconds.
  path: Assets/Graphisms/Tilesets/SubTiles/Outside_852.asset
  artifactKey: Guid(dde5b6737dd231f4e83ee2189b93f235) Importer(2089858483,b0f066a214c2f5e87bad3c948f4d605d)
Start importing Assets/Graphisms/Tilesets/SubTiles/Outside_852.asset using Guid(dde5b6737dd231f4e83ee2189b93f235) Importer(2089858483,b0f066a214c2f5e87bad3c948f4d605d) (ScriptedImporter) -> (artifact id: 'fb00f3ba6b89bc778bdaf268e8a562de') in 0.0275428 seconds
Number of updated asset objects reloaded before import = 0Number of asset objects unloaded after import = 2

========================================================================
Received Import Request.
  Time since last request: 0.000022 seconds.
  path: Assets/Graphisms/Tilesets/SubTiles/Outside_1418.asset
  artifactKey: Guid(fbcef6161be17a8458ee233962d8cd93) Importer(2089858483,b0f066a214c2f5e87bad3c948f4d605d)
Start importing Assets/Graphisms/Tilesets/SubTiles/Outside_1418.asset using Guid(fbcef6161be17a8458ee233962d8cd93) Importer(2089858483,b0f066a214c2f5e87bad3c948f4d605d) (ScriptedImporter) -> (artifact id: '978853a2c436c696446041a1960c1027') in 0.0098089 seconds
Number of updated asset objects reloaded before import = 0Number of asset objects unloaded after import = 2

========================================================================
Received Import Request.
  Time since last request: 0.000022 seconds.
  path: Assets/Graphisms/Tilesets/SubTiles/Outside_1711.asset
  artifactKey: Guid(e10e500f70f29054e85a6ca2caf1e637) Importer(2089858483,b0f066a214c2f5e87bad3c948f4d605d)
Start importing Assets/Graphisms/Tilesets/SubTiles/Outside_1711.asset using Guid(e10e500f70f29054e85a6ca2caf1e637) Importer(2089858483,b0f066a214c2f5e87bad3c948f4d605d) (ScriptedImporter) -> (artifact id: '8f08ac8693fb0cef88730cb8db13aaae') in 0.076298 seconds
Number of updated asset objects reloaded before import = 0Number of asset objects unloaded after import = 2

========================================================================
Received Import Request.
  Time since last request: 0.000024 seconds.
  path: Assets/Graphisms/Tilesets/SubTiles/Outside_2490.asset
  artifactKey: Guid(f1e523bd34c7a4c4a8510035cf1ad86f) Importer(2089858483,b0f066a214c2f5e87bad3c948f4d605d)
Start importing Assets/Graphisms/Tilesets/SubTiles/Outside_2490.asset using Guid(f1e523bd34c7a4c4a8510035cf1ad86f) Importer(2089858483,b0f066a214c2f5e87bad3c948f4d605d) (ScriptedImporter) -> (artifact id: '87024b2334195b264addc0b41bb3443a') in 0.0105955 seconds
Number of updated asset objects reloaded before import = 0Number of asset objects unloaded after import = 2

========================================================================
Received Import Request.
  Time since last request: 0.000036 seconds.
  path: Assets/Graphisms/Tilesets/SubTiles/Outside_628.asset
  artifactKey: Guid(e3c3cfae28725a849b6467ade010f952) Importer(2089858483,b0f066a214c2f5e87bad3c948f4d605d)
Start importing Assets/Graphisms/Tilesets/SubTiles/Outside_628.asset using Guid(e3c3cfae28725a849b6467ade010f952) Importer(2089858483,b0f066a214c2f5e87bad3c948f4d605d) (ScriptedImporter) -> (artifact id: '1ddc62bca2ce9dc04bc0cd6288b825e2') in 0.0668453 seconds
Number of updated asset objects reloaded before import = 0Number of asset objects unloaded after import = 2

========================================================================
Received Import Request.
  Time since last request: 0.000027 seconds.
  path: Assets/Graphisms/Tilesets/SubTiles/Outside_1213.asset
  artifactKey: Guid(04acc5b6dc21ab043bb49ac4cec7f1b5) Importer(2089858483,b0f066a214c2f5e87bad3c948f4d605d)
Start importing Assets/Graphisms/Tilesets/SubTiles/Outside_1213.asset using Guid(04acc5b6dc21ab043bb49ac4cec7f1b5) Importer(2089858483,b0f066a214c2f5e87bad3c948f4d605d) (ScriptedImporter) -> (artifact id: '184e97c174603d5aa4ab2deb9b013a31') in 0.0108476 seconds
Number of updated asset objects reloaded before import = 0Number of asset objects unloaded after import = 2

========================================================================
Received Import Request.
  Time since last request: 0.000023 seconds.
  path: Assets/Graphisms/Tilesets/SubTiles/Outside_1439.asset
  artifactKey: Guid(da9ac3155e534dc4d82baab53ccc19e2) Importer(2089858483,b0f066a214c2f5e87bad3c948f4d605d)
Start importing Assets/Graphisms/Tilesets/SubTiles/Outside_1439.asset using Guid(da9ac3155e534dc4d82baab53ccc19e2) Importer(2089858483,b0f066a214c2f5e87bad3c948f4d605d) (ScriptedImporter) -> (artifact id: 'e6851e39835ba4f795fe0bcb2d93b548') in 0.0100083 seconds
Number of updated asset objects reloaded before import = 0Number of asset objects unloaded after import = 2

========================================================================
Received Import Request.
  Time since last request: 0.000023 seconds.
  path: Assets/Graphisms/Tilesets/SubTiles/Outside_1085.asset
  artifactKey: Guid(f5a2f82df0cb5c848999f81609598b12) Importer(2089858483,b0f066a214c2f5e87bad3c948f4d605d)
Start importing Assets/Graphisms/Tilesets/SubTiles/Outside_1085.asset using Guid(f5a2f82df0cb5c848999f81609598b12) Importer(2089858483,b0f066a214c2f5e87bad3c948f4d605d) (ScriptedImporter) -> (artifact id: 'f1db0a34e031bc1bc422a55bf1a0d81a') in 0.091892 seconds
Number of updated asset objects reloaded before import = 0Number of asset objects unloaded after import = 2

========================================================================
Received Import Request.
  Time since last request: 0.000065 seconds.
  path: Assets/Graphisms/Tilesets/SubTiles/Outside_1377.asset
  artifactKey: Guid(1f7524cc85662354b897f211ec76205b) Importer(2089858483,b0f066a214c2f5e87bad3c948f4d605d)
Start importing Assets/Graphisms/Tilesets/SubTiles/Outside_1377.asset using Guid(1f7524cc85662354b897f211ec76205b) Importer(2089858483,b0f066a214c2f5e87bad3c948f4d605d) (ScriptedImporter) -> (artifact id: 'facdc5a1a3ab4b8063281394f68230e8') in 0.1477515 seconds
Number of updated asset objects reloaded before import = 0Number of asset objects unloaded after import = 2

========================================================================
Received Import Request.
  Time since last request: 0.000021 seconds.
  path: Assets/Graphisms/Tilesets/SubTiles/Outside_2631.asset
  artifactKey: Guid(79d661d344323a24b98d29ef32690bfa) Importer(2089858483,b0f066a214c2f5e87bad3c948f4d605d)
Start importing Assets/Graphisms/Tilesets/SubTiles/Outside_2631.asset using Guid(79d661d344323a24b98d29ef32690bfa) Importer(2089858483,b0f066a214c2f5e87bad3c948f4d605d) (ScriptedImporter) -> (artifact id: '69c77d978f805c15fb0ed64e190826b7') in 0.0089933 seconds
Number of updated asset objects reloaded before import = 0Number of asset objects unloaded after import = 2

========================================================================
Received Import Request.
  Time since last request: 0.000018 seconds.
  path: Assets/Graphisms/Tilesets/SubTiles/Outside_2152.asset
  artifactKey: Guid(72b491ea33fec134fbfd0429e66bd5e5) Importer(2089858483,b0f066a214c2f5e87bad3c948f4d605d)
Start importing Assets/Graphisms/Tilesets/SubTiles/Outside_2152.asset using Guid(72b491ea33fec134fbfd0429e66bd5e5) Importer(2089858483,b0f066a214c2f5e87bad3c948f4d605d) (ScriptedImporter) -> (artifact id: '56965d9080a18757d9097b440d912be4') in 0.0092962 seconds
Number of updated asset objects reloaded before import = 0Number of asset objects unloaded after import = 2

========================================================================
Received Import Request.
  Time since last request: 0.000042 seconds.
  path: Assets/Graphisms/Tilesets/SubTiles/Outside_3408.asset
  artifactKey: Guid(ee8fea922126d384c9bd426800584943) Importer(2089858483,b0f066a214c2f5e87bad3c948f4d605d)
Start importing Assets/Graphisms/Tilesets/SubTiles/Outside_3408.asset using Guid(ee8fea922126d384c9bd426800584943) Importer(2089858483,b0f066a214c2f5e87bad3c948f4d605d) (ScriptedImporter) -> (artifact id: 'f6626dea91a5c589af6b64a29946814d') in 0.0098368 seconds
Number of updated asset objects reloaded before import = 0Number of asset objects unloaded after import = 2

========================================================================
Received Import Request.
  Time since last request: 0.000024 seconds.
  path: Assets/Graphisms/Tilesets/SubTiles/Outside_158.asset
  artifactKey: Guid(e1d5a93f1f350b2488a04c999de3d79b) Importer(2089858483,b0f066a214c2f5e87bad3c948f4d605d)
Start importing Assets/Graphisms/Tilesets/SubTiles/Outside_158.asset using Guid(e1d5a93f1f350b2488a04c999de3d79b) Importer(2089858483,b0f066a214c2f5e87bad3c948f4d605d) (ScriptedImporter) -> (artifact id: '87c54b74ed1558b82aa062d97e6ba43e') in 0.0146886 seconds
Number of updated asset objects reloaded before import = 0Number of asset objects unloaded after import = 2

========================================================================
Received Import Request.
  Time since last request: 0.000036 seconds.
  path: Assets/Graphisms/Tilesets/SubTiles/Outside_2484.asset
  artifactKey: Guid(d5e624ff2b9e67c4b8fe8465d443cf79) Importer(2089858483,b0f066a214c2f5e87bad3c948f4d605d)
Start importing Assets/Graphisms/Tilesets/SubTiles/Outside_2484.asset using Guid(d5e624ff2b9e67c4b8fe8465d443cf79) Importer(2089858483,b0f066a214c2f5e87bad3c948f4d605d) (ScriptedImporter) -> (artifact id: '7fd9432af3a6678113a49f38ccd67a0e') in 0.0096205 seconds
Number of updated asset objects reloaded before import = 0Number of asset objects unloaded after import = 2

========================================================================
Received Import Request.
  Time since last request: 0.000021 seconds.
  path: Assets/Graphisms/Tilesets/SubTiles/Outside_3512.asset
  artifactKey: Guid(f029d467436668b4db022a52c83d6449) Importer(2089858483,b0f066a214c2f5e87bad3c948f4d605d)
Start importing Assets/Graphisms/Tilesets/SubTiles/Outside_3512.asset using Guid(f029d467436668b4db022a52c83d6449) Importer(2089858483,b0f066a214c2f5e87bad3c948f4d605d) (ScriptedImporter) -> (artifact id: '12e2d773e096543ad7298de48fce4335') in 0.0098928 seconds
Number of updated asset objects reloaded before import = 0Number of asset objects unloaded after import = 2

========================================================================
Received Import Request.
  Time since last request: 0.000030 seconds.
  path: Assets/Graphisms/Tilesets/SubTiles/Outside_2598.asset
  artifactKey: Guid(ddd81b82098fa9642aef29154bfe191f) Importer(2089858483,b0f066a214c2f5e87bad3c948f4d605d)
Start importing Assets/Graphisms/Tilesets/SubTiles/Outside_2598.asset using Guid(ddd81b82098fa9642aef29154bfe191f) Importer(2089858483,b0f066a214c2f5e87bad3c948f4d605d) (ScriptedImporter) -> (artifact id: 'e2e18884d6fa1c7a86561bdbd08e1c11') in 0.0099749 seconds
Number of updated asset objects reloaded before import = 0Number of asset objects unloaded after import = 2

========================================================================
Received Import Request.
  Time since last request: 0.000036 seconds.
  path: Assets/Graphisms/Tilesets/SubTiles/Outside_2467.asset
  artifactKey: Guid(8aec65f5896e87a42a18f2603270e87b) Importer(2089858483,b0f066a214c2f5e87bad3c948f4d605d)
Start importing Assets/Graphisms/Tilesets/SubTiles/Outside_2467.asset using Guid(8aec65f5896e87a42a18f2603270e87b) Importer(2089858483,b0f066a214c2f5e87bad3c948f4d605d) (ScriptedImporter) -> (artifact id: '108e520741979dfcb7646f054737bda9') in 0.0130837 seconds
Number of updated asset objects reloaded before import = 0Number of asset objects unloaded after import = 2

========================================================================
Received Import Request.
  Time since last request: 0.000022 seconds.
  path: Assets/Graphisms/Tilesets/SubTiles/Outside_99.asset
  artifactKey: Guid(9d262f5207862034fa2a59ea8059c2b3) Importer(2089858483,b0f066a214c2f5e87bad3c948f4d605d)
Start importing Assets/Graphisms/Tilesets/SubTiles/Outside_99.asset using Guid(9d262f5207862034fa2a59ea8059c2b3) Importer(2089858483,b0f066a214c2f5e87bad3c948f4d605d) (ScriptedImporter) -> (artifact id: '6894aad8dbe4ea4ad01c4e93122ec046') in 0.010087 seconds
Number of updated asset objects reloaded before import = 0Number of asset objects unloaded after import = 2

========================================================================
Received Import Request.
  Time since last request: 0.000022 seconds.
  path: Assets/Graphisms/Tilesets/SubTiles/Outside_3025.asset
  artifactKey: Guid(a89a8052392639c46900021edf1c5b2f) Importer(2089858483,b0f066a214c2f5e87bad3c948f4d605d)
Start importing Assets/Graphisms/Tilesets/SubTiles/Outside_3025.asset using Guid(a89a8052392639c46900021edf1c5b2f) Importer(2089858483,b0f066a214c2f5e87bad3c948f4d605d) (ScriptedImporter) -> (artifact id: '9d2de399d7eb5a6867dcc8df89fd996b') in 0.009436 seconds
Number of updated asset objects reloaded before import = 0Number of asset objects unloaded after import = 2

========================================================================
Received Import Request.
  Time since last request: 0.000027 seconds.
  path: Assets/Graphisms/Tilesets/SubTiles/Outside_1715.asset
  artifactKey: Guid(34cc15267653ca04eae7ed030d3de0e5) Importer(2089858483,b0f066a214c2f5e87bad3c948f4d605d)
Start importing Assets/Graphisms/Tilesets/SubTiles/Outside_1715.asset using Guid(34cc15267653ca04eae7ed030d3de0e5) Importer(2089858483,b0f066a214c2f5e87bad3c948f4d605d) (ScriptedImporter) -> (artifact id: '62d558c8cfd470a728af05934e994b4e') in 0.0321986 seconds
Number of updated asset objects reloaded before import = 0Number of asset objects unloaded after import = 2

========================================================================
Received Import Request.
  Time since last request: 0.000045 seconds.
  path: Assets/Graphisms/Tilesets/SubTiles/Outside_2767.asset
  artifactKey: Guid(2229d2e164628e94695e1b7509b2058c) Importer(2089858483,b0f066a214c2f5e87bad3c948f4d605d)
Start importing Assets/Graphisms/Tilesets/SubTiles/Outside_2767.asset using Guid(2229d2e164628e94695e1b7509b2058c) Importer(2089858483,b0f066a214c2f5e87bad3c948f4d605d) (ScriptedImporter) -> (artifact id: 'db73133f03cbabd32889c4ecf19d14bc') in 0.0110029 seconds
Number of updated asset objects reloaded before import = 0Number of asset objects unloaded after import = 2

========================================================================
Received Import Request.
  Time since last request: 0.000037 seconds.
  path: Assets/Graphisms/Tilesets/SubTiles/Outside_892.asset
  artifactKey: Guid(c88526fb61eaca94386aca8df6f639ec) Importer(2089858483,b0f066a214c2f5e87bad3c948f4d605d)
Start importing Assets/Graphisms/Tilesets/SubTiles/Outside_892.asset using Guid(c88526fb61eaca94386aca8df6f639ec) Importer(2089858483,b0f066a214c2f5e87bad3c948f4d605d) (ScriptedImporter) -> (artifact id: '686e6d9f4f4f48fcdf059d6d9f193f17') in 0.0095179 seconds
Number of updated asset objects reloaded before import = 0Number of asset objects unloaded after import = 2

========================================================================
Received Import Request.
  Time since last request: 0.000026 seconds.
  path: Assets/Graphisms/Tilesets/SubTiles/Outside_3863.asset
  artifactKey: Guid(fc0a3194dc5c1aa47985484dec998ef9) Importer(2089858483,b0f066a214c2f5e87bad3c948f4d605d)
Start importing Assets/Graphisms/Tilesets/SubTiles/Outside_3863.asset using Guid(fc0a3194dc5c1aa47985484dec998ef9) Importer(2089858483,b0f066a214c2f5e87bad3c948f4d605d) (ScriptedImporter) -> (artifact id: 'f8479e10e701c211430de998c32cdfb2') in 0.0110691 seconds
Number of updated asset objects reloaded before import = 0Number of asset objects unloaded after import = 2

========================================================================
Received Import Request.
  Time since last request: 0.000022 seconds.
  path: Assets/Graphisms/Tilesets/SubTiles/Outside_1350.asset
  artifactKey: Guid(64201acf7914c254f812aa0d320ff92e) Importer(2089858483,b0f066a214c2f5e87bad3c948f4d605d)
Start importing Assets/Graphisms/Tilesets/SubTiles/Outside_1350.asset using Guid(64201acf7914c254f812aa0d320ff92e) Importer(2089858483,b0f066a214c2f5e87bad3c948f4d605d) (ScriptedImporter) -> (artifact id: 'c12df234a1752a732fe51f5ae5051456') in 0.0095613 seconds
Number of updated asset objects reloaded before import = 0Number of asset objects unloaded after import = 2

========================================================================
Received Import Request.
  Time since last request: 0.000020 seconds.
  path: Assets/Graphisms/Tilesets/SubTiles/Outside_2469.asset
  artifactKey: Guid(3b235181cf8ffad45bb275a41f95476e) Importer(2089858483,b0f066a214c2f5e87bad3c948f4d605d)
Start importing Assets/Graphisms/Tilesets/SubTiles/Outside_2469.asset using Guid(3b235181cf8ffad45bb275a41f95476e) Importer(2089858483,b0f066a214c2f5e87bad3c948f4d605d) (ScriptedImporter) -> (artifact id: 'fead958e5af0c8e6f085d5af0694e111') in 0.0099563 seconds
Number of updated asset objects reloaded before import = 0Number of asset objects unloaded after import = 2

========================================================================
Received Import Request.
  Time since last request: 0.000029 seconds.
  path: Assets/Graphisms/Tilesets/SubTiles/Outside_2508.asset
  artifactKey: Guid(4cac20748d32fb042b8bf4baec348411) Importer(2089858483,b0f066a214c2f5e87bad3c948f4d605d)
Start importing Assets/Graphisms/Tilesets/SubTiles/Outside_2508.asset using Guid(4cac20748d32fb042b8bf4baec348411) Importer(2089858483,b0f066a214c2f5e87bad3c948f4d605d) (ScriptedImporter) -> (artifact id: '2d8a8b700be5ef192b3b7faece504aa6') in 0.0125987 seconds
Number of updated asset objects reloaded before import = 0Number of asset objects unloaded after import = 2

========================================================================
Received Import Request.
  Time since last request: 0.000039 seconds.
  path: Assets/Graphisms/Tilesets/SubTiles/Outside_3387.asset
  artifactKey: Guid(fc22fd0e2aee4b24fa0987966c00b0de) Importer(2089858483,b0f066a214c2f5e87bad3c948f4d605d)
Start importing Assets/Graphisms/Tilesets/SubTiles/Outside_3387.asset using Guid(fc22fd0e2aee4b24fa0987966c00b0de) Importer(2089858483,b0f066a214c2f5e87bad3c948f4d605d) (ScriptedImporter) -> (artifact id: 'bf214e5029d75494c0a176bb63b49531') in 0.0096022 seconds
Number of updated asset objects reloaded before import = 0Number of asset objects unloaded after import = 2

========================================================================
Received Import Request.
  Time since last request: 0.000022 seconds.
  path: Assets/Graphisms/Tilesets/SubTiles/Outside_180.asset
  artifactKey: Guid(47acea3f6b3b0344ea5d14f67f60d5a4) Importer(2089858483,b0f066a214c2f5e87bad3c948f4d605d)
Start importing Assets/Graphisms/Tilesets/SubTiles/Outside_180.asset using Guid(47acea3f6b3b0344ea5d14f67f60d5a4) Importer(2089858483,b0f066a214c2f5e87bad3c948f4d605d) (ScriptedImporter) -> (artifact id: '39e065f5e0af32e065b2b334ebd1e2e1') in 0.0097881 seconds
Number of updated asset objects reloaded before import = 0Number of asset objects unloaded after import = 2

========================================================================
Received Import Request.
  Time since last request: 0.000020 seconds.
  path: Assets/Graphisms/Tilesets/SubTiles/Outside_3735.asset
  artifactKey: Guid(63d801bbeb1c0614a81d28e98c4818e9) Importer(2089858483,b0f066a214c2f5e87bad3c948f4d605d)
Start importing Assets/Graphisms/Tilesets/SubTiles/Outside_3735.asset using Guid(63d801bbeb1c0614a81d28e98c4818e9) Importer(2089858483,b0f066a214c2f5e87bad3c948f4d605d) (ScriptedImporter) -> (artifact id: 'db1d2ebdb2b0dfa2f2e37e8fdd35980e') in 0.0099038 seconds
Number of updated asset objects reloaded before import = 0Number of asset objects unloaded after import = 2

========================================================================
Received Import Request.
  Time since last request: 0.000029 seconds.
  path: Assets/Graphisms/Tilesets/SubTiles/Outside_3451.asset
  artifactKey: Guid(b724cd10c1e83d64db45c12e5952211e) Importer(2089858483,b0f066a214c2f5e87bad3c948f4d605d)
Start importing Assets/Graphisms/Tilesets/SubTiles/Outside_3451.asset using Guid(b724cd10c1e83d64db45c12e5952211e) Importer(2089858483,b0f066a214c2f5e87bad3c948f4d605d) (ScriptedImporter) -> (artifact id: '720089b5c92cbaa027e0479d846a3b73') in 0.0105032 seconds
Number of updated asset objects reloaded before import = 0Number of asset objects unloaded after import = 2

========================================================================
Received Import Request.
  Time since last request: 0.000032 seconds.
  path: Assets/Graphisms/Tilesets/SubTiles/Outside_3776.asset
  artifactKey: Guid(0186a4a9eb4d7894694df652138f3889) Importer(2089858483,b0f066a214c2f5e87bad3c948f4d605d)
Start importing Assets/Graphisms/Tilesets/SubTiles/Outside_3776.asset using Guid(0186a4a9eb4d7894694df652138f3889) Importer(2089858483,b0f066a214c2f5e87bad3c948f4d605d) (ScriptedImporter) -> (artifact id: '816b6928eda126b7d7ef0ac538743301') in 0.0116692 seconds
Number of updated asset objects reloaded before import = 0Number of asset objects unloaded after import = 2

========================================================================
Received Import Request.
  Time since last request: 0.000033 seconds.
  path: Assets/Graphisms/Tilesets/SubTiles/Outside_2816.asset
  artifactKey: Guid(75a6e304f40997b4a9d856410f4b48ec) Importer(2089858483,b0f066a214c2f5e87bad3c948f4d605d)
Start importing Assets/Graphisms/Tilesets/SubTiles/Outside_2816.asset using Guid(75a6e304f40997b4a9d856410f4b48ec) Importer(2089858483,b0f066a214c2f5e87bad3c948f4d605d) (ScriptedImporter) -> (artifact id: '8042c5c7b0331ca4d940a76beb173080') in 0.0116684 seconds
Number of updated asset objects reloaded before import = 0Number of asset objects unloaded after import = 2

========================================================================
Received Import Request.
  Time since last request: 0.000025 seconds.
  path: Assets/Graphisms/Tilesets/SubTiles/Outside_2789.asset
  artifactKey: Guid(d1dfb09a3cf9737419960e4962364da7) Importer(2089858483,b0f066a214c2f5e87bad3c948f4d605d)
Start importing Assets/Graphisms/Tilesets/SubTiles/Outside_2789.asset using Guid(d1dfb09a3cf9737419960e4962364da7) Importer(2089858483,b0f066a214c2f5e87bad3c948f4d605d) (ScriptedImporter) -> (artifact id: '38837761aeaffa45968da25d3bd07039') in 0.0095484 seconds
Number of updated asset objects reloaded before import = 0Number of asset objects unloaded after import = 2

========================================================================
Received Import Request.
  Time since last request: 0.000018 seconds.
  path: Assets/Graphisms/Tilesets/SubTiles/Outside_2560.asset
  artifactKey: Guid(a0a06d4a7e7946a4cad77428c609c60a) Importer(2089858483,b0f066a214c2f5e87bad3c948f4d605d)
Start importing Assets/Graphisms/Tilesets/SubTiles/Outside_2560.asset using Guid(a0a06d4a7e7946a4cad77428c609c60a) Importer(2089858483,b0f066a214c2f5e87bad3c948f4d605d) (ScriptedImporter) -> (artifact id: '90b8945145b128f474f2170f29e4cfc6') in 0.0098625 seconds
Number of updated asset objects reloaded before import = 0Number of asset objects unloaded after import = 2

========================================================================
Received Import Request.
  Time since last request: 0.000019 seconds.
  path: Assets/Graphisms/Tilesets/SubTiles/Outside_1025.asset
  artifactKey: Guid(a790be76a3c48bf4cb45a512f9371610) Importer(2089858483,b0f066a214c2f5e87bad3c948f4d605d)
Start importing Assets/Graphisms/Tilesets/SubTiles/Outside_1025.asset using Guid(a790be76a3c48bf4cb45a512f9371610) Importer(2089858483,b0f066a214c2f5e87bad3c948f4d605d) (ScriptedImporter) -> (artifact id: '44393205ae5f685e83cc3f056891e5ce') in 0.0104968 seconds
Number of updated asset objects reloaded before import = 0Number of asset objects unloaded after import = 2

========================================================================
Received Import Request.
  Time since last request: 0.000022 seconds.
  path: Assets/Graphisms/Tilesets/SubTiles/Outside_346.asset
  artifactKey: Guid(ef49237589a6b2b4caa9c3532935c063) Importer(2089858483,b0f066a214c2f5e87bad3c948f4d605d)
Start importing Assets/Graphisms/Tilesets/SubTiles/Outside_346.asset using Guid(ef49237589a6b2b4caa9c3532935c063) Importer(2089858483,b0f066a214c2f5e87bad3c948f4d605d) (ScriptedImporter) -> (artifact id: 'fbe2b6d1a9e23fb6b071f61bca686536') in 0.0094459 seconds
Number of updated asset objects reloaded before import = 0Number of asset objects unloaded after import = 2

========================================================================
Received Import Request.
  Time since last request: 0.000036 seconds.
  path: Assets/Graphisms/Tilesets/SubTiles/Outside_1259.asset
  artifactKey: Guid(53787b193eea1644aa1330ce9de70051) Importer(2089858483,b0f066a214c2f5e87bad3c948f4d605d)
Start importing Assets/Graphisms/Tilesets/SubTiles/Outside_1259.asset using Guid(53787b193eea1644aa1330ce9de70051) Importer(2089858483,b0f066a214c2f5e87bad3c948f4d605d) (ScriptedImporter) -> (artifact id: '7892ecdaad7abc9e340acf05985366c7') in 0.0106044 seconds
Number of updated asset objects reloaded before import = 0Number of asset objects unloaded after import = 2

========================================================================
Received Import Request.
  Time since last request: 0.000023 seconds.
  path: Assets/Graphisms/Tilesets/SubTiles/Outside_3229.asset
  artifactKey: Guid(03e6f9aac9aa50a4b87ce45e89a09c21) Importer(2089858483,b0f066a214c2f5e87bad3c948f4d605d)
Start importing Assets/Graphisms/Tilesets/SubTiles/Outside_3229.asset using Guid(03e6f9aac9aa50a4b87ce45e89a09c21) Importer(2089858483,b0f066a214c2f5e87bad3c948f4d605d) (ScriptedImporter) -> (artifact id: '8061d00d0057cb664798e272eb6af5bf') in 0.027584 seconds
Number of updated asset objects reloaded before import = 0Number of asset objects unloaded after import = 2

========================================================================
Received Import Request.
  Time since last request: 0.000029 seconds.
  path: Assets/Graphisms/Tilesets/SubTiles/Outside_1283.asset
  artifactKey: Guid(26efe8987c044b14a85ee2a7c6e20f5f) Importer(2089858483,b0f066a214c2f5e87bad3c948f4d605d)
Start importing Assets/Graphisms/Tilesets/SubTiles/Outside_1283.asset using Guid(26efe8987c044b14a85ee2a7c6e20f5f) Importer(2089858483,b0f066a214c2f5e87bad3c948f4d605d) (ScriptedImporter) -> (artifact id: '2b5687c158fdcfa2373c3259a9a7c95e') in 0.0102469 seconds
Number of updated asset objects reloaded before import = 0Number of asset objects unloaded after import = 2

========================================================================
Received Import Request.
  Time since last request: 0.000029 seconds.
  path: Assets/Graphisms/Tilesets/SubTiles/Outside_2291.asset
  artifactKey: Guid(565562bf7d038654d9ad1c9141f36adc) Importer(2089858483,b0f066a214c2f5e87bad3c948f4d605d)
Start importing Assets/Graphisms/Tilesets/SubTiles/Outside_2291.asset using Guid(565562bf7d038654d9ad1c9141f36adc) Importer(2089858483,b0f066a214c2f5e87bad3c948f4d605d) (ScriptedImporter) -> (artifact id: 'd7e51cb4ab1897504962817142b6f6e2') in 0.0141629 seconds
Number of updated asset objects reloaded before import = 0Number of asset objects unloaded after import = 2

========================================================================
Received Import Request.
  Time since last request: 0.000025 seconds.
  path: Assets/Graphisms/Tilesets/SubTiles/Outside_516.asset
  artifactKey: Guid(789e654695962fc45854f456dc29105a) Importer(2089858483,b0f066a214c2f5e87bad3c948f4d605d)
Start importing Assets/Graphisms/Tilesets/SubTiles/Outside_516.asset using Guid(789e654695962fc45854f456dc29105a) Importer(2089858483,b0f066a214c2f5e87bad3c948f4d605d) (ScriptedImporter) -> (artifact id: '818c65b6d9b5bcd280aeb7b1d6c7f25c') in 0.0106788 seconds
Number of updated asset objects reloaded before import = 0Number of asset objects unloaded after import = 2

========================================================================
Received Import Request.
  Time since last request: 0.000039 seconds.
  path: Assets/Graphisms/Tilesets/SubTiles/Outside_3591.asset
  artifactKey: Guid(bfdff1ee0ab281d4cb987326b35ef661) Importer(2089858483,b0f066a214c2f5e87bad3c948f4d605d)
Start importing Assets/Graphisms/Tilesets/SubTiles/Outside_3591.asset using Guid(bfdff1ee0ab281d4cb987326b35ef661) Importer(2089858483,b0f066a214c2f5e87bad3c948f4d605d) (ScriptedImporter) -> (artifact id: '0c7ce7f58e9835b2d88dc0146da53762') in 0.009845 seconds
Number of updated asset objects reloaded before import = 0Number of asset objects unloaded after import = 2

========================================================================
Received Import Request.
  Time since last request: 0.000020 seconds.
  path: Assets/Graphisms/Tilesets/SubTiles/Outside_2557.asset
  artifactKey: Guid(a8c50cfd731a65d44b1cc2b8cf2e317f) Importer(2089858483,b0f066a214c2f5e87bad3c948f4d605d)
Start importing Assets/Graphisms/Tilesets/SubTiles/Outside_2557.asset using Guid(a8c50cfd731a65d44b1cc2b8cf2e317f) Importer(2089858483,b0f066a214c2f5e87bad3c948f4d605d) (ScriptedImporter) -> (artifact id: '9ea9889209673ff53bcd79592d6cbeb7') in 0.009793 seconds
Number of updated asset objects reloaded before import = 0Number of asset objects unloaded after import = 2

========================================================================
Received Import Request.
  Time since last request: 0.000026 seconds.
  path: Assets/Graphisms/Tilesets/SubTiles/Outside_2587.asset
  artifactKey: Guid(51eb3d8002599214c9753110e977006d) Importer(2089858483,b0f066a214c2f5e87bad3c948f4d605d)
Start importing Assets/Graphisms/Tilesets/SubTiles/Outside_2587.asset using Guid(51eb3d8002599214c9753110e977006d) Importer(2089858483,b0f066a214c2f5e87bad3c948f4d605d) (ScriptedImporter) -> (artifact id: '49aa208307a77a51e78c1c239a5d9eff') in 0.0126652 seconds
Number of updated asset objects reloaded before import = 0Number of asset objects unloaded after import = 2

========================================================================
Received Import Request.
  Time since last request: 0.000017 seconds.
  path: Assets/Graphisms/Tilesets/SubTiles/Outside_3643.asset
  artifactKey: Guid(91bc789ce9f41d24386656d5e32a4abd) Importer(2089858483,b0f066a214c2f5e87bad3c948f4d605d)
Start importing Assets/Graphisms/Tilesets/SubTiles/Outside_3643.asset using Guid(91bc789ce9f41d24386656d5e32a4abd) Importer(2089858483,b0f066a214c2f5e87bad3c948f4d605d) (ScriptedImporter) -> (artifact id: '98bc7378cecf133a143f7058dba19b6e') in 0.0092867 seconds
Number of updated asset objects reloaded before import = 0Number of asset objects unloaded after import = 2

========================================================================
Received Import Request.
  Time since last request: 0.000036 seconds.
  path: Assets/Graphisms/Tilesets/SubTiles/Outside_511.asset
  artifactKey: Guid(f621b15c6aff62c498c86be0185e5e14) Importer(2089858483,b0f066a214c2f5e87bad3c948f4d605d)
Start importing Assets/Graphisms/Tilesets/SubTiles/Outside_511.asset using Guid(f621b15c6aff62c498c86be0185e5e14) Importer(2089858483,b0f066a214c2f5e87bad3c948f4d605d) (ScriptedImporter) -> (artifact id: 'ab0e7db6329e38969c203140362b4f94') in 0.0108835 seconds
Number of updated asset objects reloaded before import = 0Number of asset objects unloaded after import = 2

========================================================================
Received Import Request.
  Time since last request: 0.000044 seconds.
  path: Assets/Graphisms/Tilesets/SubTiles/Outside_1805.asset
  artifactKey: Guid(5249e520693d51048b0d43c3bab77e16) Importer(2089858483,b0f066a214c2f5e87bad3c948f4d605d)
Start importing Assets/Graphisms/Tilesets/SubTiles/Outside_1805.asset using Guid(5249e520693d51048b0d43c3bab77e16) Importer(2089858483,b0f066a214c2f5e87bad3c948f4d605d) (ScriptedImporter) -> (artifact id: 'c1745f2c688dfb0fd87caf8ba6358d64') in 0.012884 seconds
Number of updated asset objects reloaded before import = 0Number of asset objects unloaded after import = 2

========================================================================
Received Import Request.
  Time since last request: 0.000021 seconds.
  path: Assets/Graphisms/Tilesets/SubTiles/Outside_2800.asset
  artifactKey: Guid(108e9fad6f978084db8d86563f288e29) Importer(2089858483,b0f066a214c2f5e87bad3c948f4d605d)
Start importing Assets/Graphisms/Tilesets/SubTiles/Outside_2800.asset using Guid(108e9fad6f978084db8d86563f288e29) Importer(2089858483,b0f066a214c2f5e87bad3c948f4d605d) (ScriptedImporter) -> (artifact id: 'd9647d01d5bbc6f0ab04eb89ae798787') in 0.0118419 seconds
Number of updated asset objects reloaded before import = 0Number of asset objects unloaded after import = 2

========================================================================
Received Import Request.
  Time since last request: 0.000020 seconds.
  path: Assets/Graphisms/Tilesets/SubTiles/Outside_1823.asset
  artifactKey: Guid(12124db5fd30de44eafd6312404b4edf) Importer(2089858483,b0f066a214c2f5e87bad3c948f4d605d)
Start importing Assets/Graphisms/Tilesets/SubTiles/Outside_1823.asset using Guid(12124db5fd30de44eafd6312404b4edf) Importer(2089858483,b0f066a214c2f5e87bad3c948f4d605d) (ScriptedImporter) -> (artifact id: '00c07be37fc20636d27e849327dfb789') in 0.0092339 seconds
Number of updated asset objects reloaded before import = 0Number of asset objects unloaded after import = 2

========================================================================
Received Import Request.
  Time since last request: 0.000020 seconds.
  path: Assets/Graphisms/Tilesets/SubTiles/Outside_2453.asset
  artifactKey: Guid(7995e9da9f1f04d419b328370de7f2de) Importer(2089858483,b0f066a214c2f5e87bad3c948f4d605d)
Start importing Assets/Graphisms/Tilesets/SubTiles/Outside_2453.asset using Guid(7995e9da9f1f04d419b328370de7f2de) Importer(2089858483,b0f066a214c2f5e87bad3c948f4d605d) (ScriptedImporter) -> (artifact id: '44d91c60b6c9d61919f0365edf980d75') in 0.0085418 seconds
Number of updated asset objects reloaded before import = 0Number of asset objects unloaded after import = 2

========================================================================
Received Import Request.
  Time since last request: 0.000023 seconds.
  path: Assets/Graphisms/Tilesets/SubTiles/Outside_2136.asset
  artifactKey: Guid(886dbd7b33f07094b8914bd059d607b8) Importer(2089858483,b0f066a214c2f5e87bad3c948f4d605d)
Start importing Assets/Graphisms/Tilesets/SubTiles/Outside_2136.asset using Guid(886dbd7b33f07094b8914bd059d607b8) Importer(2089858483,b0f066a214c2f5e87bad3c948f4d605d) (ScriptedImporter) -> (artifact id: 'dbe9403f2ee89b708b034668543ffc24') in 0.009778 seconds
Number of updated asset objects reloaded before import = 0Number of asset objects unloaded after import = 2

========================================================================
Received Import Request.
  Time since last request: 0.000031 seconds.
  path: Assets/Graphisms/Tilesets/SubTiles/Outside_3151.asset
  artifactKey: Guid(217aa4f0278bf2442a2620be90972cc6) Importer(2089858483,b0f066a214c2f5e87bad3c948f4d605d)
Start importing Assets/Graphisms/Tilesets/SubTiles/Outside_3151.asset using Guid(217aa4f0278bf2442a2620be90972cc6) Importer(2089858483,b0f066a214c2f5e87bad3c948f4d605d) (ScriptedImporter) -> (artifact id: 'd450f20ef15c52ea3a5ec9506b5993d0') in 0.0109249 seconds
Number of updated asset objects reloaded before import = 0Number of asset objects unloaded after import = 2

========================================================================
Received Import Request.
  Time since last request: 0.000033 seconds.
  path: Assets/Graphisms/Tilesets/SubTiles/Outside_3749.asset
  artifactKey: Guid(2d208cc13a1846e40b75ecfcde875b1c) Importer(2089858483,b0f066a214c2f5e87bad3c948f4d605d)
Start importing Assets/Graphisms/Tilesets/SubTiles/Outside_3749.asset using Guid(2d208cc13a1846e40b75ecfcde875b1c) Importer(2089858483,b0f066a214c2f5e87bad3c948f4d605d) (ScriptedImporter) -> (artifact id: '2a0b3c4d9c55ed82ad83208de20cc58e') in 0.0094393 seconds
Number of updated asset objects reloaded before import = 0Number of asset objects unloaded after import = 2

========================================================================
Received Import Request.
  Time since last request: 0.000019 seconds.
  path: Assets/Graphisms/Tilesets/SubTiles/Outside_1548.asset
  artifactKey: Guid(31525f5fba10b0b448aa75f0760ab924) Importer(2089858483,b0f066a214c2f5e87bad3c948f4d605d)
Start importing Assets/Graphisms/Tilesets/SubTiles/Outside_1548.asset using Guid(31525f5fba10b0b448aa75f0760ab924) Importer(2089858483,b0f066a214c2f5e87bad3c948f4d605d) (ScriptedImporter) -> (artifact id: '49917a3075c6fd865a3b5d17905c42f5') in 0.0101021 seconds
Number of updated asset objects reloaded before import = 0Number of asset objects unloaded after import = 2

========================================================================
Received Import Request.
  Time since last request: 0.000021 seconds.
  path: Assets/Graphisms/Tilesets/SubTiles/Outside_522.asset
  artifactKey: Guid(00a07090badf358428c90055585cdce5) Importer(2089858483,b0f066a214c2f5e87bad3c948f4d605d)
Start importing Assets/Graphisms/Tilesets/SubTiles/Outside_522.asset using Guid(00a07090badf358428c90055585cdce5) Importer(2089858483,b0f066a214c2f5e87bad3c948f4d605d) (ScriptedImporter) -> (artifact id: '0465bbda9affeb0e6c2220cb778befc2') in 0.0107001 seconds
Number of updated asset objects reloaded before import = 0Number of asset objects unloaded after import = 2

========================================================================
Received Import Request.
  Time since last request: 0.000020 seconds.
  path: Assets/Graphisms/Tilesets/SubTiles/Outside_1279.asset
  artifactKey: Guid(b048a81b549369e4ea0fd3c3c33bb8c7) Importer(2089858483,b0f066a214c2f5e87bad3c948f4d605d)
Start importing Assets/Graphisms/Tilesets/SubTiles/Outside_1279.asset using Guid(b048a81b549369e4ea0fd3c3c33bb8c7) Importer(2089858483,b0f066a214c2f5e87bad3c948f4d605d) (ScriptedImporter) -> (artifact id: '4dec2c91dbdfe73eaabb2883647a7040') in 0.0129316 seconds
Number of updated asset objects reloaded before import = 0Number of asset objects unloaded after import = 2

========================================================================
Received Import Request.
  Time since last request: 0.000041 seconds.
  path: Assets/Graphisms/Tilesets/SubTiles/Outside_2880.asset
  artifactKey: Guid(f415721bca3f3274497fa1dda4a949f3) Importer(2089858483,b0f066a214c2f5e87bad3c948f4d605d)
Start importing Assets/Graphisms/Tilesets/SubTiles/Outside_2880.asset using Guid(f415721bca3f3274497fa1dda4a949f3) Importer(2089858483,b0f066a214c2f5e87bad3c948f4d605d) (ScriptedImporter) -> (artifact id: '50a2e84ce451c68e7db46c20b4a8c6e0') in 0.0102136 seconds
Number of updated asset objects reloaded before import = 0Number of asset objects unloaded after import = 2

========================================================================
Received Import Request.
  Time since last request: 0.000025 seconds.
  path: Assets/Graphisms/Tilesets/SubTiles/Outside_1324.asset
  artifactKey: Guid(d731ea0b8fd9d914cbf92fa0c409bb6e) Importer(2089858483,b0f066a214c2f5e87bad3c948f4d605d)
Start importing Assets/Graphisms/Tilesets/SubTiles/Outside_1324.asset using Guid(d731ea0b8fd9d914cbf92fa0c409bb6e) Importer(2089858483,b0f066a214c2f5e87bad3c948f4d605d) (ScriptedImporter) -> (artifact id: '9b3830ac89188bd9481e1686b40ac0f4') in 0.0117951 seconds
Number of updated asset objects reloaded before import = 0Number of asset objects unloaded after import = 2

========================================================================
Received Import Request.
  Time since last request: 0.000023 seconds.
  path: Assets/Graphisms/Tilesets/SubTiles/Outside_3755.asset
  artifactKey: Guid(46e82bd7aaad9474398e37d2eaa383ce) Importer(2089858483,b0f066a214c2f5e87bad3c948f4d605d)
Start importing Assets/Graphisms/Tilesets/SubTiles/Outside_3755.asset using Guid(46e82bd7aaad9474398e37d2eaa383ce) Importer(2089858483,b0f066a214c2f5e87bad3c948f4d605d) (ScriptedImporter) -> (artifact id: '3fa08c89ee814802979c9d365664af54') in 0.0104817 seconds
Number of updated asset objects reloaded before import = 0Number of asset objects unloaded after import = 2

========================================================================
Received Import Request.
  Time since last request: 0.000029 seconds.
  path: Assets/Graphisms/Tilesets/SubTiles/Outside_1355.asset
  artifactKey: Guid(aefb574522441844291f40c733160a22) Importer(2089858483,b0f066a214c2f5e87bad3c948f4d605d)
Start importing Assets/Graphisms/Tilesets/SubTiles/Outside_1355.asset using Guid(aefb574522441844291f40c733160a22) Importer(2089858483,b0f066a214c2f5e87bad3c948f4d605d) (ScriptedImporter) -> (artifact id: '77b4aa181d4965641ed463374415e92a') in 0.0105913 seconds
Number of updated asset objects reloaded before import = 0Number of asset objects unloaded after import = 2

========================================================================
Received Import Request.
  Time since last request: 0.000042 seconds.
  path: Assets/Graphisms/Tilesets/SubTiles/Outside_883.asset
  artifactKey: Guid(03c9f32214db99f4ab1c732f23402dad) Importer(2089858483,b0f066a214c2f5e87bad3c948f4d605d)
Start importing Assets/Graphisms/Tilesets/SubTiles/Outside_883.asset using Guid(03c9f32214db99f4ab1c732f23402dad) Importer(2089858483,b0f066a214c2f5e87bad3c948f4d605d) (ScriptedImporter) -> (artifact id: 'a1bc9892066bdb301af6496f61c9eb6d') in 0.0411572 seconds
Number of updated asset objects reloaded before import = 0Number of asset objects unloaded after import = 2

========================================================================
Received Import Request.
  Time since last request: 0.000026 seconds.
  path: Assets/Graphisms/Tilesets/SubTiles/Outside_2684.asset
  artifactKey: Guid(291b3a57e4ff49742be878306016072b) Importer(2089858483,b0f066a214c2f5e87bad3c948f4d605d)
Start importing Assets/Graphisms/Tilesets/SubTiles/Outside_2684.asset using Guid(291b3a57e4ff49742be878306016072b) Importer(2089858483,b0f066a214c2f5e87bad3c948f4d605d) (ScriptedImporter) -> (artifact id: '5ef1f6c59fae10478f28313346bae209') in 0.0112349 seconds
Number of updated asset objects reloaded before import = 0Number of asset objects unloaded after import = 2

========================================================================
Received Import Request.
  Time since last request: 0.000014 seconds.
  path: Assets/Graphisms/Tilesets/SubTiles/Outside_2305.asset
  artifactKey: Guid(29dd33d40e1884840ac31f90fed6892e) Importer(2089858483,b0f066a214c2f5e87bad3c948f4d605d)
Start importing Assets/Graphisms/Tilesets/SubTiles/Outside_2305.asset using Guid(29dd33d40e1884840ac31f90fed6892e) Importer(2089858483,b0f066a214c2f5e87bad3c948f4d605d) (ScriptedImporter) -> (artifact id: 'c6ee577480cc02a442c54cf598260ca0') in 0.0134369 seconds
Number of updated asset objects reloaded before import = 0Number of asset objects unloaded after import = 2

========================================================================
Received Import Request.
  Time since last request: 0.000025 seconds.
  path: Assets/Graphisms/Tilesets/SubTiles/Outside_2806.asset
  artifactKey: Guid(6c5d4ff6b34759d4fa67791793c9fa83) Importer(2089858483,b0f066a214c2f5e87bad3c948f4d605d)
Start importing Assets/Graphisms/Tilesets/SubTiles/Outside_2806.asset using Guid(6c5d4ff6b34759d4fa67791793c9fa83) Importer(2089858483,b0f066a214c2f5e87bad3c948f4d605d) (ScriptedImporter) -> (artifact id: '40d0bd6e4c008256e90a9a9c8702e185') in 0.0113601 seconds
Number of updated asset objects reloaded before import = 0Number of asset objects unloaded after import = 2

========================================================================
Received Import Request.
  Time since last request: 0.000021 seconds.
  path: Assets/Graphisms/Tilesets/SubTiles/Outside_3772.asset
  artifactKey: Guid(ee6cd9cc1fa355b4184b6267e0d951a1) Importer(2089858483,b0f066a214c2f5e87bad3c948f4d605d)
Start importing Assets/Graphisms/Tilesets/SubTiles/Outside_3772.asset using Guid(ee6cd9cc1fa355b4184b6267e0d951a1) Importer(2089858483,b0f066a214c2f5e87bad3c948f4d605d) (ScriptedImporter) -> (artifact id: '88c2f273ca6a1a1e6129abb575fe88db') in 0.0108687 seconds
Number of updated asset objects reloaded before import = 0Number of asset objects unloaded after import = 2

========================================================================
Received Import Request.
  Time since last request: 0.000038 seconds.
  path: Assets/Graphisms/Tilesets/SubTiles/Outside_2837.asset
  artifactKey: Guid(c978bd1f67c19e8409827103b7adf64f) Importer(2089858483,b0f066a214c2f5e87bad3c948f4d605d)
Start importing Assets/Graphisms/Tilesets/SubTiles/Outside_2837.asset using Guid(c978bd1f67c19e8409827103b7adf64f) Importer(2089858483,b0f066a214c2f5e87bad3c948f4d605d) (ScriptedImporter) -> (artifact id: '7f90376cb56162e4097102f99e15694d') in 0.0097296 seconds
Number of updated asset objects reloaded before import = 0Number of asset objects unloaded after import = 2

========================================================================
Received Import Request.
  Time since last request: 0.000040 seconds.
  path: Assets/Graphisms/Tilesets/SubTiles/Outside_1220.asset
  artifactKey: Guid(8561142c5071ce649b9df5dda9329b38) Importer(2089858483,b0f066a214c2f5e87bad3c948f4d605d)
Start importing Assets/Graphisms/Tilesets/SubTiles/Outside_1220.asset using Guid(8561142c5071ce649b9df5dda9329b38) Importer(2089858483,b0f066a214c2f5e87bad3c948f4d605d) (ScriptedImporter) -> (artifact id: '7e247e8f0841980a7baa15db9e55aee8') in 0.0126348 seconds
Number of updated asset objects reloaded before import = 0Number of asset objects unloaded after import = 2

========================================================================
Received Import Request.
  Time since last request: 0.000030 seconds.
  path: Assets/Graphisms/Tilesets/SubTiles/Outside_971.asset
  artifactKey: Guid(6836d8246e7ce9046a71b5267c9ec1b3) Importer(2089858483,b0f066a214c2f5e87bad3c948f4d605d)
Start importing Assets/Graphisms/Tilesets/SubTiles/Outside_971.asset using Guid(6836d8246e7ce9046a71b5267c9ec1b3) Importer(2089858483,b0f066a214c2f5e87bad3c948f4d605d) (ScriptedImporter) -> (artifact id: 'e8750010cb5e8debf97c90e10b59f663') in 0.0112541 seconds
Number of updated asset objects reloaded before import = 0Number of asset objects unloaded after import = 2

========================================================================
Received Import Request.
  Time since last request: 0.000021 seconds.
  path: Assets/Graphisms/Tilesets/SubTiles/Outside_1197.asset
  artifactKey: Guid(571309356c6a068448ae660e4be4c752) Importer(2089858483,b0f066a214c2f5e87bad3c948f4d605d)
Start importing Assets/Graphisms/Tilesets/SubTiles/Outside_1197.asset using Guid(571309356c6a068448ae660e4be4c752) Importer(2089858483,b0f066a214c2f5e87bad3c948f4d605d) (ScriptedImporter) -> (artifact id: '46b46b31135e64d88bfafd87a502b958') in 0.0087999 seconds
Number of updated asset objects reloaded before import = 0Number of asset objects unloaded after import = 2

========================================================================
Received Import Request.
  Time since last request: 0.000024 seconds.
  path: Assets/Graphisms/Tilesets/SubTiles/Outside_663.asset
  artifactKey: Guid(371083e7b7d89924aa6fb30e1fc328dc) Importer(2089858483,b0f066a214c2f5e87bad3c948f4d605d)
Start importing Assets/Graphisms/Tilesets/SubTiles/Outside_663.asset using Guid(371083e7b7d89924aa6fb30e1fc328dc) Importer(2089858483,b0f066a214c2f5e87bad3c948f4d605d) (ScriptedImporter) -> (artifact id: 'c0ecd5a58ca21747beb78d344818e0be') in 0.011654 seconds
Number of updated asset objects reloaded before import = 0Number of asset objects unloaded after import = 2

========================================================================
Received Import Request.
  Time since last request: 0.000073 seconds.
  path: Assets/Graphisms/Tilesets/SubTiles/Outside_3457.asset
  artifactKey: Guid(5c2c11baa011edc49858fc4d6f2a3757) Importer(2089858483,b0f066a214c2f5e87bad3c948f4d605d)
Start importing Assets/Graphisms/Tilesets/SubTiles/Outside_3457.asset using Guid(5c2c11baa011edc49858fc4d6f2a3757) Importer(2089858483,b0f066a214c2f5e87bad3c948f4d605d) (ScriptedImporter) -> (artifact id: '94badf465acd43c854ca0c1e597cff46') in 0.009281 seconds
Number of updated asset objects reloaded before import = 0Number of asset objects unloaded after import = 2

========================================================================
Received Import Request.
  Time since last request: 0.000037 seconds.
  path: Assets/Graphisms/Tilesets/SubTiles/Outside_3711.asset
  artifactKey: Guid(61925e067eb071d41a9b25d250893bd4) Importer(2089858483,b0f066a214c2f5e87bad3c948f4d605d)
Start importing Assets/Graphisms/Tilesets/SubTiles/Outside_3711.asset using Guid(61925e067eb071d41a9b25d250893bd4) Importer(2089858483,b0f066a214c2f5e87bad3c948f4d605d) (ScriptedImporter) -> (artifact id: '4c373f9c721c97b86556382b8356bbfc') in 0.01053 seconds
Number of updated asset objects reloaded before import = 0Number of asset objects unloaded after import = 2

========================================================================
Received Import Request.
  Time since last request: 0.000025 seconds.
  path: Assets/Graphisms/Tilesets/SubTiles/Outside_1467.asset
  artifactKey: Guid(b10e6f8ce32f98c418a9f5d86691e86e) Importer(2089858483,b0f066a214c2f5e87bad3c948f4d605d)
Start importing Assets/Graphisms/Tilesets/SubTiles/Outside_1467.asset using Guid(b10e6f8ce32f98c418a9f5d86691e86e) Importer(2089858483,b0f066a214c2f5e87bad3c948f4d605d) (ScriptedImporter) -> (artifact id: 'd21a19fd6cbc21254b88f062db7c483e') in 0.0109505 seconds
Number of updated asset objects reloaded before import = 0Number of asset objects unloaded after import = 2

========================================================================
Received Import Request.
  Time since last request: 0.000020 seconds.
  path: Assets/Graphisms/Tilesets/SubTiles/Outside_1388.asset
  artifactKey: Guid(3de7e4e8eca6744438bbdd88922ca5ee) Importer(2089858483,b0f066a214c2f5e87bad3c948f4d605d)
Start importing Assets/Graphisms/Tilesets/SubTiles/Outside_1388.asset using Guid(3de7e4e8eca6744438bbdd88922ca5ee) Importer(2089858483,b0f066a214c2f5e87bad3c948f4d605d) (ScriptedImporter) -> (artifact id: '4525b86ceb02d19f0323b0e5b007ec3c') in 0.009681 seconds
Number of updated asset objects reloaded before import = 0Number of asset objects unloaded after import = 2

========================================================================
Received Import Request.
  Time since last request: 0.000035 seconds.
  path: Assets/Graphisms/Tilesets/SubTiles/Outside_2517.asset
  artifactKey: Guid(d2be19a2aef791b4f89bbc230b70422f) Importer(2089858483,b0f066a214c2f5e87bad3c948f4d605d)
Start importing Assets/Graphisms/Tilesets/SubTiles/Outside_2517.asset using Guid(d2be19a2aef791b4f89bbc230b70422f) Importer(2089858483,b0f066a214c2f5e87bad3c948f4d605d) (ScriptedImporter) -> (artifact id: '111fa08e99542807d4fb120119f072e6') in 0.0120343 seconds
Number of updated asset objects reloaded before import = 0Number of asset objects unloaded after import = 2

========================================================================
Received Import Request.
  Time since last request: 0.000037 seconds.
  path: Assets/Graphisms/Tilesets/SubTiles/Outside_1979.asset
  artifactKey: Guid(fb32aa98bd4250a448c6f2d0d577241a) Importer(2089858483,b0f066a214c2f5e87bad3c948f4d605d)
Start importing Assets/Graphisms/Tilesets/SubTiles/Outside_1979.asset using Guid(fb32aa98bd4250a448c6f2d0d577241a) Importer(2089858483,b0f066a214c2f5e87bad3c948f4d605d) (ScriptedImporter) -> (artifact id: 'dc57a6a97535304bb09dc939cd0896fa') in 0.0097662 seconds
Number of updated asset objects reloaded before import = 0Number of asset objects unloaded after import = 2

========================================================================
Received Import Request.
  Time since last request: 0.000029 seconds.
  path: Assets/Graphisms/Tilesets/SubTiles/Outside_1457.asset
  artifactKey: Guid(ebc66ffb02dbb4145bc05a822fe31760) Importer(2089858483,b0f066a214c2f5e87bad3c948f4d605d)
Start importing Assets/Graphisms/Tilesets/SubTiles/Outside_1457.asset using Guid(ebc66ffb02dbb4145bc05a822fe31760) Importer(2089858483,b0f066a214c2f5e87bad3c948f4d605d) (ScriptedImporter) -> (artifact id: 'b16c5391bb36fac775cfe9cc151bc7dd') in 0.0117658 seconds
Number of updated asset objects reloaded before import = 0Number of asset objects unloaded after import = 2

========================================================================
Received Import Request.
  Time since last request: 0.000023 seconds.
  path: Assets/Graphisms/Tilesets/SubTiles/Outside_2513.asset
  artifactKey: Guid(620bac85a0072994a9a7ff43703ed36b) Importer(2089858483,b0f066a214c2f5e87bad3c948f4d605d)
Start importing Assets/Graphisms/Tilesets/SubTiles/Outside_2513.asset using Guid(620bac85a0072994a9a7ff43703ed36b) Importer(2089858483,b0f066a214c2f5e87bad3c948f4d605d) (ScriptedImporter) -> (artifact id: '0fa970780095ff94df9b0da9f1f69a5c') in 0.0162228 seconds
Number of updated asset objects reloaded before import = 0Number of asset objects unloaded after import = 2

========================================================================
Received Import Request.
  Time since last request: 0.000026 seconds.
  path: Assets/Graphisms/Tilesets/SubTiles/Outside_2755.asset
  artifactKey: Guid(d9db1d8ba2a1e7d49bb1dffa134e26d2) Importer(2089858483,b0f066a214c2f5e87bad3c948f4d605d)
Start importing Assets/Graphisms/Tilesets/SubTiles/Outside_2755.asset using Guid(d9db1d8ba2a1e7d49bb1dffa134e26d2) Importer(2089858483,b0f066a214c2f5e87bad3c948f4d605d) (ScriptedImporter) -> (artifact id: '5166119b6eb30a2c704900b713ffc475') in 0.0121124 seconds
Number of updated asset objects reloaded before import = 0Number of asset objects unloaded after import = 2

========================================================================
Received Import Request.
  Time since last request: 0.000029 seconds.
  path: Assets/Graphisms/Tilesets/SubTiles/Outside_843.asset
  artifactKey: Guid(55bae661ebfcdfc4dabc54d22dd7d339) Importer(2089858483,b0f066a214c2f5e87bad3c948f4d605d)
Start importing Assets/Graphisms/Tilesets/SubTiles/Outside_843.asset using Guid(55bae661ebfcdfc4dabc54d22dd7d339) Importer(2089858483,b0f066a214c2f5e87bad3c948f4d605d) (ScriptedImporter) -> (artifact id: '9d04e90ade356fd8871d480e1cb93b9d') in 0.0105402 seconds
Number of updated asset objects reloaded before import = 0Number of asset objects unloaded after import = 2

========================================================================
Received Import Request.
  Time since last request: 0.000035 seconds.
  path: Assets/Graphisms/Tilesets/SubTiles/Outside_1202.asset
  artifactKey: Guid(0db1aa2c123b64f4c9fcb70e6333f586) Importer(2089858483,b0f066a214c2f5e87bad3c948f4d605d)
Start importing Assets/Graphisms/Tilesets/SubTiles/Outside_1202.asset using Guid(0db1aa2c123b64f4c9fcb70e6333f586) Importer(2089858483,b0f066a214c2f5e87bad3c948f4d605d) (ScriptedImporter) -> (artifact id: '021bd365b2114c045c5dd024aebc790a') in 0.0109224 seconds
Number of updated asset objects reloaded before import = 0Number of asset objects unloaded after import = 2

========================================================================
Received Import Request.
  Time since last request: 0.000034 seconds.
  path: Assets/Graphisms/Tilesets/SubTiles/Outside_2138.asset
  artifactKey: Guid(94699d8ac8c7bd240a575273af43d1da) Importer(2089858483,b0f066a214c2f5e87bad3c948f4d605d)
Start importing Assets/Graphisms/Tilesets/SubTiles/Outside_2138.asset using Guid(94699d8ac8c7bd240a575273af43d1da) Importer(2089858483,b0f066a214c2f5e87bad3c948f4d605d) (ScriptedImporter) -> (artifact id: '936136bbeea3a6a085906efad2b16fe8') in 0.011126 seconds
Number of updated asset objects reloaded before import = 0Number of asset objects unloaded after import = 2

========================================================================
Received Import Request.
  Time since last request: 0.000035 seconds.
  path: Assets/Graphisms/Tilesets/SubTiles/Outside_659.asset
  artifactKey: Guid(a767d5f5526910a4d9be535a18ed2341) Importer(2089858483,b0f066a214c2f5e87bad3c948f4d605d)
Start importing Assets/Graphisms/Tilesets/SubTiles/Outside_659.asset using Guid(a767d5f5526910a4d9be535a18ed2341) Importer(2089858483,b0f066a214c2f5e87bad3c948f4d605d) (ScriptedImporter) -> (artifact id: '2081e881dd0066b77ba0f5f6f088579d') in 0.010478 seconds
Number of updated asset objects reloaded before import = 0Number of asset objects unloaded after import = 2

========================================================================
Received Import Request.
  Time since last request: 0.000027 seconds.
  path: Assets/Graphisms/Tilesets/SubTiles/Outside_939.asset
  artifactKey: Guid(f9eb8090c3e3e7844bcae5966d3eb0b0) Importer(2089858483,b0f066a214c2f5e87bad3c948f4d605d)
Start importing Assets/Graphisms/Tilesets/SubTiles/Outside_939.asset using Guid(f9eb8090c3e3e7844bcae5966d3eb0b0) Importer(2089858483,b0f066a214c2f5e87bad3c948f4d605d) (ScriptedImporter) -> (artifact id: '15b5308d4745bd4a4d6d8d2fdd277954') in 0.010281 seconds
Number of updated asset objects reloaded before import = 0Number of asset objects unloaded after import = 2

========================================================================
Received Import Request.
  Time since last request: 0.000027 seconds.
  path: Assets/Graphisms/Tilesets/SubTiles/Outside_3016.asset
  artifactKey: Guid(66a0adf0b296820429ba8ef9e9cadd3e) Importer(2089858483,b0f066a214c2f5e87bad3c948f4d605d)
Start importing Assets/Graphisms/Tilesets/SubTiles/Outside_3016.asset using Guid(66a0adf0b296820429ba8ef9e9cadd3e) Importer(2089858483,b0f066a214c2f5e87bad3c948f4d605d) (ScriptedImporter) -> (artifact id: '41f8b806756abb2f3ef80b6101eeba82') in 0.0099964 seconds
Number of updated asset objects reloaded before import = 0Number of asset objects unloaded after import = 2

========================================================================
Received Import Request.
  Time since last request: 0.000028 seconds.
  path: Assets/Graphisms/Tilesets/SubTiles/Outside_2501.asset
  artifactKey: Guid(cf37e7d33d255c143bd48c3dd1916a0f) Importer(2089858483,b0f066a214c2f5e87bad3c948f4d605d)
Start importing Assets/Graphisms/Tilesets/SubTiles/Outside_2501.asset using Guid(cf37e7d33d255c143bd48c3dd1916a0f) Importer(2089858483,b0f066a214c2f5e87bad3c948f4d605d) (ScriptedImporter) -> (artifact id: '61cfd499a03cd846d8d17fba17655439') in 0.0091177 seconds
Number of updated asset objects reloaded before import = 0Number of asset objects unloaded after import = 2

========================================================================
Received Import Request.
  Time since last request: 0.000025 seconds.
  path: Assets/Graphisms/Tilesets/SubTiles/Outside_2281.asset
  artifactKey: Guid(247a545db3789434bbdf7154f9eff096) Importer(2089858483,b0f066a214c2f5e87bad3c948f4d605d)
Start importing Assets/Graphisms/Tilesets/SubTiles/Outside_2281.asset using Guid(247a545db3789434bbdf7154f9eff096) Importer(2089858483,b0f066a214c2f5e87bad3c948f4d605d) (ScriptedImporter) -> (artifact id: '0d560728e22832ed7fe0e085876b097d') in 0.0084106 seconds
Number of updated asset objects reloaded before import = 0Number of asset objects unloaded after import = 2

========================================================================
Received Import Request.
  Time since last request: 0.000024 seconds.
  path: Assets/Graphisms/Tilesets/SubTiles/Outside_3635.asset
  artifactKey: Guid(27379bf8159458a41ad3b18abaa78a8a) Importer(2089858483,b0f066a214c2f5e87bad3c948f4d605d)
Start importing Assets/Graphisms/Tilesets/SubTiles/Outside_3635.asset using Guid(27379bf8159458a41ad3b18abaa78a8a) Importer(2089858483,b0f066a214c2f5e87bad3c948f4d605d) (ScriptedImporter) -> (artifact id: '35029b2d4ede2b0feb68c1b7dbf8e747') in 0.012825 seconds
Number of updated asset objects reloaded before import = 0Number of asset objects unloaded after import = 2

========================================================================
Received Import Request.
  Time since last request: 0.000032 seconds.
  path: Assets/Graphisms/Tilesets/SubTiles/Outside_2360.asset
  artifactKey: Guid(807fbb43da9940846a96f2eb76c02fec) Importer(2089858483,b0f066a214c2f5e87bad3c948f4d605d)
Start importing Assets/Graphisms/Tilesets/SubTiles/Outside_2360.asset using Guid(807fbb43da9940846a96f2eb76c02fec) Importer(2089858483,b0f066a214c2f5e87bad3c948f4d605d) (ScriptedImporter) -> (artifact id: '3b54420832e091c83fad37ce40d10066') in 0.0181242 seconds
Number of updated asset objects reloaded before import = 0Number of asset objects unloaded after import = 2

========================================================================
Received Import Request.
  Time since last request: 0.000034 seconds.
  path: Assets/Graphisms/Tilesets/SubTiles/Outside_3045.asset
  artifactKey: Guid(c8534e1347a362340bbd75547449885b) Importer(2089858483,b0f066a214c2f5e87bad3c948f4d605d)
Start importing Assets/Graphisms/Tilesets/SubTiles/Outside_3045.asset using Guid(c8534e1347a362340bbd75547449885b) Importer(2089858483,b0f066a214c2f5e87bad3c948f4d605d) (ScriptedImporter) -> (artifact id: '16e2d47a9cefc5ac483f821f72f18143') in 0.0114211 seconds
Number of updated asset objects reloaded before import = 0Number of asset objects unloaded after import = 2

========================================================================
Received Import Request.
  Time since last request: 0.000062 seconds.
  path: Assets/Graphisms/Tilesets/SubTiles/Outside_666.asset
  artifactKey: Guid(32d38da9a472e424aa28dbbb6ae09067) Importer(2089858483,b0f066a214c2f5e87bad3c948f4d605d)
Start importing Assets/Graphisms/Tilesets/SubTiles/Outside_666.asset using Guid(32d38da9a472e424aa28dbbb6ae09067) Importer(2089858483,b0f066a214c2f5e87bad3c948f4d605d) (ScriptedImporter) -> (artifact id: '1049999ccad9ff1044cfa0df09286a5d') in 0.009498 seconds
Number of updated asset objects reloaded before import = 0Number of asset objects unloaded after import = 2

========================================================================
Received Import Request.
  Time since last request: 0.000021 seconds.
  path: Assets/Graphisms/Tilesets/SubTiles/Outside_3148.asset
  artifactKey: Guid(a772f62dd55f578498266f2c8ecb0be7) Importer(2089858483,b0f066a214c2f5e87bad3c948f4d605d)
Start importing Assets/Graphisms/Tilesets/SubTiles/Outside_3148.asset using Guid(a772f62dd55f578498266f2c8ecb0be7) Importer(2089858483,b0f066a214c2f5e87bad3c948f4d605d) (ScriptedImporter) -> (artifact id: '3146cc6a0c48ab2393b9cbaa35a83f41') in 0.0115696 seconds
Number of updated asset objects reloaded before import = 0Number of asset objects unloaded after import = 2

========================================================================
Received Import Request.
  Time since last request: 0.000023 seconds.
  path: Assets/Graphisms/Tilesets/SubTiles/Outside_2439.asset
  artifactKey: Guid(71283a5bced08b146869fba04f57293f) Importer(2089858483,b0f066a214c2f5e87bad3c948f4d605d)
Start importing Assets/Graphisms/Tilesets/SubTiles/Outside_2439.asset using Guid(71283a5bced08b146869fba04f57293f) Importer(2089858483,b0f066a214c2f5e87bad3c948f4d605d) (ScriptedImporter) -> (artifact id: '144fbdf34e05ccb6770de22d17ccd982') in 0.0107584 seconds
Number of updated asset objects reloaded before import = 0Number of asset objects unloaded after import = 2

========================================================================
Received Import Request.
  Time since last request: 0.000020 seconds.
  path: Assets/Graphisms/Tilesets/SubTiles/Outside_3265.asset
  artifactKey: Guid(6dc28a0789f23994a922f80b63b540cc) Importer(2089858483,b0f066a214c2f5e87bad3c948f4d605d)
Start importing Assets/Graphisms/Tilesets/SubTiles/Outside_3265.asset using Guid(6dc28a0789f23994a922f80b63b540cc) Importer(2089858483,b0f066a214c2f5e87bad3c948f4d605d) (ScriptedImporter) -> (artifact id: '06da6cf7b8128b82d82e779ff3225b1a') in 0.0099641 seconds
Number of updated asset objects reloaded before import = 0Number of asset objects unloaded after import = 2

========================================================================
Received Import Request.
  Time since last request: 0.000023 seconds.
  path: Assets/Graphisms/Tilesets/SubTiles/Outside_1177.asset
  artifactKey: Guid(c539abecfd84d0c4d9e610ae80fef53e) Importer(2089858483,b0f066a214c2f5e87bad3c948f4d605d)
Start importing Assets/Graphisms/Tilesets/SubTiles/Outside_1177.asset using Guid(c539abecfd84d0c4d9e610ae80fef53e) Importer(2089858483,b0f066a214c2f5e87bad3c948f4d605d) (ScriptedImporter) -> (artifact id: '66500d72104373610c932349782523df') in 0.0106301 seconds
Number of updated asset objects reloaded before import = 0Number of asset objects unloaded after import = 2

========================================================================
Received Import Request.
  Time since last request: 0.000048 seconds.
  path: Assets/Graphisms/Tilesets/SubTiles/Outside_1175.asset
  artifactKey: Guid(c8a9e4f075966064eb2f740bf48aa5ea) Importer(2089858483,b0f066a214c2f5e87bad3c948f4d605d)
Start importing Assets/Graphisms/Tilesets/SubTiles/Outside_1175.asset using Guid(c8a9e4f075966064eb2f740bf48aa5ea) Importer(2089858483,b0f066a214c2f5e87bad3c948f4d605d) (ScriptedImporter) -> (artifact id: 'a3d2119f000cd4818f78fe788e74d3bc') in 0.0088726 seconds
Number of updated asset objects reloaded before import = 0Number of asset objects unloaded after import = 2

========================================================================
Received Import Request.
  Time since last request: 0.000039 seconds.
  path: Assets/Graphisms/Tilesets/SubTiles/Outside_147.asset
  artifactKey: Guid(097c63567ff11654895b51600fbb1814) Importer(2089858483,b0f066a214c2f5e87bad3c948f4d605d)
Start importing Assets/Graphisms/Tilesets/SubTiles/Outside_147.asset using Guid(097c63567ff11654895b51600fbb1814) Importer(2089858483,b0f066a214c2f5e87bad3c948f4d605d) (ScriptedImporter) -> (artifact id: '8067e7eda130d406e2348b07f06315ba') in 0.0219683 seconds
Number of updated asset objects reloaded before import = 0Number of asset objects unloaded after import = 2

========================================================================
Received Import Request.
  Time since last request: 0.000023 seconds.
  path: Assets/Graphisms/Tilesets/SubTiles/Outside_63.asset
  artifactKey: Guid(20be2a5ed941b104ba05db4272e599fc) Importer(2089858483,b0f066a214c2f5e87bad3c948f4d605d)
Start importing Assets/Graphisms/Tilesets/SubTiles/Outside_63.asset using Guid(20be2a5ed941b104ba05db4272e599fc) Importer(2089858483,b0f066a214c2f5e87bad3c948f4d605d) (ScriptedImporter) -> (artifact id: 'ad6902ca10ab291a4c2bbea29e15d91d') in 0.0257868 seconds
Number of updated asset objects reloaded before import = 0Number of asset objects unloaded after import = 2

========================================================================
Received Import Request.
  Time since last request: 0.000025 seconds.
  path: Assets/Graphisms/Tilesets/SubTiles/Outside_3859.asset
  artifactKey: Guid(1d992345d9482314f894520759dd52d7) Importer(2089858483,b0f066a214c2f5e87bad3c948f4d605d)
Start importing Assets/Graphisms/Tilesets/SubTiles/Outside_3859.asset using Guid(1d992345d9482314f894520759dd52d7) Importer(2089858483,b0f066a214c2f5e87bad3c948f4d605d) (ScriptedImporter) -> (artifact id: '16c53dda4cf5d3acbd1357c07858ec23') in 0.0092023 seconds
Number of updated asset objects reloaded before import = 0Number of asset objects unloaded after import = 2

========================================================================
Received Import Request.
  Time since last request: 0.000053 seconds.
  path: Assets/Graphisms/Tilesets/SubTiles/Outside_3174.asset
  artifactKey: Guid(3ed5ff5ff5c580e4abe449aac2fc35f8) Importer(2089858483,b0f066a214c2f5e87bad3c948f4d605d)
Start importing Assets/Graphisms/Tilesets/SubTiles/Outside_3174.asset using Guid(3ed5ff5ff5c580e4abe449aac2fc35f8) Importer(2089858483,b0f066a214c2f5e87bad3c948f4d605d) (ScriptedImporter) -> (artifact id: '70ceec5b674098891c9517f329b9a0a9') in 0.0084671 seconds
Number of updated asset objects reloaded before import = 0Number of asset objects unloaded after import = 2

========================================================================
Received Import Request.
  Time since last request: 0.000025 seconds.
  path: Assets/Graphisms/Tilesets/SubTiles/Outside_1542.asset
  artifactKey: Guid(8db9f39d957dc66459b6054fd830466a) Importer(2089858483,b0f066a214c2f5e87bad3c948f4d605d)
Start importing Assets/Graphisms/Tilesets/SubTiles/Outside_1542.asset using Guid(8db9f39d957dc66459b6054fd830466a) Importer(2089858483,b0f066a214c2f5e87bad3c948f4d605d) (ScriptedImporter) -> (artifact id: '401457f485b81aa0ca1dfdad9fe38e47') in 0.011363 seconds
Number of updated asset objects reloaded before import = 0Number of asset objects unloaded after import = 2

========================================================================
Received Import Request.
  Time since last request: 0.000024 seconds.
  path: Assets/Graphisms/Tilesets/SubTiles/Outside_3366.asset
  artifactKey: Guid(f99825e37d4587d45b2f1e6ca2d914d8) Importer(2089858483,b0f066a214c2f5e87bad3c948f4d605d)
Start importing Assets/Graphisms/Tilesets/SubTiles/Outside_3366.asset using Guid(f99825e37d4587d45b2f1e6ca2d914d8) Importer(2089858483,b0f066a214c2f5e87bad3c948f4d605d) (ScriptedImporter) -> (artifact id: '01159de7234befeb1beb3ec97e215eb3') in 0.0113514 seconds
Number of updated asset objects reloaded before import = 0Number of asset objects unloaded after import = 2

========================================================================
Received Import Request.
  Time since last request: 0.000024 seconds.
  path: Assets/Graphisms/Tilesets/SubTiles/Outside_3830.asset
  artifactKey: Guid(6d6e23d3c55d0274ab00bc4d96c6ff50) Importer(2089858483,b0f066a214c2f5e87bad3c948f4d605d)
Start importing Assets/Graphisms/Tilesets/SubTiles/Outside_3830.asset using Guid(6d6e23d3c55d0274ab00bc4d96c6ff50) Importer(2089858483,b0f066a214c2f5e87bad3c948f4d605d) (ScriptedImporter) -> (artifact id: '64febc0b02cf83f90f762e4c440d38ef') in 0.0102117 seconds
Number of updated asset objects reloaded before import = 0Number of asset objects unloaded after import = 2

========================================================================
Received Import Request.
  Time since last request: 0.000025 seconds.
  path: Assets/Graphisms/Tilesets/SubTiles/Outside_3890.asset
  artifactKey: Guid(cef358c03293c0d46af5ae7519aefb58) Importer(2089858483,b0f066a214c2f5e87bad3c948f4d605d)
Start importing Assets/Graphisms/Tilesets/SubTiles/Outside_3890.asset using Guid(cef358c03293c0d46af5ae7519aefb58) Importer(2089858483,b0f066a214c2f5e87bad3c948f4d605d) (ScriptedImporter) -> (artifact id: '731e4dc9a4343828717beb3c02614376') in 0.0107314 seconds
Number of updated asset objects reloaded before import = 0Number of asset objects unloaded after import = 2

========================================================================
Received Import Request.
  Time since last request: 0.000051 seconds.
  path: Assets/Graphisms/Tilesets/SubTiles/Outside_3161.asset
  artifactKey: Guid(d01be28578dd06342a6c17eb75176699) Importer(2089858483,b0f066a214c2f5e87bad3c948f4d605d)
Start importing Assets/Graphisms/Tilesets/SubTiles/Outside_3161.asset using Guid(d01be28578dd06342a6c17eb75176699) Importer(2089858483,b0f066a214c2f5e87bad3c948f4d605d) (ScriptedImporter) -> (artifact id: 'b6ef8d65dde4a4c62e600536fba0b4f3') in 0.0115775 seconds
Number of updated asset objects reloaded before import = 0Number of asset objects unloaded after import = 2

========================================================================
Received Import Request.
  Time since last request: 0.000031 seconds.
  path: Assets/Graphisms/Tilesets/SubTiles/Outside_1582.asset
  artifactKey: Guid(50daff98e9263204a92c74c81deac760) Importer(2089858483,b0f066a214c2f5e87bad3c948f4d605d)
Start importing Assets/Graphisms/Tilesets/SubTiles/Outside_1582.asset using Guid(50daff98e9263204a92c74c81deac760) Importer(2089858483,b0f066a214c2f5e87bad3c948f4d605d) (ScriptedImporter) -> (artifact id: 'ce12e28e64de9186713c4073bfcc13a2') in 0.0106269 seconds
Number of updated asset objects reloaded before import = 0Number of asset objects unloaded after import = 2

========================================================================
Received Import Request.
  Time since last request: 0.000019 seconds.
  path: Assets/Graphisms/Tilesets/SubTiles/Outside_3325.asset
  artifactKey: Guid(1de36c8042fa3134fbeb6510a572a791) Importer(2089858483,b0f066a214c2f5e87bad3c948f4d605d)
Start importing Assets/Graphisms/Tilesets/SubTiles/Outside_3325.asset using Guid(1de36c8042fa3134fbeb6510a572a791) Importer(2089858483,b0f066a214c2f5e87bad3c948f4d605d) (ScriptedImporter) -> (artifact id: '091d17064e9ec0266f6323d1f522802f') in 0.0101098 seconds
Number of updated asset objects reloaded before import = 0Number of asset objects unloaded after import = 2

========================================================================
Received Import Request.
  Time since last request: 0.000021 seconds.
  path: Assets/Graphisms/Tilesets/SubTiles/Outside_3660.asset
  artifactKey: Guid(e7d5e7a8ec8bdd94d80ae9d47260a21b) Importer(2089858483,b0f066a214c2f5e87bad3c948f4d605d)
Start importing Assets/Graphisms/Tilesets/SubTiles/Outside_3660.asset using Guid(e7d5e7a8ec8bdd94d80ae9d47260a21b) Importer(2089858483,b0f066a214c2f5e87bad3c948f4d605d) (ScriptedImporter) -> (artifact id: '9e65708d670dc9709f7259cbf454a3a7') in 0.0132355 seconds
Number of updated asset objects reloaded before import = 0Number of asset objects unloaded after import = 2

========================================================================
Received Import Request.
  Time since last request: 0.000024 seconds.
  path: Assets/Graphisms/Tilesets/SubTiles/Outside_3531.asset
  artifactKey: Guid(8875efc8c1a6ec340ad7f8903cf39ebf) Importer(2089858483,b0f066a214c2f5e87bad3c948f4d605d)
Start importing Assets/Graphisms/Tilesets/SubTiles/Outside_3531.asset using Guid(8875efc8c1a6ec340ad7f8903cf39ebf) Importer(2089858483,b0f066a214c2f5e87bad3c948f4d605d) (ScriptedImporter) -> (artifact id: '992e321f9d3fd0d8748add044c56b0ca') in 0.0116813 seconds
Number of updated asset objects reloaded before import = 0Number of asset objects unloaded after import = 2

========================================================================
Received Import Request.
  Time since last request: 0.000077 seconds.
  path: Assets/Graphisms/Tilesets/SubTiles/Outside_738.asset
  artifactKey: Guid(12400f6a14000514b8c9893990096b11) Importer(2089858483,b0f066a214c2f5e87bad3c948f4d605d)
Start importing Assets/Graphisms/Tilesets/SubTiles/Outside_738.asset using Guid(12400f6a14000514b8c9893990096b11) Importer(2089858483,b0f066a214c2f5e87bad3c948f4d605d) (ScriptedImporter) -> (artifact id: '58ca085447feb52d6a8c0a1c72634a43') in 0.0133192 seconds
Number of updated asset objects reloaded before import = 0Number of asset objects unloaded after import = 2

========================================================================
Received Import Request.
  Time since last request: 0.000025 seconds.
  path: Assets/Graphisms/Tilesets/SubTiles/Outside_1668.asset
  artifactKey: Guid(30da9ba092f89e448bbe1e1ad1aa0413) Importer(2089858483,b0f066a214c2f5e87bad3c948f4d605d)
Start importing Assets/Graphisms/Tilesets/SubTiles/Outside_1668.asset using Guid(30da9ba092f89e448bbe1e1ad1aa0413) Importer(2089858483,b0f066a214c2f5e87bad3c948f4d605d) (ScriptedImporter) -> (artifact id: '1e69d45d3274be0f27c3c6b643ba113f') in 0.0231285 seconds
Number of updated asset objects reloaded before import = 0Number of asset objects unloaded after import = 2

========================================================================
Received Import Request.
  Time since last request: 0.000018 seconds.
  path: Assets/Graphisms/Tilesets/SubTiles/Outside_3207.asset
  artifactKey: Guid(3a0fdeafadc6cf1429ed543dadb63e7a) Importer(2089858483,b0f066a214c2f5e87bad3c948f4d605d)
Start importing Assets/Graphisms/Tilesets/SubTiles/Outside_3207.asset using Guid(3a0fdeafadc6cf1429ed543dadb63e7a) Importer(2089858483,b0f066a214c2f5e87bad3c948f4d605d) (ScriptedImporter) -> (artifact id: '4bae2717f5e905f721c0e0719db4373c') in 0.0103911 seconds
Number of updated asset objects reloaded before import = 0Number of asset objects unloaded after import = 2

========================================================================
Received Import Request.
  Time since last request: 0.000023 seconds.
  path: Assets/Graphisms/Tilesets/SubTiles/Outside_2015.asset
  artifactKey: Guid(2fc4a4d06083ecb4e8acb83abad3ae0c) Importer(2089858483,b0f066a214c2f5e87bad3c948f4d605d)
Start importing Assets/Graphisms/Tilesets/SubTiles/Outside_2015.asset using Guid(2fc4a4d06083ecb4e8acb83abad3ae0c) Importer(2089858483,b0f066a214c2f5e87bad3c948f4d605d) (ScriptedImporter) -> (artifact id: 'ce9842f75a97512136c7fb4bd665f983') in 0.0132124 seconds
Number of updated asset objects reloaded before import = 0Number of asset objects unloaded after import = 2

========================================================================
Received Import Request.
  Time since last request: 0.000037 seconds.
  path: Assets/Graphisms/Tilesets/SubTiles/Outside_2202.asset
  artifactKey: Guid(e5fb4d6f0cff54d43ac3b47ac56ccfb4) Importer(2089858483,b0f066a214c2f5e87bad3c948f4d605d)
Start importing Assets/Graphisms/Tilesets/SubTiles/Outside_2202.asset using Guid(e5fb4d6f0cff54d43ac3b47ac56ccfb4) Importer(2089858483,b0f066a214c2f5e87bad3c948f4d605d) (ScriptedImporter) -> (artifact id: '05ddc405f85b9038415e038f232320aa') in 0.0108913 seconds
Number of updated asset objects reloaded before import = 0Number of asset objects unloaded after import = 2

========================================================================
Received Import Request.
  Time since last request: 0.000024 seconds.
  path: Assets/Graphisms/Tilesets/SubTiles/Outside_22.asset
  artifactKey: Guid(9f90ce16373a81d4bb36b37f9f6305c3) Importer(2089858483,b0f066a214c2f5e87bad3c948f4d605d)
Start importing Assets/Graphisms/Tilesets/SubTiles/Outside_22.asset using Guid(9f90ce16373a81d4bb36b37f9f6305c3) Importer(2089858483,b0f066a214c2f5e87bad3c948f4d605d) (ScriptedImporter) -> (artifact id: '29adf313a99726c0746e2e882e5924fb') in 0.0280335 seconds
Number of updated asset objects reloaded before import = 0Number of asset objects unloaded after import = 2

========================================================================
Received Import Request.
  Time since last request: 0.000021 seconds.
  path: Assets/Graphisms/Tilesets/SubTiles/Outside_221.asset
  artifactKey: Guid(78d60bb07120dcc43a47f7242fa92265) Importer(2089858483,b0f066a214c2f5e87bad3c948f4d605d)
Start importing Assets/Graphisms/Tilesets/SubTiles/Outside_221.asset using Guid(78d60bb07120dcc43a47f7242fa92265) Importer(2089858483,b0f066a214c2f5e87bad3c948f4d605d) (ScriptedImporter) -> (artifact id: '95b5cf7c12311ad43419550ad9286e87') in 0.0132225 seconds
Number of updated asset objects reloaded before import = 0Number of asset objects unloaded after import = 2

========================================================================
Received Import Request.
  Time since last request: 0.000022 seconds.
  path: Assets/Graphisms/Tilesets/SubTiles/Outside_3641.asset
  artifactKey: Guid(8a2bc72f6ea330a4fb996a1d1ccc5294) Importer(2089858483,b0f066a214c2f5e87bad3c948f4d605d)
Start importing Assets/Graphisms/Tilesets/SubTiles/Outside_3641.asset using Guid(8a2bc72f6ea330a4fb996a1d1ccc5294) Importer(2089858483,b0f066a214c2f5e87bad3c948f4d605d) (ScriptedImporter) -> (artifact id: '232522b91695cd0a94afd3b4e5e1113c') in 0.0109903 seconds
Number of updated asset objects reloaded before import = 0Number of asset objects unloaded after import = 2

========================================================================
Received Import Request.
  Time since last request: 0.000038 seconds.
  path: Assets/Graphisms/Tilesets/SubTiles/Outside_2636.asset
  artifactKey: Guid(51caba2442a2007418426cc2014bfc37) Importer(2089858483,b0f066a214c2f5e87bad3c948f4d605d)
Start importing Assets/Graphisms/Tilesets/SubTiles/Outside_2636.asset using Guid(51caba2442a2007418426cc2014bfc37) Importer(2089858483,b0f066a214c2f5e87bad3c948f4d605d) (ScriptedImporter) -> (artifact id: '2ee2059cd2cc4816c55cbcbbbd7a4dce') in 0.011801 seconds
Number of updated asset objects reloaded before import = 0Number of asset objects unloaded after import = 2

========================================================================
Received Import Request.
  Time since last request: 0.000021 seconds.
  path: Assets/Graphisms/Tilesets/SubTiles/Outside_1040.asset
  artifactKey: Guid(a230762d09978ea49a97a03a8257d8c1) Importer(2089858483,b0f066a214c2f5e87bad3c948f4d605d)
Start importing Assets/Graphisms/Tilesets/SubTiles/Outside_1040.asset using Guid(a230762d09978ea49a97a03a8257d8c1) Importer(2089858483,b0f066a214c2f5e87bad3c948f4d605d) (ScriptedImporter) -> (artifact id: '80e72f0fdb595a675a240c4586762872') in 0.0105382 seconds
Number of updated asset objects reloaded before import = 0Number of asset objects unloaded after import = 2

========================================================================
Received Import Request.
  Time since last request: 0.000024 seconds.
  path: Assets/Graphisms/Tilesets/SubTiles/Outside_3551.asset
  artifactKey: Guid(a2594cab7fcc48d469f630df7c58184e) Importer(2089858483,b0f066a214c2f5e87bad3c948f4d605d)
Start importing Assets/Graphisms/Tilesets/SubTiles/Outside_3551.asset using Guid(a2594cab7fcc48d469f630df7c58184e) Importer(2089858483,b0f066a214c2f5e87bad3c948f4d605d) (ScriptedImporter) -> (artifact id: '54c39af120d595f9f659aca73bbd92d0') in 0.0100293 seconds
Number of updated asset objects reloaded before import = 0Number of asset objects unloaded after import = 2

========================================================================
Received Import Request.
  Time since last request: 0.000039 seconds.
  path: Assets/Graphisms/Tilesets/SubTiles/Outside_1667.asset
  artifactKey: Guid(6f37dba65696be8449db7d9bc4e051ca) Importer(2089858483,b0f066a214c2f5e87bad3c948f4d605d)
Start importing Assets/Graphisms/Tilesets/SubTiles/Outside_1667.asset using Guid(6f37dba65696be8449db7d9bc4e051ca) Importer(2089858483,b0f066a214c2f5e87bad3c948f4d605d) (ScriptedImporter) -> (artifact id: 'da0b8898927a5c29d837d22a597f135b') in 0.010428 seconds
Number of updated asset objects reloaded before import = 0Number of asset objects unloaded after import = 2

========================================================================
Received Import Request.
  Time since last request: 0.000039 seconds.
  path: Assets/Graphisms/Tilesets/SubTiles/Outside_1275.asset
  artifactKey: Guid(e84f472f3d5a6164d9f074e603157103) Importer(2089858483,b0f066a214c2f5e87bad3c948f4d605d)
Start importing Assets/Graphisms/Tilesets/SubTiles/Outside_1275.asset using Guid(e84f472f3d5a6164d9f074e603157103) Importer(2089858483,b0f066a214c2f5e87bad3c948f4d605d) (ScriptedImporter) -> (artifact id: 'f2974f67ccb45b976f9f8d9177999422') in 0.0124369 seconds
Number of updated asset objects reloaded before import = 0Number of asset objects unloaded after import = 2

========================================================================
Received Import Request.
  Time since last request: 0.000044 seconds.
  path: Assets/Graphisms/Tilesets/SubTiles/Outside_3875.asset
  artifactKey: Guid(43f979654d2510f4bbad88b5cce304b1) Importer(2089858483,b0f066a214c2f5e87bad3c948f4d605d)
Start importing Assets/Graphisms/Tilesets/SubTiles/Outside_3875.asset using Guid(43f979654d2510f4bbad88b5cce304b1) Importer(2089858483,b0f066a214c2f5e87bad3c948f4d605d) (ScriptedImporter) -> (artifact id: '48127e0e636a8bd5ff907b80d229559e') in 0.017203 seconds
Number of updated asset objects reloaded before import = 0Number of asset objects unloaded after import = 2

========================================================================
Received Import Request.
  Time since last request: 0.000023 seconds.
  path: Assets/Graphisms/Tilesets/SubTiles/Outside_3944.asset
  artifactKey: Guid(2cc9364eeba33ea4fa6d6d479041b2f7) Importer(2089858483,b0f066a214c2f5e87bad3c948f4d605d)
Start importing Assets/Graphisms/Tilesets/SubTiles/Outside_3944.asset using Guid(2cc9364eeba33ea4fa6d6d479041b2f7) Importer(2089858483,b0f066a214c2f5e87bad3c948f4d605d) (ScriptedImporter) -> (artifact id: '1c351d9fd7aa78c1c9b2d308f31300f7') in 0.0108869 seconds
Number of updated asset objects reloaded before import = 0Number of asset objects unloaded after import = 2

========================================================================
Received Import Request.
  Time since last request: 0.000032 seconds.
  path: Assets/Graphisms/Tilesets/SubTiles/Outside_1470.asset
  artifactKey: Guid(09cc1d88c50c6664cb1d6240df1dce65) Importer(2089858483,b0f066a214c2f5e87bad3c948f4d605d)
Start importing Assets/Graphisms/Tilesets/SubTiles/Outside_1470.asset using Guid(09cc1d88c50c6664cb1d6240df1dce65) Importer(2089858483,b0f066a214c2f5e87bad3c948f4d605d) (ScriptedImporter) -> (artifact id: 'd610e9181ec2f7ddbee1398d3245c65b') in 0.01185 seconds
Number of updated asset objects reloaded before import = 0Number of asset objects unloaded after import = 2

========================================================================
Received Import Request.
  Time since last request: 0.000041 seconds.
  path: Assets/Graphisms/Tilesets/SubTiles/Outside_1789.asset
  artifactKey: Guid(07aa52f49f0fdff4fa9da142a9fa5506) Importer(2089858483,b0f066a214c2f5e87bad3c948f4d605d)
Start importing Assets/Graphisms/Tilesets/SubTiles/Outside_1789.asset using Guid(07aa52f49f0fdff4fa9da142a9fa5506) Importer(2089858483,b0f066a214c2f5e87bad3c948f4d605d) (ScriptedImporter) -> (artifact id: '350579dd1d34cc9c8f3ed7888df26a67') in 0.0111997 seconds
Number of updated asset objects reloaded before import = 0Number of asset objects unloaded after import = 2

========================================================================
Received Import Request.
  Time since last request: 0.000018 seconds.
  path: Assets/Graphisms/Tilesets/SubTiles/Outside_2270.asset
  artifactKey: Guid(c44601e7afc6b994f8bf7df14b2fc0a8) Importer(2089858483,b0f066a214c2f5e87bad3c948f4d605d)
Start importing Assets/Graphisms/Tilesets/SubTiles/Outside_2270.asset using Guid(c44601e7afc6b994f8bf7df14b2fc0a8) Importer(2089858483,b0f066a214c2f5e87bad3c948f4d605d) (ScriptedImporter) -> (artifact id: '38da50fa07fff8ba6c44fcf73536974a') in 0.0113317 seconds
Number of updated asset objects reloaded before import = 0Number of asset objects unloaded after import = 2

========================================================================
Received Import Request.
  Time since last request: 0.000020 seconds.
  path: Assets/Graphisms/Tilesets/SubTiles/Outside_1787.asset
  artifactKey: Guid(3960db479ed173341be801b2c062fe95) Importer(2089858483,b0f066a214c2f5e87bad3c948f4d605d)
Start importing Assets/Graphisms/Tilesets/SubTiles/Outside_1787.asset using Guid(3960db479ed173341be801b2c062fe95) Importer(2089858483,b0f066a214c2f5e87bad3c948f4d605d) (ScriptedImporter) -> (artifact id: '6dd7ecec7f9c2fe801467bd4ec79bcbc') in 0.0102458 seconds
Number of updated asset objects reloaded before import = 0Number of asset objects unloaded after import = 2

========================================================================
Received Import Request.
  Time since last request: 0.000023 seconds.
  path: Assets/Graphisms/Tilesets/SubTiles/Outside_1006.asset
  artifactKey: Guid(6f0fae01aad9c7948a301abde09e1ae3) Importer(2089858483,b0f066a214c2f5e87bad3c948f4d605d)
Start importing Assets/Graphisms/Tilesets/SubTiles/Outside_1006.asset using Guid(6f0fae01aad9c7948a301abde09e1ae3) Importer(2089858483,b0f066a214c2f5e87bad3c948f4d605d) (ScriptedImporter) -> (artifact id: '1770256a2088590c6561c4a031a10a91') in 0.013374 seconds
Number of updated asset objects reloaded before import = 0Number of asset objects unloaded after import = 2

========================================================================
Received Import Request.
  Time since last request: 0.000025 seconds.
  path: Assets/Graphisms/Tilesets/SubTiles/Outside_1249.asset
  artifactKey: Guid(0b2585ea23938454494f9fb200d87db6) Importer(2089858483,b0f066a214c2f5e87bad3c948f4d605d)
Start importing Assets/Graphisms/Tilesets/SubTiles/Outside_1249.asset using Guid(0b2585ea23938454494f9fb200d87db6) Importer(2089858483,b0f066a214c2f5e87bad3c948f4d605d) (ScriptedImporter) -> (artifact id: '5b18af8f54dcb74a4f9cef517985eabe') in 0.0099502 seconds
Number of updated asset objects reloaded before import = 0Number of asset objects unloaded after import = 2

========================================================================
Received Import Request.
  Time since last request: 0.000032 seconds.
  path: Assets/Graphisms/Tilesets/SubTiles/Outside_3154.asset
  artifactKey: Guid(c172557bb7c4fae48ad1eacc6cf8b60b) Importer(2089858483,b0f066a214c2f5e87bad3c948f4d605d)
Start importing Assets/Graphisms/Tilesets/SubTiles/Outside_3154.asset using Guid(c172557bb7c4fae48ad1eacc6cf8b60b) Importer(2089858483,b0f066a214c2f5e87bad3c948f4d605d) (ScriptedImporter) -> (artifact id: '0c1df496d28a858932e8dde696bf1f53') in 0.0113679 seconds
Number of updated asset objects reloaded before import = 0Number of asset objects unloaded after import = 2

========================================================================
Received Import Request.
  Time since last request: 0.000029 seconds.
  path: Assets/Graphisms/Tilesets/SubTiles/Outside_24.asset
  artifactKey: Guid(d7110e6ed525673449014893826723f0) Importer(2089858483,b0f066a214c2f5e87bad3c948f4d605d)
Start importing Assets/Graphisms/Tilesets/SubTiles/Outside_24.asset using Guid(d7110e6ed525673449014893826723f0) Importer(2089858483,b0f066a214c2f5e87bad3c948f4d605d) (ScriptedImporter) -> (artifact id: '5b4688dc2924217decbdf2d23c6ae0f6') in 0.0104114 seconds
Number of updated asset objects reloaded before import = 0Number of asset objects unloaded after import = 2

========================================================================
Received Import Request.
  Time since last request: 0.000048 seconds.
  path: Assets/Graphisms/Tilesets/SubTiles/Outside_1060.asset
  artifactKey: Guid(c88d95051fe8646409d2a63d0678d7ab) Importer(2089858483,b0f066a214c2f5e87bad3c948f4d605d)
Start importing Assets/Graphisms/Tilesets/SubTiles/Outside_1060.asset using Guid(c88d95051fe8646409d2a63d0678d7ab) Importer(2089858483,b0f066a214c2f5e87bad3c948f4d605d) (ScriptedImporter) -> (artifact id: '951396d5a4cd4ffafff5d51df00fccb6') in 0.011159 seconds
Number of updated asset objects reloaded before import = 0Number of asset objects unloaded after import = 2

========================================================================
Received Import Request.
  Time since last request: 0.000017 seconds.
  path: Assets/Graphisms/Tilesets/SubTiles/Outside_3516.asset
  artifactKey: Guid(023293fe75e5ccd4199984003d3231df) Importer(2089858483,b0f066a214c2f5e87bad3c948f4d605d)
Start importing Assets/Graphisms/Tilesets/SubTiles/Outside_3516.asset using Guid(023293fe75e5ccd4199984003d3231df) Importer(2089858483,b0f066a214c2f5e87bad3c948f4d605d) (ScriptedImporter) -> (artifact id: 'deef442a05b0e33327073fc692382658') in 0.0106944 seconds
Number of updated asset objects reloaded before import = 0Number of asset objects unloaded after import = 2

========================================================================
Received Import Request.
  Time since last request: 0.000035 seconds.
  path: Assets/Graphisms/Tilesets/SubTiles/Outside_3598.asset
  artifactKey: Guid(e55e7d0fb467e964c9061e21d037eef7) Importer(2089858483,b0f066a214c2f5e87bad3c948f4d605d)
Start importing Assets/Graphisms/Tilesets/SubTiles/Outside_3598.asset using Guid(e55e7d0fb467e964c9061e21d037eef7) Importer(2089858483,b0f066a214c2f5e87bad3c948f4d605d) (ScriptedImporter) -> (artifact id: 'b804442097ccefaf5bee38ec8bc6ac82') in 0.0114082 seconds
Number of updated asset objects reloaded before import = 0Number of asset objects unloaded after import = 2

========================================================================
Received Import Request.
  Time since last request: 0.000040 seconds.
  path: Assets/Graphisms/Tilesets/SubTiles/Outside_2950.asset
  artifactKey: Guid(52d13814766561942b3a4a3711bca01d) Importer(2089858483,b0f066a214c2f5e87bad3c948f4d605d)
Start importing Assets/Graphisms/Tilesets/SubTiles/Outside_2950.asset using Guid(52d13814766561942b3a4a3711bca01d) Importer(2089858483,b0f066a214c2f5e87bad3c948f4d605d) (ScriptedImporter) -> (artifact id: 'eb59c9bc2889879322620e0664b02d70') in 0.0114709 seconds
Number of updated asset objects reloaded before import = 0Number of asset objects unloaded after import = 2

========================================================================
Received Import Request.
  Time since last request: 0.000033 seconds.
  path: Assets/Graphisms/Tilesets/SubTiles/Outside_1233.asset
  artifactKey: Guid(ad046a26549fd6b4d940c9ddc9e19a7c) Importer(2089858483,b0f066a214c2f5e87bad3c948f4d605d)
Start importing Assets/Graphisms/Tilesets/SubTiles/Outside_1233.asset using Guid(ad046a26549fd6b4d940c9ddc9e19a7c) Importer(2089858483,b0f066a214c2f5e87bad3c948f4d605d) (ScriptedImporter) -> (artifact id: '898d3c6efef123c103e855e8101bcfc8') in 0.0100762 seconds
Number of updated asset objects reloaded before import = 0Number of asset objects unloaded after import = 2

========================================================================
Received Import Request.
  Time since last request: 0.000037 seconds.
  path: Assets/Graphisms/Tilesets/SubTiles/Outside_1550.asset
  artifactKey: Guid(99c65004f6966ce4f845025cc118ac30) Importer(2089858483,b0f066a214c2f5e87bad3c948f4d605d)
Start importing Assets/Graphisms/Tilesets/SubTiles/Outside_1550.asset using Guid(99c65004f6966ce4f845025cc118ac30) Importer(2089858483,b0f066a214c2f5e87bad3c948f4d605d) (ScriptedImporter) -> (artifact id: '82d2e8a2eebd45300e9c8064cf13c3e5') in 0.0111499 seconds
Number of updated asset objects reloaded before import = 0Number of asset objects unloaded after import = 2

========================================================================
Received Import Request.
  Time since last request: 0.000031 seconds.
  path: Assets/Graphisms/Tilesets/SubTiles/Outside_2670.asset
  artifactKey: Guid(23776c2ecccc01548a5e5638657128c8) Importer(2089858483,b0f066a214c2f5e87bad3c948f4d605d)
Start importing Assets/Graphisms/Tilesets/SubTiles/Outside_2670.asset using Guid(23776c2ecccc01548a5e5638657128c8) Importer(2089858483,b0f066a214c2f5e87bad3c948f4d605d) (ScriptedImporter) -> (artifact id: '7b9ee9d1b56460b0b9578dbf54ef0110') in 0.0114621 seconds
Number of updated asset objects reloaded before import = 0Number of asset objects unloaded after import = 2

========================================================================
Received Import Request.
  Time since last request: 0.000034 seconds.
  path: Assets/Graphisms/Tilesets/SubTiles/Outside_2269.asset
  artifactKey: Guid(8d5957d6bce9abe42835c4982926e458) Importer(2089858483,b0f066a214c2f5e87bad3c948f4d605d)
Start importing Assets/Graphisms/Tilesets/SubTiles/Outside_2269.asset using Guid(8d5957d6bce9abe42835c4982926e458) Importer(2089858483,b0f066a214c2f5e87bad3c948f4d605d) (ScriptedImporter) -> (artifact id: '2c88282dba2541dd66c5a803986f87c7') in 0.0094078 seconds
Number of updated asset objects reloaded before import = 0Number of asset objects unloaded after import = 2

========================================================================
Received Import Request.
  Time since last request: 0.000019 seconds.
  path: Assets/Graphisms/Tilesets/SubTiles/Outside_3157.asset
  artifactKey: Guid(a5cd0c90dc0e31748871a7de3a8470dd) Importer(2089858483,b0f066a214c2f5e87bad3c948f4d605d)
Start importing Assets/Graphisms/Tilesets/SubTiles/Outside_3157.asset using Guid(a5cd0c90dc0e31748871a7de3a8470dd) Importer(2089858483,b0f066a214c2f5e87bad3c948f4d605d) (ScriptedImporter) -> (artifact id: '905638fe83c690fb7b6a896fd3aa7ca4') in 0.009561 seconds
Number of updated asset objects reloaded before import = 0Number of asset objects unloaded after import = 2

========================================================================
Received Import Request.
  Time since last request: 0.000019 seconds.
  path: Assets/Graphisms/Tilesets/SubTiles/Outside_3954.asset
  artifactKey: Guid(c6cd7a4e064bfac4993079fbb9ad392b) Importer(2089858483,b0f066a214c2f5e87bad3c948f4d605d)
Start importing Assets/Graphisms/Tilesets/SubTiles/Outside_3954.asset using Guid(c6cd7a4e064bfac4993079fbb9ad392b) Importer(2089858483,b0f066a214c2f5e87bad3c948f4d605d) (ScriptedImporter) -> (artifact id: 'd593ab21318e60e324260ae915924418') in 0.0098427 seconds
Number of updated asset objects reloaded before import = 0Number of asset objects unloaded after import = 2

========================================================================
Received Import Request.
  Time since last request: 0.000025 seconds.
  path: Assets/Graphisms/Tilesets/SubTiles/Outside_3341.asset
  artifactKey: Guid(d89f4d864f40d5548a692dedc021401f) Importer(2089858483,b0f066a214c2f5e87bad3c948f4d605d)
Start importing Assets/Graphisms/Tilesets/SubTiles/Outside_3341.asset using Guid(d89f4d864f40d5548a692dedc021401f) Importer(2089858483,b0f066a214c2f5e87bad3c948f4d605d) (ScriptedImporter) -> (artifact id: '30173f41c846867a93365da93510f8e7') in 0.0110816 seconds
Number of updated asset objects reloaded before import = 0Number of asset objects unloaded after import = 2

========================================================================
Received Import Request.
  Time since last request: 0.000023 seconds.
  path: Assets/Graphisms/Tilesets/SubTiles/Outside_641.asset
  artifactKey: Guid(79541f12f34f4cc40b1d6ff8891e2224) Importer(2089858483,b0f066a214c2f5e87bad3c948f4d605d)
Start importing Assets/Graphisms/Tilesets/SubTiles/Outside_641.asset using Guid(79541f12f34f4cc40b1d6ff8891e2224) Importer(2089858483,b0f066a214c2f5e87bad3c948f4d605d) (ScriptedImporter) -> (artifact id: 'f38faef05813931abe9a04666323ac00') in 0.00983 seconds
Number of updated asset objects reloaded before import = 0Number of asset objects unloaded after import = 2

========================================================================
Received Import Request.
  Time since last request: 0.000039 seconds.
  path: Assets/Graphisms/Tilesets/SubTiles/Outside_226.asset
  artifactKey: Guid(04173be4614275f4493ef12ea08b892c) Importer(2089858483,b0f066a214c2f5e87bad3c948f4d605d)
Start importing Assets/Graphisms/Tilesets/SubTiles/Outside_226.asset using Guid(04173be4614275f4493ef12ea08b892c) Importer(2089858483,b0f066a214c2f5e87bad3c948f4d605d) (ScriptedImporter) -> (artifact id: 'd303b6403d5c516d1b6ccf39634bfc5d') in 0.0109945 seconds
Number of updated asset objects reloaded before import = 0Number of asset objects unloaded after import = 2

========================================================================
Received Import Request.
  Time since last request: 0.000021 seconds.
  path: Assets/Graphisms/Tilesets/SubTiles/Outside_2623.asset
  artifactKey: Guid(b428be5453f127b4d89176e49f59ba31) Importer(2089858483,b0f066a214c2f5e87bad3c948f4d605d)
Start importing Assets/Graphisms/Tilesets/SubTiles/Outside_2623.asset using Guid(b428be5453f127b4d89176e49f59ba31) Importer(2089858483,b0f066a214c2f5e87bad3c948f4d605d) (ScriptedImporter) -> (artifact id: '334b4be5ab4322827e07265779a2a702') in 0.0087235 seconds
Number of updated asset objects reloaded before import = 0Number of asset objects unloaded after import = 2

========================================================================
Received Import Request.
  Time since last request: 0.000023 seconds.
  path: Assets/Graphisms/Tilesets/SubTiles/Outside_3.asset
  artifactKey: Guid(f083f10a044af7f489c13b9106d2e6a5) Importer(2089858483,b0f066a214c2f5e87bad3c948f4d605d)
Start importing Assets/Graphisms/Tilesets/SubTiles/Outside_3.asset using Guid(f083f10a044af7f489c13b9106d2e6a5) Importer(2089858483,b0f066a214c2f5e87bad3c948f4d605d) (ScriptedImporter) -> (artifact id: 'fdbcd778851b5b11a64b58c6f12c0067') in 0.0230576 seconds
Number of updated asset objects reloaded before import = 0Number of asset objects unloaded after import = 2

========================================================================
Received Import Request.
  Time since last request: 0.000018 seconds.
  path: Assets/Graphisms/Tilesets/SubTiles/Outside_2849.asset
  artifactKey: Guid(a01143574d80fae4aa9ec862b78d659c) Importer(2089858483,b0f066a214c2f5e87bad3c948f4d605d)
Start importing Assets/Graphisms/Tilesets/SubTiles/Outside_2849.asset using Guid(a01143574d80fae4aa9ec862b78d659c) Importer(2089858483,b0f066a214c2f5e87bad3c948f4d605d) (ScriptedImporter) -> (artifact id: '763ffcd71101b251a8d4085c6463fff8') in 0.0125193 seconds
Number of updated asset objects reloaded before import = 0Number of asset objects unloaded after import = 2

========================================================================
Received Import Request.
  Time since last request: 0.000019 seconds.
  path: Assets/Graphisms/Tilesets/SubTiles/Outside_2980.asset
  artifactKey: Guid(5c40200e0cafd6a469f4c7eaeb59be05) Importer(2089858483,b0f066a214c2f5e87bad3c948f4d605d)
Start importing Assets/Graphisms/Tilesets/SubTiles/Outside_2980.asset using Guid(5c40200e0cafd6a469f4c7eaeb59be05) Importer(2089858483,b0f066a214c2f5e87bad3c948f4d605d) (ScriptedImporter) -> (artifact id: '395e7a74e09d2ab6887a1ccd97aa5350') in 0.0097381 seconds
Number of updated asset objects reloaded before import = 0Number of asset objects unloaded after import = 2

========================================================================
Received Import Request.
  Time since last request: 0.000030 seconds.
  path: Assets/Graphisms/Tilesets/SubTiles/Outside_1287.asset
  artifactKey: Guid(5547e2329143d8a43bf55ceee849fe5c) Importer(2089858483,b0f066a214c2f5e87bad3c948f4d605d)
Start importing Assets/Graphisms/Tilesets/SubTiles/Outside_1287.asset using Guid(5547e2329143d8a43bf55ceee849fe5c) Importer(2089858483,b0f066a214c2f5e87bad3c948f4d605d) (ScriptedImporter) -> (artifact id: 'a1d0b2d474c2bfedc44b3351f900f598') in 0.0113514 seconds
Number of updated asset objects reloaded before import = 0Number of asset objects unloaded after import = 2

========================================================================
Received Import Request.
  Time since last request: 0.000020 seconds.
  path: Assets/Graphisms/Tilesets/SubTiles/Outside_2106.asset
  artifactKey: Guid(a58866788fd858941a91a38fed62e52b) Importer(2089858483,b0f066a214c2f5e87bad3c948f4d605d)
Start importing Assets/Graphisms/Tilesets/SubTiles/Outside_2106.asset using Guid(a58866788fd858941a91a38fed62e52b) Importer(2089858483,b0f066a214c2f5e87bad3c948f4d605d) (ScriptedImporter) -> (artifact id: '902a2dec87535e3277b9e7abb813fc98') in 0.0093441 seconds
Number of updated asset objects reloaded before import = 0Number of asset objects unloaded after import = 2

========================================================================
Received Import Request.
  Time since last request: 0.000021 seconds.
  path: Assets/Graphisms/Tilesets/SubTiles/Outside_3079.asset
  artifactKey: Guid(baa04e9bdf34fed4f8f607611e2a069c) Importer(2089858483,b0f066a214c2f5e87bad3c948f4d605d)
Start importing Assets/Graphisms/Tilesets/SubTiles/Outside_3079.asset using Guid(baa04e9bdf34fed4f8f607611e2a069c) Importer(2089858483,b0f066a214c2f5e87bad3c948f4d605d) (ScriptedImporter) -> (artifact id: '5775da69b0df1c122e894e93d7a9fef0') in 0.0106589 seconds
Number of updated asset objects reloaded before import = 0Number of asset objects unloaded after import = 2

========================================================================
Received Import Request.
  Time since last request: 0.000024 seconds.
  path: Assets/Graphisms/Tilesets/SubTiles/Outside_279.asset
  artifactKey: Guid(a78a1a63743ecfe48bc422df3abd3f4c) Importer(2089858483,b0f066a214c2f5e87bad3c948f4d605d)
Start importing Assets/Graphisms/Tilesets/SubTiles/Outside_279.asset using Guid(a78a1a63743ecfe48bc422df3abd3f4c) Importer(2089858483,b0f066a214c2f5e87bad3c948f4d605d) (ScriptedImporter) -> (artifact id: '8059955a55c074c7a9869b6440f26a6e') in 0.0096644 seconds
Number of updated asset objects reloaded before import = 0Number of asset objects unloaded after import = 2

========================================================================
Received Import Request.
  Time since last request: 0.000027 seconds.
  path: Assets/Graphisms/Tilesets/SubTiles/Outside_835.asset
  artifactKey: Guid(6522bd21864262d418a47360a396e384) Importer(2089858483,b0f066a214c2f5e87bad3c948f4d605d)
Start importing Assets/Graphisms/Tilesets/SubTiles/Outside_835.asset using Guid(6522bd21864262d418a47360a396e384) Importer(2089858483,b0f066a214c2f5e87bad3c948f4d605d) (ScriptedImporter) -> (artifact id: '3d2774948dbb1017c3578c146b71fca3') in 0.0092157 seconds
Number of updated asset objects reloaded before import = 0Number of asset objects unloaded after import = 2

========================================================================
Received Import Request.
  Time since last request: 0.000034 seconds.
  path: Assets/Graphisms/Tilesets/SubTiles/Outside_1616.asset
  artifactKey: Guid(4cf513a549d6ba743a3fb49d9bd74725) Importer(2089858483,b0f066a214c2f5e87bad3c948f4d605d)
Start importing Assets/Graphisms/Tilesets/SubTiles/Outside_1616.asset using Guid(4cf513a549d6ba743a3fb49d9bd74725) Importer(2089858483,b0f066a214c2f5e87bad3c948f4d605d) (ScriptedImporter) -> (artifact id: '2f506897a6fc610fea0366d85bb5cdb3') in 0.0102115 seconds
Number of updated asset objects reloaded before import = 0Number of asset objects unloaded after import = 2

========================================================================
Received Import Request.
  Time since last request: 0.000026 seconds.
  path: Assets/Graphisms/Tilesets/SubTiles/Outside_3223.asset
  artifactKey: Guid(d9b511ba8f2bd9440877cc525912ef21) Importer(2089858483,b0f066a214c2f5e87bad3c948f4d605d)
Start importing Assets/Graphisms/Tilesets/SubTiles/Outside_3223.asset using Guid(d9b511ba8f2bd9440877cc525912ef21) Importer(2089858483,b0f066a214c2f5e87bad3c948f4d605d) (ScriptedImporter) -> (artifact id: '5a97e2ecf797502e82e23647e150a538') in 0.0101199 seconds
Number of updated asset objects reloaded before import = 0Number of asset objects unloaded after import = 2

========================================================================
Received Import Request.
  Time since last request: 0.000020 seconds.
  path: Assets/Graphisms/Tilesets/SubTiles/Outside_1650.asset
  artifactKey: Guid(b7f6c069f3bad9c458dc771d844bcdd8) Importer(2089858483,b0f066a214c2f5e87bad3c948f4d605d)
Start importing Assets/Graphisms/Tilesets/SubTiles/Outside_1650.asset using Guid(b7f6c069f3bad9c458dc771d844bcdd8) Importer(2089858483,b0f066a214c2f5e87bad3c948f4d605d) (ScriptedImporter) -> (artifact id: '6d57eadf65f11b628dbbe5f907c1b7c7') in 0.0099205 seconds
Number of updated asset objects reloaded before import = 0Number of asset objects unloaded after import = 2

========================================================================
Received Import Request.
  Time since last request: 0.000027 seconds.
  path: Assets/Graphisms/Tilesets/SubTiles/Outside_34.asset
  artifactKey: Guid(d153dbcea908815439be4c16543fe18f) Importer(2089858483,b0f066a214c2f5e87bad3c948f4d605d)
Start importing Assets/Graphisms/Tilesets/SubTiles/Outside_34.asset using Guid(d153dbcea908815439be4c16543fe18f) Importer(2089858483,b0f066a214c2f5e87bad3c948f4d605d) (ScriptedImporter) -> (artifact id: '09d2ab49d86f99d280275bc012c5ad2e') in 0.0214503 seconds
Number of updated asset objects reloaded before import = 0Number of asset objects unloaded after import = 2

========================================================================
Received Import Request.
  Time since last request: 0.000022 seconds.
  path: Assets/Graphisms/Tilesets/SubTiles/Outside_1826.asset
  artifactKey: Guid(90325c9c536386147be62fe34a609fcc) Importer(2089858483,b0f066a214c2f5e87bad3c948f4d605d)
Start importing Assets/Graphisms/Tilesets/SubTiles/Outside_1826.asset using Guid(90325c9c536386147be62fe34a609fcc) Importer(2089858483,b0f066a214c2f5e87bad3c948f4d605d) (ScriptedImporter) -> (artifact id: '6d8f381aa80524ba3f870c8a9f7001a3') in 0.0098406 seconds
Number of updated asset objects reloaded before import = 0Number of asset objects unloaded after import = 2

========================================================================
Received Import Request.
  Time since last request: 0.000031 seconds.
  path: Assets/Graphisms/Tilesets/SubTiles/Outside_3789.asset
  artifactKey: Guid(a504ba417173b4946b603a6e658552d6) Importer(2089858483,b0f066a214c2f5e87bad3c948f4d605d)
Start importing Assets/Graphisms/Tilesets/SubTiles/Outside_3789.asset using Guid(a504ba417173b4946b603a6e658552d6) Importer(2089858483,b0f066a214c2f5e87bad3c948f4d605d) (ScriptedImporter) -> (artifact id: 'c127e85e808a6af12d4c7412d7edfaff') in 0.011739 seconds
Number of updated asset objects reloaded before import = 0Number of asset objects unloaded after import = 2

========================================================================
Received Import Request.
  Time since last request: 0.000021 seconds.
  path: Assets/Graphisms/Tilesets/SubTiles/Outside_1860.asset
  artifactKey: Guid(c662c9bcb8857bc428837d999b26c773) Importer(2089858483,b0f066a214c2f5e87bad3c948f4d605d)
Start importing Assets/Graphisms/Tilesets/SubTiles/Outside_1860.asset using Guid(c662c9bcb8857bc428837d999b26c773) Importer(2089858483,b0f066a214c2f5e87bad3c948f4d605d) (ScriptedImporter) -> (artifact id: '68b171f78b50de3b087edfc8e0aa094e') in 0.0099381 seconds
Number of updated asset objects reloaded before import = 0Number of asset objects unloaded after import = 2

========================================================================
Received Import Request.
  Time since last request: 0.000023 seconds.
  path: Assets/Graphisms/Tilesets/SubTiles/Outside_179.asset
  artifactKey: Guid(2e83f3f866ae37e4cb39e9d419da3970) Importer(2089858483,b0f066a214c2f5e87bad3c948f4d605d)
Start importing Assets/Graphisms/Tilesets/SubTiles/Outside_179.asset using Guid(2e83f3f866ae37e4cb39e9d419da3970) Importer(2089858483,b0f066a214c2f5e87bad3c948f4d605d) (ScriptedImporter) -> (artifact id: '2d3fc9edc514deabdc1df5c17c0fac04') in 0.0100676 seconds
Number of updated asset objects reloaded before import = 0Number of asset objects unloaded after import = 2

========================================================================
Received Import Request.
  Time since last request: 0.000019 seconds.
  path: Assets/Graphisms/Tilesets/SubTiles/Outside_2375.asset
  artifactKey: Guid(1e18f8cd93b627c4698f3ab8fc42324e) Importer(2089858483,b0f066a214c2f5e87bad3c948f4d605d)
Start importing Assets/Graphisms/Tilesets/SubTiles/Outside_2375.asset using Guid(1e18f8cd93b627c4698f3ab8fc42324e) Importer(2089858483,b0f066a214c2f5e87bad3c948f4d605d) (ScriptedImporter) -> (artifact id: 'ab7a42c9e0ddb7f68ca83ede808b3539') in 0.1645322 seconds
Number of updated asset objects reloaded before import = 0Number of asset objects unloaded after import = 2

========================================================================
Received Import Request.
  Time since last request: 0.000022 seconds.
  path: Assets/Graphisms/Tilesets/SubTiles/Outside_1959.asset
  artifactKey: Guid(eba846090ba128b43acf407d19962596) Importer(2089858483,b0f066a214c2f5e87bad3c948f4d605d)
Start importing Assets/Graphisms/Tilesets/SubTiles/Outside_1959.asset using Guid(eba846090ba128b43acf407d19962596) Importer(2089858483,b0f066a214c2f5e87bad3c948f4d605d) (ScriptedImporter) -> (artifact id: '8cc9b6e391c30f506af7fdd14691397f') in 0.0103292 seconds
Number of updated asset objects reloaded before import = 0Number of asset objects unloaded after import = 2

========================================================================
Received Import Request.
  Time since last request: 0.000032 seconds.
  path: Assets/Graphisms/Tilesets/SubTiles/Outside_3467.asset
  artifactKey: Guid(af8088524e18e1c4faa0c1a619afbca5) Importer(2089858483,b0f066a214c2f5e87bad3c948f4d605d)
Start importing Assets/Graphisms/Tilesets/SubTiles/Outside_3467.asset using Guid(af8088524e18e1c4faa0c1a619afbca5) Importer(2089858483,b0f066a214c2f5e87bad3c948f4d605d) (ScriptedImporter) -> (artifact id: '5c30a06b8df46dc3d33ee31581a4ce60') in 0.0117224 seconds
Number of updated asset objects reloaded before import = 0Number of asset objects unloaded after import = 2

========================================================================
Received Import Request.
  Time since last request: 0.000017 seconds.
  path: Assets/Graphisms/Tilesets/SubTiles/Outside_3801.asset
  artifactKey: Guid(8384d86933a54644597146d597847cd9) Importer(2089858483,b0f066a214c2f5e87bad3c948f4d605d)
Start importing Assets/Graphisms/Tilesets/SubTiles/Outside_3801.asset using Guid(8384d86933a54644597146d597847cd9) Importer(2089858483,b0f066a214c2f5e87bad3c948f4d605d) (ScriptedImporter) -> (artifact id: 'e742a77fb5fdd7870285b52684b64853') in 0.0105926 seconds
Number of updated asset objects reloaded before import = 0Number of asset objects unloaded after import = 2

========================================================================
Received Import Request.
  Time since last request: 0.000019 seconds.
  path: Assets/Graphisms/Tilesets/SubTiles/Outside_3587.asset
  artifactKey: Guid(c96498a097366e445882489a80e80079) Importer(2089858483,b0f066a214c2f5e87bad3c948f4d605d)
Start importing Assets/Graphisms/Tilesets/SubTiles/Outside_3587.asset using Guid(c96498a097366e445882489a80e80079) Importer(2089858483,b0f066a214c2f5e87bad3c948f4d605d) (ScriptedImporter) -> (artifact id: 'a5f641aba25b7b90ef8a5352b3c50a01') in 0.0103275 seconds
Number of updated asset objects reloaded before import = 0Number of asset objects unloaded after import = 2

========================================================================
Received Import Request.
  Time since last request: 0.000020 seconds.
  path: Assets/Graphisms/Tilesets/SubTiles/Outside_813.asset
  artifactKey: Guid(70fb0e263b71ed944984379fe4cabff0) Importer(2089858483,b0f066a214c2f5e87bad3c948f4d605d)
Start importing Assets/Graphisms/Tilesets/SubTiles/Outside_813.asset using Guid(70fb0e263b71ed944984379fe4cabff0) Importer(2089858483,b0f066a214c2f5e87bad3c948f4d605d) (ScriptedImporter) -> (artifact id: '6c3823c74038608debae4d250ffeb5dc') in 0.0118171 seconds
Number of updated asset objects reloaded before import = 0Number of asset objects unloaded after import = 2

========================================================================
Received Import Request.
  Time since last request: 0.000021 seconds.
  path: Assets/Graphisms/Tilesets/SubTiles/Outside_761.asset
  artifactKey: Guid(b839449537758584cbd22f1585a45d38) Importer(2089858483,b0f066a214c2f5e87bad3c948f4d605d)
Start importing Assets/Graphisms/Tilesets/SubTiles/Outside_761.asset using Guid(b839449537758584cbd22f1585a45d38) Importer(2089858483,b0f066a214c2f5e87bad3c948f4d605d) (ScriptedImporter) -> (artifact id: '79b9c55689b32c05345975de9e0dc70a') in 0.0114409 seconds
Number of updated asset objects reloaded before import = 0Number of asset objects unloaded after import = 2

========================================================================
Received Import Request.
  Time since last request: 0.000038 seconds.
  path: Assets/Graphisms/Tilesets/SubTiles/Outside_277.asset
  artifactKey: Guid(1370dc6f6ad45774da399f05a3bbcf3a) Importer(2089858483,b0f066a214c2f5e87bad3c948f4d605d)
Start importing Assets/Graphisms/Tilesets/SubTiles/Outside_277.asset using Guid(1370dc6f6ad45774da399f05a3bbcf3a) Importer(2089858483,b0f066a214c2f5e87bad3c948f4d605d) (ScriptedImporter) -> (artifact id: 'f39671eec339afd094b314537488f84d') in 0.0112922 seconds
Number of updated asset objects reloaded before import = 0Number of asset objects unloaded after import = 2

========================================================================
Received Import Request.
  Time since last request: 0.000023 seconds.
  path: Assets/Graphisms/Tilesets/SubTiles/Outside_3763.asset
  artifactKey: Guid(73b871df4297cbc41b0865162aedeaa3) Importer(2089858483,b0f066a214c2f5e87bad3c948f4d605d)
Start importing Assets/Graphisms/Tilesets/SubTiles/Outside_3763.asset using Guid(73b871df4297cbc41b0865162aedeaa3) Importer(2089858483,b0f066a214c2f5e87bad3c948f4d605d) (ScriptedImporter) -> (artifact id: 'f2fe5f2517aa69b0ccb1b2694ba11d37') in 0.2340238 seconds
Number of updated asset objects reloaded before import = 0Number of asset objects unloaded after import = 2

========================================================================
Received Import Request.
  Time since last request: 0.000022 seconds.
  path: Assets/Graphisms/Tilesets/SubTiles/Outside_1996.asset
  artifactKey: Guid(88aedd3a86e513948b934474bea0e871) Importer(2089858483,b0f066a214c2f5e87bad3c948f4d605d)
Start importing Assets/Graphisms/Tilesets/SubTiles/Outside_1996.asset using Guid(88aedd3a86e513948b934474bea0e871) Importer(2089858483,b0f066a214c2f5e87bad3c948f4d605d) (ScriptedImporter) -> (artifact id: '07a78e312e90508bc876993610715275') in 0.0112351 seconds
Number of updated asset objects reloaded before import = 0Number of asset objects unloaded after import = 2

========================================================================
Received Import Request.
  Time since last request: 0.000028 seconds.
  path: Assets/Graphisms/Tilesets/SubTiles/Outside_2505.asset
  artifactKey: Guid(8eb606a67db5f884492d2311ccea5be3) Importer(2089858483,b0f066a214c2f5e87bad3c948f4d605d)
Start importing Assets/Graphisms/Tilesets/SubTiles/Outside_2505.asset using Guid(8eb606a67db5f884492d2311ccea5be3) Importer(2089858483,b0f066a214c2f5e87bad3c948f4d605d) (ScriptedImporter) -> (artifact id: 'c8208ad4212ea9690623b57d07e89e43') in 0.0091946 seconds
Number of updated asset objects reloaded before import = 0Number of asset objects unloaded after import = 2

========================================================================
Received Import Request.
  Time since last request: 0.000020 seconds.
  path: Assets/Graphisms/Tilesets/SubTiles/Outside_460.asset
  artifactKey: Guid(63944df9ccfb9924c95a61342e256326) Importer(2089858483,b0f066a214c2f5e87bad3c948f4d605d)
Start importing Assets/Graphisms/Tilesets/SubTiles/Outside_460.asset using Guid(63944df9ccfb9924c95a61342e256326) Importer(2089858483,b0f066a214c2f5e87bad3c948f4d605d) (ScriptedImporter) -> (artifact id: 'ebce7ecc77c7b7337a9c05145d9111a4') in 0.0110848 seconds
Number of updated asset objects reloaded before import = 0Number of asset objects unloaded after import = 2

========================================================================
Received Import Request.
  Time since last request: 0.000023 seconds.
  path: Assets/Graphisms/Tilesets/SubTiles/Outside_2028.asset
  artifactKey: Guid(9751c81dd87bdbd4b817063b7d4c0400) Importer(2089858483,b0f066a214c2f5e87bad3c948f4d605d)
Start importing Assets/Graphisms/Tilesets/SubTiles/Outside_2028.asset using Guid(9751c81dd87bdbd4b817063b7d4c0400) Importer(2089858483,b0f066a214c2f5e87bad3c948f4d605d) (ScriptedImporter) -> (artifact id: 'bacaede663fbf2d87ed7dbf0abf92acd') in 0.0101872 seconds
Number of updated asset objects reloaded before import = 0Number of asset objects unloaded after import = 2

========================================================================
Received Import Request.
  Time since last request: 0.000019 seconds.
  path: Assets/Graphisms/Tilesets/SubTiles/Outside_1592.asset
  artifactKey: Guid(b666e7d3fd5cd7c48ac28eddc8e31bf1) Importer(2089858483,b0f066a214c2f5e87bad3c948f4d605d)
Start importing Assets/Graphisms/Tilesets/SubTiles/Outside_1592.asset using Guid(b666e7d3fd5cd7c48ac28eddc8e31bf1) Importer(2089858483,b0f066a214c2f5e87bad3c948f4d605d) (ScriptedImporter) -> (artifact id: '2515e175141de8e53c2a6ad7b7abfc78') in 0.0111648 seconds
Number of updated asset objects reloaded before import = 0Number of asset objects unloaded after import = 2

========================================================================
Received Import Request.
  Time since last request: 0.000028 seconds.
  path: Assets/Graphisms/Tilesets/SubTiles/Outside_3477.asset
  artifactKey: Guid(86a80b311860f354bb2db66a0a202567) Importer(2089858483,b0f066a214c2f5e87bad3c948f4d605d)
Start importing Assets/Graphisms/Tilesets/SubTiles/Outside_3477.asset using Guid(86a80b311860f354bb2db66a0a202567) Importer(2089858483,b0f066a214c2f5e87bad3c948f4d605d) (ScriptedImporter) -> (artifact id: 'a328f92b18d69e739e0e4f9c1afb4275') in 0.0110551 seconds
Number of updated asset objects reloaded before import = 0Number of asset objects unloaded after import = 2

========================================================================
Received Import Request.
  Time since last request: 0.000066 seconds.
  path: Assets/Graphisms/Tilesets/SubTiles/Outside_2472.asset
  artifactKey: Guid(ea36585176d9b784991f4f0703bcf20f) Importer(2089858483,b0f066a214c2f5e87bad3c948f4d605d)
Start importing Assets/Graphisms/Tilesets/SubTiles/Outside_2472.asset using Guid(ea36585176d9b784991f4f0703bcf20f) Importer(2089858483,b0f066a214c2f5e87bad3c948f4d605d) (ScriptedImporter) -> (artifact id: 'fd35a2c12dac331a88c0a21cd46a7b73') in 0.0120339 seconds
Number of updated asset objects reloaded before import = 0Number of asset objects unloaded after import = 2

========================================================================
Received Import Request.
  Time since last request: 0.000020 seconds.
  path: Assets/Graphisms/Tilesets/SubTiles/Outside_1167.asset
  artifactKey: Guid(ffcc42e67e280d842a7c8c99c7e9930f) Importer(2089858483,b0f066a214c2f5e87bad3c948f4d605d)
Start importing Assets/Graphisms/Tilesets/SubTiles/Outside_1167.asset using Guid(ffcc42e67e280d842a7c8c99c7e9930f) Importer(2089858483,b0f066a214c2f5e87bad3c948f4d605d) (ScriptedImporter) -> (artifact id: '22e39aee5eaa67286683dc60d68fcc04') in 0.011293 seconds
Number of updated asset objects reloaded before import = 0Number of asset objects unloaded after import = 2

========================================================================
Received Import Request.
  Time since last request: 0.000019 seconds.
  path: Assets/Graphisms/Tilesets/SubTiles/Outside_445.asset
  artifactKey: Guid(06efb2de1a464d04f9edc7707c6061a9) Importer(2089858483,b0f066a214c2f5e87bad3c948f4d605d)
Start importing Assets/Graphisms/Tilesets/SubTiles/Outside_445.asset using Guid(06efb2de1a464d04f9edc7707c6061a9) Importer(2089858483,b0f066a214c2f5e87bad3c948f4d605d) (ScriptedImporter) -> (artifact id: 'b32f37ade8de096832e1be069dd639d0') in 0.0109529 seconds
Number of updated asset objects reloaded before import = 0Number of asset objects unloaded after import = 2

========================================================================
Received Import Request.
  Time since last request: 0.000019 seconds.
  path: Assets/Graphisms/Tilesets/SubTiles/Outside_2997.asset
  artifactKey: Guid(860e34bd62bd381429efced633bd1558) Importer(2089858483,b0f066a214c2f5e87bad3c948f4d605d)
Start importing Assets/Graphisms/Tilesets/SubTiles/Outside_2997.asset using Guid(860e34bd62bd381429efced633bd1558) Importer(2089858483,b0f066a214c2f5e87bad3c948f4d605d) (ScriptedImporter) -> (artifact id: 'c1bc9eba35b289ab4e139bebcb28e46b') in 0.0113428 seconds
Number of updated asset objects reloaded before import = 0Number of asset objects unloaded after import = 2

========================================================================
Received Import Request.
  Time since last request: 0.000022 seconds.
  path: Assets/Graphisms/Tilesets/SubTiles/Outside_2023.asset
  artifactKey: Guid(8598fe999b0db524d9dabb869cf2db59) Importer(2089858483,b0f066a214c2f5e87bad3c948f4d605d)
Start importing Assets/Graphisms/Tilesets/SubTiles/Outside_2023.asset using Guid(8598fe999b0db524d9dabb869cf2db59) Importer(2089858483,b0f066a214c2f5e87bad3c948f4d605d) (ScriptedImporter) -> (artifact id: 'a97570166a7280beec716a36e73e51de') in 0.0107775 seconds
Number of updated asset objects reloaded before import = 0Number of asset objects unloaded after import = 2

========================================================================
Received Import Request.
  Time since last request: 0.000036 seconds.
  path: Assets/Graphisms/Tilesets/SubTiles/Outside_815.asset
  artifactKey: Guid(85b30fd3a8953944fa905c28c8e5f71e) Importer(2089858483,b0f066a214c2f5e87bad3c948f4d605d)
Start importing Assets/Graphisms/Tilesets/SubTiles/Outside_815.asset using Guid(85b30fd3a8953944fa905c28c8e5f71e) Importer(2089858483,b0f066a214c2f5e87bad3c948f4d605d) (ScriptedImporter) -> (artifact id: 'e3aff65c77c7bcc59faa2d2013de1f17') in 0.0097066 seconds
Number of updated asset objects reloaded before import = 0Number of asset objects unloaded after import = 2

========================================================================
Received Import Request.
  Time since last request: 0.000022 seconds.
  path: Assets/Graphisms/Tilesets/SubTiles/Outside_3820.asset
  artifactKey: Guid(858996bf6d73e204587de3a3fed29ac4) Importer(2089858483,b0f066a214c2f5e87bad3c948f4d605d)
Start importing Assets/Graphisms/Tilesets/SubTiles/Outside_3820.asset using Guid(858996bf6d73e204587de3a3fed29ac4) Importer(2089858483,b0f066a214c2f5e87bad3c948f4d605d) (ScriptedImporter) -> (artifact id: '43fd8e252767a5d4829ca14b3c42c162') in 0.010611 seconds
Number of updated asset objects reloaded before import = 0Number of asset objects unloaded after import = 2

========================================================================
Received Import Request.
  Time since last request: 0.000021 seconds.
  path: Assets/Graphisms/Tilesets/SubTiles/Outside_3961.asset
  artifactKey: Guid(5a0d1f5cbe6dfd947b53734024c1331d) Importer(2089858483,b0f066a214c2f5e87bad3c948f4d605d)
Start importing Assets/Graphisms/Tilesets/SubTiles/Outside_3961.asset using Guid(5a0d1f5cbe6dfd947b53734024c1331d) Importer(2089858483,b0f066a214c2f5e87bad3c948f4d605d) (ScriptedImporter) -> (artifact id: 'ec0fd659f38a7cda3e521b79fb3f1bd1') in 0.0112613 seconds
Number of updated asset objects reloaded before import = 0Number of asset objects unloaded after import = 2

========================================================================
Received Import Request.
  Time since last request: 0.000026 seconds.
  path: Assets/Graphisms/Tilesets/SubTiles/Outside_2489.asset
  artifactKey: Guid(847b0066ddc3b7a4ea66aa5875f757ef) Importer(2089858483,b0f066a214c2f5e87bad3c948f4d605d)
Start importing Assets/Graphisms/Tilesets/SubTiles/Outside_2489.asset using Guid(847b0066ddc3b7a4ea66aa5875f757ef) Importer(2089858483,b0f066a214c2f5e87bad3c948f4d605d) (ScriptedImporter) -> (artifact id: '6378e8346f8dbba99830f388a7429825') in 0.0141915 seconds
Number of updated asset objects reloaded before import = 0Number of asset objects unloaded after import = 2

========================================================================
Received Import Request.
  Time since last request: 0.000032 seconds.
  path: Assets/Graphisms/Tilesets/SubTiles/Outside_1912.asset
  artifactKey: Guid(08c09c9165912e14ea2a75a5394bca8b) Importer(2089858483,b0f066a214c2f5e87bad3c948f4d605d)
Start importing Assets/Graphisms/Tilesets/SubTiles/Outside_1912.asset using Guid(08c09c9165912e14ea2a75a5394bca8b) Importer(2089858483,b0f066a214c2f5e87bad3c948f4d605d) (ScriptedImporter) -> (artifact id: '369c9ca220914a85fa04112e0167c4e0') in 0.0104626 seconds
Number of updated asset objects reloaded before import = 0Number of asset objects unloaded after import = 2

========================================================================
Received Import Request.
  Time since last request: 0.000017 seconds.
  path: Assets/Graphisms/Tilesets/SubTiles/Outside_3816.asset
  artifactKey: Guid(d5de06103bf030a46bba112743e85435) Importer(2089858483,b0f066a214c2f5e87bad3c948f4d605d)
Start importing Assets/Graphisms/Tilesets/SubTiles/Outside_3816.asset using Guid(d5de06103bf030a46bba112743e85435) Importer(2089858483,b0f066a214c2f5e87bad3c948f4d605d) (ScriptedImporter) -> (artifact id: '37cf1aa21bbb0a978c10a3722f4c4514') in 0.0129513 seconds
Number of updated asset objects reloaded before import = 0Number of asset objects unloaded after import = 2

========================================================================
Received Import Request.
  Time since last request: 0.000022 seconds.
  path: Assets/Graphisms/Tilesets/SubTiles/Outside_118.asset
  artifactKey: Guid(a196724163cc9524aac217403b8efdc1) Importer(2089858483,b0f066a214c2f5e87bad3c948f4d605d)
Start importing Assets/Graphisms/Tilesets/SubTiles/Outside_118.asset using Guid(a196724163cc9524aac217403b8efdc1) Importer(2089858483,b0f066a214c2f5e87bad3c948f4d605d) (ScriptedImporter) -> (artifact id: 'f27ea394ef488bc2c6e433524ca9011b') in 0.0096816 seconds
Number of updated asset objects reloaded before import = 0Number of asset objects unloaded after import = 2

========================================================================
Received Import Request.
  Time since last request: 0.000034 seconds.
  path: Assets/Graphisms/Tilesets/SubTiles/Outside_1086.asset
  artifactKey: Guid(2ddd9e6b9438a6447969852738475f14) Importer(2089858483,b0f066a214c2f5e87bad3c948f4d605d)
Start importing Assets/Graphisms/Tilesets/SubTiles/Outside_1086.asset using Guid(2ddd9e6b9438a6447969852738475f14) Importer(2089858483,b0f066a214c2f5e87bad3c948f4d605d) (ScriptedImporter) -> (artifact id: 'e6164ad2a64d207fd324bbac182f1cc6') in 0.0110722 seconds
Number of updated asset objects reloaded before import = 0Number of asset objects unloaded after import = 2

========================================================================
Received Import Request.
  Time since last request: 0.000029 seconds.
  path: Assets/Graphisms/Tilesets/SubTiles/Outside_913.asset
  artifactKey: Guid(e9b4ea7e295983d44a87925c725c01df) Importer(2089858483,b0f066a214c2f5e87bad3c948f4d605d)
Start importing Assets/Graphisms/Tilesets/SubTiles/Outside_913.asset using Guid(e9b4ea7e295983d44a87925c725c01df) Importer(2089858483,b0f066a214c2f5e87bad3c948f4d605d) (ScriptedImporter) -> (artifact id: '5d0b5fcd28dc164e6bb7e33230d88164') in 0.0093992 seconds
Number of updated asset objects reloaded before import = 0Number of asset objects unloaded after import = 2

========================================================================
Received Import Request.
  Time since last request: 0.000029 seconds.
  path: Assets/Graphisms/Tilesets/SubTiles/Outside_3466.asset
  artifactKey: Guid(b9a5353b613caea4b9dc1d48dd521b5f) Importer(2089858483,b0f066a214c2f5e87bad3c948f4d605d)
Start importing Assets/Graphisms/Tilesets/SubTiles/Outside_3466.asset using Guid(b9a5353b613caea4b9dc1d48dd521b5f) Importer(2089858483,b0f066a214c2f5e87bad3c948f4d605d) (ScriptedImporter) -> (artifact id: '9557b183e91d3b4d434d61be22782061') in 0.0103467 seconds
Number of updated asset objects reloaded before import = 0Number of asset objects unloaded after import = 2

========================================================================
Received Import Request.
  Time since last request: 0.000018 seconds.
  path: Assets/Graphisms/Tilesets/SubTiles/Outside_3924.asset
  artifactKey: Guid(b01c02d8d5ec1d74e96e1871730bf63d) Importer(2089858483,b0f066a214c2f5e87bad3c948f4d605d)
Start importing Assets/Graphisms/Tilesets/SubTiles/Outside_3924.asset using Guid(b01c02d8d5ec1d74e96e1871730bf63d) Importer(2089858483,b0f066a214c2f5e87bad3c948f4d605d) (ScriptedImporter) -> (artifact id: '07341f612e08a11b44eed3aeabb580d9') in 0.0088321 seconds
Number of updated asset objects reloaded before import = 0Number of asset objects unloaded after import = 2

========================================================================
Received Import Request.
  Time since last request: 0.000022 seconds.
  path: Assets/Graphisms/Tilesets/SubTiles/Outside_2111.asset
  artifactKey: Guid(175d64d6353a40d45bdf04dec273aad7) Importer(2089858483,b0f066a214c2f5e87bad3c948f4d605d)
Start importing Assets/Graphisms/Tilesets/SubTiles/Outside_2111.asset using Guid(175d64d6353a40d45bdf04dec273aad7) Importer(2089858483,b0f066a214c2f5e87bad3c948f4d605d) (ScriptedImporter) -> (artifact id: 'd32f31e83646d879f67c5be15affa1c9') in 0.0090164 seconds
Number of updated asset objects reloaded before import = 0Number of asset objects unloaded after import = 2

========================================================================
Received Import Request.
  Time since last request: 0.000021 seconds.
  path: Assets/Graphisms/Tilesets/SubTiles/Outside_1776.asset
  artifactKey: Guid(72282491fb5e2df47a76d86792187c3b) Importer(2089858483,b0f066a214c2f5e87bad3c948f4d605d)
Start importing Assets/Graphisms/Tilesets/SubTiles/Outside_1776.asset using Guid(72282491fb5e2df47a76d86792187c3b) Importer(2089858483,b0f066a214c2f5e87bad3c948f4d605d) (ScriptedImporter) -> (artifact id: '5f284069b28c9ca20436c82e6cd0c672') in 0.0115366 seconds
Number of updated asset objects reloaded before import = 0Number of asset objects unloaded after import = 2

========================================================================
Received Import Request.
  Time since last request: 0.000024 seconds.
  path: Assets/Graphisms/Tilesets/SubTiles/Outside_888.asset
  artifactKey: Guid(21ab2897c2f54784091e9148714a496d) Importer(2089858483,b0f066a214c2f5e87bad3c948f4d605d)
Start importing Assets/Graphisms/Tilesets/SubTiles/Outside_888.asset using Guid(21ab2897c2f54784091e9148714a496d) Importer(2089858483,b0f066a214c2f5e87bad3c948f4d605d) (ScriptedImporter) -> (artifact id: '2ff51812712f6dc9eca3083f8fe242e4') in 0.0106553 seconds
Number of updated asset objects reloaded before import = 0Number of asset objects unloaded after import = 2

========================================================================
Received Import Request.
  Time since last request: 0.000036 seconds.
  path: Assets/Graphisms/Tilesets/SubTiles/Outside_262.asset
  artifactKey: Guid(fc309595286d2744db5572f48a48a059) Importer(2089858483,b0f066a214c2f5e87bad3c948f4d605d)
Start importing Assets/Graphisms/Tilesets/SubTiles/Outside_262.asset using Guid(fc309595286d2744db5572f48a48a059) Importer(2089858483,b0f066a214c2f5e87bad3c948f4d605d) (ScriptedImporter) -> (artifact id: '7db5556da4d7a268866106319d8b7ca0') in 0.011285 seconds
Number of updated asset objects reloaded before import = 0Number of asset objects unloaded after import = 2

========================================================================
Received Import Request.
  Time since last request: 0.000021 seconds.
  path: Assets/Graphisms/Tilesets/SubTiles/Outside_3389.asset
  artifactKey: Guid(261090fb7f979564d9bd9c00a2d4c509) Importer(2089858483,b0f066a214c2f5e87bad3c948f4d605d)
Start importing Assets/Graphisms/Tilesets/SubTiles/Outside_3389.asset using Guid(261090fb7f979564d9bd9c00a2d4c509) Importer(2089858483,b0f066a214c2f5e87bad3c948f4d605d) (ScriptedImporter) -> (artifact id: 'fe8ada209407749cf87cdcd2145573ae') in 0.0110311 seconds
Number of updated asset objects reloaded before import = 0Number of asset objects unloaded after import = 2

========================================================================
Received Import Request.
  Time since last request: 0.000022 seconds.
  path: Assets/Graphisms/Tilesets/SubTiles/Outside_2431.asset
  artifactKey: Guid(25dc75be469d45d449a9f8cd6bd145b6) Importer(2089858483,b0f066a214c2f5e87bad3c948f4d605d)
Start importing Assets/Graphisms/Tilesets/SubTiles/Outside_2431.asset using Guid(25dc75be469d45d449a9f8cd6bd145b6) Importer(2089858483,b0f066a214c2f5e87bad3c948f4d605d) (ScriptedImporter) -> (artifact id: '86e34c37d9138fb27b1b40556736d425') in 0.0105009 seconds
Number of updated asset objects reloaded before import = 0Number of asset objects unloaded after import = 2

========================================================================
Received Import Request.
  Time since last request: 0.000020 seconds.
  path: Assets/Graphisms/Tilesets/SubTiles/Outside_1182.asset
  artifactKey: Guid(64e082161a882c04591ecec402a4f910) Importer(2089858483,b0f066a214c2f5e87bad3c948f4d605d)
Start importing Assets/Graphisms/Tilesets/SubTiles/Outside_1182.asset using Guid(64e082161a882c04591ecec402a4f910) Importer(2089858483,b0f066a214c2f5e87bad3c948f4d605d) (ScriptedImporter) -> (artifact id: 'f03915a28ce655ea704c9781777311ea') in 0.0115977 seconds
Number of updated asset objects reloaded before import = 0Number of asset objects unloaded after import = 2

========================================================================
Received Import Request.
  Time since last request: 0.000029 seconds.
  path: Assets/Graphisms/Tilesets/SubTiles/Outside_1036.asset
  artifactKey: Guid(45b0ed8f353a46d4f90d80cfc4af8b7f) Importer(2089858483,b0f066a214c2f5e87bad3c948f4d605d)
Start importing Assets/Graphisms/Tilesets/SubTiles/Outside_1036.asset using Guid(45b0ed8f353a46d4f90d80cfc4af8b7f) Importer(2089858483,b0f066a214c2f5e87bad3c948f4d605d) (ScriptedImporter) -> (artifact id: '57a8b37c7cceb26caf140765f3a9a2df') in 0.011509 seconds
Number of updated asset objects reloaded before import = 0Number of asset objects unloaded after import = 2

========================================================================
Received Import Request.
  Time since last request: 0.000036 seconds.
  path: Assets/Graphisms/Tilesets/SubTiles/Outside_712.asset
  artifactKey: Guid(de39319e33b3eb84c9b5b4a2187f7f03) Importer(2089858483,b0f066a214c2f5e87bad3c948f4d605d)
Start importing Assets/Graphisms/Tilesets/SubTiles/Outside_712.asset using Guid(de39319e33b3eb84c9b5b4a2187f7f03) Importer(2089858483,b0f066a214c2f5e87bad3c948f4d605d) (ScriptedImporter) -> (artifact id: 'c0c94a91ff1123cc280435601c9bff79') in 0.0090463 seconds
Number of updated asset objects reloaded before import = 0Number of asset objects unloaded after import = 2

========================================================================
Received Import Request.
  Time since last request: 0.000018 seconds.
  path: Assets/Graphisms/Tilesets/SubTiles/Outside_3356.asset
  artifactKey: Guid(7835b8fb0e5ec284fbe875b63e97d8be) Importer(2089858483,b0f066a214c2f5e87bad3c948f4d605d)
Start importing Assets/Graphisms/Tilesets/SubTiles/Outside_3356.asset using Guid(7835b8fb0e5ec284fbe875b63e97d8be) Importer(2089858483,b0f066a214c2f5e87bad3c948f4d605d) (ScriptedImporter) -> (artifact id: 'e1c3a9ea85e2eafe7e064a2466cc3a59') in 0.0108121 seconds
Number of updated asset objects reloaded before import = 0Number of asset objects unloaded after import = 2

========================================================================
Received Import Request.
  Time since last request: 0.000016 seconds.
  path: Assets/Graphisms/Tilesets/SubTiles/Outside_3216.asset
  artifactKey: Guid(f9f3682f1ba73ac4c9b89f65b12b61ba) Importer(2089858483,b0f066a214c2f5e87bad3c948f4d605d)
Start importing Assets/Graphisms/Tilesets/SubTiles/Outside_3216.asset using Guid(f9f3682f1ba73ac4c9b89f65b12b61ba) Importer(2089858483,b0f066a214c2f5e87bad3c948f4d605d) (ScriptedImporter) -> (artifact id: '2a683539c860487713ed5df52913dd1c') in 0.0101043 seconds
Number of updated asset objects reloaded before import = 0Number of asset objects unloaded after import = 2

========================================================================
Received Import Request.
  Time since last request: 0.000023 seconds.
  path: Assets/Graphisms/Tilesets/SubTiles/Outside_1087.asset
  artifactKey: Guid(30e3e07a4e2b3bc4aa520c47556bd7d0) Importer(2089858483,b0f066a214c2f5e87bad3c948f4d605d)
Start importing Assets/Graphisms/Tilesets/SubTiles/Outside_1087.asset using Guid(30e3e07a4e2b3bc4aa520c47556bd7d0) Importer(2089858483,b0f066a214c2f5e87bad3c948f4d605d) (ScriptedImporter) -> (artifact id: 'afa3bd3f0261c5dd1c5ab973e983063b') in 0.0106644 seconds
Number of updated asset objects reloaded before import = 0Number of asset objects unloaded after import = 2

========================================================================
Received Import Request.
  Time since last request: 0.000026 seconds.
  path: Assets/Graphisms/Tilesets/SubTiles/Outside_3011.asset
  artifactKey: Guid(2f4a30fe15ebba94d9b7f9df577d6eda) Importer(2089858483,b0f066a214c2f5e87bad3c948f4d605d)
Start importing Assets/Graphisms/Tilesets/SubTiles/Outside_3011.asset using Guid(2f4a30fe15ebba94d9b7f9df577d6eda) Importer(2089858483,b0f066a214c2f5e87bad3c948f4d605d) (ScriptedImporter) -> (artifact id: 'e895c96799d02c01beb4887b99fbd8dc') in 0.009245 seconds
Number of updated asset objects reloaded before import = 0Number of asset objects unloaded after import = 2

========================================================================
Received Import Request.
  Time since last request: 0.000041 seconds.
  path: Assets/Graphisms/Tilesets/SubTiles/Outside_3301.asset
  artifactKey: Guid(2be5c26360e8dee4da52cce138ab90ab) Importer(2089858483,b0f066a214c2f5e87bad3c948f4d605d)
Start importing Assets/Graphisms/Tilesets/SubTiles/Outside_3301.asset using Guid(2be5c26360e8dee4da52cce138ab90ab) Importer(2089858483,b0f066a214c2f5e87bad3c948f4d605d) (ScriptedImporter) -> (artifact id: '57da2a575ca7b700c7fdae024d30d6cd') in 0.0108063 seconds
Number of updated asset objects reloaded before import = 0Number of asset objects unloaded after import = 2

========================================================================
Received Import Request.
  Time since last request: 0.000022 seconds.
  path: Assets/Graphisms/Tilesets/SubTiles/Outside_2470.asset
  artifactKey: Guid(1c7e442e4a0c6064cad1804899de8010) Importer(2089858483,b0f066a214c2f5e87bad3c948f4d605d)
Start importing Assets/Graphisms/Tilesets/SubTiles/Outside_2470.asset using Guid(1c7e442e4a0c6064cad1804899de8010) Importer(2089858483,b0f066a214c2f5e87bad3c948f4d605d) (ScriptedImporter) -> (artifact id: 'ad37da36f439682bb5dcb30930889727') in 0.0111445 seconds
Number of updated asset objects reloaded before import = 0Number of asset objects unloaded after import = 2

========================================================================
Received Import Request.
  Time since last request: 0.000020 seconds.
  path: Assets/Graphisms/Tilesets/SubTiles/Outside_1850.asset
  artifactKey: Guid(5b00f96b4e766a94f83521e42274d2ee) Importer(2089858483,b0f066a214c2f5e87bad3c948f4d605d)
Start importing Assets/Graphisms/Tilesets/SubTiles/Outside_1850.asset using Guid(5b00f96b4e766a94f83521e42274d2ee) Importer(2089858483,b0f066a214c2f5e87bad3c948f4d605d) (ScriptedImporter) -> (artifact id: 'dd6c155ccd9b6ee0b60403aba857d93e') in 0.0102116 seconds
Number of updated asset objects reloaded before import = 0Number of asset objects unloaded after import = 2

========================================================================
Received Import Request.
  Time since last request: 0.000018 seconds.
  path: Assets/Graphisms/Tilesets/SubTiles/Outside_3260.asset
  artifactKey: Guid(39093841f74d17f458ff396f2c10b878) Importer(2089858483,b0f066a214c2f5e87bad3c948f4d605d)
Start importing Assets/Graphisms/Tilesets/SubTiles/Outside_3260.asset using Guid(39093841f74d17f458ff396f2c10b878) Importer(2089858483,b0f066a214c2f5e87bad3c948f4d605d) (ScriptedImporter) -> (artifact id: 'd25c3912966cf11ec805f82e96858b2a') in 0.0099016 seconds
Number of updated asset objects reloaded before import = 0Number of asset objects unloaded after import = 2

========================================================================
Received Import Request.
  Time since last request: 0.000031 seconds.
  path: Assets/Graphisms/Tilesets/SubTiles/Outside_1544.asset
  artifactKey: Guid(815526c262a3c1546a8349c2ac20bdbf) Importer(2089858483,b0f066a214c2f5e87bad3c948f4d605d)
Start importing Assets/Graphisms/Tilesets/SubTiles/Outside_1544.asset using Guid(815526c262a3c1546a8349c2ac20bdbf) Importer(2089858483,b0f066a214c2f5e87bad3c948f4d605d) (ScriptedImporter) -> (artifact id: 'f9e2b01a98cb16861284ce7cc241189c') in 0.0110334 seconds
Number of updated asset objects reloaded before import = 0Number of asset objects unloaded after import = 2

========================================================================
Received Import Request.
  Time since last request: 0.000044 seconds.
  path: Assets/Graphisms/Tilesets/SubTiles/Outside_493.asset
  artifactKey: Guid(14583374d5198a54b99072a4c35adfb2) Importer(2089858483,b0f066a214c2f5e87bad3c948f4d605d)
Start importing Assets/Graphisms/Tilesets/SubTiles/Outside_493.asset using Guid(14583374d5198a54b99072a4c35adfb2) Importer(2089858483,b0f066a214c2f5e87bad3c948f4d605d) (ScriptedImporter) -> (artifact id: '061888072e115f0b2ecb86d8cf631635') in 0.0112575 seconds
Number of updated asset objects reloaded before import = 0Number of asset objects unloaded after import = 2

========================================================================
Received Import Request.
  Time since last request: 0.000026 seconds.
  path: Assets/Graphisms/Tilesets/SubTiles/Outside_1446.asset
  artifactKey: Guid(a361485aa4cba9a47a1a8677429c6dfc) Importer(2089858483,b0f066a214c2f5e87bad3c948f4d605d)
Start importing Assets/Graphisms/Tilesets/SubTiles/Outside_1446.asset using Guid(a361485aa4cba9a47a1a8677429c6dfc) Importer(2089858483,b0f066a214c2f5e87bad3c948f4d605d) (ScriptedImporter) -> (artifact id: '6e2325d720fc1ec7e7a244aabbc0e16d') in 0.0105294 seconds
Number of updated asset objects reloaded before import = 0Number of asset objects unloaded after import = 2

========================================================================
Received Import Request.
  Time since last request: 0.000025 seconds.
  path: Assets/Graphisms/Tilesets/SubTiles/Outside_625.asset
  artifactKey: Guid(c645828f22925fd4d8653cb0f861f9ea) Importer(2089858483,b0f066a214c2f5e87bad3c948f4d605d)
Start importing Assets/Graphisms/Tilesets/SubTiles/Outside_625.asset using Guid(c645828f22925fd4d8653cb0f861f9ea) Importer(2089858483,b0f066a214c2f5e87bad3c948f4d605d) (ScriptedImporter) -> (artifact id: 'cb0a1a025d9bda23a7a59cc99e728ed7') in 0.012709 seconds
Number of updated asset objects reloaded before import = 0Number of asset objects unloaded after import = 2

========================================================================
Received Import Request.
  Time since last request: 0.000030 seconds.
  path: Assets/Graphisms/Tilesets/SubTiles/Outside_2067.asset
  artifactKey: Guid(7da82f1272274674bbdfb7a73fd83c68) Importer(2089858483,b0f066a214c2f5e87bad3c948f4d605d)
Start importing Assets/Graphisms/Tilesets/SubTiles/Outside_2067.asset using Guid(7da82f1272274674bbdfb7a73fd83c68) Importer(2089858483,b0f066a214c2f5e87bad3c948f4d605d) (ScriptedImporter) -> (artifact id: 'f7e71c805dbe1f2e3566790c71b02d61') in 0.0165301 seconds
Number of updated asset objects reloaded before import = 0Number of asset objects unloaded after import = 2

========================================================================
Received Import Request.
  Time since last request: 0.000038 seconds.
  path: Assets/Graphisms/Tilesets/SubTiles/Outside_2308.asset
  artifactKey: Guid(6f0f39f621181da40a72e145966d8c13) Importer(2089858483,b0f066a214c2f5e87bad3c948f4d605d)
Start importing Assets/Graphisms/Tilesets/SubTiles/Outside_2308.asset using Guid(6f0f39f621181da40a72e145966d8c13) Importer(2089858483,b0f066a214c2f5e87bad3c948f4d605d) (ScriptedImporter) -> (artifact id: '2a9ade8809e72bac0e4d8aa584c6e2dd') in 0.0101563 seconds
Number of updated asset objects reloaded before import = 0Number of asset objects unloaded after import = 2

========================================================================
Received Import Request.
  Time since last request: 0.000025 seconds.
  path: Assets/Graphisms/Tilesets/SubTiles/Outside_488.asset
  artifactKey: Guid(042e37009c1a6324dba64978b7bbbfbd) Importer(2089858483,b0f066a214c2f5e87bad3c948f4d605d)
Start importing Assets/Graphisms/Tilesets/SubTiles/Outside_488.asset using Guid(042e37009c1a6324dba64978b7bbbfbd) Importer(2089858483,b0f066a214c2f5e87bad3c948f4d605d) (ScriptedImporter) -> (artifact id: '4cfbb387efb1dcb732a959af50cc2b0d') in 0.0136867 seconds
Number of updated asset objects reloaded before import = 0Number of asset objects unloaded after import = 2

========================================================================
Received Import Request.
  Time since last request: 0.000020 seconds.
  path: Assets/Graphisms/Tilesets/SubTiles/Outside_2400.asset
  artifactKey: Guid(7350511d57482fa46aa75b1187cc9ac3) Importer(2089858483,b0f066a214c2f5e87bad3c948f4d605d)
Start importing Assets/Graphisms/Tilesets/SubTiles/Outside_2400.asset using Guid(7350511d57482fa46aa75b1187cc9ac3) Importer(2089858483,b0f066a214c2f5e87bad3c948f4d605d) (ScriptedImporter) -> (artifact id: 'becbd00bf3454d8a0dc1427aa9f4fdee') in 0.0102205 seconds
Number of updated asset objects reloaded before import = 0Number of asset objects unloaded after import = 2

========================================================================
Received Import Request.
  Time since last request: 0.000020 seconds.
  path: Assets/Graphisms/Tilesets/SubTiles/Outside_3206.asset
  artifactKey: Guid(e1260f866e483e446a1cad904b8df2a9) Importer(2089858483,b0f066a214c2f5e87bad3c948f4d605d)
Start importing Assets/Graphisms/Tilesets/SubTiles/Outside_3206.asset using Guid(e1260f866e483e446a1cad904b8df2a9) Importer(2089858483,b0f066a214c2f5e87bad3c948f4d605d) (ScriptedImporter) -> (artifact id: 'f2144ca5b5815317e90d86aac6bd37e4') in 0.0150705 seconds
Number of updated asset objects reloaded before import = 0Number of asset objects unloaded after import = 2

========================================================================
Received Import Request.
  Time since last request: 0.000026 seconds.
  path: Assets/Graphisms/Tilesets/SubTiles/Outside_1240.asset
  artifactKey: Guid(e98e3bd3262752e40b4bc273ec8de6d7) Importer(2089858483,b0f066a214c2f5e87bad3c948f4d605d)
Start importing Assets/Graphisms/Tilesets/SubTiles/Outside_1240.asset using Guid(e98e3bd3262752e40b4bc273ec8de6d7) Importer(2089858483,b0f066a214c2f5e87bad3c948f4d605d) (ScriptedImporter) -> (artifact id: 'e48a59987bda5de42469eeb060a20882') in 0.0101566 seconds
Number of updated asset objects reloaded before import = 0Number of asset objects unloaded after import = 2

========================================================================
Received Import Request.
  Time since last request: 0.000038 seconds.
  path: Assets/Graphisms/Tilesets/SubTiles/Outside_3328.asset
  artifactKey: Guid(46f0c9d21a40036439e0f2f24e04dd0c) Importer(2089858483,b0f066a214c2f5e87bad3c948f4d605d)
Start importing Assets/Graphisms/Tilesets/SubTiles/Outside_3328.asset using Guid(46f0c9d21a40036439e0f2f24e04dd0c) Importer(2089858483,b0f066a214c2f5e87bad3c948f4d605d) (ScriptedImporter) -> (artifact id: 'c05e48c14ad15cbb00f9913dd2ee98e4') in 0.1916209 seconds
Number of updated asset objects reloaded before import = 0Number of asset objects unloaded after import = 2

========================================================================
Received Import Request.
  Time since last request: 0.000017 seconds.
  path: Assets/Graphisms/Tilesets/SubTiles/Outside_2265.asset
  artifactKey: Guid(8c9dc40e086466940afaf783165e9855) Importer(2089858483,b0f066a214c2f5e87bad3c948f4d605d)
Start importing Assets/Graphisms/Tilesets/SubTiles/Outside_2265.asset using Guid(8c9dc40e086466940afaf783165e9855) Importer(2089858483,b0f066a214c2f5e87bad3c948f4d605d) (ScriptedImporter) -> (artifact id: 'f917c1be981ef1370acb20b9d92588d2') in 0.0098573 seconds
Number of updated asset objects reloaded before import = 0Number of asset objects unloaded after import = 2

========================================================================
Received Import Request.
  Time since last request: 0.000024 seconds.
  path: Assets/Graphisms/Tilesets/SubTiles/Outside_3373.asset
  artifactKey: Guid(4481a8eefc0ec69499650edfd8f78103) Importer(2089858483,b0f066a214c2f5e87bad3c948f4d605d)
Start importing Assets/Graphisms/Tilesets/SubTiles/Outside_3373.asset using Guid(4481a8eefc0ec69499650edfd8f78103) Importer(2089858483,b0f066a214c2f5e87bad3c948f4d605d) (ScriptedImporter) -> (artifact id: '9f2ec07891c105ef4c1cf4a284b505bc') in 0.0109407 seconds
Number of updated asset objects reloaded before import = 0Number of asset objects unloaded after import = 2

========================================================================
Received Import Request.
  Time since last request: 0.000024 seconds.
  path: Assets/Graphisms/Tilesets/SubTiles/Outside_864.asset
  artifactKey: Guid(e6d6addb557b32a4789ca39bf3a9bf67) Importer(2089858483,b0f066a214c2f5e87bad3c948f4d605d)
Start importing Assets/Graphisms/Tilesets/SubTiles/Outside_864.asset using Guid(e6d6addb557b32a4789ca39bf3a9bf67) Importer(2089858483,b0f066a214c2f5e87bad3c948f4d605d) (ScriptedImporter) -> (artifact id: 'cba7719323dfbf312becc84445f7ccbd') in 0.013759 seconds
Number of updated asset objects reloaded before import = 0Number of asset objects unloaded after import = 2

========================================================================
Received Import Request.
  Time since last request: 0.000018 seconds.
  path: Assets/Graphisms/Tilesets/SubTiles/Outside_686.asset
  artifactKey: Guid(f7d2e0206b23f68469664c403b99f91b) Importer(2089858483,b0f066a214c2f5e87bad3c948f4d605d)
Start importing Assets/Graphisms/Tilesets/SubTiles/Outside_686.asset using Guid(f7d2e0206b23f68469664c403b99f91b) Importer(2089858483,b0f066a214c2f5e87bad3c948f4d605d) (ScriptedImporter) -> (artifact id: '456abd05f06ac5115ec82903c804a49a') in 0.009532 seconds
Number of updated asset objects reloaded before import = 0Number of asset objects unloaded after import = 2

========================================================================
Received Import Request.
  Time since last request: 0.000021 seconds.
  path: Assets/Graphisms/Tilesets/SubTiles/Outside_1447.asset
  artifactKey: Guid(94bbbde5e59cfe645961633afdfd4dc7) Importer(2089858483,b0f066a214c2f5e87bad3c948f4d605d)
Start importing Assets/Graphisms/Tilesets/SubTiles/Outside_1447.asset using Guid(94bbbde5e59cfe645961633afdfd4dc7) Importer(2089858483,b0f066a214c2f5e87bad3c948f4d605d) (ScriptedImporter) -> (artifact id: '561046e83c9b73c901af4d813d51215d') in 0.0103319 seconds
Number of updated asset objects reloaded before import = 0Number of asset objects unloaded after import = 2

========================================================================
Received Import Request.
  Time since last request: 0.000023 seconds.
  path: Assets/Graphisms/Tilesets/SubTiles/Outside_2032.asset
  artifactKey: Guid(1cddf6aaaf8477d4388b5ad88e72beef) Importer(2089858483,b0f066a214c2f5e87bad3c948f4d605d)
Start importing Assets/Graphisms/Tilesets/SubTiles/Outside_2032.asset using Guid(1cddf6aaaf8477d4388b5ad88e72beef) Importer(2089858483,b0f066a214c2f5e87bad3c948f4d605d) (ScriptedImporter) -> (artifact id: '1c12ad9ee0238c952822c6ac73b8f008') in 0.0105622 seconds
Number of updated asset objects reloaded before import = 0Number of asset objects unloaded after import = 2

========================================================================
Received Import Request.
  Time since last request: 0.000030 seconds.
  path: Assets/Graphisms/Tilesets/SubTiles/Outside_1123.asset
  artifactKey: Guid(bbf403dce768f004f8cec20c1bfcfba8) Importer(2089858483,b0f066a214c2f5e87bad3c948f4d605d)
Start importing Assets/Graphisms/Tilesets/SubTiles/Outside_1123.asset using Guid(bbf403dce768f004f8cec20c1bfcfba8) Importer(2089858483,b0f066a214c2f5e87bad3c948f4d605d) (ScriptedImporter) -> (artifact id: '0d49b7996df7cf2d7f85119a041f1002') in 0.0116794 seconds
Number of updated asset objects reloaded before import = 0Number of asset objects unloaded after import = 2

========================================================================
Received Import Request.
  Time since last request: 0.000025 seconds.
  path: Assets/Graphisms/Tilesets/SubTiles/Outside_1517.asset
  artifactKey: Guid(f5756413591cc1d42bff7a810713ab50) Importer(2089858483,b0f066a214c2f5e87bad3c948f4d605d)
Start importing Assets/Graphisms/Tilesets/SubTiles/Outside_1517.asset using Guid(f5756413591cc1d42bff7a810713ab50) Importer(2089858483,b0f066a214c2f5e87bad3c948f4d605d) (ScriptedImporter) -> (artifact id: '00d139a3914cd49650a9746ed6db9eb5') in 0.0112054 seconds
Number of updated asset objects reloaded before import = 0Number of asset objects unloaded after import = 2

========================================================================
Received Import Request.
  Time since last request: 0.000025 seconds.
  path: Assets/Graphisms/Tilesets/SubTiles/Outside_2140.asset
  artifactKey: Guid(49ed96055dc6d2b49a777c8f6e04f2ab) Importer(2089858483,b0f066a214c2f5e87bad3c948f4d605d)
Start importing Assets/Graphisms/Tilesets/SubTiles/Outside_2140.asset using Guid(49ed96055dc6d2b49a777c8f6e04f2ab) Importer(2089858483,b0f066a214c2f5e87bad3c948f4d605d) (ScriptedImporter) -> (artifact id: 'fc2432a3fdd5266712af7039b40b32bf') in 0.0158364 seconds
Number of updated asset objects reloaded before import = 0Number of asset objects unloaded after import = 2

========================================================================
Received Import Request.
  Time since last request: 0.000022 seconds.
  path: Assets/Graphisms/Tilesets/SubTiles/Outside_3138.asset
  artifactKey: Guid(5584909ced77abe41a506f07b41828e2) Importer(2089858483,b0f066a214c2f5e87bad3c948f4d605d)
Start importing Assets/Graphisms/Tilesets/SubTiles/Outside_3138.asset using Guid(5584909ced77abe41a506f07b41828e2) Importer(2089858483,b0f066a214c2f5e87bad3c948f4d605d) (ScriptedImporter) -> (artifact id: '29148c7b1aa715b895d4567156c03090') in 0.0089273 seconds
Number of updated asset objects reloaded before import = 0Number of asset objects unloaded after import = 2

========================================================================
Received Import Request.
  Time since last request: 0.000029 seconds.
  path: Assets/Graphisms/Tilesets/SubTiles/Outside_2468.asset
  artifactKey: Guid(29bce8eacb2994b4a8e73ea1978236f2) Importer(2089858483,b0f066a214c2f5e87bad3c948f4d605d)
Start importing Assets/Graphisms/Tilesets/SubTiles/Outside_2468.asset using Guid(29bce8eacb2994b4a8e73ea1978236f2) Importer(2089858483,b0f066a214c2f5e87bad3c948f4d605d) (ScriptedImporter) -> (artifact id: 'ce654b3b5ff12d7f2790d460279e6a27') in 0.012166 seconds
Number of updated asset objects reloaded before import = 0Number of asset objects unloaded after import = 2

========================================================================
Received Import Request.
  Time since last request: 0.000021 seconds.
  path: Assets/Graphisms/Tilesets/SubTiles/Outside_3861.asset
  artifactKey: Guid(c315f0c1595085044ba8817442aa425d) Importer(2089858483,b0f066a214c2f5e87bad3c948f4d605d)
Start importing Assets/Graphisms/Tilesets/SubTiles/Outside_3861.asset using Guid(c315f0c1595085044ba8817442aa425d) Importer(2089858483,b0f066a214c2f5e87bad3c948f4d605d) (ScriptedImporter) -> (artifact id: '10712c429383195ee67b3e191994aafd') in 0.0095823 seconds
Number of updated asset objects reloaded before import = 0Number of asset objects unloaded after import = 2

========================================================================
Received Import Request.
  Time since last request: 0.000024 seconds.
  path: Assets/Graphisms/Tilesets/SubTiles/Outside_924.asset
  artifactKey: Guid(1e1082fe076f0b342b3086dbb023e13c) Importer(2089858483,b0f066a214c2f5e87bad3c948f4d605d)
Start importing Assets/Graphisms/Tilesets/SubTiles/Outside_924.asset using Guid(1e1082fe076f0b342b3086dbb023e13c) Importer(2089858483,b0f066a214c2f5e87bad3c948f4d605d) (ScriptedImporter) -> (artifact id: 'f26615875af6fe34f623a62fe7971e18') in 0.012035 seconds
Number of updated asset objects reloaded before import = 0Number of asset objects unloaded after import = 2

========================================================================
Received Import Request.
  Time since last request: 0.000023 seconds.
  path: Assets/Graphisms/Tilesets/SubTiles/Outside_1829.asset
  artifactKey: Guid(31028ed8f56b6f6499677f5aacc350ac) Importer(2089858483,b0f066a214c2f5e87bad3c948f4d605d)
Start importing Assets/Graphisms/Tilesets/SubTiles/Outside_1829.asset using Guid(31028ed8f56b6f6499677f5aacc350ac) Importer(2089858483,b0f066a214c2f5e87bad3c948f4d605d) (ScriptedImporter) -> (artifact id: '7ad41dfb723c7b60af06c3cfbe41d00e') in 0.0117907 seconds
Number of updated asset objects reloaded before import = 0Number of asset objects unloaded after import = 2

========================================================================
Received Import Request.
  Time since last request: 0.000026 seconds.
  path: Assets/Graphisms/Tilesets/SubTiles/Outside_3729.asset
  artifactKey: Guid(97a3bea336242ff4e884ca4198ddd82b) Importer(2089858483,b0f066a214c2f5e87bad3c948f4d605d)
Start importing Assets/Graphisms/Tilesets/SubTiles/Outside_3729.asset using Guid(97a3bea336242ff4e884ca4198ddd82b) Importer(2089858483,b0f066a214c2f5e87bad3c948f4d605d) (ScriptedImporter) -> (artifact id: 'e306e9bb6128c2c85e67cb08b44180a3') in 0.0106623 seconds
Number of updated asset objects reloaded before import = 0Number of asset objects unloaded after import = 2

========================================================================
Received Import Request.
  Time since last request: 0.000031 seconds.
  path: Assets/Graphisms/Tilesets/SubTiles/Outside_2933.asset
  artifactKey: Guid(c6e584acd1a13be4c8c9f8c14f0bdd1d) Importer(2089858483,b0f066a214c2f5e87bad3c948f4d605d)
Start importing Assets/Graphisms/Tilesets/SubTiles/Outside_2933.asset using Guid(c6e584acd1a13be4c8c9f8c14f0bdd1d) Importer(2089858483,b0f066a214c2f5e87bad3c948f4d605d) (ScriptedImporter) -> (artifact id: '427d75f8b1c9a99d7b61621eab10c06d') in 0.0103706 seconds
Number of updated asset objects reloaded before import = 0Number of asset objects unloaded after import = 2

========================================================================
Received Import Request.
  Time since last request: 0.000024 seconds.
  path: Assets/Graphisms/Tilesets/SubTiles/Outside_1515.asset
  artifactKey: Guid(618e3c1961aee7d43a2b7e498356c9ae) Importer(2089858483,b0f066a214c2f5e87bad3c948f4d605d)
Start importing Assets/Graphisms/Tilesets/SubTiles/Outside_1515.asset using Guid(618e3c1961aee7d43a2b7e498356c9ae) Importer(2089858483,b0f066a214c2f5e87bad3c948f4d605d) (ScriptedImporter) -> (artifact id: 'f4ed61d5f745fcf8df6d821ab4b2370e') in 0.093497 seconds
Number of updated asset objects reloaded before import = 0Number of asset objects unloaded after import = 2

========================================================================
Received Import Request.
  Time since last request: 0.000021 seconds.
  path: Assets/Graphisms/Tilesets/SubTiles/Outside_1210.asset
  artifactKey: Guid(cf7857c90ca4d0a488efb2482724aa74) Importer(2089858483,b0f066a214c2f5e87bad3c948f4d605d)
Start importing Assets/Graphisms/Tilesets/SubTiles/Outside_1210.asset using Guid(cf7857c90ca4d0a488efb2482724aa74) Importer(2089858483,b0f066a214c2f5e87bad3c948f4d605d) (ScriptedImporter) -> (artifact id: 'bcf46c57d0712867dea4594d0568db0c') in 0.0089877 seconds
Number of updated asset objects reloaded before import = 0Number of asset objects unloaded after import = 2

========================================================================
Received Import Request.
  Time since last request: 0.000035 seconds.
  path: Assets/Graphisms/Tilesets/SubTiles/Outside_188.asset
  artifactKey: Guid(5b3af0e6b86d1e14cbf3595391e48784) Importer(2089858483,b0f066a214c2f5e87bad3c948f4d605d)
Start importing Assets/Graphisms/Tilesets/SubTiles/Outside_188.asset using Guid(5b3af0e6b86d1e14cbf3595391e48784) Importer(2089858483,b0f066a214c2f5e87bad3c948f4d605d) (ScriptedImporter) -> (artifact id: '9927fb8ddd902eece644b9ee04365e25') in 0.069886 seconds
Number of updated asset objects reloaded before import = 0Number of asset objects unloaded after import = 2

========================================================================
Received Import Request.
  Time since last request: 0.000020 seconds.
  path: Assets/Graphisms/Tilesets/SubTiles/Outside_2241.asset
  artifactKey: Guid(0f2dcb006d7c7e343b460074f0181ee1) Importer(2089858483,b0f066a214c2f5e87bad3c948f4d605d)
Start importing Assets/Graphisms/Tilesets/SubTiles/Outside_2241.asset using Guid(0f2dcb006d7c7e343b460074f0181ee1) Importer(2089858483,b0f066a214c2f5e87bad3c948f4d605d) (ScriptedImporter) -> (artifact id: 'f4001273bcd45da0cd2aa0dbe0a01e2a') in 0.0129289 seconds
Number of updated asset objects reloaded before import = 0Number of asset objects unloaded after import = 2

========================================================================
Received Import Request.
  Time since last request: 0.000023 seconds.
  path: Assets/Graphisms/Tilesets/SubTiles/Outside_1114.asset
  artifactKey: Guid(4aaa03c03714152448cd3e9a228f2cd3) Importer(2089858483,b0f066a214c2f5e87bad3c948f4d605d)
Start importing Assets/Graphisms/Tilesets/SubTiles/Outside_1114.asset using Guid(4aaa03c03714152448cd3e9a228f2cd3) Importer(2089858483,b0f066a214c2f5e87bad3c948f4d605d) (ScriptedImporter) -> (artifact id: '8758c0be3ec07efe826e498f788bf419') in 0.0513408 seconds
Number of updated asset objects reloaded before import = 0Number of asset objects unloaded after import = 2

========================================================================
Received Import Request.
  Time since last request: 0.000027 seconds.
  path: Assets/Graphisms/Tilesets/SubTiles/Outside_2586.asset
  artifactKey: Guid(1f0eee45e6266d34fa475f2cca73308e) Importer(2089858483,b0f066a214c2f5e87bad3c948f4d605d)
Start importing Assets/Graphisms/Tilesets/SubTiles/Outside_2586.asset using Guid(1f0eee45e6266d34fa475f2cca73308e) Importer(2089858483,b0f066a214c2f5e87bad3c948f4d605d) (ScriptedImporter) -> (artifact id: 'e370f44caeae0435a6746c6c9202ab16') in 0.0102555 seconds
Number of updated asset objects reloaded before import = 0Number of asset objects unloaded after import = 2

========================================================================
Received Import Request.
  Time since last request: 0.000034 seconds.
  path: Assets/Graphisms/Tilesets/SubTiles/Outside_1721.asset
  artifactKey: Guid(bf4591a5977ca634a8ea239c14f3a8d9) Importer(2089858483,b0f066a214c2f5e87bad3c948f4d605d)
Start importing Assets/Graphisms/Tilesets/SubTiles/Outside_1721.asset using Guid(bf4591a5977ca634a8ea239c14f3a8d9) Importer(2089858483,b0f066a214c2f5e87bad3c948f4d605d) (ScriptedImporter) -> (artifact id: 'cf91d965d85e85e48e37da6657eb2f76') in 0.0104523 seconds
Number of updated asset objects reloaded before import = 0Number of asset objects unloaded after import = 2

========================================================================
Received Import Request.
  Time since last request: 0.000016 seconds.
  path: Assets/Graphisms/Tilesets/SubTiles/Outside_3979.asset
  artifactKey: Guid(c2dd2e32c8740b244bb25079c0d2e36d) Importer(2089858483,b0f066a214c2f5e87bad3c948f4d605d)
Start importing Assets/Graphisms/Tilesets/SubTiles/Outside_3979.asset using Guid(c2dd2e32c8740b244bb25079c0d2e36d) Importer(2089858483,b0f066a214c2f5e87bad3c948f4d605d) (ScriptedImporter) -> (artifact id: '88ff49dd9ba94ee9dd538959e0290f26') in 0.0099052 seconds
Number of updated asset objects reloaded before import = 0Number of asset objects unloaded after import = 2

========================================================================
Received Import Request.
  Time since last request: 0.000021 seconds.
  path: Assets/Graphisms/Tilesets/SubTiles/Outside_3917.asset
  artifactKey: Guid(821873dbd53841f459758172d02e849a) Importer(2089858483,b0f066a214c2f5e87bad3c948f4d605d)
Start importing Assets/Graphisms/Tilesets/SubTiles/Outside_3917.asset using Guid(821873dbd53841f459758172d02e849a) Importer(2089858483,b0f066a214c2f5e87bad3c948f4d605d) (ScriptedImporter) -> (artifact id: 'f3c9644b1c8f59f21ee7d7df2fbe09b8') in 0.0096577 seconds
Number of updated asset objects reloaded before import = 0Number of asset objects unloaded after import = 2

========================================================================
Received Import Request.
  Time since last request: 0.000019 seconds.
  path: Assets/Graphisms/Tilesets/SubTiles/Outside_1460.asset
  artifactKey: Guid(698c539cdb02382499a212e38edbe700) Importer(2089858483,b0f066a214c2f5e87bad3c948f4d605d)
Start importing Assets/Graphisms/Tilesets/SubTiles/Outside_1460.asset using Guid(698c539cdb02382499a212e38edbe700) Importer(2089858483,b0f066a214c2f5e87bad3c948f4d605d) (ScriptedImporter) -> (artifact id: '302aa46fd4e1e8148dce13a8c972673d') in 0.0303293 seconds
Number of updated asset objects reloaded before import = 0Number of asset objects unloaded after import = 2

========================================================================
Received Import Request.
  Time since last request: 0.000049 seconds.
  path: Assets/Graphisms/Tilesets/SubTiles/Outside_2107.asset
  artifactKey: Guid(d55f6454cf85ea34fb7a592ceea6d48c) Importer(2089858483,b0f066a214c2f5e87bad3c948f4d605d)
Start importing Assets/Graphisms/Tilesets/SubTiles/Outside_2107.asset using Guid(d55f6454cf85ea34fb7a592ceea6d48c) Importer(2089858483,b0f066a214c2f5e87bad3c948f4d605d) (ScriptedImporter) -> (artifact id: '6de5ab2541d933f915fd0ed17dafec00') in 0.0101506 seconds
Number of updated asset objects reloaded before import = 0Number of asset objects unloaded after import = 2

========================================================================
Received Import Request.
  Time since last request: 0.000035 seconds.
  path: Assets/Graphisms/Tilesets/SubTiles/Outside_780.asset
  artifactKey: Guid(1cc1c8e01fecf9148955b623c572eea2) Importer(2089858483,b0f066a214c2f5e87bad3c948f4d605d)
Start importing Assets/Graphisms/Tilesets/SubTiles/Outside_780.asset using Guid(1cc1c8e01fecf9148955b623c572eea2) Importer(2089858483,b0f066a214c2f5e87bad3c948f4d605d) (ScriptedImporter) -> (artifact id: '0b1e836a5729d5f514ac36a2d92b3cb2') in 0.0153519 seconds
Number of updated asset objects reloaded before import = 0Number of asset objects unloaded after import = 2

========================================================================
Received Import Request.
  Time since last request: 0.000020 seconds.
  path: Assets/Graphisms/Tilesets/SubTiles/Outside_468.asset
  artifactKey: Guid(42c9a0598df9c174b9a5fad6c8190a76) Importer(2089858483,b0f066a214c2f5e87bad3c948f4d605d)
Start importing Assets/Graphisms/Tilesets/SubTiles/Outside_468.asset using Guid(42c9a0598df9c174b9a5fad6c8190a76) Importer(2089858483,b0f066a214c2f5e87bad3c948f4d605d) (ScriptedImporter) -> (artifact id: '6f054701a546e0eea54f79bf50b74c0f') in 0.0103439 seconds
Number of updated asset objects reloaded before import = 0Number of asset objects unloaded after import = 2

========================================================================
Received Import Request.
  Time since last request: 0.000018 seconds.
  path: Assets/Graphisms/Tilesets/SubTiles/Outside_1166.asset
  artifactKey: Guid(7a99faa3c1b83664f815a327da8ab5c3) Importer(2089858483,b0f066a214c2f5e87bad3c948f4d605d)
Start importing Assets/Graphisms/Tilesets/SubTiles/Outside_1166.asset using Guid(7a99faa3c1b83664f815a327da8ab5c3) Importer(2089858483,b0f066a214c2f5e87bad3c948f4d605d) (ScriptedImporter) -> (artifact id: 'fbab7878065f3e6ca97eeea50b088c1b') in 0.0105479 seconds
Number of updated asset objects reloaded before import = 0Number of asset objects unloaded after import = 2

========================================================================
Received Import Request.
  Time since last request: 0.000032 seconds.
  path: Assets/Graphisms/Tilesets/SubTiles/Outside_944.asset
  artifactKey: Guid(de02ab8a8adf0ac4f9889dd015fb5883) Importer(2089858483,b0f066a214c2f5e87bad3c948f4d605d)
Start importing Assets/Graphisms/Tilesets/SubTiles/Outside_944.asset using Guid(de02ab8a8adf0ac4f9889dd015fb5883) Importer(2089858483,b0f066a214c2f5e87bad3c948f4d605d) (ScriptedImporter) -> (artifact id: '3a17a6bb520f46ff7ec6b8b3f6069abf') in 0.0104176 seconds
Number of updated asset objects reloaded before import = 0Number of asset objects unloaded after import = 2

========================================================================
Received Import Request.
  Time since last request: 0.000036 seconds.
  path: Assets/Graphisms/Tilesets/SubTiles/Outside_206.asset
  artifactKey: Guid(28c1134ffd40537438fcb81ab9e30631) Importer(2089858483,b0f066a214c2f5e87bad3c948f4d605d)
Start importing Assets/Graphisms/Tilesets/SubTiles/Outside_206.asset using Guid(28c1134ffd40537438fcb81ab9e30631) Importer(2089858483,b0f066a214c2f5e87bad3c948f4d605d) (ScriptedImporter) -> (artifact id: '968ca8517b4b670414d688dbeed841fb') in 0.0369418 seconds
Number of updated asset objects reloaded before import = 0Number of asset objects unloaded after import = 2

========================================================================
Received Import Request.
  Time since last request: 0.000043 seconds.
  path: Assets/Graphisms/Tilesets/SubTiles/Outside_1775.asset
  artifactKey: Guid(4dbc4ba4eae069148b84ceafe6936d28) Importer(2089858483,b0f066a214c2f5e87bad3c948f4d605d)
Start importing Assets/Graphisms/Tilesets/SubTiles/Outside_1775.asset using Guid(4dbc4ba4eae069148b84ceafe6936d28) Importer(2089858483,b0f066a214c2f5e87bad3c948f4d605d) (ScriptedImporter) -> (artifact id: '6ff523ab1cc930cd9e343297eb4a6a64') in 0.0109433 seconds
Number of updated asset objects reloaded before import = 0Number of asset objects unloaded after import = 2

========================================================================
Received Import Request.
  Time since last request: 0.000020 seconds.
  path: Assets/Graphisms/Tilesets/SubTiles/Outside_1948.asset
  artifactKey: Guid(4243d9af4df7cb148a16a49994ac6ba2) Importer(2089858483,b0f066a214c2f5e87bad3c948f4d605d)
Start importing Assets/Graphisms/Tilesets/SubTiles/Outside_1948.asset using Guid(4243d9af4df7cb148a16a49994ac6ba2) Importer(2089858483,b0f066a214c2f5e87bad3c948f4d605d) (ScriptedImporter) -> (artifact id: '045fa943517d8ba70e7f96f50f63bb56') in 0.0091756 seconds
Number of updated asset objects reloaded before import = 0Number of asset objects unloaded after import = 2

========================================================================
Received Import Request.
  Time since last request: 0.000014 seconds.
  path: Assets/Graphisms/Tilesets/SubTiles/Outside_2697.asset
  artifactKey: Guid(430a6433d4cb19f41af200265ab90f5b) Importer(2089858483,b0f066a214c2f5e87bad3c948f4d605d)
Start importing Assets/Graphisms/Tilesets/SubTiles/Outside_2697.asset using Guid(430a6433d4cb19f41af200265ab90f5b) Importer(2089858483,b0f066a214c2f5e87bad3c948f4d605d) (ScriptedImporter) -> (artifact id: 'e156672d6e44ca7c02be364725fca8e2') in 0.0123416 seconds
Number of updated asset objects reloaded before import = 0Number of asset objects unloaded after import = 2

========================================================================
Received Import Request.
  Time since last request: 0.000041 seconds.
  path: Assets/Graphisms/Tilesets/SubTiles/Outside_3217.asset
  artifactKey: Guid(4b4b6ce3a39ac6744b8336227d06f5a6) Importer(2089858483,b0f066a214c2f5e87bad3c948f4d605d)
Start importing Assets/Graphisms/Tilesets/SubTiles/Outside_3217.asset using Guid(4b4b6ce3a39ac6744b8336227d06f5a6) Importer(2089858483,b0f066a214c2f5e87bad3c948f4d605d) (ScriptedImporter) -> (artifact id: '98513dc42299fb80f3d8197fcd1dda5f') in 0.0096473 seconds
Number of updated asset objects reloaded before import = 0Number of asset objects unloaded after import = 2

========================================================================
Received Import Request.
  Time since last request: 0.000029 seconds.
  path: Assets/Graphisms/Tilesets/SubTiles/Outside_709.asset
  artifactKey: Guid(9afc8b13962e8394abcd561c09a286a2) Importer(2089858483,b0f066a214c2f5e87bad3c948f4d605d)
Start importing Assets/Graphisms/Tilesets/SubTiles/Outside_709.asset using Guid(9afc8b13962e8394abcd561c09a286a2) Importer(2089858483,b0f066a214c2f5e87bad3c948f4d605d) (ScriptedImporter) -> (artifact id: 'd1d246e8ba499591a9c498c7d15dd2e3') in 0.0104141 seconds
Number of updated asset objects reloaded before import = 0Number of asset objects unloaded after import = 2

========================================================================
Received Import Request.
  Time since last request: 0.000054 seconds.
  path: Assets/Graphisms/Tilesets/SubTiles/Outside_593.asset
  artifactKey: Guid(55e8e0e4195e2d64d8cde4ee522b5a74) Importer(2089858483,b0f066a214c2f5e87bad3c948f4d605d)
Start importing Assets/Graphisms/Tilesets/SubTiles/Outside_593.asset using Guid(55e8e0e4195e2d64d8cde4ee522b5a74) Importer(2089858483,b0f066a214c2f5e87bad3c948f4d605d) (ScriptedImporter) -> (artifact id: '89a37ad1f646c8ca327fd788ec0a8c8b') in 0.0128279 seconds
Number of updated asset objects reloaded before import = 0Number of asset objects unloaded after import = 2

========================================================================
Received Import Request.
  Time since last request: 0.000031 seconds.
  path: Assets/Graphisms/Tilesets/SubTiles/Outside_3826.asset
  artifactKey: Guid(7bdc2bd2e88208a4fade6078193ad386) Importer(2089858483,b0f066a214c2f5e87bad3c948f4d605d)
Start importing Assets/Graphisms/Tilesets/SubTiles/Outside_3826.asset using Guid(7bdc2bd2e88208a4fade6078193ad386) Importer(2089858483,b0f066a214c2f5e87bad3c948f4d605d) (ScriptedImporter) -> (artifact id: '5f811ef5d6fabd141a0547c50f10960a') in 0.0114193 seconds
Number of updated asset objects reloaded before import = 0Number of asset objects unloaded after import = 2

========================================================================
Received Import Request.
  Time since last request: 0.000020 seconds.
  path: Assets/Graphisms/Tilesets/SubTiles/Outside_3285.asset
  artifactKey: Guid(f7aa3d429dd1f3843b57c04335ba54db) Importer(2089858483,b0f066a214c2f5e87bad3c948f4d605d)
Start importing Assets/Graphisms/Tilesets/SubTiles/Outside_3285.asset using Guid(f7aa3d429dd1f3843b57c04335ba54db) Importer(2089858483,b0f066a214c2f5e87bad3c948f4d605d) (ScriptedImporter) -> (artifact id: '8e69e6b0e4736ce473ff8482e8dc2fb8') in 0.0128895 seconds
Number of updated asset objects reloaded before import = 0Number of asset objects unloaded after import = 2

========================================================================
Received Import Request.
  Time since last request: 0.000022 seconds.
  path: Assets/Graphisms/Tilesets/SubTiles/Outside_1340.asset
  artifactKey: Guid(793ee5c5d7ddbb94c96310592ec8bdb1) Importer(2089858483,b0f066a214c2f5e87bad3c948f4d605d)
Start importing Assets/Graphisms/Tilesets/SubTiles/Outside_1340.asset using Guid(793ee5c5d7ddbb94c96310592ec8bdb1) Importer(2089858483,b0f066a214c2f5e87bad3c948f4d605d) (ScriptedImporter) -> (artifact id: '202b22e877e51be6c946da8a1e6c221e') in 0.0232743 seconds
Number of updated asset objects reloaded before import = 0Number of asset objects unloaded after import = 2

========================================================================
Received Import Request.
  Time since last request: 0.000026 seconds.
  path: Assets/Graphisms/Tilesets/SubTiles/Outside_481.asset
  artifactKey: Guid(a83024681e051c24d9dbb3acec71f636) Importer(2089858483,b0f066a214c2f5e87bad3c948f4d605d)
Start importing Assets/Graphisms/Tilesets/SubTiles/Outside_481.asset using Guid(a83024681e051c24d9dbb3acec71f636) Importer(2089858483,b0f066a214c2f5e87bad3c948f4d605d) (ScriptedImporter) -> (artifact id: '0db679a5a6ca0101b613ffa767c04327') in 0.010848 seconds
Number of updated asset objects reloaded before import = 0Number of asset objects unloaded after import = 2

========================================================================
Received Import Request.
  Time since last request: 0.000045 seconds.
  path: Assets/Graphisms/Tilesets/SubTiles/Outside_1151.asset
  artifactKey: Guid(85605d40a5e396c468f7fbead7edd35e) Importer(2089858483,b0f066a214c2f5e87bad3c948f4d605d)
Start importing Assets/Graphisms/Tilesets/SubTiles/Outside_1151.asset using Guid(85605d40a5e396c468f7fbead7edd35e) Importer(2089858483,b0f066a214c2f5e87bad3c948f4d605d) (ScriptedImporter) -> (artifact id: '5b62f23fc385724652187b78dda3ef40') in 0.0088148 seconds
Number of updated asset objects reloaded before import = 0Number of asset objects unloaded after import = 2

========================================================================
Received Import Request.
  Time since last request: 0.000024 seconds.
  path: Assets/Graphisms/Tilesets/SubTiles/Outside_1137.asset
  artifactKey: Guid(25178a9bd91e20c498a0e31977d664fe) Importer(2089858483,b0f066a214c2f5e87bad3c948f4d605d)
Start importing Assets/Graphisms/Tilesets/SubTiles/Outside_1137.asset using Guid(25178a9bd91e20c498a0e31977d664fe) Importer(2089858483,b0f066a214c2f5e87bad3c948f4d605d) (ScriptedImporter) -> (artifact id: 'e40f3ac03586f990a8dac62e79d90c2a') in 0.0088898 seconds
Number of updated asset objects reloaded before import = 0Number of asset objects unloaded after import = 2

========================================================================
Received Import Request.
  Time since last request: 0.000022 seconds.
  path: Assets/Graphisms/Tilesets/SubTiles/Outside_3426.asset
  artifactKey: Guid(5c48cde50cbc2ed4b8f9dbf7a03a9f23) Importer(2089858483,b0f066a214c2f5e87bad3c948f4d605d)
Start importing Assets/Graphisms/Tilesets/SubTiles/Outside_3426.asset using Guid(5c48cde50cbc2ed4b8f9dbf7a03a9f23) Importer(2089858483,b0f066a214c2f5e87bad3c948f4d605d) (ScriptedImporter) -> (artifact id: '6ddcff9da7e5c081c691e315d5563b95') in 0.0095894 seconds
Number of updated asset objects reloaded before import = 0Number of asset objects unloaded after import = 2

========================================================================
Received Import Request.
  Time since last request: 0.000028 seconds.
  path: Assets/Graphisms/Tilesets/SubTiles/Outside_2809.asset
  artifactKey: Guid(96596f5b2a45cf04d9fd46a0f65ec60d) Importer(2089858483,b0f066a214c2f5e87bad3c948f4d605d)
Start importing Assets/Graphisms/Tilesets/SubTiles/Outside_2809.asset using Guid(96596f5b2a45cf04d9fd46a0f65ec60d) Importer(2089858483,b0f066a214c2f5e87bad3c948f4d605d) (ScriptedImporter) -> (artifact id: '0d4aca1fc6e1f8ba874cb13123503ac0') in 0.009356 seconds
Number of updated asset objects reloaded before import = 0Number of asset objects unloaded after import = 2

========================================================================
Received Import Request.
  Time since last request: 0.000023 seconds.
  path: Assets/Graphisms/Tilesets/SubTiles/Outside_2962.asset
  artifactKey: Guid(75179c70005037048a2a9f45f59a2a44) Importer(2089858483,b0f066a214c2f5e87bad3c948f4d605d)
Start importing Assets/Graphisms/Tilesets/SubTiles/Outside_2962.asset using Guid(75179c70005037048a2a9f45f59a2a44) Importer(2089858483,b0f066a214c2f5e87bad3c948f4d605d) (ScriptedImporter) -> (artifact id: '6389f04b52b67261cd2d1afc8b5bf416') in 0.0094755 seconds
Number of updated asset objects reloaded before import = 0Number of asset objects unloaded after import = 2

========================================================================
Received Import Request.
  Time since last request: 0.000034 seconds.
  path: Assets/Graphisms/Tilesets/SubTiles/Outside_2891.asset
  artifactKey: Guid(7a3646232e3740e4b864ed7da835b1b0) Importer(2089858483,b0f066a214c2f5e87bad3c948f4d605d)
Start importing Assets/Graphisms/Tilesets/SubTiles/Outside_2891.asset using Guid(7a3646232e3740e4b864ed7da835b1b0) Importer(2089858483,b0f066a214c2f5e87bad3c948f4d605d) (ScriptedImporter) -> (artifact id: 'ab37510741821593cf9537f2ded2acbc') in 0.0097839 seconds
Number of updated asset objects reloaded before import = 0Number of asset objects unloaded after import = 2

========================================================================
Received Import Request.
  Time since last request: 0.000021 seconds.
  path: Assets/Graphisms/Tilesets/SubTiles/Outside_265.asset
  artifactKey: Guid(2a52d10506219064c9b5109e7ba997b9) Importer(2089858483,b0f066a214c2f5e87bad3c948f4d605d)
Start importing Assets/Graphisms/Tilesets/SubTiles/Outside_265.asset using Guid(2a52d10506219064c9b5109e7ba997b9) Importer(2089858483,b0f066a214c2f5e87bad3c948f4d605d) (ScriptedImporter) -> (artifact id: '2049cfa87ff259ce1ed90c9c5faea692') in 0.0116772 seconds
Number of updated asset objects reloaded before import = 0Number of asset objects unloaded after import = 2

========================================================================
Received Import Request.
  Time since last request: 0.000026 seconds.
  path: Assets/Graphisms/Tilesets/SubTiles/Outside_3100.asset
  artifactKey: Guid(ec176489ec066e8428cc9c9094aa72b1) Importer(2089858483,b0f066a214c2f5e87bad3c948f4d605d)
Start importing Assets/Graphisms/Tilesets/SubTiles/Outside_3100.asset using Guid(ec176489ec066e8428cc9c9094aa72b1) Importer(2089858483,b0f066a214c2f5e87bad3c948f4d605d) (ScriptedImporter) -> (artifact id: '59d9c96d9b4756f69b12fc01a2e50f6d') in 0.0104141 seconds
Number of updated asset objects reloaded before import = 0Number of asset objects unloaded after import = 2

========================================================================
Received Import Request.
  Time since last request: 0.000031 seconds.
  path: Assets/Graphisms/Tilesets/SubTiles/Outside_752.asset
  artifactKey: Guid(0441244e11ad4fe44969ee1cb7e22548) Importer(2089858483,b0f066a214c2f5e87bad3c948f4d605d)
Start importing Assets/Graphisms/Tilesets/SubTiles/Outside_752.asset using Guid(0441244e11ad4fe44969ee1cb7e22548) Importer(2089858483,b0f066a214c2f5e87bad3c948f4d605d) (ScriptedImporter) -> (artifact id: 'f10a6534234f91fc8c65a55c119d6a41') in 0.0141468 seconds
Number of updated asset objects reloaded before import = 0Number of asset objects unloaded after import = 2

========================================================================
Received Import Request.
  Time since last request: 0.000023 seconds.
  path: Assets/Graphisms/Tilesets/SubTiles/Outside_3213.asset
  artifactKey: Guid(66aebbb17c6e0ab48aaf611b606fbd75) Importer(2089858483,b0f066a214c2f5e87bad3c948f4d605d)
Start importing Assets/Graphisms/Tilesets/SubTiles/Outside_3213.asset using Guid(66aebbb17c6e0ab48aaf611b606fbd75) Importer(2089858483,b0f066a214c2f5e87bad3c948f4d605d) (ScriptedImporter) -> (artifact id: '6561d87a5ba6b2370bd58eb5b59e4b94') in 0.010986 seconds
Number of updated asset objects reloaded before import = 0Number of asset objects unloaded after import = 2

========================================================================
Received Import Request.
  Time since last request: 0.000034 seconds.
  path: Assets/Graphisms/Tilesets/SubTiles/Outside_2179.asset
  artifactKey: Guid(30cc313a163f39c419e92416bf12683e) Importer(2089858483,b0f066a214c2f5e87bad3c948f4d605d)
Start importing Assets/Graphisms/Tilesets/SubTiles/Outside_2179.asset using Guid(30cc313a163f39c419e92416bf12683e) Importer(2089858483,b0f066a214c2f5e87bad3c948f4d605d) (ScriptedImporter) -> (artifact id: '6dce145fe14aa851bc968981e235264a') in 0.0112809 seconds
Number of updated asset objects reloaded before import = 0Number of asset objects unloaded after import = 2

========================================================================
Received Import Request.
  Time since last request: 0.000034 seconds.
  path: Assets/Graphisms/Tilesets/SubTiles/Outside_3268.asset
  artifactKey: Guid(97d2afec43768e347b4bf27c03c93d44) Importer(2089858483,b0f066a214c2f5e87bad3c948f4d605d)
Start importing Assets/Graphisms/Tilesets/SubTiles/Outside_3268.asset using Guid(97d2afec43768e347b4bf27c03c93d44) Importer(2089858483,b0f066a214c2f5e87bad3c948f4d605d) (ScriptedImporter) -> (artifact id: 'c4b0b6adac07a824ecf8f0aae920f361') in 0.0097386 seconds
Number of updated asset objects reloaded before import = 0Number of asset objects unloaded after import = 2

========================================================================
Received Import Request.
  Time since last request: 0.000018 seconds.
  path: Assets/Graphisms/Tilesets/SubTiles/Outside_2965.asset
  artifactKey: Guid(259a61108da8a2048aaa431066651daf) Importer(2089858483,b0f066a214c2f5e87bad3c948f4d605d)
Start importing Assets/Graphisms/Tilesets/SubTiles/Outside_2965.asset using Guid(259a61108da8a2048aaa431066651daf) Importer(2089858483,b0f066a214c2f5e87bad3c948f4d605d) (ScriptedImporter) -> (artifact id: '8c0b78dac135995c6eaa8f975087dbf2') in 0.0099845 seconds
Number of updated asset objects reloaded before import = 0Number of asset objects unloaded after import = 2

========================================================================
Received Import Request.
  Time since last request: 0.000020 seconds.
  path: Assets/Graphisms/Tilesets/SubTiles/Outside_878.asset
  artifactKey: Guid(7e0e976852de14641b60a47e78324c31) Importer(2089858483,b0f066a214c2f5e87bad3c948f4d605d)
Start importing Assets/Graphisms/Tilesets/SubTiles/Outside_878.asset using Guid(7e0e976852de14641b60a47e78324c31) Importer(2089858483,b0f066a214c2f5e87bad3c948f4d605d) (ScriptedImporter) -> (artifact id: 'fc1dd1f3e306f4e855f738c755452e60') in 0.0089967 seconds
Number of updated asset objects reloaded before import = 0Number of asset objects unloaded after import = 2

========================================================================
Received Import Request.
  Time since last request: 0.000029 seconds.
  path: Assets/Graphisms/Tilesets/SubTiles/Outside_1803.asset
  artifactKey: Guid(3fa4658a6b94bbe4f90d8bad321b7682) Importer(2089858483,b0f066a214c2f5e87bad3c948f4d605d)
Start importing Assets/Graphisms/Tilesets/SubTiles/Outside_1803.asset using Guid(3fa4658a6b94bbe4f90d8bad321b7682) Importer(2089858483,b0f066a214c2f5e87bad3c948f4d605d) (ScriptedImporter) -> (artifact id: 'cb658abb102f906c703da0f899f46eaa') in 0.0109615 seconds
Number of updated asset objects reloaded before import = 0Number of asset objects unloaded after import = 2

========================================================================
Received Import Request.
  Time since last request: 0.000075 seconds.
  path: Assets/Graphisms/Tilesets/SubTiles/Outside_1326.asset
  artifactKey: Guid(0132d6e097dc70b43a6106a3c2e288aa) Importer(2089858483,b0f066a214c2f5e87bad3c948f4d605d)
Start importing Assets/Graphisms/Tilesets/SubTiles/Outside_1326.asset using Guid(0132d6e097dc70b43a6106a3c2e288aa) Importer(2089858483,b0f066a214c2f5e87bad3c948f4d605d) (ScriptedImporter) -> (artifact id: '2628da744d6da4b8add698bde11e4596') in 0.0095365 seconds
Number of updated asset objects reloaded before import = 0Number of asset objects unloaded after import = 2

========================================================================
Received Import Request.
  Time since last request: 0.000024 seconds.
  path: Assets/Graphisms/Tilesets/SubTiles/Outside_2411.asset
  artifactKey: Guid(fa850fc8dcb01b843b62d2fff600bb0c) Importer(2089858483,b0f066a214c2f5e87bad3c948f4d605d)
Start importing Assets/Graphisms/Tilesets/SubTiles/Outside_2411.asset using Guid(fa850fc8dcb01b843b62d2fff600bb0c) Importer(2089858483,b0f066a214c2f5e87bad3c948f4d605d) (ScriptedImporter) -> (artifact id: 'ecd7395d97d49a10b7aa3d0f5fec516b') in 0.0105525 seconds
Number of updated asset objects reloaded before import = 0Number of asset objects unloaded after import = 2

========================================================================
Received Import Request.
  Time since last request: 0.000018 seconds.
  path: Assets/Graphisms/Tilesets/SubTiles/Outside_1879.asset
  artifactKey: Guid(7955e1dd8bed29747bc478f04d3a60d9) Importer(2089858483,b0f066a214c2f5e87bad3c948f4d605d)
Start importing Assets/Graphisms/Tilesets/SubTiles/Outside_1879.asset using Guid(7955e1dd8bed29747bc478f04d3a60d9) Importer(2089858483,b0f066a214c2f5e87bad3c948f4d605d) (ScriptedImporter) -> (artifact id: '183e9a71fbde6bbf2ef5752f01fbf70d') in 0.0089889 seconds
Number of updated asset objects reloaded before import = 0Number of asset objects unloaded after import = 2

========================================================================
Received Import Request.
  Time since last request: 0.000019 seconds.
  path: Assets/Graphisms/Tilesets/SubTiles/Outside_3895.asset
  artifactKey: Guid(73fe8ed65f79ade4d80bcd83b98e55c4) Importer(2089858483,b0f066a214c2f5e87bad3c948f4d605d)
Start importing Assets/Graphisms/Tilesets/SubTiles/Outside_3895.asset using Guid(73fe8ed65f79ade4d80bcd83b98e55c4) Importer(2089858483,b0f066a214c2f5e87bad3c948f4d605d) (ScriptedImporter) -> (artifact id: '04629b6149b2380e192eacbefc318ea2') in 0.0093566 seconds
Number of updated asset objects reloaded before import = 0Number of asset objects unloaded after import = 2

========================================================================
Received Import Request.
  Time since last request: 0.000026 seconds.
  path: Assets/Graphisms/Tilesets/SubTiles/Outside_788.asset
  artifactKey: Guid(74248bb1fc90ddc499ac60b710140c52) Importer(2089858483,b0f066a214c2f5e87bad3c948f4d605d)
Start importing Assets/Graphisms/Tilesets/SubTiles/Outside_788.asset using Guid(74248bb1fc90ddc499ac60b710140c52) Importer(2089858483,b0f066a214c2f5e87bad3c948f4d605d) (ScriptedImporter) -> (artifact id: 'df66ef5fdb573f9e93109ee3967dcb98') in 0.010114 seconds
Number of updated asset objects reloaded before import = 0Number of asset objects unloaded after import = 2

========================================================================
Received Import Request.
  Time since last request: 0.000032 seconds.
  path: Assets/Graphisms/Tilesets/SubTiles/Outside_1330.asset
  artifactKey: Guid(cdf2a55ae7920a1478ff013664486c3d) Importer(2089858483,b0f066a214c2f5e87bad3c948f4d605d)
Start importing Assets/Graphisms/Tilesets/SubTiles/Outside_1330.asset using Guid(cdf2a55ae7920a1478ff013664486c3d) Importer(2089858483,b0f066a214c2f5e87bad3c948f4d605d) (ScriptedImporter) -> (artifact id: 'c475c0bb164fc1a7ce723553c6b93693') in 0.0104015 seconds
Number of updated asset objects reloaded before import = 0Number of asset objects unloaded after import = 2

========================================================================
Received Import Request.
  Time since last request: 0.000033 seconds.
  path: Assets/Graphisms/Tilesets/SubTiles/Outside_1247.asset
  artifactKey: Guid(231036ebe02b54e4b95531e60e82119c) Importer(2089858483,b0f066a214c2f5e87bad3c948f4d605d)
Start importing Assets/Graphisms/Tilesets/SubTiles/Outside_1247.asset using Guid(231036ebe02b54e4b95531e60e82119c) Importer(2089858483,b0f066a214c2f5e87bad3c948f4d605d) (ScriptedImporter) -> (artifact id: 'a1b3d1c56dc8730cbd426d9984f1e8b3') in 0.0266982 seconds
Number of updated asset objects reloaded before import = 0Number of asset objects unloaded after import = 2

========================================================================
Received Import Request.
  Time since last request: 0.000024 seconds.
  path: Assets/Graphisms/Tilesets/SubTiles/Outside_3312.asset
  artifactKey: Guid(03d149022d8cb6f4887e9c8ed2423495) Importer(2089858483,b0f066a214c2f5e87bad3c948f4d605d)
Start importing Assets/Graphisms/Tilesets/SubTiles/Outside_3312.asset using Guid(03d149022d8cb6f4887e9c8ed2423495) Importer(2089858483,b0f066a214c2f5e87bad3c948f4d605d) (ScriptedImporter) -> (artifact id: '77682a0b472e238ffc77d446be5c2d5b') in 0.0095072 seconds
Number of updated asset objects reloaded before import = 0Number of asset objects unloaded after import = 2

========================================================================
Received Import Request.
  Time since last request: 0.000044 seconds.
  path: Assets/Graphisms/Tilesets/SubTiles/Outside_1588.asset
  artifactKey: Guid(522a3e0ee37d81c488ddf6649815a469) Importer(2089858483,b0f066a214c2f5e87bad3c948f4d605d)
Start importing Assets/Graphisms/Tilesets/SubTiles/Outside_1588.asset using Guid(522a3e0ee37d81c488ddf6649815a469) Importer(2089858483,b0f066a214c2f5e87bad3c948f4d605d) (ScriptedImporter) -> (artifact id: '8acc826afdec18e1eb018338dafe6142') in 0.011817 seconds
Number of updated asset objects reloaded before import = 0Number of asset objects unloaded after import = 2

========================================================================
Received Import Request.
  Time since last request: 0.000040 seconds.
  path: Assets/Graphisms/Tilesets/SubTiles/Outside_1497.asset
  artifactKey: Guid(865387e68682b43458308f9dbe6ce937) Importer(2089858483,b0f066a214c2f5e87bad3c948f4d605d)
Start importing Assets/Graphisms/Tilesets/SubTiles/Outside_1497.asset using Guid(865387e68682b43458308f9dbe6ce937) Importer(2089858483,b0f066a214c2f5e87bad3c948f4d605d) (ScriptedImporter) -> (artifact id: '654edb3ead5171fa6419357bf6e0a513') in 0.0101855 seconds
Number of updated asset objects reloaded before import = 0Number of asset objects unloaded after import = 2

========================================================================
Received Import Request.
  Time since last request: 0.000022 seconds.
  path: Assets/Graphisms/Tilesets/SubTiles/Outside_3963.asset
  artifactKey: Guid(85eb044fbf18e3e45b74e15634031763) Importer(2089858483,b0f066a214c2f5e87bad3c948f4d605d)
Start importing Assets/Graphisms/Tilesets/SubTiles/Outside_3963.asset using Guid(85eb044fbf18e3e45b74e15634031763) Importer(2089858483,b0f066a214c2f5e87bad3c948f4d605d) (ScriptedImporter) -> (artifact id: '5662f1298a6cde5a4e200c0160775252') in 0.0095062 seconds
Number of updated asset objects reloaded before import = 0Number of asset objects unloaded after import = 2

========================================================================
Received Import Request.
  Time since last request: 0.000024 seconds.
  path: Assets/Graphisms/Tilesets/SubTiles/Outside_2052.asset
  artifactKey: Guid(52f57b76b35937746af561bbb5438594) Importer(2089858483,b0f066a214c2f5e87bad3c948f4d605d)
Start importing Assets/Graphisms/Tilesets/SubTiles/Outside_2052.asset using Guid(52f57b76b35937746af561bbb5438594) Importer(2089858483,b0f066a214c2f5e87bad3c948f4d605d) (ScriptedImporter) -> (artifact id: '1162be133e8ac13e55a9b3f3170c0d72') in 0.0151053 seconds
Number of updated asset objects reloaded before import = 0Number of asset objects unloaded after import = 2

========================================================================
Received Import Request.
  Time since last request: 0.000027 seconds.
  path: Assets/Graphisms/Tilesets/SubTiles/Outside_3612.asset
  artifactKey: Guid(df0bf63da336eca47af86d5764e83652) Importer(2089858483,b0f066a214c2f5e87bad3c948f4d605d)
Start importing Assets/Graphisms/Tilesets/SubTiles/Outside_3612.asset using Guid(df0bf63da336eca47af86d5764e83652) Importer(2089858483,b0f066a214c2f5e87bad3c948f4d605d) (ScriptedImporter) -> (artifact id: '4c38cf58932ba9bc701a506e850d5c4c') in 0.0100866 seconds
Number of updated asset objects reloaded before import = 0Number of asset objects unloaded after import = 2

========================================================================
Received Import Request.
  Time since last request: 0.000023 seconds.
  path: Assets/Graphisms/Tilesets/SubTiles/Outside_354.asset
  artifactKey: Guid(db3c62e97774f8f45a5146929d5b5acf) Importer(2089858483,b0f066a214c2f5e87bad3c948f4d605d)
Start importing Assets/Graphisms/Tilesets/SubTiles/Outside_354.asset using Guid(db3c62e97774f8f45a5146929d5b5acf) Importer(2089858483,b0f066a214c2f5e87bad3c948f4d605d) (ScriptedImporter) -> (artifact id: '15cfddcb7bce21fa1dd211b7f302c91e') in 0.0098621 seconds
Number of updated asset objects reloaded before import = 0Number of asset objects unloaded after import = 2

========================================================================
Received Import Request.
  Time since last request: 0.000032 seconds.
  path: Assets/Graphisms/Tilesets/SubTiles/Outside_2096.asset
  artifactKey: Guid(e3ca150bfaab1e64d8f5f62f9044bd7c) Importer(2089858483,b0f066a214c2f5e87bad3c948f4d605d)
Start importing Assets/Graphisms/Tilesets/SubTiles/Outside_2096.asset using Guid(e3ca150bfaab1e64d8f5f62f9044bd7c) Importer(2089858483,b0f066a214c2f5e87bad3c948f4d605d) (ScriptedImporter) -> (artifact id: 'b567a73480e11d3f68fc576f5ba6b0c8') in 0.0358083 seconds
Number of updated asset objects reloaded before import = 0Number of asset objects unloaded after import = 2

========================================================================
Received Import Request.
  Time since last request: 0.000025 seconds.
  path: Assets/Graphisms/Tilesets/SubTiles/Outside_3569.asset
  artifactKey: Guid(2efd154ce7b15f44dba953e59aec4f18) Importer(2089858483,b0f066a214c2f5e87bad3c948f4d605d)
Start importing Assets/Graphisms/Tilesets/SubTiles/Outside_3569.asset using Guid(2efd154ce7b15f44dba953e59aec4f18) Importer(2089858483,b0f066a214c2f5e87bad3c948f4d605d) (ScriptedImporter) -> (artifact id: '5035836f1ee679ca0fde51e1588eba58') in 0.0089361 seconds
Number of updated asset objects reloaded before import = 0Number of asset objects unloaded after import = 2

========================================================================
Received Import Request.
  Time since last request: 0.000022 seconds.
  path: Assets/Graphisms/Tilesets/SubTiles/Outside_2347.asset
  artifactKey: Guid(65e7e071520036e46993b9026b8f3d84) Importer(2089858483,b0f066a214c2f5e87bad3c948f4d605d)
Start importing Assets/Graphisms/Tilesets/SubTiles/Outside_2347.asset using Guid(65e7e071520036e46993b9026b8f3d84) Importer(2089858483,b0f066a214c2f5e87bad3c948f4d605d) (ScriptedImporter) -> (artifact id: 'd2fd052fca853fd403202ca6722482fd') in 0.0112279 seconds
Number of updated asset objects reloaded before import = 0Number of asset objects unloaded after import = 2

========================================================================
Received Import Request.
  Time since last request: 0.000030 seconds.
  path: Assets/Graphisms/Tilesets/SubTiles/Outside_3935.asset
  artifactKey: Guid(d99870c9a0d01bb409d8ee84ddaa84bf) Importer(2089858483,b0f066a214c2f5e87bad3c948f4d605d)
Start importing Assets/Graphisms/Tilesets/SubTiles/Outside_3935.asset using Guid(d99870c9a0d01bb409d8ee84ddaa84bf) Importer(2089858483,b0f066a214c2f5e87bad3c948f4d605d) (ScriptedImporter) -> (artifact id: '2257bbe6202bdbff56c4d45edfec88e8') in 0.0103469 seconds
Number of updated asset objects reloaded before import = 0Number of asset objects unloaded after import = 2

========================================================================
Received Import Request.
  Time since last request: 0.000037 seconds.
  path: Assets/Graphisms/Tilesets/SubTiles/Outside_2432.asset
  artifactKey: Guid(7c1f0fab48fb8964f9ff887e3cd17d6b) Importer(2089858483,b0f066a214c2f5e87bad3c948f4d605d)
Start importing Assets/Graphisms/Tilesets/SubTiles/Outside_2432.asset using Guid(7c1f0fab48fb8964f9ff887e3cd17d6b) Importer(2089858483,b0f066a214c2f5e87bad3c948f4d605d) (ScriptedImporter) -> (artifact id: 'd4ca751f181aa54264e4ad979f429abe') in 0.0101577 seconds
Number of updated asset objects reloaded before import = 0Number of asset objects unloaded after import = 2

========================================================================
Received Import Request.
  Time since last request: 0.000047 seconds.
  path: Assets/Graphisms/Tilesets/SubTiles/Outside_2683.asset
  artifactKey: Guid(a59e447539008fc4a87bcaaa28ea6fd2) Importer(2089858483,b0f066a214c2f5e87bad3c948f4d605d)
Start importing Assets/Graphisms/Tilesets/SubTiles/Outside_2683.asset using Guid(a59e447539008fc4a87bcaaa28ea6fd2) Importer(2089858483,b0f066a214c2f5e87bad3c948f4d605d) (ScriptedImporter) -> (artifact id: '7a8a3ee9fb74d84c92073a1eccecd20d') in 0.0154897 seconds
Number of updated asset objects reloaded before import = 0Number of asset objects unloaded after import = 2

========================================================================
Received Import Request.
  Time since last request: 0.000020 seconds.
  path: Assets/Graphisms/Tilesets/SubTiles/Outside_1286.asset
  artifactKey: Guid(d4d864ebd93276e4aa18a96d05c5db4b) Importer(2089858483,b0f066a214c2f5e87bad3c948f4d605d)
Start importing Assets/Graphisms/Tilesets/SubTiles/Outside_1286.asset using Guid(d4d864ebd93276e4aa18a96d05c5db4b) Importer(2089858483,b0f066a214c2f5e87bad3c948f4d605d) (ScriptedImporter) -> (artifact id: 'ee9a23c9a9f69e1532117eae4e11b4ae') in 0.0092751 seconds
Number of updated asset objects reloaded before import = 0Number of asset objects unloaded after import = 2

========================================================================
Received Import Request.
  Time since last request: 0.000020 seconds.
  path: Assets/Graphisms/Tilesets/SubTiles/Outside_635.asset
  artifactKey: Guid(16a087bbf9767fe4b98f59a1c976b997) Importer(2089858483,b0f066a214c2f5e87bad3c948f4d605d)
Start importing Assets/Graphisms/Tilesets/SubTiles/Outside_635.asset using Guid(16a087bbf9767fe4b98f59a1c976b997) Importer(2089858483,b0f066a214c2f5e87bad3c948f4d605d) (ScriptedImporter) -> (artifact id: '6b55cf3c57144b542a834d5fbc40efd7') in 0.0110411 seconds
Number of updated asset objects reloaded before import = 0Number of asset objects unloaded after import = 2

========================================================================
Received Import Request.
  Time since last request: 0.000036 seconds.
  path: Assets/Graphisms/Tilesets/SubTiles/Outside_1639.asset
  artifactKey: Guid(db14d2cedfb91824f87cbc5734dcdd81) Importer(2089858483,b0f066a214c2f5e87bad3c948f4d605d)
Start importing Assets/Graphisms/Tilesets/SubTiles/Outside_1639.asset using Guid(db14d2cedfb91824f87cbc5734dcdd81) Importer(2089858483,b0f066a214c2f5e87bad3c948f4d605d) (ScriptedImporter) -> (artifact id: 'b8e0e9b89d4675375336b1415c4ce07d') in 0.010077 seconds
Number of updated asset objects reloaded before import = 0Number of asset objects unloaded after import = 2

========================================================================
Received Import Request.
  Time since last request: 0.000033 seconds.
  path: Assets/Graphisms/Tilesets/SubTiles/Outside_1077.asset
  artifactKey: Guid(19eba8cf71d02c1488509ed1937f4696) Importer(2089858483,b0f066a214c2f5e87bad3c948f4d605d)
Start importing Assets/Graphisms/Tilesets/SubTiles/Outside_1077.asset using Guid(19eba8cf71d02c1488509ed1937f4696) Importer(2089858483,b0f066a214c2f5e87bad3c948f4d605d) (ScriptedImporter) -> (artifact id: '3af177894b72d4f9b0b4e89bf5b9f8d5') in 0.0207464 seconds
Number of updated asset objects reloaded before import = 0Number of asset objects unloaded after import = 2

========================================================================
Received Import Request.
  Time since last request: 0.000020 seconds.
  path: Assets/Graphisms/Tilesets/SubTiles/Outside_436.asset
  artifactKey: Guid(d2291d78f480aef41ba977a1c4e7f967) Importer(2089858483,b0f066a214c2f5e87bad3c948f4d605d)
Start importing Assets/Graphisms/Tilesets/SubTiles/Outside_436.asset using Guid(d2291d78f480aef41ba977a1c4e7f967) Importer(2089858483,b0f066a214c2f5e87bad3c948f4d605d) (ScriptedImporter) -> (artifact id: '6ea112880eb09b51769c12f387c82b32') in 0.0114107 seconds
Number of updated asset objects reloaded before import = 0Number of asset objects unloaded after import = 2

========================================================================
Received Import Request.
  Time since last request: 0.000016 seconds.
  path: Assets/Graphisms/Tilesets/SubTiles/Outside_2901.asset
  artifactKey: Guid(a2fc4f34097b8444883b2b04cba408ed) Importer(2089858483,b0f066a214c2f5e87bad3c948f4d605d)
Start importing Assets/Graphisms/Tilesets/SubTiles/Outside_2901.asset using Guid(a2fc4f34097b8444883b2b04cba408ed) Importer(2089858483,b0f066a214c2f5e87bad3c948f4d605d) (ScriptedImporter) -> (artifact id: 'e39bcc6e9561ab4f4435520c08ffa9cf') in 0.0106992 seconds
Number of updated asset objects reloaded before import = 0Number of asset objects unloaded after import = 2

========================================================================
Received Import Request.
  Time since last request: 0.000022 seconds.
  path: Assets/Graphisms/Tilesets/SubTiles/Outside_524.asset
  artifactKey: Guid(f4e22f7ab60a0e246869c3b51633741c) Importer(2089858483,b0f066a214c2f5e87bad3c948f4d605d)
Start importing Assets/Graphisms/Tilesets/SubTiles/Outside_524.asset using Guid(f4e22f7ab60a0e246869c3b51633741c) Importer(2089858483,b0f066a214c2f5e87bad3c948f4d605d) (ScriptedImporter) -> (artifact id: 'a955222cf2df3950e0e83d795986c9f1') in 0.0184106 seconds
Number of updated asset objects reloaded before import = 0Number of asset objects unloaded after import = 2

========================================================================
Received Import Request.
  Time since last request: 0.000026 seconds.
  path: Assets/Graphisms/Tilesets/SubTiles/Outside_949.asset
  artifactKey: Guid(94d77f3bb14881a4badc59aa94ea9c82) Importer(2089858483,b0f066a214c2f5e87bad3c948f4d605d)
Start importing Assets/Graphisms/Tilesets/SubTiles/Outside_949.asset using Guid(94d77f3bb14881a4badc59aa94ea9c82) Importer(2089858483,b0f066a214c2f5e87bad3c948f4d605d) (ScriptedImporter) -> (artifact id: 'a2770f12727e9a3e41c84c19cb5c94f4') in 0.0106658 seconds
Number of updated asset objects reloaded before import = 0Number of asset objects unloaded after import = 2

========================================================================
Received Import Request.
  Time since last request: 0.000031 seconds.
  path: Assets/Graphisms/Tilesets/SubTiles/Outside_3421.asset
  artifactKey: Guid(6185f136bf78bee49957f94af2856e69) Importer(2089858483,b0f066a214c2f5e87bad3c948f4d605d)
Start importing Assets/Graphisms/Tilesets/SubTiles/Outside_3421.asset using Guid(6185f136bf78bee49957f94af2856e69) Importer(2089858483,b0f066a214c2f5e87bad3c948f4d605d) (ScriptedImporter) -> (artifact id: '9995d89d28642567cd918330108ff870') in 0.0109472 seconds
Number of updated asset objects reloaded before import = 0Number of asset objects unloaded after import = 2

========================================================================
Received Import Request.
  Time since last request: 0.000022 seconds.
  path: Assets/Graphisms/Tilesets/SubTiles/Outside_3639.asset
  artifactKey: Guid(abef867fdbce9c541b41a62e3bbf23ec) Importer(2089858483,b0f066a214c2f5e87bad3c948f4d605d)
Start importing Assets/Graphisms/Tilesets/SubTiles/Outside_3639.asset using Guid(abef867fdbce9c541b41a62e3bbf23ec) Importer(2089858483,b0f066a214c2f5e87bad3c948f4d605d) (ScriptedImporter) -> (artifact id: 'ec7baa5b62968577d75f80aafd7d16a8') in 0.019878 seconds
Number of updated asset objects reloaded before import = 0Number of asset objects unloaded after import = 2

========================================================================
Received Import Request.
  Time since last request: 0.000021 seconds.
  path: Assets/Graphisms/Tilesets/SubTiles/Outside_2923.asset
  artifactKey: Guid(e6515d02fd413054fb25e82cb4aa9c34) Importer(2089858483,b0f066a214c2f5e87bad3c948f4d605d)
Start importing Assets/Graphisms/Tilesets/SubTiles/Outside_2923.asset using Guid(e6515d02fd413054fb25e82cb4aa9c34) Importer(2089858483,b0f066a214c2f5e87bad3c948f4d605d) (ScriptedImporter) -> (artifact id: '413c5233bef42debf728be4912d92501') in 0.0087194 seconds
Number of updated asset objects reloaded before import = 0Number of asset objects unloaded after import = 2

========================================================================
Received Import Request.
  Time since last request: 0.000020 seconds.
  path: Assets/Graphisms/Tilesets/SubTiles/Outside_2529.asset
  artifactKey: Guid(62be0515425d8824095210f3c3dbf0e7) Importer(2089858483,b0f066a214c2f5e87bad3c948f4d605d)
Start importing Assets/Graphisms/Tilesets/SubTiles/Outside_2529.asset using Guid(62be0515425d8824095210f3c3dbf0e7) Importer(2089858483,b0f066a214c2f5e87bad3c948f4d605d) (ScriptedImporter) -> (artifact id: '851b19179caa6081b73d2a8f05141083') in 0.0108526 seconds
Number of updated asset objects reloaded before import = 0Number of asset objects unloaded after import = 2

========================================================================
Received Import Request.
  Time since last request: 0.000022 seconds.
  path: Assets/Graphisms/Tilesets/SubTiles/Outside_2460.asset
  artifactKey: Guid(a416193c6d67a4b4d96c452a272a7685) Importer(2089858483,b0f066a214c2f5e87bad3c948f4d605d)
Start importing Assets/Graphisms/Tilesets/SubTiles/Outside_2460.asset using Guid(a416193c6d67a4b4d96c452a272a7685) Importer(2089858483,b0f066a214c2f5e87bad3c948f4d605d) (ScriptedImporter) -> (artifact id: '78b288fd3c5ce04182e5661d0cd193f4') in 0.0111784 seconds
Number of updated asset objects reloaded before import = 0Number of asset objects unloaded after import = 2

========================================================================
Received Import Request.
  Time since last request: 0.000039 seconds.
  path: Assets/Graphisms/Tilesets/SubTiles/Outside_440.asset
  artifactKey: Guid(6faee93580ddcf6439bfe256c1c79277) Importer(2089858483,b0f066a214c2f5e87bad3c948f4d605d)
Start importing Assets/Graphisms/Tilesets/SubTiles/Outside_440.asset using Guid(6faee93580ddcf6439bfe256c1c79277) Importer(2089858483,b0f066a214c2f5e87bad3c948f4d605d) (ScriptedImporter) -> (artifact id: '7e958e78050eb425bb0daa3a1028f586') in 0.0107925 seconds
Number of updated asset objects reloaded before import = 0Number of asset objects unloaded after import = 2

========================================================================
Received Import Request.
  Time since last request: 0.000035 seconds.
  path: Assets/Graphisms/Tilesets/SubTiles/Outside_1103.asset
  artifactKey: Guid(21fa3e73ddb53ab4998d1527c4cae4f5) Importer(2089858483,b0f066a214c2f5e87bad3c948f4d605d)
Start importing Assets/Graphisms/Tilesets/SubTiles/Outside_1103.asset using Guid(21fa3e73ddb53ab4998d1527c4cae4f5) Importer(2089858483,b0f066a214c2f5e87bad3c948f4d605d) (ScriptedImporter) -> (artifact id: 'f746b0f6268a06cea8e488577c34c69d') in 0.0112524 seconds
Number of updated asset objects reloaded before import = 0Number of asset objects unloaded after import = 2

========================================================================
Received Import Request.
  Time since last request: 0.000026 seconds.
  path: Assets/Graphisms/Tilesets/SubTiles/Outside_2839.asset
  artifactKey: Guid(e793f6d89e1a87040a6938830b8744f4) Importer(2089858483,b0f066a214c2f5e87bad3c948f4d605d)
Start importing Assets/Graphisms/Tilesets/SubTiles/Outside_2839.asset using Guid(e793f6d89e1a87040a6938830b8744f4) Importer(2089858483,b0f066a214c2f5e87bad3c948f4d605d) (ScriptedImporter) -> (artifact id: 'fbf9405b21ad8c2df3499c95c1bee95a') in 0.011188 seconds
Number of updated asset objects reloaded before import = 0Number of asset objects unloaded after import = 2

========================================================================
Received Import Request.
  Time since last request: 0.000022 seconds.
  path: Assets/Graphisms/Tilesets/SubTiles/Outside_3572.asset
  artifactKey: Guid(6693b76805c6b0b448c12e2b27439a1d) Importer(2089858483,b0f066a214c2f5e87bad3c948f4d605d)
Start importing Assets/Graphisms/Tilesets/SubTiles/Outside_3572.asset using Guid(6693b76805c6b0b448c12e2b27439a1d) Importer(2089858483,b0f066a214c2f5e87bad3c948f4d605d) (ScriptedImporter) -> (artifact id: '87368807c2fb3719cf3dedbc0cd92faa') in 0.0095934 seconds
Number of updated asset objects reloaded before import = 0Number of asset objects unloaded after import = 2

========================================================================
Received Import Request.
  Time since last request: 0.000020 seconds.
  path: Assets/Graphisms/Tilesets/SubTiles/Outside_3571.asset
  artifactKey: Guid(b3b8f3b5502ccb84f9dc99e9b4232b01) Importer(2089858483,b0f066a214c2f5e87bad3c948f4d605d)
Start importing Assets/Graphisms/Tilesets/SubTiles/Outside_3571.asset using Guid(b3b8f3b5502ccb84f9dc99e9b4232b01) Importer(2089858483,b0f066a214c2f5e87bad3c948f4d605d) (ScriptedImporter) -> (artifact id: 'caadfb84d0ee6705e2561a79c6272507') in 0.0091623 seconds
Number of updated asset objects reloaded before import = 0Number of asset objects unloaded after import = 2

========================================================================
Received Import Request.
  Time since last request: 0.000060 seconds.
  path: Assets/Graphisms/Tilesets/SubTiles/Outside_1375.asset
  artifactKey: Guid(74aa1dfe6edcf3f4982728259f2a5135) Importer(2089858483,b0f066a214c2f5e87bad3c948f4d605d)
Start importing Assets/Graphisms/Tilesets/SubTiles/Outside_1375.asset using Guid(74aa1dfe6edcf3f4982728259f2a5135) Importer(2089858483,b0f066a214c2f5e87bad3c948f4d605d) (ScriptedImporter) -> (artifact id: 'a695ee311d98d3d0b9c631a3e3d59b40') in 0.0105286 seconds
Number of updated asset objects reloaded before import = 0Number of asset objects unloaded after import = 2

========================================================================
Received Import Request.
  Time since last request: 0.000019 seconds.
  path: Assets/Graphisms/Tilesets/SubTiles/Outside_133.asset
  artifactKey: Guid(0298dd1757783aa4d81486d1b37ba544) Importer(2089858483,b0f066a214c2f5e87bad3c948f4d605d)
Start importing Assets/Graphisms/Tilesets/SubTiles/Outside_133.asset using Guid(0298dd1757783aa4d81486d1b37ba544) Importer(2089858483,b0f066a214c2f5e87bad3c948f4d605d) (ScriptedImporter) -> (artifact id: 'f12e09f21b20c4e5b0f9c21850014642') in 0.0105751 seconds
Number of updated asset objects reloaded before import = 0Number of asset objects unloaded after import = 2

========================================================================
Received Import Request.
  Time since last request: 0.000023 seconds.
  path: Assets/Graphisms/Tilesets/SubTiles/Outside_414.asset
  artifactKey: Guid(8092323d9a6afc142b12a131fcfb7c1f) Importer(2089858483,b0f066a214c2f5e87bad3c948f4d605d)
Start importing Assets/Graphisms/Tilesets/SubTiles/Outside_414.asset using Guid(8092323d9a6afc142b12a131fcfb7c1f) Importer(2089858483,b0f066a214c2f5e87bad3c948f4d605d) (ScriptedImporter) -> (artifact id: 'a748f28b597edcd63f33e41ea0cb96c3') in 0.0098112 seconds
Number of updated asset objects reloaded before import = 0Number of asset objects unloaded after import = 2

========================================================================
Received Import Request.
  Time since last request: 0.000037 seconds.
  path: Assets/Graphisms/Tilesets/SubTiles/Outside_3973.asset
  artifactKey: Guid(d6da70cfc07bc714b8a9868c043299f1) Importer(2089858483,b0f066a214c2f5e87bad3c948f4d605d)
Start importing Assets/Graphisms/Tilesets/SubTiles/Outside_3973.asset using Guid(d6da70cfc07bc714b8a9868c043299f1) Importer(2089858483,b0f066a214c2f5e87bad3c948f4d605d) (ScriptedImporter) -> (artifact id: 'b8b0f761376f7688debd59859aa16ba0') in 0.0112281 seconds
Number of updated asset objects reloaded before import = 0Number of asset objects unloaded after import = 2

========================================================================
Received Import Request.
  Time since last request: 0.000027 seconds.
  path: Assets/Graphisms/Tilesets/SubTiles/Outside_3463.asset
  artifactKey: Guid(283264b1fd2448c43996d023a404f47d) Importer(2089858483,b0f066a214c2f5e87bad3c948f4d605d)
Start importing Assets/Graphisms/Tilesets/SubTiles/Outside_3463.asset using Guid(283264b1fd2448c43996d023a404f47d) Importer(2089858483,b0f066a214c2f5e87bad3c948f4d605d) (ScriptedImporter) -> (artifact id: 'eb889868eb89fb71d9bc0f2081f04d6c') in 0.0187504 seconds
Number of updated asset objects reloaded before import = 0Number of asset objects unloaded after import = 2

========================================================================
Received Import Request.
  Time since last request: 0.000045 seconds.
  path: Assets/Graphisms/Tilesets/SubTiles/Outside_288.asset
  artifactKey: Guid(c5b18cd566577a74387c70587e88ccd5) Importer(2089858483,b0f066a214c2f5e87bad3c948f4d605d)
Start importing Assets/Graphisms/Tilesets/SubTiles/Outside_288.asset using Guid(c5b18cd566577a74387c70587e88ccd5) Importer(2089858483,b0f066a214c2f5e87bad3c948f4d605d) (ScriptedImporter) -> (artifact id: '0e60ffe4ef570c322aaa12b27eb462a7') in 0.0092412 seconds
Number of updated asset objects reloaded before import = 0Number of asset objects unloaded after import = 2

========================================================================
Received Import Request.
  Time since last request: 0.000022 seconds.
  path: Assets/Graphisms/Tilesets/SubTiles/Outside_2621.asset
  artifactKey: Guid(4abb99c5123afb64d99c95b26e187e93) Importer(2089858483,b0f066a214c2f5e87bad3c948f4d605d)
Start importing Assets/Graphisms/Tilesets/SubTiles/Outside_2621.asset using Guid(4abb99c5123afb64d99c95b26e187e93) Importer(2089858483,b0f066a214c2f5e87bad3c948f4d605d) (ScriptedImporter) -> (artifact id: 'ca694d7403677b60d7ecef51824b4f20') in 0.0088498 seconds
Number of updated asset objects reloaded before import = 0Number of asset objects unloaded after import = 2

========================================================================
Received Import Request.
  Time since last request: 0.000020 seconds.
  path: Assets/Graphisms/Tilesets/SubTiles/Outside_2177.asset
  artifactKey: Guid(1f26b4a167c7d8643b9f530acee79459) Importer(2089858483,b0f066a214c2f5e87bad3c948f4d605d)
Start importing Assets/Graphisms/Tilesets/SubTiles/Outside_2177.asset using Guid(1f26b4a167c7d8643b9f530acee79459) Importer(2089858483,b0f066a214c2f5e87bad3c948f4d605d) (ScriptedImporter) -> (artifact id: 'e6630465f9df41b931397d979ac72007') in 0.0111775 seconds
Number of updated asset objects reloaded before import = 0Number of asset objects unloaded after import = 2

========================================================================
Received Import Request.
  Time since last request: 0.000021 seconds.
  path: Assets/Graphisms/Tilesets/SubTiles/Outside_1292.asset
  artifactKey: Guid(636956b5ffcd90943aa401e3bce96ccc) Importer(2089858483,b0f066a214c2f5e87bad3c948f4d605d)
Start importing Assets/Graphisms/Tilesets/SubTiles/Outside_1292.asset using Guid(636956b5ffcd90943aa401e3bce96ccc) Importer(2089858483,b0f066a214c2f5e87bad3c948f4d605d) (ScriptedImporter) -> (artifact id: '1a0bf2eba6f7cfab191133cbfeda361d') in 0.0097005 seconds
Number of updated asset objects reloaded before import = 0Number of asset objects unloaded after import = 2

========================================================================
Received Import Request.
  Time since last request: 0.000024 seconds.
  path: Assets/Graphisms/Tilesets/SubTiles/Outside_689.asset
  artifactKey: Guid(284ffd81811b7df41847782a06190980) Importer(2089858483,b0f066a214c2f5e87bad3c948f4d605d)
Start importing Assets/Graphisms/Tilesets/SubTiles/Outside_689.asset using Guid(284ffd81811b7df41847782a06190980) Importer(2089858483,b0f066a214c2f5e87bad3c948f4d605d) (ScriptedImporter) -> (artifact id: '078a27e6af533d8c32eb6002373a1385') in 0.0106267 seconds
Number of updated asset objects reloaded before import = 0Number of asset objects unloaded after import = 2

========================================================================
Received Import Request.
  Time since last request: 0.000031 seconds.
  path: Assets/Graphisms/Tilesets/SubTiles/Outside_3053.asset
  artifactKey: Guid(da4913e70bfde35489ae31dea8466804) Importer(2089858483,b0f066a214c2f5e87bad3c948f4d605d)
Start importing Assets/Graphisms/Tilesets/SubTiles/Outside_3053.asset using Guid(da4913e70bfde35489ae31dea8466804) Importer(2089858483,b0f066a214c2f5e87bad3c948f4d605d) (ScriptedImporter) -> (artifact id: '4fa3469d1200449e1bb4dfb9217c6cb8') in 0.0109579 seconds
Number of updated asset objects reloaded before import = 0Number of asset objects unloaded after import = 2

========================================================================
Received Import Request.
  Time since last request: 0.000027 seconds.
  path: Assets/Graphisms/Tilesets/SubTiles/Outside_1779.asset
  artifactKey: Guid(eb5ab71f0eae7d2488937b35d381c6fb) Importer(2089858483,b0f066a214c2f5e87bad3c948f4d605d)
Start importing Assets/Graphisms/Tilesets/SubTiles/Outside_1779.asset using Guid(eb5ab71f0eae7d2488937b35d381c6fb) Importer(2089858483,b0f066a214c2f5e87bad3c948f4d605d) (ScriptedImporter) -> (artifact id: '7a3333319ede2144f8f987cf7d045cde') in 0.0125294 seconds
Number of updated asset objects reloaded before import = 0Number of asset objects unloaded after import = 2

========================================================================
Received Import Request.
  Time since last request: 0.000019 seconds.
  path: Assets/Graphisms/Tilesets/SubTiles/Outside_1664.asset
  artifactKey: Guid(a33e96912a4b9c543b5b72dbef17c7ed) Importer(2089858483,b0f066a214c2f5e87bad3c948f4d605d)
Start importing Assets/Graphisms/Tilesets/SubTiles/Outside_1664.asset using Guid(a33e96912a4b9c543b5b72dbef17c7ed) Importer(2089858483,b0f066a214c2f5e87bad3c948f4d605d) (ScriptedImporter) -> (artifact id: 'b893f56422b917a39734488219ef215e') in 0.009564 seconds
Number of updated asset objects reloaded before import = 0Number of asset objects unloaded after import = 2

========================================================================
Received Import Request.
  Time since last request: 0.000027 seconds.
  path: Assets/Graphisms/Tilesets/SubTiles/Outside_3110.asset
  artifactKey: Guid(6addaeaa5177c20468d787af54ca3b56) Importer(2089858483,b0f066a214c2f5e87bad3c948f4d605d)
Start importing Assets/Graphisms/Tilesets/SubTiles/Outside_3110.asset using Guid(6addaeaa5177c20468d787af54ca3b56) Importer(2089858483,b0f066a214c2f5e87bad3c948f4d605d) (ScriptedImporter) -> (artifact id: '4e7e9fb5129b09e132e0377e12515556') in 0.0101137 seconds
Number of updated asset objects reloaded before import = 0Number of asset objects unloaded after import = 2

========================================================================
Received Import Request.
  Time since last request: 0.000024 seconds.
  path: Assets/Graphisms/Tilesets/SubTiles/Outside_435.asset
  artifactKey: Guid(d70eb9eda076b3940a1a98011fad55cd) Importer(2089858483,b0f066a214c2f5e87bad3c948f4d605d)
Start importing Assets/Graphisms/Tilesets/SubTiles/Outside_435.asset using Guid(d70eb9eda076b3940a1a98011fad55cd) Importer(2089858483,b0f066a214c2f5e87bad3c948f4d605d) (ScriptedImporter) -> (artifact id: '8035011f473ed3a01476b5c5b2a83452') in 0.0110782 seconds
Number of updated asset objects reloaded before import = 0Number of asset objects unloaded after import = 2

========================================================================
Received Import Request.
  Time since last request: 0.000039 seconds.
  path: Assets/Graphisms/Tilesets/SubTiles/Outside_1424.asset
  artifactKey: Guid(6de9cc820bf58a94485fbf79565da82a) Importer(2089858483,b0f066a214c2f5e87bad3c948f4d605d)
Start importing Assets/Graphisms/Tilesets/SubTiles/Outside_1424.asset using Guid(6de9cc820bf58a94485fbf79565da82a) Importer(2089858483,b0f066a214c2f5e87bad3c948f4d605d) (ScriptedImporter) -> (artifact id: '278ac7a77bc6e4ffc1f3abe6a6094755') in 0.1057079 seconds
Number of updated asset objects reloaded before import = 0Number of asset objects unloaded after import = 2

========================================================================
Received Import Request.
  Time since last request: 0.000024 seconds.
  path: Assets/Graphisms/Tilesets/SubTiles/Outside_2847.asset
  artifactKey: Guid(cc28817da4db2d44e9470b7a44123c41) Importer(2089858483,b0f066a214c2f5e87bad3c948f4d605d)
Start importing Assets/Graphisms/Tilesets/SubTiles/Outside_2847.asset using Guid(cc28817da4db2d44e9470b7a44123c41) Importer(2089858483,b0f066a214c2f5e87bad3c948f4d605d) (ScriptedImporter) -> (artifact id: '4d92cdb242f0ac41e6e4933ca7146b02') in 0.010147 seconds
Number of updated asset objects reloaded before import = 0Number of asset objects unloaded after import = 2

========================================================================
Received Import Request.
  Time since last request: 0.000023 seconds.
  path: Assets/Graphisms/Tilesets/SubTiles/Outside_2633.asset
  artifactKey: Guid(84adda80ed1b7a2448cd2192f739d3a8) Importer(2089858483,b0f066a214c2f5e87bad3c948f4d605d)
Start importing Assets/Graphisms/Tilesets/SubTiles/Outside_2633.asset using Guid(84adda80ed1b7a2448cd2192f739d3a8) Importer(2089858483,b0f066a214c2f5e87bad3c948f4d605d) (ScriptedImporter) -> (artifact id: '576f0f7de7b6f8101e3a03fb88433454') in 0.0097838 seconds
Number of updated asset objects reloaded before import = 0Number of asset objects unloaded after import = 2

========================================================================
Received Import Request.
  Time since last request: 0.000037 seconds.
  path: Assets/Graphisms/Tilesets/SubTiles/Outside_237.asset
  artifactKey: Guid(60c12faf37a472c40a17615d0196dbaa) Importer(2089858483,b0f066a214c2f5e87bad3c948f4d605d)
Start importing Assets/Graphisms/Tilesets/SubTiles/Outside_237.asset using Guid(60c12faf37a472c40a17615d0196dbaa) Importer(2089858483,b0f066a214c2f5e87bad3c948f4d605d) (ScriptedImporter) -> (artifact id: 'e07401c23fdfd76faa40eacab2b66514') in 0.0098162 seconds
Number of updated asset objects reloaded before import = 0Number of asset objects unloaded after import = 2

========================================================================
Received Import Request.
  Time since last request: 0.000026 seconds.
  path: Assets/Graphisms/Tilesets/SubTiles/Outside_219.asset
  artifactKey: Guid(ac44fef2c34992b4fb3ceeeab2fb9b9d) Importer(2089858483,b0f066a214c2f5e87bad3c948f4d605d)
Start importing Assets/Graphisms/Tilesets/SubTiles/Outside_219.asset using Guid(ac44fef2c34992b4fb3ceeeab2fb9b9d) Importer(2089858483,b0f066a214c2f5e87bad3c948f4d605d) (ScriptedImporter) -> (artifact id: '222dd94325624a455f3b4313dbe9ef42') in 0.0122703 seconds
Number of updated asset objects reloaded before import = 0Number of asset objects unloaded after import = 2

========================================================================
Received Import Request.
  Time since last request: 0.000024 seconds.
  path: Assets/Graphisms/Tilesets/SubTiles/Outside_2161.asset
  artifactKey: Guid(899da91fe614a0d44b41244e7378642f) Importer(2089858483,b0f066a214c2f5e87bad3c948f4d605d)
Start importing Assets/Graphisms/Tilesets/SubTiles/Outside_2161.asset using Guid(899da91fe614a0d44b41244e7378642f) Importer(2089858483,b0f066a214c2f5e87bad3c948f4d605d) (ScriptedImporter) -> (artifact id: 'bb598e7db21be0d91ad061ff444fb76a') in 0.0120177 seconds
Number of updated asset objects reloaded before import = 0Number of asset objects unloaded after import = 2

========================================================================
Received Import Request.
  Time since last request: 0.000023 seconds.
  path: Assets/Graphisms/Tilesets/SubTiles/Outside_3014.asset
  artifactKey: Guid(ea4c60d6c9d8586408d3036318b2726f) Importer(2089858483,b0f066a214c2f5e87bad3c948f4d605d)
Start importing Assets/Graphisms/Tilesets/SubTiles/Outside_3014.asset using Guid(ea4c60d6c9d8586408d3036318b2726f) Importer(2089858483,b0f066a214c2f5e87bad3c948f4d605d) (ScriptedImporter) -> (artifact id: '1dbce2933e0be78118ec87678a592ebd') in 0.0142891 seconds
Number of updated asset objects reloaded before import = 0Number of asset objects unloaded after import = 2

========================================================================
Received Import Request.
  Time since last request: 0.000028 seconds.
  path: Assets/Graphisms/Tilesets/SubTiles/Outside_1347.asset
  artifactKey: Guid(cfca77c6b678b8b4098931bdcfe237f2) Importer(2089858483,b0f066a214c2f5e87bad3c948f4d605d)
Start importing Assets/Graphisms/Tilesets/SubTiles/Outside_1347.asset using Guid(cfca77c6b678b8b4098931bdcfe237f2) Importer(2089858483,b0f066a214c2f5e87bad3c948f4d605d) (ScriptedImporter) -> (artifact id: 'd8a709ced9e19d6cb1bf7fa2c817dba5') in 0.0101409 seconds
Number of updated asset objects reloaded before import = 0Number of asset objects unloaded after import = 2

========================================================================
Received Import Request.
  Time since last request: 0.000033 seconds.
  path: Assets/Graphisms/Tilesets/SubTiles/Outside_2378.asset
  artifactKey: Guid(8d10898f7893b0a47825e5804e1643d2) Importer(2089858483,b0f066a214c2f5e87bad3c948f4d605d)
Start importing Assets/Graphisms/Tilesets/SubTiles/Outside_2378.asset using Guid(8d10898f7893b0a47825e5804e1643d2) Importer(2089858483,b0f066a214c2f5e87bad3c948f4d605d) (ScriptedImporter) -> (artifact id: '3e07922420a323848bb7e6fc83762a69') in 0.0123579 seconds
Number of updated asset objects reloaded before import = 0Number of asset objects unloaded after import = 2

========================================================================
Received Import Request.
  Time since last request: 0.000043 seconds.
  path: Assets/Graphisms/Tilesets/SubTiles/Outside_1407.asset
  artifactKey: Guid(d82ed978a6d035549a81397a0c6d7d42) Importer(2089858483,b0f066a214c2f5e87bad3c948f4d605d)
Start importing Assets/Graphisms/Tilesets/SubTiles/Outside_1407.asset using Guid(d82ed978a6d035549a81397a0c6d7d42) Importer(2089858483,b0f066a214c2f5e87bad3c948f4d605d) (ScriptedImporter) -> (artifact id: '8b71f0f9005d7bed6865401c54dde6c6') in 0.0114056 seconds
Number of updated asset objects reloaded before import = 0Number of asset objects unloaded after import = 2

========================================================================
Received Import Request.
  Time since last request: 0.000021 seconds.
  path: Assets/Graphisms/Tilesets/SubTiles/Outside_2588.asset
  artifactKey: Guid(71a1be9c733f70b47b0b8ddfc2969cd8) Importer(2089858483,b0f066a214c2f5e87bad3c948f4d605d)
Start importing Assets/Graphisms/Tilesets/SubTiles/Outside_2588.asset using Guid(71a1be9c733f70b47b0b8ddfc2969cd8) Importer(2089858483,b0f066a214c2f5e87bad3c948f4d605d) (ScriptedImporter) -> (artifact id: '7d982de9e90fc63d61f1e677c5e9d1fa') in 0.0105887 seconds
Number of updated asset objects reloaded before import = 0Number of asset objects unloaded after import = 2

========================================================================
Received Import Request.
  Time since last request: 0.000030 seconds.
  path: Assets/Graphisms/Tilesets/SubTiles/Outside_981.asset
  artifactKey: Guid(1167bf148e815d74fbf7580eb678da32) Importer(2089858483,b0f066a214c2f5e87bad3c948f4d605d)
Start importing Assets/Graphisms/Tilesets/SubTiles/Outside_981.asset using Guid(1167bf148e815d74fbf7580eb678da32) Importer(2089858483,b0f066a214c2f5e87bad3c948f4d605d) (ScriptedImporter) -> (artifact id: 'ee2655c2ddbb9eed4ab55c4dfb2a7a52') in 0.0145154 seconds
Number of updated asset objects reloaded before import = 0Number of asset objects unloaded after import = 2

========================================================================
Received Import Request.
  Time since last request: 0.000034 seconds.
  path: Assets/Graphisms/Tilesets/SubTiles/Outside_857.asset
  artifactKey: Guid(6482ae1d48bf4094b95991ff39e87c73) Importer(2089858483,b0f066a214c2f5e87bad3c948f4d605d)
Start importing Assets/Graphisms/Tilesets/SubTiles/Outside_857.asset using Guid(6482ae1d48bf4094b95991ff39e87c73) Importer(2089858483,b0f066a214c2f5e87bad3c948f4d605d) (ScriptedImporter) -> (artifact id: 'a98d37b1a86f4cf2515298d80c7f1838') in 0.0104093 seconds
Number of updated asset objects reloaded before import = 0Number of asset objects unloaded after import = 2

========================================================================
Received Import Request.
  Time since last request: 0.000063 seconds.
  path: Assets/Graphisms/Tilesets/SubTiles/Outside_3427.asset
  artifactKey: Guid(89d4c7e1f077e554887f1e97ba26d507) Importer(2089858483,b0f066a214c2f5e87bad3c948f4d605d)
Start importing Assets/Graphisms/Tilesets/SubTiles/Outside_3427.asset using Guid(89d4c7e1f077e554887f1e97ba26d507) Importer(2089858483,b0f066a214c2f5e87bad3c948f4d605d) (ScriptedImporter) -> (artifact id: '4640edc786fe744f8e0e1036eff98f68') in 0.0125514 seconds
Number of updated asset objects reloaded before import = 0Number of asset objects unloaded after import = 2

========================================================================
Received Import Request.
  Time since last request: 0.000018 seconds.
  path: Assets/Graphisms/Tilesets/SubTiles/Outside_1680.asset
  artifactKey: Guid(4e70b0909bddd204999c38725fce795b) Importer(2089858483,b0f066a214c2f5e87bad3c948f4d605d)
Start importing Assets/Graphisms/Tilesets/SubTiles/Outside_1680.asset using Guid(4e70b0909bddd204999c38725fce795b) Importer(2089858483,b0f066a214c2f5e87bad3c948f4d605d) (ScriptedImporter) -> (artifact id: '816941ae300b641a48835efc88618cd0') in 0.0099748 seconds
Number of updated asset objects reloaded before import = 0Number of asset objects unloaded after import = 2

========================================================================
Received Import Request.
  Time since last request: 0.000018 seconds.
  path: Assets/Graphisms/Tilesets/SubTiles/Outside_2565.asset
  artifactKey: Guid(41d3daaca77a7a642bf3bd0af61f0c95) Importer(2089858483,b0f066a214c2f5e87bad3c948f4d605d)
Start importing Assets/Graphisms/Tilesets/SubTiles/Outside_2565.asset using Guid(41d3daaca77a7a642bf3bd0af61f0c95) Importer(2089858483,b0f066a214c2f5e87bad3c948f4d605d) (ScriptedImporter) -> (artifact id: 'da0503eb05c6ffda7867da58effba521') in 0.014498 seconds
Number of updated asset objects reloaded before import = 0Number of asset objects unloaded after import = 2

========================================================================
Received Import Request.
  Time since last request: 0.000042 seconds.
  path: Assets/Graphisms/Tilesets/SubTiles/Outside_3047.asset
  artifactKey: Guid(1dd314cb0d9d6b348ac2e717bb926b61) Importer(2089858483,b0f066a214c2f5e87bad3c948f4d605d)
Start importing Assets/Graphisms/Tilesets/SubTiles/Outside_3047.asset using Guid(1dd314cb0d9d6b348ac2e717bb926b61) Importer(2089858483,b0f066a214c2f5e87bad3c948f4d605d) (ScriptedImporter) -> (artifact id: '22c480f7710d19c780dcdbe6a02cbfef') in 0.0095318 seconds
Number of updated asset objects reloaded before import = 0Number of asset objects unloaded after import = 2

========================================================================
Received Import Request.
  Time since last request: 0.000034 seconds.
  path: Assets/Graphisms/Tilesets/SubTiles/Outside_3013.asset
  artifactKey: Guid(178c49861b4177547a859a60aa751716) Importer(2089858483,b0f066a214c2f5e87bad3c948f4d605d)
Start importing Assets/Graphisms/Tilesets/SubTiles/Outside_3013.asset using Guid(178c49861b4177547a859a60aa751716) Importer(2089858483,b0f066a214c2f5e87bad3c948f4d605d) (ScriptedImporter) -> (artifact id: 'dc29016f21f55fc8a86774668b9900fe') in 0.010997 seconds
Number of updated asset objects reloaded before import = 0Number of asset objects unloaded after import = 2

========================================================================
Received Import Request.
  Time since last request: 0.000031 seconds.
  path: Assets/Graphisms/Tilesets/SubTiles/Outside_2820.asset
  artifactKey: Guid(e0ed4ff09ba96a2449250bb25addc23f) Importer(2089858483,b0f066a214c2f5e87bad3c948f4d605d)
Start importing Assets/Graphisms/Tilesets/SubTiles/Outside_2820.asset using Guid(e0ed4ff09ba96a2449250bb25addc23f) Importer(2089858483,b0f066a214c2f5e87bad3c948f4d605d) (ScriptedImporter) -> (artifact id: '1cc3994d335795b031e49be67f32aaa9') in 0.009469 seconds
Number of updated asset objects reloaded before import = 0Number of asset objects unloaded after import = 2

========================================================================
Received Import Request.
  Time since last request: 0.000027 seconds.
  path: Assets/Graphisms/Tilesets/SubTiles/Outside_1549.asset
  artifactKey: Guid(d84d0ead1a695bd42a1383c21833967a) Importer(2089858483,b0f066a214c2f5e87bad3c948f4d605d)
Start importing Assets/Graphisms/Tilesets/SubTiles/Outside_1549.asset using Guid(d84d0ead1a695bd42a1383c21833967a) Importer(2089858483,b0f066a214c2f5e87bad3c948f4d605d) (ScriptedImporter) -> (artifact id: 'c2f6f8cf2d70609bcf64658173519e4d') in 0.0096212 seconds
Number of updated asset objects reloaded before import = 0Number of asset objects unloaded after import = 2

========================================================================
Received Import Request.
  Time since last request: 0.000031 seconds.
  path: Assets/Graphisms/Tilesets/SubTiles/Outside_3037.asset
  artifactKey: Guid(6c4b8d465fa23d243851e33539c4343a) Importer(2089858483,b0f066a214c2f5e87bad3c948f4d605d)
Start importing Assets/Graphisms/Tilesets/SubTiles/Outside_3037.asset using Guid(6c4b8d465fa23d243851e33539c4343a) Importer(2089858483,b0f066a214c2f5e87bad3c948f4d605d) (ScriptedImporter) -> (artifact id: '8adad61801efc7c33710c8a8ee69ab6f') in 0.0106161 seconds
Number of updated asset objects reloaded before import = 0Number of asset objects unloaded after import = 2

========================================================================
Received Import Request.
  Time since last request: 0.000028 seconds.
  path: Assets/Graphisms/Tilesets/SubTiles/Outside_597.asset
  artifactKey: Guid(611a3fd7a2733f44c8829ca960651aa9) Importer(2089858483,b0f066a214c2f5e87bad3c948f4d605d)
Start importing Assets/Graphisms/Tilesets/SubTiles/Outside_597.asset using Guid(611a3fd7a2733f44c8829ca960651aa9) Importer(2089858483,b0f066a214c2f5e87bad3c948f4d605d) (ScriptedImporter) -> (artifact id: '693f9113c6c583af6adbdd596c4cf5ff') in 0.0135543 seconds
Number of updated asset objects reloaded before import = 0Number of asset objects unloaded after import = 2

========================================================================
Received Import Request.
  Time since last request: 0.000022 seconds.
  path: Assets/Graphisms/Tilesets/SubTiles/Outside_159.asset
  artifactKey: Guid(3287d63584f5c124ba810d2a4460d29d) Importer(2089858483,b0f066a214c2f5e87bad3c948f4d605d)
Start importing Assets/Graphisms/Tilesets/SubTiles/Outside_159.asset using Guid(3287d63584f5c124ba810d2a4460d29d) Importer(2089858483,b0f066a214c2f5e87bad3c948f4d605d) (ScriptedImporter) -> (artifact id: '837a810dde6c64135a8c877293843d5c') in 0.0092199 seconds
Number of updated asset objects reloaded before import = 0Number of asset objects unloaded after import = 2

========================================================================
Received Import Request.
  Time since last request: 0.000038 seconds.
  path: Assets/Graphisms/Tilesets/SubTiles/Outside_653.asset
  artifactKey: Guid(038b67049f2771144a96e2ee837750cf) Importer(2089858483,b0f066a214c2f5e87bad3c948f4d605d)
Start importing Assets/Graphisms/Tilesets/SubTiles/Outside_653.asset using Guid(038b67049f2771144a96e2ee837750cf) Importer(2089858483,b0f066a214c2f5e87bad3c948f4d605d) (ScriptedImporter) -> (artifact id: '10cdd068948f2d282e778299ca9df600') in 0.0095021 seconds
Number of updated asset objects reloaded before import = 0Number of asset objects unloaded after import = 2

========================================================================
Received Import Request.
  Time since last request: 0.000019 seconds.
  path: Assets/Graphisms/Tilesets/SubTiles/Outside_4007.asset
  artifactKey: Guid(35dc1bdf48f9897439f0fa46e508fdc0) Importer(2089858483,b0f066a214c2f5e87bad3c948f4d605d)
Start importing Assets/Graphisms/Tilesets/SubTiles/Outside_4007.asset using Guid(35dc1bdf48f9897439f0fa46e508fdc0) Importer(2089858483,b0f066a214c2f5e87bad3c948f4d605d) (ScriptedImporter) -> (artifact id: '9cab21c3668837d733b9804098b848fc') in 0.010084 seconds
Number of updated asset objects reloaded before import = 0Number of asset objects unloaded after import = 2

========================================================================
Received Import Request.
  Time since last request: 0.000030 seconds.
  path: Assets/Graphisms/Tilesets/SubTiles/Outside_2591.asset
  artifactKey: Guid(4d7f522cfa805b84a95a48f1eb20d2af) Importer(2089858483,b0f066a214c2f5e87bad3c948f4d605d)
Start importing Assets/Graphisms/Tilesets/SubTiles/Outside_2591.asset using Guid(4d7f522cfa805b84a95a48f1eb20d2af) Importer(2089858483,b0f066a214c2f5e87bad3c948f4d605d) (ScriptedImporter) -> (artifact id: '4c2f47c01fe1d8aa85e2ee0224df828d') in 0.0103594 seconds
Number of updated asset objects reloaded before import = 0Number of asset objects unloaded after import = 2

========================================================================
Received Import Request.
  Time since last request: 0.000020 seconds.
  path: Assets/Graphisms/Tilesets/SubTiles/Outside_2774.asset
  artifactKey: Guid(1bdfd0789b7ece24b951aa6e056d5c98) Importer(2089858483,b0f066a214c2f5e87bad3c948f4d605d)
Start importing Assets/Graphisms/Tilesets/SubTiles/Outside_2774.asset using Guid(1bdfd0789b7ece24b951aa6e056d5c98) Importer(2089858483,b0f066a214c2f5e87bad3c948f4d605d) (ScriptedImporter) -> (artifact id: '27f264f74599056e45925f0000c9cf59') in 0.0110274 seconds
Number of updated asset objects reloaded before import = 0Number of asset objects unloaded after import = 2

========================================================================
Received Import Request.
  Time since last request: 0.000026 seconds.
  path: Assets/Graphisms/Tilesets/SubTiles/Outside_3041.asset
  artifactKey: Guid(5c478c79294270345b4571bf9d5dbf79) Importer(2089858483,b0f066a214c2f5e87bad3c948f4d605d)
Start importing Assets/Graphisms/Tilesets/SubTiles/Outside_3041.asset using Guid(5c478c79294270345b4571bf9d5dbf79) Importer(2089858483,b0f066a214c2f5e87bad3c948f4d605d) (ScriptedImporter) -> (artifact id: '698946d12ebd11bfb8cf9e9f5b7efbe7') in 0.0092317 seconds
Number of updated asset objects reloaded before import = 0Number of asset objects unloaded after import = 2

========================================================================
Received Import Request.
  Time since last request: 0.000040 seconds.
  path: Assets/Graphisms/Tilesets/SubTiles/Outside_1390.asset
  artifactKey: Guid(ff6c50d0ed4e6b9419f5485c025f84b1) Importer(2089858483,b0f066a214c2f5e87bad3c948f4d605d)
Start importing Assets/Graphisms/Tilesets/SubTiles/Outside_1390.asset using Guid(ff6c50d0ed4e6b9419f5485c025f84b1) Importer(2089858483,b0f066a214c2f5e87bad3c948f4d605d) (ScriptedImporter) -> (artifact id: 'd1aa3b9d4dcac94851723ffb8e086f4b') in 0.0097916 seconds
Number of updated asset objects reloaded before import = 0Number of asset objects unloaded after import = 2

========================================================================
Received Import Request.
  Time since last request: 0.000050 seconds.
  path: Assets/Graphisms/Tilesets/SubTiles/Outside_2822.asset
  artifactKey: Guid(76ce84209ccfb2b4d8fa26c18ce44d36) Importer(2089858483,b0f066a214c2f5e87bad3c948f4d605d)
Start importing Assets/Graphisms/Tilesets/SubTiles/Outside_2822.asset using Guid(76ce84209ccfb2b4d8fa26c18ce44d36) Importer(2089858483,b0f066a214c2f5e87bad3c948f4d605d) (ScriptedImporter) -> (artifact id: '432d423d19707971dcba86ff2fda0fb4') in 0.0108587 seconds
Number of updated asset objects reloaded before import = 0Number of asset objects unloaded after import = 2

========================================================================
Received Import Request.
  Time since last request: 0.000018 seconds.
  path: Assets/Graphisms/Tilesets/SubTiles/Outside_1893.asset
  artifactKey: Guid(6f57936859e8b1244905d740a9438cb0) Importer(2089858483,b0f066a214c2f5e87bad3c948f4d605d)
Start importing Assets/Graphisms/Tilesets/SubTiles/Outside_1893.asset using Guid(6f57936859e8b1244905d740a9438cb0) Importer(2089858483,b0f066a214c2f5e87bad3c948f4d605d) (ScriptedImporter) -> (artifact id: 'e92cff2aed05aa910a753f61039abe17') in 0.0097849 seconds
Number of updated asset objects reloaded before import = 0Number of asset objects unloaded after import = 2

========================================================================
Received Import Request.
  Time since last request: 0.000021 seconds.
  path: Assets/Graphisms/Tilesets/SubTiles/Outside_2227.asset
  artifactKey: Guid(f302ab2e23858234bb142b96349f4cf0) Importer(2089858483,b0f066a214c2f5e87bad3c948f4d605d)
Start importing Assets/Graphisms/Tilesets/SubTiles/Outside_2227.asset using Guid(f302ab2e23858234bb142b96349f4cf0) Importer(2089858483,b0f066a214c2f5e87bad3c948f4d605d) (ScriptedImporter) -> (artifact id: '765f5e1280cd54645851ede0f18a1a62') in 0.0095953 seconds
Number of updated asset objects reloaded before import = 0Number of asset objects unloaded after import = 2

========================================================================
Received Import Request.
  Time since last request: 0.000027 seconds.
  path: Assets/Graphisms/Tilesets/SubTiles/Outside_2044.asset
  artifactKey: Guid(496134e9dbcfdfd469c80adba0ad90f4) Importer(2089858483,b0f066a214c2f5e87bad3c948f4d605d)
Start importing Assets/Graphisms/Tilesets/SubTiles/Outside_2044.asset using Guid(496134e9dbcfdfd469c80adba0ad90f4) Importer(2089858483,b0f066a214c2f5e87bad3c948f4d605d) (ScriptedImporter) -> (artifact id: 'd7921b4b13f537333b73ea2d6d3d661b') in 0.0105129 seconds
Number of updated asset objects reloaded before import = 0Number of asset objects unloaded after import = 2

========================================================================
Received Import Request.
  Time since last request: 0.000043 seconds.
  path: Assets/Graphisms/Tilesets/SubTiles/Outside_2091.asset
  artifactKey: Guid(5b0c5b201163ee248bd2ab6b495af9ec) Importer(2089858483,b0f066a214c2f5e87bad3c948f4d605d)
Start importing Assets/Graphisms/Tilesets/SubTiles/Outside_2091.asset using Guid(5b0c5b201163ee248bd2ab6b495af9ec) Importer(2089858483,b0f066a214c2f5e87bad3c948f4d605d) (ScriptedImporter) -> (artifact id: '4060c28db255cebd8752da1da8f0c35b') in 0.0192363 seconds
Number of updated asset objects reloaded before import = 0Number of asset objects unloaded after import = 2

========================================================================
Received Import Request.
  Time since last request: 0.000024 seconds.
  path: Assets/Graphisms/Tilesets/SubTiles/Outside_1334.asset
  artifactKey: Guid(73fa4d1e1a4502141aa5afc4828ea114) Importer(2089858483,b0f066a214c2f5e87bad3c948f4d605d)
Start importing Assets/Graphisms/Tilesets/SubTiles/Outside_1334.asset using Guid(73fa4d1e1a4502141aa5afc4828ea114) Importer(2089858483,b0f066a214c2f5e87bad3c948f4d605d) (ScriptedImporter) -> (artifact id: 'eaf20cc6d05e342601715feba7b8531e') in 0.0104043 seconds
Number of updated asset objects reloaded before import = 0Number of asset objects unloaded after import = 2

========================================================================
Received Import Request.
  Time since last request: 0.000026 seconds.
  path: Assets/Graphisms/Tilesets/SubTiles/Outside_1378.asset
  artifactKey: Guid(dc75a98e7f6fcf144b3a228911b371d9) Importer(2089858483,b0f066a214c2f5e87bad3c948f4d605d)
Start importing Assets/Graphisms/Tilesets/SubTiles/Outside_1378.asset using Guid(dc75a98e7f6fcf144b3a228911b371d9) Importer(2089858483,b0f066a214c2f5e87bad3c948f4d605d) (ScriptedImporter) -> (artifact id: 'f2f8bee35ead735ae66f481b6132f696') in 0.0102256 seconds
Number of updated asset objects reloaded before import = 0Number of asset objects unloaded after import = 2

========================================================================
Received Import Request.
  Time since last request: 0.000029 seconds.
  path: Assets/Graphisms/Tilesets/SubTiles/Outside_2648.asset
  artifactKey: Guid(84e1121ebd0f1774ba5daf4b29fa4f26) Importer(2089858483,b0f066a214c2f5e87bad3c948f4d605d)
Start importing Assets/Graphisms/Tilesets/SubTiles/Outside_2648.asset using Guid(84e1121ebd0f1774ba5daf4b29fa4f26) Importer(2089858483,b0f066a214c2f5e87bad3c948f4d605d) (ScriptedImporter) -> (artifact id: 'dbc4bd24b97b4a81b379ff0c5e878ced') in 0.0089268 seconds
Number of updated asset objects reloaded before import = 0Number of asset objects unloaded after import = 2

========================================================================
Received Import Request.
  Time since last request: 0.000042 seconds.
  path: Assets/Graphisms/Tilesets/SubTiles/Outside_3370.asset
  artifactKey: Guid(5b1cb6c80207cc846a763958dce915d6) Importer(2089858483,b0f066a214c2f5e87bad3c948f4d605d)
Start importing Assets/Graphisms/Tilesets/SubTiles/Outside_3370.asset using Guid(5b1cb6c80207cc846a763958dce915d6) Importer(2089858483,b0f066a214c2f5e87bad3c948f4d605d) (ScriptedImporter) -> (artifact id: '5704534c0c0db6113e6c85667dee0184') in 0.0095713 seconds
Number of updated asset objects reloaded before import = 0Number of asset objects unloaded after import = 2

========================================================================
Received Import Request.
  Time since last request: 0.000035 seconds.
  path: Assets/Graphisms/Tilesets/SubTiles/Outside_3428.asset
  artifactKey: Guid(869fec3a8117fa84da70580a234ffd7a) Importer(2089858483,b0f066a214c2f5e87bad3c948f4d605d)
Start importing Assets/Graphisms/Tilesets/SubTiles/Outside_3428.asset using Guid(869fec3a8117fa84da70580a234ffd7a) Importer(2089858483,b0f066a214c2f5e87bad3c948f4d605d) (ScriptedImporter) -> (artifact id: 'f6ce52a51b336c5ca149ed8f76469e1b') in 0.0110921 seconds
Number of updated asset objects reloaded before import = 0Number of asset objects unloaded after import = 2

========================================================================
Received Import Request.
  Time since last request: 0.000025 seconds.
  path: Assets/Graphisms/Tilesets/SubTiles/Outside_3989.asset
  artifactKey: Guid(e5cdb553cc99e6b43ac3b804f8b313e2) Importer(2089858483,b0f066a214c2f5e87bad3c948f4d605d)
Start importing Assets/Graphisms/Tilesets/SubTiles/Outside_3989.asset using Guid(e5cdb553cc99e6b43ac3b804f8b313e2) Importer(2089858483,b0f066a214c2f5e87bad3c948f4d605d) (ScriptedImporter) -> (artifact id: '2008064795b75cca56b3716d1afb4f66') in 0.009629 seconds
Number of updated asset objects reloaded before import = 0Number of asset objects unloaded after import = 2

========================================================================
Received Import Request.
  Time since last request: 0.000020 seconds.
  path: Assets/Graphisms/Tilesets/SubTiles/Outside_1445.asset
  artifactKey: Guid(ffed9505a71791f4db7f6c75b0ff0844) Importer(2089858483,b0f066a214c2f5e87bad3c948f4d605d)
Start importing Assets/Graphisms/Tilesets/SubTiles/Outside_1445.asset using Guid(ffed9505a71791f4db7f6c75b0ff0844) Importer(2089858483,b0f066a214c2f5e87bad3c948f4d605d) (ScriptedImporter) -> (artifact id: '2957e548f5d170b07254ab5123627832') in 0.0317938 seconds
Number of updated asset objects reloaded before import = 0Number of asset objects unloaded after import = 2

========================================================================
Received Import Request.
  Time since last request: 0.000026 seconds.
  path: Assets/Graphisms/Tilesets/SubTiles/Outside_371.asset
  artifactKey: Guid(bd087d0a89c99e143a63d2018254a7b9) Importer(2089858483,b0f066a214c2f5e87bad3c948f4d605d)
Start importing Assets/Graphisms/Tilesets/SubTiles/Outside_371.asset using Guid(bd087d0a89c99e143a63d2018254a7b9) Importer(2089858483,b0f066a214c2f5e87bad3c948f4d605d) (ScriptedImporter) -> (artifact id: 'cc555c1782948d1b1935390dd3ab0fa0') in 0.0334934 seconds
Number of updated asset objects reloaded before import = 0Number of asset objects unloaded after import = 2

========================================================================
Received Import Request.
  Time since last request: 0.000041 seconds.
  path: Assets/Graphisms/Tilesets/SubTiles/Outside_1075.asset
  artifactKey: Guid(03b489a68b0a140499d864f1298fba14) Importer(2089858483,b0f066a214c2f5e87bad3c948f4d605d)
Start importing Assets/Graphisms/Tilesets/SubTiles/Outside_1075.asset using Guid(03b489a68b0a140499d864f1298fba14) Importer(2089858483,b0f066a214c2f5e87bad3c948f4d605d) (ScriptedImporter) -> (artifact id: '0bad39d62de165d7410025df70b3408c') in 0.0096374 seconds
Number of updated asset objects reloaded before import = 0Number of asset objects unloaded after import = 2

========================================================================
Received Import Request.
  Time since last request: 0.000032 seconds.
  path: Assets/Graphisms/Tilesets/SubTiles/Outside_2828.asset
  artifactKey: Guid(3a9229a07d066434bac4f88ce936fe3b) Importer(2089858483,b0f066a214c2f5e87bad3c948f4d605d)
Start importing Assets/Graphisms/Tilesets/SubTiles/Outside_2828.asset using Guid(3a9229a07d066434bac4f88ce936fe3b) Importer(2089858483,b0f066a214c2f5e87bad3c948f4d605d) (ScriptedImporter) -> (artifact id: '9dfefdf78748baa0976d5825bc7d8d75') in 0.0112064 seconds
Number of updated asset objects reloaded before import = 0Number of asset objects unloaded after import = 2

========================================================================
Received Import Request.
  Time since last request: 0.000029 seconds.
  path: Assets/Graphisms/Tilesets/SubTiles/Outside_2456.asset
  artifactKey: Guid(e53bbc5f686887e42b65e8e7c18973d3) Importer(2089858483,b0f066a214c2f5e87bad3c948f4d605d)
Start importing Assets/Graphisms/Tilesets/SubTiles/Outside_2456.asset using Guid(e53bbc5f686887e42b65e8e7c18973d3) Importer(2089858483,b0f066a214c2f5e87bad3c948f4d605d) (ScriptedImporter) -> (artifact id: 'bf41d55bebbfa9f19623ae9354955e53') in 0.0106339 seconds
Number of updated asset objects reloaded before import = 0Number of asset objects unloaded after import = 2

========================================================================
Received Import Request.
  Time since last request: 0.000020 seconds.
  path: Assets/Graphisms/Tilesets/SubTiles/Outside_121.asset
  artifactKey: Guid(024ce7ffb104d3246bfdfa4972ee871b) Importer(2089858483,b0f066a214c2f5e87bad3c948f4d605d)
Start importing Assets/Graphisms/Tilesets/SubTiles/Outside_121.asset using Guid(024ce7ffb104d3246bfdfa4972ee871b) Importer(2089858483,b0f066a214c2f5e87bad3c948f4d605d) (ScriptedImporter) -> (artifact id: 'a025893f0bc91b3cce9cd6f989960d8f') in 0.0094536 seconds
Number of updated asset objects reloaded before import = 0Number of asset objects unloaded after import = 2

========================================================================
Received Import Request.
  Time since last request: 0.000023 seconds.
  path: Assets/Graphisms/Tilesets/SubTiles/Outside_273.asset
  artifactKey: Guid(ae68a0ce5221ead44b91a13a2d9a62b0) Importer(2089858483,b0f066a214c2f5e87bad3c948f4d605d)
Start importing Assets/Graphisms/Tilesets/SubTiles/Outside_273.asset using Guid(ae68a0ce5221ead44b91a13a2d9a62b0) Importer(2089858483,b0f066a214c2f5e87bad3c948f4d605d) (ScriptedImporter) -> (artifact id: 'c6469d28d94c67f210bb3bb2ec0cd78f') in 0.0106457 seconds
Number of updated asset objects reloaded before import = 0Number of asset objects unloaded after import = 2

========================================================================
Received Import Request.
  Time since last request: 0.000034 seconds.
  path: Assets/Graphisms/Tilesets/SubTiles/Outside_312.asset
  artifactKey: Guid(9d20fe796432d3b40a5263ce49b9f59f) Importer(2089858483,b0f066a214c2f5e87bad3c948f4d605d)
Start importing Assets/Graphisms/Tilesets/SubTiles/Outside_312.asset using Guid(9d20fe796432d3b40a5263ce49b9f59f) Importer(2089858483,b0f066a214c2f5e87bad3c948f4d605d) (ScriptedImporter) -> (artifact id: 'e5a5fa37bc47e62c4c3dbd2902d8c1a5') in 0.0098755 seconds
Number of updated asset objects reloaded before import = 0Number of asset objects unloaded after import = 2

========================================================================
Received Import Request.
  Time since last request: 0.000027 seconds.
  path: Assets/Graphisms/Tilesets/SubTiles/Outside_1212.asset
  artifactKey: Guid(87bdc71bcad15554292a7fffbf6e47cc) Importer(2089858483,b0f066a214c2f5e87bad3c948f4d605d)
Start importing Assets/Graphisms/Tilesets/SubTiles/Outside_1212.asset using Guid(87bdc71bcad15554292a7fffbf6e47cc) Importer(2089858483,b0f066a214c2f5e87bad3c948f4d605d) (ScriptedImporter) -> (artifact id: '5186be7c87b1adbe8e7b1a0c91e68d47') in 0.0110632 seconds
Number of updated asset objects reloaded before import = 0Number of asset objects unloaded after import = 2

========================================================================
Received Import Request.
  Time since last request: 0.000026 seconds.
  path: Assets/Graphisms/Tilesets/SubTiles/Outside_81.asset
  artifactKey: Guid(29020dee220fffb42862259f19736cd4) Importer(2089858483,b0f066a214c2f5e87bad3c948f4d605d)
Start importing Assets/Graphisms/Tilesets/SubTiles/Outside_81.asset using Guid(29020dee220fffb42862259f19736cd4) Importer(2089858483,b0f066a214c2f5e87bad3c948f4d605d) (ScriptedImporter) -> (artifact id: '66a18241027d695985648c35a333f1cf') in 0.0098124 seconds
Number of updated asset objects reloaded before import = 0Number of asset objects unloaded after import = 2

========================================================================
Received Import Request.
  Time since last request: 0.000021 seconds.
  path: Assets/Graphisms/Tilesets/SubTiles/Outside_1855.asset
  artifactKey: Guid(8d2fedf1ebb6e12439d90ea421baa33c) Importer(2089858483,b0f066a214c2f5e87bad3c948f4d605d)
Start importing Assets/Graphisms/Tilesets/SubTiles/Outside_1855.asset using Guid(8d2fedf1ebb6e12439d90ea421baa33c) Importer(2089858483,b0f066a214c2f5e87bad3c948f4d605d) (ScriptedImporter) -> (artifact id: '6604a3ebdb2576a114dd4be76919c61e') in 0.0179008 seconds
Number of updated asset objects reloaded before import = 0Number of asset objects unloaded after import = 2

========================================================================
Received Import Request.
  Time since last request: 0.000029 seconds.
  path: Assets/Graphisms/Tilesets/SubTiles/Outside_3317.asset
  artifactKey: Guid(48b3fcf6ce903fe49a679cc3e1318066) Importer(2089858483,b0f066a214c2f5e87bad3c948f4d605d)
Start importing Assets/Graphisms/Tilesets/SubTiles/Outside_3317.asset using Guid(48b3fcf6ce903fe49a679cc3e1318066) Importer(2089858483,b0f066a214c2f5e87bad3c948f4d605d) (ScriptedImporter) -> (artifact id: 'd595894340cb773036f6fd33741cad52') in 0.0094288 seconds
Number of updated asset objects reloaded before import = 0Number of asset objects unloaded after import = 2

========================================================================
Received Import Request.
  Time since last request: 0.000037 seconds.
  path: Assets/Graphisms/Tilesets/SubTiles/Outside_1969.asset
  artifactKey: Guid(a665ac5bbfed5a846938211546021907) Importer(2089858483,b0f066a214c2f5e87bad3c948f4d605d)
Start importing Assets/Graphisms/Tilesets/SubTiles/Outside_1969.asset using Guid(a665ac5bbfed5a846938211546021907) Importer(2089858483,b0f066a214c2f5e87bad3c948f4d605d) (ScriptedImporter) -> (artifact id: 'b7af7d7b5b3df4eec81e159c130be43b') in 0.0110279 seconds
Number of updated asset objects reloaded before import = 0Number of asset objects unloaded after import = 2

========================================================================
Received Import Request.
  Time since last request: 0.000029 seconds.
  path: Assets/Graphisms/Tilesets/SubTiles/Outside_3583.asset
  artifactKey: Guid(ff229b1e868ca324d8e323af026c45ac) Importer(2089858483,b0f066a214c2f5e87bad3c948f4d605d)
Start importing Assets/Graphisms/Tilesets/SubTiles/Outside_3583.asset using Guid(ff229b1e868ca324d8e323af026c45ac) Importer(2089858483,b0f066a214c2f5e87bad3c948f4d605d) (ScriptedImporter) -> (artifact id: '95501f35a71943b11aa6cf14345b0748') in 0.0122048 seconds
Number of updated asset objects reloaded before import = 0Number of asset objects unloaded after import = 2

========================================================================
Received Import Request.
  Time since last request: 0.000071 seconds.
  path: Assets/Graphisms/Tilesets/SubTiles/Outside_552.asset
  artifactKey: Guid(84b4a3473a3685740b27d215d0ed19ae) Importer(2089858483,b0f066a214c2f5e87bad3c948f4d605d)
Start importing Assets/Graphisms/Tilesets/SubTiles/Outside_552.asset using Guid(84b4a3473a3685740b27d215d0ed19ae) Importer(2089858483,b0f066a214c2f5e87bad3c948f4d605d) (ScriptedImporter) -> (artifact id: '690fa890e2fc5d76d8a73ced48769c0d') in 0.029556 seconds
Number of updated asset objects reloaded before import = 0Number of asset objects unloaded after import = 2

========================================================================
Received Import Request.
  Time since last request: 0.000024 seconds.
  path: Assets/Graphisms/Tilesets/SubTiles/Outside_3717.asset
  artifactKey: Guid(3773bdc41cce21549ad0eac9ddc10145) Importer(2089858483,b0f066a214c2f5e87bad3c948f4d605d)
Start importing Assets/Graphisms/Tilesets/SubTiles/Outside_3717.asset using Guid(3773bdc41cce21549ad0eac9ddc10145) Importer(2089858483,b0f066a214c2f5e87bad3c948f4d605d) (ScriptedImporter) -> (artifact id: '979be74c0101d346842c1ff83397cc3d') in 0.0151665 seconds
Number of updated asset objects reloaded before import = 0Number of asset objects unloaded after import = 2

========================================================================
Received Import Request.
  Time since last request: 0.000038 seconds.
  path: Assets/Graphisms/Tilesets/SubTiles/Outside_3503.asset
  artifactKey: Guid(6ad6e90efc40b1f4cb2b7776b63bf120) Importer(2089858483,b0f066a214c2f5e87bad3c948f4d605d)
Start importing Assets/Graphisms/Tilesets/SubTiles/Outside_3503.asset using Guid(6ad6e90efc40b1f4cb2b7776b63bf120) Importer(2089858483,b0f066a214c2f5e87bad3c948f4d605d) (ScriptedImporter) -> (artifact id: 'bdd453b419d3d0d5f8d1f3de862f8e4f') in 0.0153877 seconds
Number of updated asset objects reloaded before import = 0Number of asset objects unloaded after import = 2

========================================================================
Received Import Request.
  Time since last request: 0.000022 seconds.
  path: Assets/Graphisms/Tilesets/SubTiles/Outside_3933.asset
  artifactKey: Guid(9af0ccf800c57f5458e5184104684b6c) Importer(2089858483,b0f066a214c2f5e87bad3c948f4d605d)
Start importing Assets/Graphisms/Tilesets/SubTiles/Outside_3933.asset using Guid(9af0ccf800c57f5458e5184104684b6c) Importer(2089858483,b0f066a214c2f5e87bad3c948f4d605d) (ScriptedImporter) -> (artifact id: '7cba4d7da64346d642742c6321b3b4ab') in 0.0101897 seconds
Number of updated asset objects reloaded before import = 0Number of asset objects unloaded after import = 2

========================================================================
Received Import Request.
  Time since last request: 0.000018 seconds.
  path: Assets/Graphisms/Tilesets/SubTiles/Outside_1310.asset
  artifactKey: Guid(0fe33cf5a0198d5409dba057c1f559d0) Importer(2089858483,b0f066a214c2f5e87bad3c948f4d605d)
Start importing Assets/Graphisms/Tilesets/SubTiles/Outside_1310.asset using Guid(0fe33cf5a0198d5409dba057c1f559d0) Importer(2089858483,b0f066a214c2f5e87bad3c948f4d605d) (ScriptedImporter) -> (artifact id: '2e8e0fd0c16241160b6274760e4dcd89') in 0.0100448 seconds
Number of updated asset objects reloaded before import = 0Number of asset objects unloaded after import = 2

========================================================================
Received Import Request.
  Time since last request: 0.000021 seconds.
  path: Assets/Graphisms/Tilesets/SubTiles/Outside_904.asset
  artifactKey: Guid(ce5c652d0aeedc442bda52738735768d) Importer(2089858483,b0f066a214c2f5e87bad3c948f4d605d)
Start importing Assets/Graphisms/Tilesets/SubTiles/Outside_904.asset using Guid(ce5c652d0aeedc442bda52738735768d) Importer(2089858483,b0f066a214c2f5e87bad3c948f4d605d) (ScriptedImporter) -> (artifact id: '6a175c899ac3bd00d19cc49880313707') in 0.0119747 seconds
Number of updated asset objects reloaded before import = 0Number of asset objects unloaded after import = 2

========================================================================
Received Import Request.
  Time since last request: 0.000031 seconds.
  path: Assets/Graphisms/Tilesets/SubTiles/Outside_986.asset
  artifactKey: Guid(8aa9b73fe544d854b8506c92993fa1ac) Importer(2089858483,b0f066a214c2f5e87bad3c948f4d605d)
Start importing Assets/Graphisms/Tilesets/SubTiles/Outside_986.asset using Guid(8aa9b73fe544d854b8506c92993fa1ac) Importer(2089858483,b0f066a214c2f5e87bad3c948f4d605d) (ScriptedImporter) -> (artifact id: '704eb192d5bb90609c7cfd414ac4b9a0') in 0.0103657 seconds
Number of updated asset objects reloaded before import = 0Number of asset objects unloaded after import = 2

========================================================================
Received Import Request.
  Time since last request: 0.000032 seconds.
  path: Assets/Graphisms/Tilesets/SubTiles/Outside_2128.asset
  artifactKey: Guid(2e2b66fbda3883744935a5944a96285d) Importer(2089858483,b0f066a214c2f5e87bad3c948f4d605d)
Start importing Assets/Graphisms/Tilesets/SubTiles/Outside_2128.asset using Guid(2e2b66fbda3883744935a5944a96285d) Importer(2089858483,b0f066a214c2f5e87bad3c948f4d605d) (ScriptedImporter) -> (artifact id: 'cd2b14354b34e02bb31b0444ea99ba03') in 0.0099656 seconds
Number of updated asset objects reloaded before import = 0Number of asset objects unloaded after import = 2

========================================================================
Received Import Request.
  Time since last request: 0.000020 seconds.
  path: Assets/Graphisms/Tilesets/SubTiles/Outside_1576.asset
  artifactKey: Guid(c90e07afe20ba214c8b6b208aad52ba9) Importer(2089858483,b0f066a214c2f5e87bad3c948f4d605d)
Start importing Assets/Graphisms/Tilesets/SubTiles/Outside_1576.asset using Guid(c90e07afe20ba214c8b6b208aad52ba9) Importer(2089858483,b0f066a214c2f5e87bad3c948f4d605d) (ScriptedImporter) -> (artifact id: 'f85a63d1486b72b865b2c888b9e3b436') in 0.0132578 seconds
Number of updated asset objects reloaded before import = 0Number of asset objects unloaded after import = 2

========================================================================
Received Import Request.
  Time since last request: 0.000046 seconds.
  path: Assets/Graphisms/Tilesets/SubTiles/Outside_2033.asset
  artifactKey: Guid(fb07df70c102e1a4e9cd3d830ee6df4b) Importer(2089858483,b0f066a214c2f5e87bad3c948f4d605d)
Start importing Assets/Graphisms/Tilesets/SubTiles/Outside_2033.asset using Guid(fb07df70c102e1a4e9cd3d830ee6df4b) Importer(2089858483,b0f066a214c2f5e87bad3c948f4d605d) (ScriptedImporter) -> (artifact id: 'cde8b107df2204eccfda20d7ebd3f02e') in 0.0107763 seconds
Number of updated asset objects reloaded before import = 0Number of asset objects unloaded after import = 2

========================================================================
Received Import Request.
  Time since last request: 0.000019 seconds.
  path: Assets/Graphisms/Tilesets/SubTiles/Outside_718.asset
  artifactKey: Guid(e4ae68d3e56f8db40a3d2c7db204d5fb) Importer(2089858483,b0f066a214c2f5e87bad3c948f4d605d)
Start importing Assets/Graphisms/Tilesets/SubTiles/Outside_718.asset using Guid(e4ae68d3e56f8db40a3d2c7db204d5fb) Importer(2089858483,b0f066a214c2f5e87bad3c948f4d605d) (ScriptedImporter) -> (artifact id: 'e52a2608ff34bd61d484db4868c02c75') in 0.0088872 seconds
Number of updated asset objects reloaded before import = 0Number of asset objects unloaded after import = 2

========================================================================
Received Import Request.
  Time since last request: 0.000025 seconds.
  path: Assets/Graphisms/Tilesets/SubTiles/Outside_2515.asset
  artifactKey: Guid(64ce50ec9a648894893e92718c1ad225) Importer(2089858483,b0f066a214c2f5e87bad3c948f4d605d)
Start importing Assets/Graphisms/Tilesets/SubTiles/Outside_2515.asset using Guid(64ce50ec9a648894893e92718c1ad225) Importer(2089858483,b0f066a214c2f5e87bad3c948f4d605d) (ScriptedImporter) -> (artifact id: 'b1613e1c642a78cbc901681191488edc') in 0.0102025 seconds
Number of updated asset objects reloaded before import = 0Number of asset objects unloaded after import = 2

========================================================================
Received Import Request.
  Time since last request: 0.000037 seconds.
  path: Assets/Graphisms/Tilesets/SubTiles/Outside_3916.asset
  artifactKey: Guid(2a53466ff219e404785c9a5f0302b59c) Importer(2089858483,b0f066a214c2f5e87bad3c948f4d605d)
Start importing Assets/Graphisms/Tilesets/SubTiles/Outside_3916.asset using Guid(2a53466ff219e404785c9a5f0302b59c) Importer(2089858483,b0f066a214c2f5e87bad3c948f4d605d) (ScriptedImporter) -> (artifact id: 'cd0d2a3e0793b7808a5b84422467b1a3') in 0.0115149 seconds
Number of updated asset objects reloaded before import = 0Number of asset objects unloaded after import = 2

========================================================================
Received Import Request.
  Time since last request: 0.000049 seconds.
  path: Assets/Graphisms/Tilesets/SubTiles/Outside_2803.asset
  artifactKey: Guid(c8f3b4615b2f7c2428068fd29d204093) Importer(2089858483,b0f066a214c2f5e87bad3c948f4d605d)
Start importing Assets/Graphisms/Tilesets/SubTiles/Outside_2803.asset using Guid(c8f3b4615b2f7c2428068fd29d204093) Importer(2089858483,b0f066a214c2f5e87bad3c948f4d605d) (ScriptedImporter) -> (artifact id: '8b41bd0165805a6b2d01c85f944c10e2') in 0.0107695 seconds
Number of updated asset objects reloaded before import = 0Number of asset objects unloaded after import = 2

========================================================================
Received Import Request.
  Time since last request: 0.000022 seconds.
  path: Assets/Graphisms/Tilesets/SubTiles/Outside_2934.asset
  artifactKey: Guid(7de5a91af982e5b47b6ee3473e0fd83d) Importer(2089858483,b0f066a214c2f5e87bad3c948f4d605d)
Start importing Assets/Graphisms/Tilesets/SubTiles/Outside_2934.asset using Guid(7de5a91af982e5b47b6ee3473e0fd83d) Importer(2089858483,b0f066a214c2f5e87bad3c948f4d605d) (ScriptedImporter) -> (artifact id: 'c0b1495b1e0c08f934ffc54da20805a0') in 0.0100027 seconds
Number of updated asset objects reloaded before import = 0Number of asset objects unloaded after import = 2

========================================================================
Received Import Request.
  Time since last request: 0.000018 seconds.
  path: Assets/Graphisms/Tilesets/SubTiles/Outside_2927.asset
  artifactKey: Guid(1a29da48fb499954f9945bbc94e93167) Importer(2089858483,b0f066a214c2f5e87bad3c948f4d605d)
Start importing Assets/Graphisms/Tilesets/SubTiles/Outside_2927.asset using Guid(1a29da48fb499954f9945bbc94e93167) Importer(2089858483,b0f066a214c2f5e87bad3c948f4d605d) (ScriptedImporter) -> (artifact id: '439d9f5ba8823ff5766199cd4c02b968') in 0.0107635 seconds
Number of updated asset objects reloaded before import = 0Number of asset objects unloaded after import = 2

========================================================================
Received Import Request.
  Time since last request: 0.000028 seconds.
  path: Assets/Graphisms/Tilesets/SubTiles/Outside_3642.asset
  artifactKey: Guid(e367022d70b3c814a9326aa7622283cd) Importer(2089858483,b0f066a214c2f5e87bad3c948f4d605d)
Start importing Assets/Graphisms/Tilesets/SubTiles/Outside_3642.asset using Guid(e367022d70b3c814a9326aa7622283cd) Importer(2089858483,b0f066a214c2f5e87bad3c948f4d605d) (ScriptedImporter) -> (artifact id: '9c4199b4709ea1da57477215bfbf214f') in 0.009094 seconds
Number of updated asset objects reloaded before import = 0Number of asset objects unloaded after import = 2

========================================================================
Received Import Request.
  Time since last request: 0.000064 seconds.
  path: Assets/Graphisms/Tilesets/SubTiles/Outside_3034.asset
  artifactKey: Guid(f1d7b068bed103d43b04fa8d5a17ce1c) Importer(2089858483,b0f066a214c2f5e87bad3c948f4d605d)
Start importing Assets/Graphisms/Tilesets/SubTiles/Outside_3034.asset using Guid(f1d7b068bed103d43b04fa8d5a17ce1c) Importer(2089858483,b0f066a214c2f5e87bad3c948f4d605d) (ScriptedImporter) -> (artifact id: 'b2d7320979af202340da1e97bf762631') in 0.2509081 seconds
Number of updated asset objects reloaded before import = 0Number of asset objects unloaded after import = 2

========================================================================
Received Import Request.
  Time since last request: 0.000029 seconds.
  path: Assets/Graphisms/Tilesets/SubTiles/Outside_3673.asset
  artifactKey: Guid(f4a1b1918bcad11479a7fd11eaecb1d0) Importer(2089858483,b0f066a214c2f5e87bad3c948f4d605d)
Start importing Assets/Graphisms/Tilesets/SubTiles/Outside_3673.asset using Guid(f4a1b1918bcad11479a7fd11eaecb1d0) Importer(2089858483,b0f066a214c2f5e87bad3c948f4d605d) (ScriptedImporter) -> (artifact id: '8b85e07887aeafe7f7144c32c4c8547b') in 0.0102833 seconds
Number of updated asset objects reloaded before import = 0Number of asset objects unloaded after import = 2

========================================================================
Received Import Request.
  Time since last request: 0.000031 seconds.
  path: Assets/Graphisms/Tilesets/SubTiles/Outside_3170.asset
  artifactKey: Guid(8ab678849957f6c40a989c1ad08d4908) Importer(2089858483,b0f066a214c2f5e87bad3c948f4d605d)
Start importing Assets/Graphisms/Tilesets/SubTiles/Outside_3170.asset using Guid(8ab678849957f6c40a989c1ad08d4908) Importer(2089858483,b0f066a214c2f5e87bad3c948f4d605d) (ScriptedImporter) -> (artifact id: 'a6e68ad8d1ba2c2ad44100fd0c5e3e6e') in 0.0097108 seconds
Number of updated asset objects reloaded before import = 0Number of asset objects unloaded after import = 2

========================================================================
Received Import Request.
  Time since last request: 0.000023 seconds.
  path: Assets/Graphisms/Tilesets/SubTiles/Outside_2113.asset
  artifactKey: Guid(da7fda4179cb8f147997c35f984c729d) Importer(2089858483,b0f066a214c2f5e87bad3c948f4d605d)
Start importing Assets/Graphisms/Tilesets/SubTiles/Outside_2113.asset using Guid(da7fda4179cb8f147997c35f984c729d) Importer(2089858483,b0f066a214c2f5e87bad3c948f4d605d) (ScriptedImporter) -> (artifact id: '010c586872490d3e1970f64494beca26') in 0.0104683 seconds
Number of updated asset objects reloaded before import = 0Number of asset objects unloaded after import = 2

========================================================================
Received Import Request.
  Time since last request: 0.000033 seconds.
  path: Assets/Graphisms/Tilesets/SubTiles/Outside_1288.asset
  artifactKey: Guid(473cf5d4fef6a374883c28d00fd4ebee) Importer(2089858483,b0f066a214c2f5e87bad3c948f4d605d)
Start importing Assets/Graphisms/Tilesets/SubTiles/Outside_1288.asset using Guid(473cf5d4fef6a374883c28d00fd4ebee) Importer(2089858483,b0f066a214c2f5e87bad3c948f4d605d) (ScriptedImporter) -> (artifact id: '35d44f21d907277bf88e8ec865731263') in 0.0108365 seconds
Number of updated asset objects reloaded before import = 0Number of asset objects unloaded after import = 2

========================================================================
Received Import Request.
  Time since last request: 0.000046 seconds.
  path: Assets/Graphisms/Tilesets/SubTiles/Outside_3098.asset
  artifactKey: Guid(6d16c7a3be144d14692f10724f8d69e3) Importer(2089858483,b0f066a214c2f5e87bad3c948f4d605d)
Start importing Assets/Graphisms/Tilesets/SubTiles/Outside_3098.asset using Guid(6d16c7a3be144d14692f10724f8d69e3) Importer(2089858483,b0f066a214c2f5e87bad3c948f4d605d) (ScriptedImporter) -> (artifact id: 'baa650f99d458f2622e16c4d51eb32a0') in 0.0125417 seconds
Number of updated asset objects reloaded before import = 0Number of asset objects unloaded after import = 2

========================================================================
Received Import Request.
  Time since last request: 0.000037 seconds.
  path: Assets/Graphisms/Tilesets/SubTiles/Outside_351.asset
  artifactKey: Guid(30e91236157bc8d4bbf5b20922185bec) Importer(2089858483,b0f066a214c2f5e87bad3c948f4d605d)
Start importing Assets/Graphisms/Tilesets/SubTiles/Outside_351.asset using Guid(30e91236157bc8d4bbf5b20922185bec) Importer(2089858483,b0f066a214c2f5e87bad3c948f4d605d) (ScriptedImporter) -> (artifact id: '81716ef318100a8e0a720465be51cddb') in 0.0540304 seconds
Number of updated asset objects reloaded before import = 0Number of asset objects unloaded after import = 2

========================================================================
Received Import Request.
  Time since last request: 0.000024 seconds.
  path: Assets/Graphisms/Tilesets/SubTiles/Outside_1808.asset
  artifactKey: Guid(d9c26bdab78e8324e9379f2184ceeb3b) Importer(2089858483,b0f066a214c2f5e87bad3c948f4d605d)
Start importing Assets/Graphisms/Tilesets/SubTiles/Outside_1808.asset using Guid(d9c26bdab78e8324e9379f2184ceeb3b) Importer(2089858483,b0f066a214c2f5e87bad3c948f4d605d) (ScriptedImporter) -> (artifact id: '38d0c47260b3b097ec24bb72729721c7') in 0.0101889 seconds
Number of updated asset objects reloaded before import = 0Number of asset objects unloaded after import = 2

========================================================================
Received Import Request.
  Time since last request: 0.000023 seconds.
  path: Assets/Graphisms/Tilesets/SubTiles/Outside_603.asset
  artifactKey: Guid(ee7358647910ff6459189e77b7a1b58f) Importer(2089858483,b0f066a214c2f5e87bad3c948f4d605d)
Start importing Assets/Graphisms/Tilesets/SubTiles/Outside_603.asset using Guid(ee7358647910ff6459189e77b7a1b58f) Importer(2089858483,b0f066a214c2f5e87bad3c948f4d605d) (ScriptedImporter) -> (artifact id: '8b8937958b6000028683e69b6b03554e') in 0.0096088 seconds
Number of updated asset objects reloaded before import = 0Number of asset objects unloaded after import = 2

========================================================================
Received Import Request.
  Time since last request: 0.000031 seconds.
  path: Assets/Graphisms/Tilesets/SubTiles/Outside_3628.asset
  artifactKey: Guid(8b3f44a6e487d664c851aa919827ce9f) Importer(2089858483,b0f066a214c2f5e87bad3c948f4d605d)
Start importing Assets/Graphisms/Tilesets/SubTiles/Outside_3628.asset using Guid(8b3f44a6e487d664c851aa919827ce9f) Importer(2089858483,b0f066a214c2f5e87bad3c948f4d605d) (ScriptedImporter) -> (artifact id: '8863a18f404d50501398afeb660e10e2') in 0.0099369 seconds
Number of updated asset objects reloaded before import = 0Number of asset objects unloaded after import = 2

========================================================================
Received Import Request.
  Time since last request: 0.000059 seconds.
  path: Assets/Graphisms/Tilesets/SubTiles/Outside_3555.asset
  artifactKey: Guid(d003a54d4607dbc468a288264f2dc46d) Importer(2089858483,b0f066a214c2f5e87bad3c948f4d605d)
Start importing Assets/Graphisms/Tilesets/SubTiles/Outside_3555.asset using Guid(d003a54d4607dbc468a288264f2dc46d) Importer(2089858483,b0f066a214c2f5e87bad3c948f4d605d) (ScriptedImporter) -> (artifact id: 'da14fc8b5d5b7d90598efc25c77d4ef0') in 0.0143258 seconds
Number of updated asset objects reloaded before import = 0Number of asset objects unloaded after import = 2

========================================================================
Received Import Request.
  Time since last request: 0.000022 seconds.
  path: Assets/Graphisms/Tilesets/SubTiles/Outside_3548.asset
  artifactKey: Guid(4b6513acb3a0e7d438c09712662d64b8) Importer(2089858483,b0f066a214c2f5e87bad3c948f4d605d)
Start importing Assets/Graphisms/Tilesets/SubTiles/Outside_3548.asset using Guid(4b6513acb3a0e7d438c09712662d64b8) Importer(2089858483,b0f066a214c2f5e87bad3c948f4d605d) (ScriptedImporter) -> (artifact id: '2cac742986e3eae9fef5bdf41b4275ce') in 0.0098268 seconds
Number of updated asset objects reloaded before import = 0Number of asset objects unloaded after import = 2

========================================================================
Received Import Request.
  Time since last request: 0.000023 seconds.
  path: Assets/Graphisms/Tilesets/SubTiles/Outside_203.asset
  artifactKey: Guid(f92260438a212ab4fa6a22d90d81c67c) Importer(2089858483,b0f066a214c2f5e87bad3c948f4d605d)
Start importing Assets/Graphisms/Tilesets/SubTiles/Outside_203.asset using Guid(f92260438a212ab4fa6a22d90d81c67c) Importer(2089858483,b0f066a214c2f5e87bad3c948f4d605d) (ScriptedImporter) -> (artifact id: '903c93de2c37c9cd0a7723dcc489b755') in 0.0095464 seconds
Number of updated asset objects reloaded before import = 0Number of asset objects unloaded after import = 2

========================================================================
Received Import Request.
  Time since last request: 0.000034 seconds.
  path: Assets/Graphisms/Tilesets/SubTiles/Outside_2731.asset
  artifactKey: Guid(312ed9becfea2c042b198f4c6e4970e0) Importer(2089858483,b0f066a214c2f5e87bad3c948f4d605d)
Start importing Assets/Graphisms/Tilesets/SubTiles/Outside_2731.asset using Guid(312ed9becfea2c042b198f4c6e4970e0) Importer(2089858483,b0f066a214c2f5e87bad3c948f4d605d) (ScriptedImporter) -> (artifact id: '77c263f7eed40ce4549e8eaeed03a12b') in 0.010868 seconds
Number of updated asset objects reloaded before import = 0Number of asset objects unloaded after import = 2

========================================================================
Received Import Request.
  Time since last request: 0.000035 seconds.
  path: Assets/Graphisms/Tilesets/SubTiles/Outside_1568.asset
  artifactKey: Guid(e90b62e97092ea54f8e84ffd033f0a6f) Importer(2089858483,b0f066a214c2f5e87bad3c948f4d605d)
Start importing Assets/Graphisms/Tilesets/SubTiles/Outside_1568.asset using Guid(e90b62e97092ea54f8e84ffd033f0a6f) Importer(2089858483,b0f066a214c2f5e87bad3c948f4d605d) (ScriptedImporter) -> (artifact id: 'f587aabceb046aaefc43bc521400b16f') in 0.0119489 seconds
Number of updated asset objects reloaded before import = 0Number of asset objects unloaded after import = 2

========================================================================
Received Import Request.
  Time since last request: 0.000022 seconds.
  path: Assets/Graphisms/Tilesets/SubTiles/Outside_723.asset
  artifactKey: Guid(836826ac784bd8d4fbdcf7130827a9b9) Importer(2089858483,b0f066a214c2f5e87bad3c948f4d605d)
Start importing Assets/Graphisms/Tilesets/SubTiles/Outside_723.asset using Guid(836826ac784bd8d4fbdcf7130827a9b9) Importer(2089858483,b0f066a214c2f5e87bad3c948f4d605d) (ScriptedImporter) -> (artifact id: '9adfe9366424510505a4e6d3822f4fb7') in 0.0122349 seconds
Number of updated asset objects reloaded before import = 0Number of asset objects unloaded after import = 2

========================================================================
Received Import Request.
  Time since last request: 0.000027 seconds.
  path: Assets/Graphisms/Tilesets/SubTiles/Outside_978.asset
  artifactKey: Guid(41d96acfc8822264b85cbd15a4d32909) Importer(2089858483,b0f066a214c2f5e87bad3c948f4d605d)
Start importing Assets/Graphisms/Tilesets/SubTiles/Outside_978.asset using Guid(41d96acfc8822264b85cbd15a4d32909) Importer(2089858483,b0f066a214c2f5e87bad3c948f4d605d) (ScriptedImporter) -> (artifact id: '4e49a2d62524564b1beb8af2ac7f35b9') in 0.0856158 seconds
Number of updated asset objects reloaded before import = 0Number of asset objects unloaded after import = 2

========================================================================
Received Import Request.
  Time since last request: 0.000044 seconds.
  path: Assets/Graphisms/Tilesets/SubTiles/Outside_458.asset
  artifactKey: Guid(55ceb536cc71b2a47a1286c00f73c880) Importer(2089858483,b0f066a214c2f5e87bad3c948f4d605d)
Start importing Assets/Graphisms/Tilesets/SubTiles/Outside_458.asset using Guid(55ceb536cc71b2a47a1286c00f73c880) Importer(2089858483,b0f066a214c2f5e87bad3c948f4d605d) (ScriptedImporter) -> (artifact id: '907b328580cabea98589666167284ef5') in 0.0260799 seconds
Number of updated asset objects reloaded before import = 0Number of asset objects unloaded after import = 2

========================================================================
Received Import Request.
  Time since last request: 0.000023 seconds.
  path: Assets/Graphisms/Tilesets/SubTiles/Outside_2160.asset
  artifactKey: Guid(22c30beb816b1d249a4f704331258ed4) Importer(2089858483,b0f066a214c2f5e87bad3c948f4d605d)
Start importing Assets/Graphisms/Tilesets/SubTiles/Outside_2160.asset using Guid(22c30beb816b1d249a4f704331258ed4) Importer(2089858483,b0f066a214c2f5e87bad3c948f4d605d) (ScriptedImporter) -> (artifact id: '6a98b1c8011918be6465d9d0b82a772b') in 0.0102119 seconds
Number of updated asset objects reloaded before import = 0Number of asset objects unloaded after import = 2

========================================================================
Received Import Request.
  Time since last request: 0.000022 seconds.
  path: Assets/Graphisms/Tilesets/SubTiles/Outside_3999.asset
  artifactKey: Guid(d18bdde55272faf44833a6bd6b5cb1a2) Importer(2089858483,b0f066a214c2f5e87bad3c948f4d605d)
Start importing Assets/Graphisms/Tilesets/SubTiles/Outside_3999.asset using Guid(d18bdde55272faf44833a6bd6b5cb1a2) Importer(2089858483,b0f066a214c2f5e87bad3c948f4d605d) (ScriptedImporter) -> (artifact id: '91dad4d2605096f11ffa992d05935de3') in 0.0107081 seconds
Number of updated asset objects reloaded before import = 0Number of asset objects unloaded after import = 2

========================================================================
Received Import Request.
  Time since last request: 0.000022 seconds.
  path: Assets/Graphisms/Tilesets/SubTiles/Outside_1139.asset
  artifactKey: Guid(41978525759f03e4d9c91207f74ba1a4) Importer(2089858483,b0f066a214c2f5e87bad3c948f4d605d)
Start importing Assets/Graphisms/Tilesets/SubTiles/Outside_1139.asset using Guid(41978525759f03e4d9c91207f74ba1a4) Importer(2089858483,b0f066a214c2f5e87bad3c948f4d605d) (ScriptedImporter) -> (artifact id: '8c5034dffb6ad2049301ff6252f1016c') in 0.0109388 seconds
Number of updated asset objects reloaded before import = 0Number of asset objects unloaded after import = 2

========================================================================
Received Import Request.
  Time since last request: 0.000032 seconds.
  path: Assets/Graphisms/Tilesets/SubTiles/Outside_484.asset
  artifactKey: Guid(a946c2dd5b473c347b1b261874c9418a) Importer(2089858483,b0f066a214c2f5e87bad3c948f4d605d)
Start importing Assets/Graphisms/Tilesets/SubTiles/Outside_484.asset using Guid(a946c2dd5b473c347b1b261874c9418a) Importer(2089858483,b0f066a214c2f5e87bad3c948f4d605d) (ScriptedImporter) -> (artifact id: '0410e069351ea15d15189249dd2393b6') in 0.0109431 seconds
Number of updated asset objects reloaded before import = 0Number of asset objects unloaded after import = 2

========================================================================
Received Import Request.
  Time since last request: 0.000017 seconds.
  path: Assets/Graphisms/Tilesets/SubTiles/Outside_1586.asset
  artifactKey: Guid(604a431843a39564c8837a1f2ce04acf) Importer(2089858483,b0f066a214c2f5e87bad3c948f4d605d)
Start importing Assets/Graphisms/Tilesets/SubTiles/Outside_1586.asset using Guid(604a431843a39564c8837a1f2ce04acf) Importer(2089858483,b0f066a214c2f5e87bad3c948f4d605d) (ScriptedImporter) -> (artifact id: '0c98349686ef6d01204a02f3dfcde8ad') in 0.0101938 seconds
Number of updated asset objects reloaded before import = 0Number of asset objects unloaded after import = 2

========================================================================
Received Import Request.
  Time since last request: 0.000048 seconds.
  path: Assets/Graphisms/Tilesets/SubTiles/Outside_3556.asset
  artifactKey: Guid(d18ade46f0e78b24bbdf493ca89e5744) Importer(2089858483,b0f066a214c2f5e87bad3c948f4d605d)
Start importing Assets/Graphisms/Tilesets/SubTiles/Outside_3556.asset using Guid(d18ade46f0e78b24bbdf493ca89e5744) Importer(2089858483,b0f066a214c2f5e87bad3c948f4d605d) (ScriptedImporter) -> (artifact id: 'e2dbd634e56149cc1e9f03f42e9489a6') in 0.0163007 seconds
Number of updated asset objects reloaded before import = 0Number of asset objects unloaded after import = 2

========================================================================
Received Import Request.
  Time since last request: 0.000032 seconds.
  path: Assets/Graphisms/Tilesets/SubTiles/Outside_425.asset
  artifactKey: Guid(a7229ee11cac9454a80e0307089cab19) Importer(2089858483,b0f066a214c2f5e87bad3c948f4d605d)
Start importing Assets/Graphisms/Tilesets/SubTiles/Outside_425.asset using Guid(a7229ee11cac9454a80e0307089cab19) Importer(2089858483,b0f066a214c2f5e87bad3c948f4d605d) (ScriptedImporter) -> (artifact id: '540482559ad62aff826ee47ad03cd71d') in 0.042509 seconds
Number of updated asset objects reloaded before import = 0Number of asset objects unloaded after import = 2

========================================================================
Received Import Request.
  Time since last request: 0.000042 seconds.
  path: Assets/Graphisms/Tilesets/SubTiles/Outside_3147.asset
  artifactKey: Guid(76b378b749def3d418352fcbc1ceae6d) Importer(2089858483,b0f066a214c2f5e87bad3c948f4d605d)
Start importing Assets/Graphisms/Tilesets/SubTiles/Outside_3147.asset using Guid(76b378b749def3d418352fcbc1ceae6d) Importer(2089858483,b0f066a214c2f5e87bad3c948f4d605d) (ScriptedImporter) -> (artifact id: '37ecf0ad7243f07edb66323a3b109247') in 0.010318 seconds
Number of updated asset objects reloaded before import = 0Number of asset objects unloaded after import = 2

========================================================================
Received Import Request.
  Time since last request: 0.000029 seconds.
  path: Assets/Graphisms/Tilesets/SubTiles/Outside_1925.asset
  artifactKey: Guid(dd9844d3ace355446980b516a6a12d1d) Importer(2089858483,b0f066a214c2f5e87bad3c948f4d605d)
Start importing Assets/Graphisms/Tilesets/SubTiles/Outside_1925.asset using Guid(dd9844d3ace355446980b516a6a12d1d) Importer(2089858483,b0f066a214c2f5e87bad3c948f4d605d) (ScriptedImporter) -> (artifact id: 'f03f614d0a92de547fb129aea29917f0') in 0.0100737 seconds
Number of updated asset objects reloaded before import = 0Number of asset objects unloaded after import = 2

========================================================================
Received Import Request.
  Time since last request: 0.000020 seconds.
  path: Assets/Graphisms/Tilesets/SubTiles/Outside_676.asset
  artifactKey: Guid(21e4e85e742f8a247bb8dad4e2a51144) Importer(2089858483,b0f066a214c2f5e87bad3c948f4d605d)
Start importing Assets/Graphisms/Tilesets/SubTiles/Outside_676.asset using Guid(21e4e85e742f8a247bb8dad4e2a51144) Importer(2089858483,b0f066a214c2f5e87bad3c948f4d605d) (ScriptedImporter) -> (artifact id: '94fd0b5a1471fd33f6a9f8438a488755') in 0.0111869 seconds
Number of updated asset objects reloaded before import = 0Number of asset objects unloaded after import = 2

========================================================================
Received Import Request.
  Time since last request: 0.000026 seconds.
  path: Assets/Graphisms/Tilesets/SubTiles/Outside_223.asset
  artifactKey: Guid(6cf3c852df8a3b242b4dee3bc6d07620) Importer(2089858483,b0f066a214c2f5e87bad3c948f4d605d)
Start importing Assets/Graphisms/Tilesets/SubTiles/Outside_223.asset using Guid(6cf3c852df8a3b242b4dee3bc6d07620) Importer(2089858483,b0f066a214c2f5e87bad3c948f4d605d) (ScriptedImporter) -> (artifact id: '6be846518c5fff73f4c2bcb49ee2d4f3') in 0.0091249 seconds
Number of updated asset objects reloaded before import = 0Number of asset objects unloaded after import = 2

========================================================================
Received Import Request.
  Time since last request: 0.000023 seconds.
  path: Assets/Graphisms/Tilesets/SubTiles/Outside_3306.asset
  artifactKey: Guid(b018ed41e67e2f84686d0fb921e655e3) Importer(2089858483,b0f066a214c2f5e87bad3c948f4d605d)
Start importing Assets/Graphisms/Tilesets/SubTiles/Outside_3306.asset using Guid(b018ed41e67e2f84686d0fb921e655e3) Importer(2089858483,b0f066a214c2f5e87bad3c948f4d605d) (ScriptedImporter) -> (artifact id: '64a05263c2d51faab9fb88f07a98062e') in 0.0106526 seconds
Number of updated asset objects reloaded before import = 0Number of asset objects unloaded after import = 2

========================================================================
Received Import Request.
  Time since last request: 0.000073 seconds.
  path: Assets/Graphisms/Tilesets/SubTiles/Outside_3837.asset
  artifactKey: Guid(36b621a921d3cce42a65ee6ed89e45d4) Importer(2089858483,b0f066a214c2f5e87bad3c948f4d605d)
Start importing Assets/Graphisms/Tilesets/SubTiles/Outside_3837.asset using Guid(36b621a921d3cce42a65ee6ed89e45d4) Importer(2089858483,b0f066a214c2f5e87bad3c948f4d605d) (ScriptedImporter) -> (artifact id: '0fb39afe34f0cca158240c22ea366f93') in 0.0101558 seconds
Number of updated asset objects reloaded before import = 0Number of asset objects unloaded after import = 2

========================================================================
Received Import Request.
  Time since last request: 0.000023 seconds.
  path: Assets/Graphisms/Tilesets/SubTiles/Outside_1382.asset
  artifactKey: Guid(591225d468e461048bd6ff8837f53643) Importer(2089858483,b0f066a214c2f5e87bad3c948f4d605d)
Start importing Assets/Graphisms/Tilesets/SubTiles/Outside_1382.asset using Guid(591225d468e461048bd6ff8837f53643) Importer(2089858483,b0f066a214c2f5e87bad3c948f4d605d) (ScriptedImporter) -> (artifact id: '5a759aa767b5ac551f7a528f7f6c528a') in 0.0098519 seconds
Number of updated asset objects reloaded before import = 0Number of asset objects unloaded after import = 2

========================================================================
Received Import Request.
  Time since last request: 0.000025 seconds.
  path: Assets/Graphisms/Tilesets/SubTiles/Outside_3352.asset
  artifactKey: Guid(d3607b604fa682c4faa517281dc42e7a) Importer(2089858483,b0f066a214c2f5e87bad3c948f4d605d)
Start importing Assets/Graphisms/Tilesets/SubTiles/Outside_3352.asset using Guid(d3607b604fa682c4faa517281dc42e7a) Importer(2089858483,b0f066a214c2f5e87bad3c948f4d605d) (ScriptedImporter) -> (artifact id: 'd5b5cbb731f2c87732e547eb30e4c378') in 0.0108056 seconds
Number of updated asset objects reloaded before import = 0Number of asset objects unloaded after import = 2

========================================================================
Received Import Request.
  Time since last request: 0.000024 seconds.
  path: Assets/Graphisms/Tilesets/SubTiles/Outside_20.asset
  artifactKey: Guid(a8edfcfcd3037a246afd33668038f295) Importer(2089858483,b0f066a214c2f5e87bad3c948f4d605d)
Start importing Assets/Graphisms/Tilesets/SubTiles/Outside_20.asset using Guid(a8edfcfcd3037a246afd33668038f295) Importer(2089858483,b0f066a214c2f5e87bad3c948f4d605d) (ScriptedImporter) -> (artifact id: 'a724b319edebd482b8e9f796338ecef7') in 0.0220113 seconds
Number of updated asset objects reloaded before import = 0Number of asset objects unloaded after import = 2

========================================================================
Received Import Request.
  Time since last request: 0.000028 seconds.
  path: Assets/Graphisms/Tilesets/SubTiles/Outside_1767.asset
  artifactKey: Guid(7c79170b252ce45459de97a6e0ec8503) Importer(2089858483,b0f066a214c2f5e87bad3c948f4d605d)
Start importing Assets/Graphisms/Tilesets/SubTiles/Outside_1767.asset using Guid(7c79170b252ce45459de97a6e0ec8503) Importer(2089858483,b0f066a214c2f5e87bad3c948f4d605d) (ScriptedImporter) -> (artifact id: '462b5033a2b103e1933787692ce99e5f') in 0.0132419 seconds
Number of updated asset objects reloaded before import = 0Number of asset objects unloaded after import = 2

========================================================================
Received Import Request.
  Time since last request: 0.000043 seconds.
  path: Assets/Graphisms/Tilesets/SubTiles/Outside_2426.asset
  artifactKey: Guid(dc88cac1203b71d44813f00206d231a0) Importer(2089858483,b0f066a214c2f5e87bad3c948f4d605d)
Start importing Assets/Graphisms/Tilesets/SubTiles/Outside_2426.asset using Guid(dc88cac1203b71d44813f00206d231a0) Importer(2089858483,b0f066a214c2f5e87bad3c948f4d605d) (ScriptedImporter) -> (artifact id: 'f2f03fdd8c5be0bc388c30a9ec36c3ff') in 0.011441 seconds
Number of updated asset objects reloaded before import = 0Number of asset objects unloaded after import = 2

========================================================================
Received Import Request.
  Time since last request: 0.000025 seconds.
  path: Assets/Graphisms/Tilesets/SubTiles/Outside_3586.asset
  artifactKey: Guid(fcef309cd4f6c4640a13a743fd963f0f) Importer(2089858483,b0f066a214c2f5e87bad3c948f4d605d)
Start importing Assets/Graphisms/Tilesets/SubTiles/Outside_3586.asset using Guid(fcef309cd4f6c4640a13a743fd963f0f) Importer(2089858483,b0f066a214c2f5e87bad3c948f4d605d) (ScriptedImporter) -> (artifact id: '714c485e6ed4345d6139d0be0ce362f1') in 0.0110488 seconds
Number of updated asset objects reloaded before import = 0Number of asset objects unloaded after import = 2

========================================================================
Received Import Request.
  Time since last request: 0.000027 seconds.
  path: Assets/Graphisms/Tilesets/SubTiles/Outside_3089.asset
  artifactKey: Guid(50c9027ad1ab4364c8598377e47948aa) Importer(2089858483,b0f066a214c2f5e87bad3c948f4d605d)
Start importing Assets/Graphisms/Tilesets/SubTiles/Outside_3089.asset using Guid(50c9027ad1ab4364c8598377e47948aa) Importer(2089858483,b0f066a214c2f5e87bad3c948f4d605d) (ScriptedImporter) -> (artifact id: '763a6404d117f188c9c84de2fd56e9da') in 0.0122544 seconds
Number of updated asset objects reloaded before import = 0Number of asset objects unloaded after import = 2

========================================================================
Received Import Request.
  Time since last request: 0.000024 seconds.
  path: Assets/Graphisms/Tilesets/SubTiles/Outside_1802.asset
  artifactKey: Guid(dfd166900c0758748a453016978a5d1d) Importer(2089858483,b0f066a214c2f5e87bad3c948f4d605d)
Start importing Assets/Graphisms/Tilesets/SubTiles/Outside_1802.asset using Guid(dfd166900c0758748a453016978a5d1d) Importer(2089858483,b0f066a214c2f5e87bad3c948f4d605d) (ScriptedImporter) -> (artifact id: '8c19535660be86ef91e2a8085661a28e') in 0.0101137 seconds
Number of updated asset objects reloaded before import = 0Number of asset objects unloaded after import = 2

========================================================================
Received Import Request.
  Time since last request: 0.000055 seconds.
  path: Assets/Graphisms/Tilesets/SubTiles/Outside_2116.asset
  artifactKey: Guid(660f3eca07bf41e4493a0e709c1fb10e) Importer(2089858483,b0f066a214c2f5e87bad3c948f4d605d)
Start importing Assets/Graphisms/Tilesets/SubTiles/Outside_2116.asset using Guid(660f3eca07bf41e4493a0e709c1fb10e) Importer(2089858483,b0f066a214c2f5e87bad3c948f4d605d) (ScriptedImporter) -> (artifact id: 'e63f0d19a3ecfb646d7bcfa953332dd1') in 0.0120813 seconds
Number of updated asset objects reloaded before import = 0Number of asset objects unloaded after import = 2

========================================================================
Received Import Request.
  Time since last request: 0.000021 seconds.
  path: Assets/Graphisms/Tilesets/SubTiles/Outside_2960.asset
  artifactKey: Guid(d8b46d428bd75ed49a391bb7275e2f17) Importer(2089858483,b0f066a214c2f5e87bad3c948f4d605d)
Start importing Assets/Graphisms/Tilesets/SubTiles/Outside_2960.asset using Guid(d8b46d428bd75ed49a391bb7275e2f17) Importer(2089858483,b0f066a214c2f5e87bad3c948f4d605d) (ScriptedImporter) -> (artifact id: 'd192d7cf756dced60d7f73a48d941cad') in 0.0123437 seconds
Number of updated asset objects reloaded before import = 0Number of asset objects unloaded after import = 2

========================================================================
Received Import Request.
  Time since last request: 0.000021 seconds.
  path: Assets/Graphisms/Tilesets/SubTiles/Outside_2101.asset
  artifactKey: Guid(c6cd2772618534841a429c08991a3a08) Importer(2089858483,b0f066a214c2f5e87bad3c948f4d605d)
Start importing Assets/Graphisms/Tilesets/SubTiles/Outside_2101.asset using Guid(c6cd2772618534841a429c08991a3a08) Importer(2089858483,b0f066a214c2f5e87bad3c948f4d605d) (ScriptedImporter) -> (artifact id: 'fd94b4dbd2c98f1ab3155e34878cdcc7') in 0.0100143 seconds
Number of updated asset objects reloaded before import = 0Number of asset objects unloaded after import = 2

========================================================================
Received Import Request.
  Time since last request: 0.000020 seconds.
  path: Assets/Graphisms/Tilesets/SubTiles/Outside_2826.asset
  artifactKey: Guid(741a5e049d2af5f4f953878f4cd5cbd9) Importer(2089858483,b0f066a214c2f5e87bad3c948f4d605d)
Start importing Assets/Graphisms/Tilesets/SubTiles/Outside_2826.asset using Guid(741a5e049d2af5f4f953878f4cd5cbd9) Importer(2089858483,b0f066a214c2f5e87bad3c948f4d605d) (ScriptedImporter) -> (artifact id: '00e8e2fe6b7b878e6cc4662768717277') in 0.0114911 seconds
Number of updated asset objects reloaded before import = 0Number of asset objects unloaded after import = 2

========================================================================
Received Import Request.
  Time since last request: 0.000025 seconds.
  path: Assets/Graphisms/Tilesets/SubTiles/Outside_2255.asset
  artifactKey: Guid(b8c0cbd6cbbc03e479857c0883485d7a) Importer(2089858483,b0f066a214c2f5e87bad3c948f4d605d)
Start importing Assets/Graphisms/Tilesets/SubTiles/Outside_2255.asset using Guid(b8c0cbd6cbbc03e479857c0883485d7a) Importer(2089858483,b0f066a214c2f5e87bad3c948f4d605d) (ScriptedImporter) -> (artifact id: '9112d44b8b0276d7415af21e1f0af9bb') in 0.011373 seconds
Number of updated asset objects reloaded before import = 0Number of asset objects unloaded after import = 2

========================================================================
Received Import Request.
  Time since last request: 0.000037 seconds.
  path: Assets/Graphisms/Tilesets/SubTiles/Outside_3760.asset
  artifactKey: Guid(12989ab5702202948ae339603b5ae2be) Importer(2089858483,b0f066a214c2f5e87bad3c948f4d605d)
Start importing Assets/Graphisms/Tilesets/SubTiles/Outside_3760.asset using Guid(12989ab5702202948ae339603b5ae2be) Importer(2089858483,b0f066a214c2f5e87bad3c948f4d605d) (ScriptedImporter) -> (artifact id: 'd27551e962d0bf1cf8aad77afe1ba2bc') in 0.0168519 seconds
Number of updated asset objects reloaded before import = 0Number of asset objects unloaded after import = 2

========================================================================
Received Import Request.
  Time since last request: 0.000027 seconds.
  path: Assets/Graphisms/Tilesets/SubTiles/Outside_1508.asset
  artifactKey: Guid(cdd651e1e2dd95f4580db19d71b9b155) Importer(2089858483,b0f066a214c2f5e87bad3c948f4d605d)
Start importing Assets/Graphisms/Tilesets/SubTiles/Outside_1508.asset using Guid(cdd651e1e2dd95f4580db19d71b9b155) Importer(2089858483,b0f066a214c2f5e87bad3c948f4d605d) (ScriptedImporter) -> (artifact id: '4e709a895fa0da6de565605a16b83be8') in 0.0097117 seconds
Number of updated asset objects reloaded before import = 0Number of asset objects unloaded after import = 2

========================================================================
Received Import Request.
  Time since last request: 0.000018 seconds.
  path: Assets/Graphisms/Tilesets/SubTiles/Outside_328.asset
  artifactKey: Guid(00b7ecf5f71900045bbbbcc41257bbc6) Importer(2089858483,b0f066a214c2f5e87bad3c948f4d605d)
Start importing Assets/Graphisms/Tilesets/SubTiles/Outside_328.asset using Guid(00b7ecf5f71900045bbbbcc41257bbc6) Importer(2089858483,b0f066a214c2f5e87bad3c948f4d605d) (ScriptedImporter) -> (artifact id: '0b2892cf0a6b68f4eb87f41e7004b856') in 0.0101357 seconds
Number of updated asset objects reloaded before import = 0Number of asset objects unloaded after import = 2

========================================================================
Received Import Request.
  Time since last request: 0.000017 seconds.
  path: Assets/Graphisms/Tilesets/SubTiles/Outside_3902.asset
  artifactKey: Guid(6035932dcbbaa22489dbc26b6c91fffa) Importer(2089858483,b0f066a214c2f5e87bad3c948f4d605d)
Start importing Assets/Graphisms/Tilesets/SubTiles/Outside_3902.asset using Guid(6035932dcbbaa22489dbc26b6c91fffa) Importer(2089858483,b0f066a214c2f5e87bad3c948f4d605d) (ScriptedImporter) -> (artifact id: 'edb06e68b06707d8d28267d3cf3ba8ad') in 0.0117791 seconds
Number of updated asset objects reloaded before import = 0Number of asset objects unloaded after import = 2

========================================================================
Received Import Request.
  Time since last request: 0.000027 seconds.
  path: Assets/Graphisms/Tilesets/SubTiles/Outside_1319.asset
  artifactKey: Guid(d7080d5f47762a745a0f5ed3b3e0e819) Importer(2089858483,b0f066a214c2f5e87bad3c948f4d605d)
Start importing Assets/Graphisms/Tilesets/SubTiles/Outside_1319.asset using Guid(d7080d5f47762a745a0f5ed3b3e0e819) Importer(2089858483,b0f066a214c2f5e87bad3c948f4d605d) (ScriptedImporter) -> (artifact id: '9c589227c92b4e996d4b013c174aa31a') in 0.0112907 seconds
Number of updated asset objects reloaded before import = 0Number of asset objects unloaded after import = 2

========================================================================
Received Import Request.
  Time since last request: 0.000032 seconds.
  path: Assets/Graphisms/Tilesets/SubTiles/Outside_1849.asset
  artifactKey: Guid(2d09eddfe2675054ca85a1d3bf5097e6) Importer(2089858483,b0f066a214c2f5e87bad3c948f4d605d)
Start importing Assets/Graphisms/Tilesets/SubTiles/Outside_1849.asset using Guid(2d09eddfe2675054ca85a1d3bf5097e6) Importer(2089858483,b0f066a214c2f5e87bad3c948f4d605d) (ScriptedImporter) -> (artifact id: '52b7348603f65a4d19fd2cab0c3bed90') in 0.0097784 seconds
Number of updated asset objects reloaded before import = 0Number of asset objects unloaded after import = 2

========================================================================
Received Import Request.
  Time since last request: 0.000026 seconds.
  path: Assets/Graphisms/Tilesets/SubTiles/Outside_634.asset
  artifactKey: Guid(ec515a329555d5842a5e9c05acf7622f) Importer(2089858483,b0f066a214c2f5e87bad3c948f4d605d)
Start importing Assets/Graphisms/Tilesets/SubTiles/Outside_634.asset using Guid(ec515a329555d5842a5e9c05acf7622f) Importer(2089858483,b0f066a214c2f5e87bad3c948f4d605d) (ScriptedImporter) -> (artifact id: '58f44ea9d943e32a982ee955cc3ce9c6') in 0.0101185 seconds
Number of updated asset objects reloaded before import = 0Number of asset objects unloaded after import = 2

========================================================================
Received Import Request.
  Time since last request: 0.000020 seconds.
  path: Assets/Graphisms/Tilesets/SubTiles/Outside_3024.asset
  artifactKey: Guid(baf76a7fa33087041a768bb86eef6ca0) Importer(2089858483,b0f066a214c2f5e87bad3c948f4d605d)
Start importing Assets/Graphisms/Tilesets/SubTiles/Outside_3024.asset using Guid(baf76a7fa33087041a768bb86eef6ca0) Importer(2089858483,b0f066a214c2f5e87bad3c948f4d605d) (ScriptedImporter) -> (artifact id: '884613b6648bdabf87a294d663839adc') in 0.0091968 seconds
Number of updated asset objects reloaded before import = 0Number of asset objects unloaded after import = 2

========================================================================
Received Import Request.
  Time since last request: 0.000022 seconds.
  path: Assets/Graphisms/Tilesets/SubTiles/Outside_2888.asset
  artifactKey: Guid(b5e4e856b5bb41d45b3505c845410a07) Importer(2089858483,b0f066a214c2f5e87bad3c948f4d605d)
Start importing Assets/Graphisms/Tilesets/SubTiles/Outside_2888.asset using Guid(b5e4e856b5bb41d45b3505c845410a07) Importer(2089858483,b0f066a214c2f5e87bad3c948f4d605d) (ScriptedImporter) -> (artifact id: 'dd394fbc237707d30b30023111ec917a') in 0.0120936 seconds
Number of updated asset objects reloaded before import = 0Number of asset objects unloaded after import = 2

========================================================================
Received Import Request.
  Time since last request: 0.000023 seconds.
  path: Assets/Graphisms/Tilesets/SubTiles/Outside_1660.asset
  artifactKey: Guid(4df3fa9202709754699d081d78f16c2d) Importer(2089858483,b0f066a214c2f5e87bad3c948f4d605d)
Start importing Assets/Graphisms/Tilesets/SubTiles/Outside_1660.asset using Guid(4df3fa9202709754699d081d78f16c2d) Importer(2089858483,b0f066a214c2f5e87bad3c948f4d605d) (ScriptedImporter) -> (artifact id: 'e08ae874c96247f718ff2f30f48e23d2') in 0.0173534 seconds
Number of updated asset objects reloaded before import = 0Number of asset objects unloaded after import = 2

========================================================================
Received Import Request.
  Time since last request: 0.000037 seconds.
  path: Assets/Graphisms/Tilesets/SubTiles/Outside_3439.asset
  artifactKey: Guid(039ff9014eef02e4e90d20e6605cac73) Importer(2089858483,b0f066a214c2f5e87bad3c948f4d605d)
Start importing Assets/Graphisms/Tilesets/SubTiles/Outside_3439.asset using Guid(039ff9014eef02e4e90d20e6605cac73) Importer(2089858483,b0f066a214c2f5e87bad3c948f4d605d) (ScriptedImporter) -> (artifact id: '5601509b4b60c65ced21f21a0cdecc67') in 0.0102734 seconds
Number of updated asset objects reloaded before import = 0Number of asset objects unloaded after import = 2

========================================================================
Received Import Request.
  Time since last request: 0.000020 seconds.
  path: Assets/Graphisms/Tilesets/SubTiles/Outside_275.asset
  artifactKey: Guid(b3372bee37d888f44ac00d25da223ab5) Importer(2089858483,b0f066a214c2f5e87bad3c948f4d605d)
Start importing Assets/Graphisms/Tilesets/SubTiles/Outside_275.asset using Guid(b3372bee37d888f44ac00d25da223ab5) Importer(2089858483,b0f066a214c2f5e87bad3c948f4d605d) (ScriptedImporter) -> (artifact id: '6cfe1177a496d02541ffc36b265bd8aa') in 0.0121129 seconds
Number of updated asset objects reloaded before import = 0Number of asset objects unloaded after import = 2

========================================================================
Received Import Request.
  Time since last request: 0.000027 seconds.
  path: Assets/Graphisms/Tilesets/SubTiles/Outside_1827.asset
  artifactKey: Guid(e0836501376660b479fd3b38e9c16e20) Importer(2089858483,b0f066a214c2f5e87bad3c948f4d605d)
Start importing Assets/Graphisms/Tilesets/SubTiles/Outside_1827.asset using Guid(e0836501376660b479fd3b38e9c16e20) Importer(2089858483,b0f066a214c2f5e87bad3c948f4d605d) (ScriptedImporter) -> (artifact id: 'f976098a6f9bbf89b26a7d254a2b42ce') in 0.0105832 seconds
Number of updated asset objects reloaded before import = 0Number of asset objects unloaded after import = 2

========================================================================
Received Import Request.
  Time since last request: 0.000017 seconds.
  path: Assets/Graphisms/Tilesets/SubTiles/Outside_1973.asset
  artifactKey: Guid(c700b99162c7fd04691475dbe8b9a7c1) Importer(2089858483,b0f066a214c2f5e87bad3c948f4d605d)
Start importing Assets/Graphisms/Tilesets/SubTiles/Outside_1973.asset using Guid(c700b99162c7fd04691475dbe8b9a7c1) Importer(2089858483,b0f066a214c2f5e87bad3c948f4d605d) (ScriptedImporter) -> (artifact id: '54b04d2f6b272b66049a33e8d01e271c') in 0.0097541 seconds
Number of updated asset objects reloaded before import = 0Number of asset objects unloaded after import = 2

========================================================================
Received Import Request.
  Time since last request: 0.000032 seconds.
  path: Assets/Graphisms/Tilesets/SubTiles/Outside_392.asset
  artifactKey: Guid(4b08a4766e785fe49810908164e5039c) Importer(2089858483,b0f066a214c2f5e87bad3c948f4d605d)
Start importing Assets/Graphisms/Tilesets/SubTiles/Outside_392.asset using Guid(4b08a4766e785fe49810908164e5039c) Importer(2089858483,b0f066a214c2f5e87bad3c948f4d605d) (ScriptedImporter) -> (artifact id: 'd6c40a5afa97366031b98dea70b88626') in 0.0099388 seconds
Number of updated asset objects reloaded before import = 0Number of asset objects unloaded after import = 2

========================================================================
Received Import Request.
  Time since last request: 0.000036 seconds.
  path: Assets/Graphisms/Tilesets/SubTiles/Outside_19.asset
  artifactKey: Guid(06c467ce6e7e1de43aed2bda9dc9a03e) Importer(2089858483,b0f066a214c2f5e87bad3c948f4d605d)
Start importing Assets/Graphisms/Tilesets/SubTiles/Outside_19.asset using Guid(06c467ce6e7e1de43aed2bda9dc9a03e) Importer(2089858483,b0f066a214c2f5e87bad3c948f4d605d) (ScriptedImporter) -> (artifact id: '02bf10ef42ba13bbb3f03d03490ba9cb') in 0.0301988 seconds
Number of updated asset objects reloaded before import = 0Number of asset objects unloaded after import = 2

========================================================================
Received Import Request.
  Time since last request: 0.000019 seconds.
  path: Assets/Graphisms/Tilesets/SubTiles/Outside_3209.asset
  artifactKey: Guid(7c2a3b1de46ccf741af6369652dd9556) Importer(2089858483,b0f066a214c2f5e87bad3c948f4d605d)
Start importing Assets/Graphisms/Tilesets/SubTiles/Outside_3209.asset using Guid(7c2a3b1de46ccf741af6369652dd9556) Importer(2089858483,b0f066a214c2f5e87bad3c948f4d605d) (ScriptedImporter) -> (artifact id: 'ce4a56df367ebff9c79290b0c0c5b73e') in 0.0095423 seconds
Number of updated asset objects reloaded before import = 0Number of asset objects unloaded after import = 2

========================================================================
Received Import Request.
  Time since last request: 0.000020 seconds.
  path: Assets/Graphisms/Tilesets/SubTiles/Outside_2414.asset
  artifactKey: Guid(d130baa4ee690ab4c8808b1667f08256) Importer(2089858483,b0f066a214c2f5e87bad3c948f4d605d)
Start importing Assets/Graphisms/Tilesets/SubTiles/Outside_2414.asset using Guid(d130baa4ee690ab4c8808b1667f08256) Importer(2089858483,b0f066a214c2f5e87bad3c948f4d605d) (ScriptedImporter) -> (artifact id: '5e8e6127ed2e023bba4d016f9e664fa9') in 0.0096766 seconds
Number of updated asset objects reloaded before import = 0Number of asset objects unloaded after import = 2

========================================================================
Received Import Request.
  Time since last request: 0.000025 seconds.
  path: Assets/Graphisms/Tilesets/SubTiles/Outside_2530.asset
  artifactKey: Guid(c6d537d8447e2c74886530e6fc9b1c41) Importer(2089858483,b0f066a214c2f5e87bad3c948f4d605d)
Start importing Assets/Graphisms/Tilesets/SubTiles/Outside_2530.asset using Guid(c6d537d8447e2c74886530e6fc9b1c41) Importer(2089858483,b0f066a214c2f5e87bad3c948f4d605d) (ScriptedImporter) -> (artifact id: '14e0e80bd312069779a68f59d3064f5c') in 0.0104508 seconds
Number of updated asset objects reloaded before import = 0Number of asset objects unloaded after import = 2

========================================================================
Received Import Request.
  Time since last request: 0.000022 seconds.
  path: Assets/Graphisms/Tilesets/SubTiles/Outside_1722.asset
  artifactKey: Guid(f3fd833e24c45de499b0d18d773b8d2f) Importer(2089858483,b0f066a214c2f5e87bad3c948f4d605d)
Start importing Assets/Graphisms/Tilesets/SubTiles/Outside_1722.asset using Guid(f3fd833e24c45de499b0d18d773b8d2f) Importer(2089858483,b0f066a214c2f5e87bad3c948f4d605d) (ScriptedImporter) -> (artifact id: '5ae44ee10b8606b96dfa93d91312855f') in 0.0127724 seconds
Number of updated asset objects reloaded before import = 0Number of asset objects unloaded after import = 2

========================================================================
Received Import Request.
  Time since last request: 0.000021 seconds.
  path: Assets/Graphisms/Tilesets/SubTiles/Outside_684.asset
  artifactKey: Guid(ffc9dea9911113b46aaaab734e54ae7e) Importer(2089858483,b0f066a214c2f5e87bad3c948f4d605d)
Start importing Assets/Graphisms/Tilesets/SubTiles/Outside_684.asset using Guid(ffc9dea9911113b46aaaab734e54ae7e) Importer(2089858483,b0f066a214c2f5e87bad3c948f4d605d) (ScriptedImporter) -> (artifact id: '05579e0dd1d617f67804a0a14106e452') in 0.011737 seconds
Number of updated asset objects reloaded before import = 0Number of asset objects unloaded after import = 2

========================================================================
Received Import Request.
  Time since last request: 0.000020 seconds.
  path: Assets/Graphisms/Tilesets/SubTiles/Outside_2437.asset
  artifactKey: Guid(b77051e5f131b3140aab3493e1b4d574) Importer(2089858483,b0f066a214c2f5e87bad3c948f4d605d)
Start importing Assets/Graphisms/Tilesets/SubTiles/Outside_2437.asset using Guid(b77051e5f131b3140aab3493e1b4d574) Importer(2089858483,b0f066a214c2f5e87bad3c948f4d605d) (ScriptedImporter) -> (artifact id: 'b3b211d6f4cd463f5caf3f8eadddd222') in 0.0110027 seconds
Number of updated asset objects reloaded before import = 0Number of asset objects unloaded after import = 2

========================================================================
Received Import Request.
  Time since last request: 0.000020 seconds.
  path: Assets/Graphisms/Tilesets/SubTiles/Outside_1491.asset
  artifactKey: Guid(dbc48d169e3facc4291856987fcb0498) Importer(2089858483,b0f066a214c2f5e87bad3c948f4d605d)
Start importing Assets/Graphisms/Tilesets/SubTiles/Outside_1491.asset using Guid(dbc48d169e3facc4291856987fcb0498) Importer(2089858483,b0f066a214c2f5e87bad3c948f4d605d) (ScriptedImporter) -> (artifact id: '97abbcbf091d2e2fec5126d3ed4f14eb') in 0.0117412 seconds
Number of updated asset objects reloaded before import = 0Number of asset objects unloaded after import = 2

========================================================================
Received Import Request.
  Time since last request: 0.000018 seconds.
  path: Assets/Graphisms/Tilesets/SubTiles/Outside_473.asset
  artifactKey: Guid(39bf9766c9617aa42b64b23907033958) Importer(2089858483,b0f066a214c2f5e87bad3c948f4d605d)
Start importing Assets/Graphisms/Tilesets/SubTiles/Outside_473.asset using Guid(39bf9766c9617aa42b64b23907033958) Importer(2089858483,b0f066a214c2f5e87bad3c948f4d605d) (ScriptedImporter) -> (artifact id: 'c86ccf302b7cddf7aed5add0e9328f09') in 0.0139543 seconds
Number of updated asset objects reloaded before import = 0Number of asset objects unloaded after import = 2

========================================================================
Received Import Request.
  Time since last request: 0.000031 seconds.
  path: Assets/Graphisms/Tilesets/SubTiles/Outside_2566.asset
  artifactKey: Guid(6926a09261d3d0546a0b5687955e8d1c) Importer(2089858483,b0f066a214c2f5e87bad3c948f4d605d)
Start importing Assets/Graphisms/Tilesets/SubTiles/Outside_2566.asset using Guid(6926a09261d3d0546a0b5687955e8d1c) Importer(2089858483,b0f066a214c2f5e87bad3c948f4d605d) (ScriptedImporter) -> (artifact id: '245c0cca5aacf5781fed5c42259319ba') in 0.0105871 seconds
Number of updated asset objects reloaded before import = 0Number of asset objects unloaded after import = 2

========================================================================
Received Import Request.
  Time since last request: 0.000023 seconds.
  path: Assets/Graphisms/Tilesets/SubTiles/Outside_905.asset
  artifactKey: Guid(747a71f04c3975149918a478f7530d7c) Importer(2089858483,b0f066a214c2f5e87bad3c948f4d605d)
Start importing Assets/Graphisms/Tilesets/SubTiles/Outside_905.asset using Guid(747a71f04c3975149918a478f7530d7c) Importer(2089858483,b0f066a214c2f5e87bad3c948f4d605d) (ScriptedImporter) -> (artifact id: '7c02846603d996f19911e072e13c982d') in 0.011865 seconds
Number of updated asset objects reloaded before import = 0Number of asset objects unloaded after import = 2

========================================================================
Received Import Request.
  Time since last request: 0.000022 seconds.
  path: Assets/Graphisms/Tilesets/SubTiles/Outside_882.asset
  artifactKey: Guid(1da6cbf36cd97744c82f08ff57dd79f8) Importer(2089858483,b0f066a214c2f5e87bad3c948f4d605d)
Start importing Assets/Graphisms/Tilesets/SubTiles/Outside_882.asset using Guid(1da6cbf36cd97744c82f08ff57dd79f8) Importer(2089858483,b0f066a214c2f5e87bad3c948f4d605d) (ScriptedImporter) -> (artifact id: '80f5d6319a5c2d44166682c9f93c0567') in 0.0117318 seconds
Number of updated asset objects reloaded before import = 0Number of asset objects unloaded after import = 2

========================================================================
Received Import Request.
  Time since last request: 0.000050 seconds.
  path: Assets/Graphisms/Tilesets/SubTiles/Outside_2863.asset
  artifactKey: Guid(1d81b441249297549ab590c21414201f) Importer(2089858483,b0f066a214c2f5e87bad3c948f4d605d)
Start importing Assets/Graphisms/Tilesets/SubTiles/Outside_2863.asset using Guid(1d81b441249297549ab590c21414201f) Importer(2089858483,b0f066a214c2f5e87bad3c948f4d605d) (ScriptedImporter) -> (artifact id: '4d05507d98ac9a436cab6082852cadb6') in 0.0094344 seconds
Number of updated asset objects reloaded before import = 0Number of asset objects unloaded after import = 2

========================================================================
Received Import Request.
  Time since last request: 0.000021 seconds.
  path: Assets/Graphisms/Tilesets/SubTiles/Outside_175.asset
  artifactKey: Guid(c26ff31a39fc0a644a9d6bb5df517b78) Importer(2089858483,b0f066a214c2f5e87bad3c948f4d605d)
Start importing Assets/Graphisms/Tilesets/SubTiles/Outside_175.asset using Guid(c26ff31a39fc0a644a9d6bb5df517b78) Importer(2089858483,b0f066a214c2f5e87bad3c948f4d605d) (ScriptedImporter) -> (artifact id: '799ece10d69f56bf4a3092021be1c74a') in 0.0115372 seconds
Number of updated asset objects reloaded before import = 0Number of asset objects unloaded after import = 2

========================================================================
Received Import Request.
  Time since last request: 0.000035 seconds.
  path: Assets/Graphisms/Tilesets/SubTiles/Outside_3242.asset
  artifactKey: Guid(899b13a409c853f48b6b9d2b8d55e401) Importer(2089858483,b0f066a214c2f5e87bad3c948f4d605d)
Start importing Assets/Graphisms/Tilesets/SubTiles/Outside_3242.asset using Guid(899b13a409c853f48b6b9d2b8d55e401) Importer(2089858483,b0f066a214c2f5e87bad3c948f4d605d) (ScriptedImporter) -> (artifact id: '1dde94d33188f6a62c18a6ca24d9e39d') in 0.0111522 seconds
Number of updated asset objects reloaded before import = 0Number of asset objects unloaded after import = 2

========================================================================
Received Import Request.
  Time since last request: 0.000019 seconds.
  path: Assets/Graphisms/Tilesets/SubTiles/Outside_3040.asset
  artifactKey: Guid(1b3f239d53e1a914e9c90538a266b65c) Importer(2089858483,b0f066a214c2f5e87bad3c948f4d605d)
Start importing Assets/Graphisms/Tilesets/SubTiles/Outside_3040.asset using Guid(1b3f239d53e1a914e9c90538a266b65c) Importer(2089858483,b0f066a214c2f5e87bad3c948f4d605d) (ScriptedImporter) -> (artifact id: '6998beaf5c81e4f04b619232abc70744') in 0.0093824 seconds
Number of updated asset objects reloaded before import = 0Number of asset objects unloaded after import = 2

========================================================================
Received Import Request.
  Time since last request: 0.000030 seconds.
  path: Assets/Graphisms/Tilesets/SubTiles/Outside_3887.asset
  artifactKey: Guid(bdccb4c15e585ae459cfc8ef1c025d2d) Importer(2089858483,b0f066a214c2f5e87bad3c948f4d605d)
Start importing Assets/Graphisms/Tilesets/SubTiles/Outside_3887.asset using Guid(bdccb4c15e585ae459cfc8ef1c025d2d) Importer(2089858483,b0f066a214c2f5e87bad3c948f4d605d) (ScriptedImporter) -> (artifact id: 'ce432b724bd73d6004cfa3fdff3ec9cb') in 0.0252027 seconds
Number of updated asset objects reloaded before import = 0Number of asset objects unloaded after import = 2

========================================================================
Received Import Request.
  Time since last request: 0.000023 seconds.
  path: Assets/Graphisms/Tilesets/SubTiles/Outside_1554.asset
  artifactKey: Guid(0da187144c128de47873aa7e8a145276) Importer(2089858483,b0f066a214c2f5e87bad3c948f4d605d)
Start importing Assets/Graphisms/Tilesets/SubTiles/Outside_1554.asset using Guid(0da187144c128de47873aa7e8a145276) Importer(2089858483,b0f066a214c2f5e87bad3c948f4d605d) (ScriptedImporter) -> (artifact id: 'ac161d07ff09b13bd3247e3c10544e45') in 0.0094724 seconds
Number of updated asset objects reloaded before import = 0Number of asset objects unloaded after import = 2

========================================================================
Received Import Request.
  Time since last request: 0.000037 seconds.
  path: Assets/Graphisms/Tilesets/SubTiles/Outside_2966.asset
  artifactKey: Guid(52e5f997dd6331a4eb4f3b48eb8d55b4) Importer(2089858483,b0f066a214c2f5e87bad3c948f4d605d)
Start importing Assets/Graphisms/Tilesets/SubTiles/Outside_2966.asset using Guid(52e5f997dd6331a4eb4f3b48eb8d55b4) Importer(2089858483,b0f066a214c2f5e87bad3c948f4d605d) (ScriptedImporter) -> (artifact id: 'ad0d9251f3de595854a577a0c6fefcfb') in 0.0104764 seconds
Number of updated asset objects reloaded before import = 0Number of asset objects unloaded after import = 2

========================================================================
Received Import Request.
  Time since last request: 0.000029 seconds.
  path: Assets/Graphisms/Tilesets/SubTiles/Outside_297.asset
  artifactKey: Guid(7f0d640b911735d489110e7c066dc524) Importer(2089858483,b0f066a214c2f5e87bad3c948f4d605d)
Start importing Assets/Graphisms/Tilesets/SubTiles/Outside_297.asset using Guid(7f0d640b911735d489110e7c066dc524) Importer(2089858483,b0f066a214c2f5e87bad3c948f4d605d) (ScriptedImporter) -> (artifact id: 'ac316cb4d510b3df9eb29f67fc28837e') in 0.0114126 seconds
Number of updated asset objects reloaded before import = 0Number of asset objects unloaded after import = 2

========================================================================
Received Import Request.
  Time since last request: 0.000014 seconds.
  path: Assets/Graphisms/Tilesets/SubTiles/Outside_3178.asset
  artifactKey: Guid(42c95dc5ccd08fe4cb7c55783faa3994) Importer(2089858483,b0f066a214c2f5e87bad3c948f4d605d)
Start importing Assets/Graphisms/Tilesets/SubTiles/Outside_3178.asset using Guid(42c95dc5ccd08fe4cb7c55783faa3994) Importer(2089858483,b0f066a214c2f5e87bad3c948f4d605d) (ScriptedImporter) -> (artifact id: 'f7bb9dcb7d48ed8aeae50a12d22ede09') in 0.0106591 seconds
Number of updated asset objects reloaded before import = 0Number of asset objects unloaded after import = 2

========================================================================
Received Import Request.
  Time since last request: 0.000017 seconds.
  path: Assets/Graphisms/Tilesets/SubTiles/Outside_3293.asset
  artifactKey: Guid(8415dd27fa0fb7d4f8d9b6dd0d8e8cda) Importer(2089858483,b0f066a214c2f5e87bad3c948f4d605d)
Start importing Assets/Graphisms/Tilesets/SubTiles/Outside_3293.asset using Guid(8415dd27fa0fb7d4f8d9b6dd0d8e8cda) Importer(2089858483,b0f066a214c2f5e87bad3c948f4d605d) (ScriptedImporter) -> (artifact id: '4bf0d86153db89fbf16365908cafddb4') in 0.0114968 seconds
Number of updated asset objects reloaded before import = 0Number of asset objects unloaded after import = 2

========================================================================
Received Import Request.
  Time since last request: 0.000023 seconds.
  path: Assets/Graphisms/Tilesets/SubTiles/Outside_825.asset
  artifactKey: Guid(d9004631812b9fc4bbfbfac97c768054) Importer(2089858483,b0f066a214c2f5e87bad3c948f4d605d)
Start importing Assets/Graphisms/Tilesets/SubTiles/Outside_825.asset using Guid(d9004631812b9fc4bbfbfac97c768054) Importer(2089858483,b0f066a214c2f5e87bad3c948f4d605d) (ScriptedImporter) -> (artifact id: 'f555ba1dfcc024a6a4034e21518df992') in 0.0109093 seconds
Number of updated asset objects reloaded before import = 0Number of asset objects unloaded after import = 2

========================================================================
Received Import Request.
  Time since last request: 0.000038 seconds.
  path: Assets/Graphisms/Tilesets/SubTiles/Outside_1116.asset
  artifactKey: Guid(5e19bfbdb30624a47927954f5184cd31) Importer(2089858483,b0f066a214c2f5e87bad3c948f4d605d)
Start importing Assets/Graphisms/Tilesets/SubTiles/Outside_1116.asset using Guid(5e19bfbdb30624a47927954f5184cd31) Importer(2089858483,b0f066a214c2f5e87bad3c948f4d605d) (ScriptedImporter) -> (artifact id: '0d681a931f76bd2b8e4efef7af0d8ab7') in 0.0115586 seconds
Number of updated asset objects reloaded before import = 0Number of asset objects unloaded after import = 2

========================================================================
Received Import Request.
  Time since last request: 0.000023 seconds.
  path: Assets/Graphisms/Tilesets/SubTiles/Outside_1804.asset
  artifactKey: Guid(ddc42111fdf61d847a751fa0ca7d5aaa) Importer(2089858483,b0f066a214c2f5e87bad3c948f4d605d)
Start importing Assets/Graphisms/Tilesets/SubTiles/Outside_1804.asset using Guid(ddc42111fdf61d847a751fa0ca7d5aaa) Importer(2089858483,b0f066a214c2f5e87bad3c948f4d605d) (ScriptedImporter) -> (artifact id: 'aec83015cad131c8db6233a506fe51b7') in 0.0104021 seconds
Number of updated asset objects reloaded before import = 0Number of asset objects unloaded after import = 2

========================================================================
Received Import Request.
  Time since last request: 0.000024 seconds.
  path: Assets/Graphisms/Tilesets/SubTiles/Outside_891.asset
  artifactKey: Guid(7ec741c7f7f1e2a48b82844ad6ec02ac) Importer(2089858483,b0f066a214c2f5e87bad3c948f4d605d)
Start importing Assets/Graphisms/Tilesets/SubTiles/Outside_891.asset using Guid(7ec741c7f7f1e2a48b82844ad6ec02ac) Importer(2089858483,b0f066a214c2f5e87bad3c948f4d605d) (ScriptedImporter) -> (artifact id: '27d8bf180eb7c3782abcbd0b420d64ac') in 0.012036 seconds
Number of updated asset objects reloaded before import = 0Number of asset objects unloaded after import = 2

========================================================================
Received Import Request.
  Time since last request: 0.000021 seconds.
  path: Assets/Graphisms/Tilesets/SubTiles/Outside_2014.asset
  artifactKey: Guid(3ac53aff6be729748a687e9f5400fd21) Importer(2089858483,b0f066a214c2f5e87bad3c948f4d605d)
Start importing Assets/Graphisms/Tilesets/SubTiles/Outside_2014.asset using Guid(3ac53aff6be729748a687e9f5400fd21) Importer(2089858483,b0f066a214c2f5e87bad3c948f4d605d) (ScriptedImporter) -> (artifact id: '827a64c36f58f118c73d59ef1da6b081') in 0.009976 seconds
Number of updated asset objects reloaded before import = 0Number of asset objects unloaded after import = 2

========================================================================
Received Import Request.
  Time since last request: 0.000021 seconds.
  path: Assets/Graphisms/Tilesets/SubTiles/Outside_185.asset
  artifactKey: Guid(aff27b0b5599f28468c81a362176bd33) Importer(2089858483,b0f066a214c2f5e87bad3c948f4d605d)
Start importing Assets/Graphisms/Tilesets/SubTiles/Outside_185.asset using Guid(aff27b0b5599f28468c81a362176bd33) Importer(2089858483,b0f066a214c2f5e87bad3c948f4d605d) (ScriptedImporter) -> (artifact id: '5f74c19dc87896992c60166e27b262e3') in 0.012017 seconds
Number of updated asset objects reloaded before import = 0Number of asset objects unloaded after import = 2

========================================================================
Received Import Request.
  Time since last request: 0.000046 seconds.
  path: Assets/Graphisms/Tilesets/SubTiles/Outside_356.asset
  artifactKey: Guid(17d0aed60f129e346b71087e4cc413a3) Importer(2089858483,b0f066a214c2f5e87bad3c948f4d605d)
Start importing Assets/Graphisms/Tilesets/SubTiles/Outside_356.asset using Guid(17d0aed60f129e346b71087e4cc413a3) Importer(2089858483,b0f066a214c2f5e87bad3c948f4d605d) (ScriptedImporter) -> (artifact id: '06973a2a347aa0afcc4c851b11d3710f') in 0.0115049 seconds
Number of updated asset objects reloaded before import = 0Number of asset objects unloaded after import = 2

========================================================================
Received Import Request.
  Time since last request: 0.000019 seconds.
  path: Assets/Graphisms/Tilesets/SubTiles/Outside_146.asset
  artifactKey: Guid(ae83dd7f35096684c9a775cb9a40c7da) Importer(2089858483,b0f066a214c2f5e87bad3c948f4d605d)
Start importing Assets/Graphisms/Tilesets/SubTiles/Outside_146.asset using Guid(ae83dd7f35096684c9a775cb9a40c7da) Importer(2089858483,b0f066a214c2f5e87bad3c948f4d605d) (ScriptedImporter) -> (artifact id: '617bf79b3b8a330cf8213d439f016f2c') in 0.0104797 seconds
Number of updated asset objects reloaded before import = 0Number of asset objects unloaded after import = 2

========================================================================
Received Import Request.
  Time since last request: 0.000021 seconds.
  path: Assets/Graphisms/Tilesets/SubTiles/Outside_542.asset
  artifactKey: Guid(6562bd88450805b40b054586a0c336fa) Importer(2089858483,b0f066a214c2f5e87bad3c948f4d605d)
Start importing Assets/Graphisms/Tilesets/SubTiles/Outside_542.asset using Guid(6562bd88450805b40b054586a0c336fa) Importer(2089858483,b0f066a214c2f5e87bad3c948f4d605d) (ScriptedImporter) -> (artifact id: 'd208e22590f3d702888d7240bca44062') in 0.0094437 seconds
Number of updated asset objects reloaded before import = 0Number of asset objects unloaded after import = 2

========================================================================
Received Import Request.
  Time since last request: 0.000025 seconds.
  path: Assets/Graphisms/Tilesets/SubTiles/Outside_532.asset
  artifactKey: Guid(714fd42dee2b7d84fa179861bf5fe939) Importer(2089858483,b0f066a214c2f5e87bad3c948f4d605d)
Start importing Assets/Graphisms/Tilesets/SubTiles/Outside_532.asset using Guid(714fd42dee2b7d84fa179861bf5fe939) Importer(2089858483,b0f066a214c2f5e87bad3c948f4d605d) (ScriptedImporter) -> (artifact id: '7e1314467e8b41b16013db27861b8ff9') in 0.010572 seconds
Number of updated asset objects reloaded before import = 0Number of asset objects unloaded after import = 2

========================================================================
Received Import Request.
  Time since last request: 0.000027 seconds.
  path: Assets/Graphisms/Tilesets/SubTiles/Outside_1881.asset
  artifactKey: Guid(ee719e3a1ef856049b03b27399a9b0a6) Importer(2089858483,b0f066a214c2f5e87bad3c948f4d605d)
Start importing Assets/Graphisms/Tilesets/SubTiles/Outside_1881.asset using Guid(ee719e3a1ef856049b03b27399a9b0a6) Importer(2089858483,b0f066a214c2f5e87bad3c948f4d605d) (ScriptedImporter) -> (artifact id: '5bf91b8feae09819aa3816aa97c97060') in 0.0163218 seconds
Number of updated asset objects reloaded before import = 0Number of asset objects unloaded after import = 2

========================================================================
Received Import Request.
  Time since last request: 0.000043 seconds.
  path: Assets/Graphisms/Tilesets/SubTiles/Outside_899.asset
  artifactKey: Guid(e60615add0290594293ab60cd7ffe782) Importer(2089858483,b0f066a214c2f5e87bad3c948f4d605d)
Start importing Assets/Graphisms/Tilesets/SubTiles/Outside_899.asset using Guid(e60615add0290594293ab60cd7ffe782) Importer(2089858483,b0f066a214c2f5e87bad3c948f4d605d) (ScriptedImporter) -> (artifact id: 'ed43d303dcb62ea6fb5a53bfa8236ab2') in 0.0098244 seconds
Number of updated asset objects reloaded before import = 0Number of asset objects unloaded after import = 2

========================================================================
Received Import Request.
  Time since last request: 0.000063 seconds.
  path: Assets/Graphisms/Tilesets/SubTiles/Outside_23.asset
  artifactKey: Guid(0f7b616cad621bd478bc028f39cd335e) Importer(2089858483,b0f066a214c2f5e87bad3c948f4d605d)
Start importing Assets/Graphisms/Tilesets/SubTiles/Outside_23.asset using Guid(0f7b616cad621bd478bc028f39cd335e) Importer(2089858483,b0f066a214c2f5e87bad3c948f4d605d) (ScriptedImporter) -> (artifact id: 'e99f144542920150a52d4da8dac323d5') in 0.0219707 seconds
Number of updated asset objects reloaded before import = 0Number of asset objects unloaded after import = 2

========================================================================
Received Import Request.
  Time since last request: 0.000032 seconds.
  path: Assets/Graphisms/Tilesets/SubTiles/Outside_3842.asset
  artifactKey: Guid(79b6794107da5dd43bd85bbb52513f3f) Importer(2089858483,b0f066a214c2f5e87bad3c948f4d605d)
Start importing Assets/Graphisms/Tilesets/SubTiles/Outside_3842.asset using Guid(79b6794107da5dd43bd85bbb52513f3f) Importer(2089858483,b0f066a214c2f5e87bad3c948f4d605d) (ScriptedImporter) -> (artifact id: '62aab2fdd38dc5a4dcfb990df7d38001') in 0.013768 seconds
Number of updated asset objects reloaded before import = 0Number of asset objects unloaded after import = 2

========================================================================
Received Import Request.
  Time since last request: 0.000018 seconds.
  path: Assets/Graphisms/Tilesets/SubTiles/Outside_1867.asset
  artifactKey: Guid(1ad2ad8643f416649bfa5c28e60bb41c) Importer(2089858483,b0f066a214c2f5e87bad3c948f4d605d)
Start importing Assets/Graphisms/Tilesets/SubTiles/Outside_1867.asset using Guid(1ad2ad8643f416649bfa5c28e60bb41c) Importer(2089858483,b0f066a214c2f5e87bad3c948f4d605d) (ScriptedImporter) -> (artifact id: '3b0db715487a232b3c8987eec9e74de5') in 0.0121911 seconds
Number of updated asset objects reloaded before import = 0Number of asset objects unloaded after import = 2

========================================================================
Received Import Request.
  Time since last request: 0.000028 seconds.
  path: Assets/Graphisms/Tilesets/SubTiles/Outside_438.asset
  artifactKey: Guid(5381a767ad13ae14392bc3597651be0c) Importer(2089858483,b0f066a214c2f5e87bad3c948f4d605d)
Start importing Assets/Graphisms/Tilesets/SubTiles/Outside_438.asset using Guid(5381a767ad13ae14392bc3597651be0c) Importer(2089858483,b0f066a214c2f5e87bad3c948f4d605d) (ScriptedImporter) -> (artifact id: '7be7b1a7f870590b99d90c9d3ca7b466') in 0.0093988 seconds
Number of updated asset objects reloaded before import = 0Number of asset objects unloaded after import = 2

========================================================================
Received Import Request.
  Time since last request: 0.000033 seconds.
  path: Assets/Graphisms/Tilesets/SubTiles/Outside_3928.asset
  artifactKey: Guid(71fef3befb6388f4487cefbc0b3b4e3b) Importer(2089858483,b0f066a214c2f5e87bad3c948f4d605d)
Start importing Assets/Graphisms/Tilesets/SubTiles/Outside_3928.asset using Guid(71fef3befb6388f4487cefbc0b3b4e3b) Importer(2089858483,b0f066a214c2f5e87bad3c948f4d605d) (ScriptedImporter) -> (artifact id: 'e8cf58c39292e5f02b19cf1a57db1379') in 0.0102454 seconds
Number of updated asset objects reloaded before import = 0Number of asset objects unloaded after import = 2

========================================================================
Received Import Request.
  Time since last request: 0.000027 seconds.
  path: Assets/Graphisms/Tilesets/SubTiles/Outside_1072.asset
  artifactKey: Guid(4bb990dadde077b49b30491a6edcdca1) Importer(2089858483,b0f066a214c2f5e87bad3c948f4d605d)
Start importing Assets/Graphisms/Tilesets/SubTiles/Outside_1072.asset using Guid(4bb990dadde077b49b30491a6edcdca1) Importer(2089858483,b0f066a214c2f5e87bad3c948f4d605d) (ScriptedImporter) -> (artifact id: '45923f832d7c589f742ac786c5030760') in 0.01053 seconds
Number of updated asset objects reloaded before import = 0Number of asset objects unloaded after import = 2

========================================================================
Received Import Request.
  Time since last request: 0.000020 seconds.
  path: Assets/Graphisms/Tilesets/SubTiles/Outside_2664.asset
  artifactKey: Guid(195a82105114f1d48a90581f048cc49a) Importer(2089858483,b0f066a214c2f5e87bad3c948f4d605d)
Start importing Assets/Graphisms/Tilesets/SubTiles/Outside_2664.asset using Guid(195a82105114f1d48a90581f048cc49a) Importer(2089858483,b0f066a214c2f5e87bad3c948f4d605d) (ScriptedImporter) -> (artifact id: 'a5f21a8e11911ef8156d75d856b68532') in 0.0101665 seconds
Number of updated asset objects reloaded before import = 0Number of asset objects unloaded after import = 2

========================================================================
Received Import Request.
  Time since last request: 0.000024 seconds.
  path: Assets/Graphisms/Tilesets/SubTiles/Outside_2649.asset
  artifactKey: Guid(f5249a609aa6ef7418dfab890905688d) Importer(2089858483,b0f066a214c2f5e87bad3c948f4d605d)
Start importing Assets/Graphisms/Tilesets/SubTiles/Outside_2649.asset using Guid(f5249a609aa6ef7418dfab890905688d) Importer(2089858483,b0f066a214c2f5e87bad3c948f4d605d) (ScriptedImporter) -> (artifact id: '89c0fd8446e4feaf9bdc253364f0a28d') in 0.0096555 seconds
Number of updated asset objects reloaded before import = 0Number of asset objects unloaded after import = 2

========================================================================
Received Import Request.
  Time since last request: 0.000028 seconds.
  path: Assets/Graphisms/Tilesets/SubTiles/Outside_1047.asset
  artifactKey: Guid(8dd37f119e38dfa4d8233660a1b04dcb) Importer(2089858483,b0f066a214c2f5e87bad3c948f4d605d)
Start importing Assets/Graphisms/Tilesets/SubTiles/Outside_1047.asset using Guid(8dd37f119e38dfa4d8233660a1b04dcb) Importer(2089858483,b0f066a214c2f5e87bad3c948f4d605d) (ScriptedImporter) -> (artifact id: 'd0af3bd34f59b43c312ad864eb289f6f') in 0.010495 seconds
Number of updated asset objects reloaded before import = 0Number of asset objects unloaded after import = 2

========================================================================
Received Import Request.
  Time since last request: 0.000055 seconds.
  path: Assets/Graphisms/Tilesets/SubTiles/Outside_1369.asset
  artifactKey: Guid(402e81f1f4aac5d4ab434fcddf69bc4c) Importer(2089858483,b0f066a214c2f5e87bad3c948f4d605d)
Start importing Assets/Graphisms/Tilesets/SubTiles/Outside_1369.asset using Guid(402e81f1f4aac5d4ab434fcddf69bc4c) Importer(2089858483,b0f066a214c2f5e87bad3c948f4d605d) (ScriptedImporter) -> (artifact id: '33f04d7eaa36ef4279cb3dae319f07a4') in 0.0250406 seconds
Number of updated asset objects reloaded before import = 0Number of asset objects unloaded after import = 2

========================================================================
Received Import Request.
  Time since last request: 0.000031 seconds.
  path: Assets/Graphisms/Tilesets/SubTiles/Outside_3073.asset
  artifactKey: Guid(b51d3dbb3a13e9a4981db88a73fb3aed) Importer(2089858483,b0f066a214c2f5e87bad3c948f4d605d)
Start importing Assets/Graphisms/Tilesets/SubTiles/Outside_3073.asset using Guid(b51d3dbb3a13e9a4981db88a73fb3aed) Importer(2089858483,b0f066a214c2f5e87bad3c948f4d605d) (ScriptedImporter) -> (artifact id: '29bde91747440e191a2449de5086ae7b') in 0.0099656 seconds
Number of updated asset objects reloaded before import = 0Number of asset objects unloaded after import = 2

========================================================================
Received Import Request.
  Time since last request: 0.000024 seconds.
  path: Assets/Graphisms/Tilesets/SubTiles/Outside_1499.asset
  artifactKey: Guid(16c623e48dc66af48914b46653a6ef18) Importer(2089858483,b0f066a214c2f5e87bad3c948f4d605d)
Start importing Assets/Graphisms/Tilesets/SubTiles/Outside_1499.asset using Guid(16c623e48dc66af48914b46653a6ef18) Importer(2089858483,b0f066a214c2f5e87bad3c948f4d605d) (ScriptedImporter) -> (artifact id: 'ffae8703ca8bf3a0d4ccbf268ceb66ba') in 0.0117297 seconds
Number of updated asset objects reloaded before import = 0Number of asset objects unloaded after import = 2

========================================================================
Received Import Request.
  Time since last request: 0.000035 seconds.
  path: Assets/Graphisms/Tilesets/SubTiles/Outside_3072.asset
  artifactKey: Guid(062ad9fee123eb3418158f1d0276dc78) Importer(2089858483,b0f066a214c2f5e87bad3c948f4d605d)
Start importing Assets/Graphisms/Tilesets/SubTiles/Outside_3072.asset using Guid(062ad9fee123eb3418158f1d0276dc78) Importer(2089858483,b0f066a214c2f5e87bad3c948f4d605d) (ScriptedImporter) -> (artifact id: '76213f511e5c9dc53c85d1e9b4c81c3a') in 0.0310373 seconds
Number of updated asset objects reloaded before import = 0Number of asset objects unloaded after import = 2

========================================================================
Received Import Request.
  Time since last request: 0.000043 seconds.
  path: Assets/Graphisms/Tilesets/SubTiles/Outside_90.asset
  artifactKey: Guid(659e9401a7d5a974baf649bcd4c0edb6) Importer(2089858483,b0f066a214c2f5e87bad3c948f4d605d)
Start importing Assets/Graphisms/Tilesets/SubTiles/Outside_90.asset using Guid(659e9401a7d5a974baf649bcd4c0edb6) Importer(2089858483,b0f066a214c2f5e87bad3c948f4d605d) (ScriptedImporter) -> (artifact id: 'c30ee517a63afa107de0e54024827626') in 0.0298156 seconds
Number of updated asset objects reloaded before import = 0Number of asset objects unloaded after import = 2

========================================================================
Received Import Request.
  Time since last request: 0.000025 seconds.
  path: Assets/Graphisms/Tilesets/SubTiles/Outside_326.asset
  artifactKey: Guid(8542d13efcec66844aafaedeaeb531bc) Importer(2089858483,b0f066a214c2f5e87bad3c948f4d605d)
Start importing Assets/Graphisms/Tilesets/SubTiles/Outside_326.asset using Guid(8542d13efcec66844aafaedeaeb531bc) Importer(2089858483,b0f066a214c2f5e87bad3c948f4d605d) (ScriptedImporter) -> (artifact id: 'c0ac11eb2bf91dec897feec4befd7888') in 0.0122077 seconds
Number of updated asset objects reloaded before import = 0Number of asset objects unloaded after import = 2

========================================================================
Received Import Request.
  Time since last request: 0.000043 seconds.
  path: Assets/Graphisms/Tilesets/SubTiles/Outside_2983.asset
  artifactKey: Guid(788afb8669156f145840beac1815e3bd) Importer(2089858483,b0f066a214c2f5e87bad3c948f4d605d)
Start importing Assets/Graphisms/Tilesets/SubTiles/Outside_2983.asset using Guid(788afb8669156f145840beac1815e3bd) Importer(2089858483,b0f066a214c2f5e87bad3c948f4d605d) (ScriptedImporter) -> (artifact id: 'b4be01fa74f5996bb758313813c2fefb') in 0.0103083 seconds
Number of updated asset objects reloaded before import = 0Number of asset objects unloaded after import = 2

========================================================================
Received Import Request.
  Time since last request: 0.000029 seconds.
  path: Assets/Graphisms/Tilesets/SubTiles/Outside_3481.asset
  artifactKey: Guid(2c59b39ba32b34248adf7a487cabc6ff) Importer(2089858483,b0f066a214c2f5e87bad3c948f4d605d)
Start importing Assets/Graphisms/Tilesets/SubTiles/Outside_3481.asset using Guid(2c59b39ba32b34248adf7a487cabc6ff) Importer(2089858483,b0f066a214c2f5e87bad3c948f4d605d) (ScriptedImporter) -> (artifact id: 'a47fcb03aca260a4938b7943ea89a48e') in 0.0094132 seconds
Number of updated asset objects reloaded before import = 0Number of asset objects unloaded after import = 2

========================================================================
Received Import Request.
  Time since last request: 0.000062 seconds.
  path: Assets/Graphisms/Tilesets/SubTiles/Outside_355.asset
  artifactKey: Guid(77de1575f62cd684281ae1b5f7184077) Importer(2089858483,b0f066a214c2f5e87bad3c948f4d605d)
Start importing Assets/Graphisms/Tilesets/SubTiles/Outside_355.asset using Guid(77de1575f62cd684281ae1b5f7184077) Importer(2089858483,b0f066a214c2f5e87bad3c948f4d605d) (ScriptedImporter) -> (artifact id: 'e6f70a44c7d706c0d1b838bef2c48276') in 0.0095264 seconds
Number of updated asset objects reloaded before import = 0Number of asset objects unloaded after import = 2

========================================================================
Received Import Request.
  Time since last request: 0.000021 seconds.
  path: Assets/Graphisms/Tilesets/SubTiles/Outside_1222.asset
  artifactKey: Guid(3220f4199ee68aa4bb731c73fb4fc18f) Importer(2089858483,b0f066a214c2f5e87bad3c948f4d605d)
Start importing Assets/Graphisms/Tilesets/SubTiles/Outside_1222.asset using Guid(3220f4199ee68aa4bb731c73fb4fc18f) Importer(2089858483,b0f066a214c2f5e87bad3c948f4d605d) (ScriptedImporter) -> (artifact id: 'e31e136b3fde246701449d74c3f09013') in 0.0098265 seconds
Number of updated asset objects reloaded before import = 0Number of asset objects unloaded after import = 2

========================================================================
Received Import Request.
  Time since last request: 0.000036 seconds.
  path: Assets/Graphisms/Tilesets/SubTiles/Outside_1928.asset
  artifactKey: Guid(cc30793a9a0d83f4da1909443a485762) Importer(2089858483,b0f066a214c2f5e87bad3c948f4d605d)
Start importing Assets/Graphisms/Tilesets/SubTiles/Outside_1928.asset using Guid(cc30793a9a0d83f4da1909443a485762) Importer(2089858483,b0f066a214c2f5e87bad3c948f4d605d) (ScriptedImporter) -> (artifact id: 'adc06f542e20a4275032e67acfb6b86f') in 0.0110077 seconds
Number of updated asset objects reloaded before import = 0Number of asset objects unloaded after import = 2

========================================================================
Received Import Request.
  Time since last request: 0.000028 seconds.
  path: Assets/Graphisms/Tilesets/SubTiles/Outside_3501.asset
  artifactKey: Guid(93d961cf1a4d97a45ba71523382284da) Importer(2089858483,b0f066a214c2f5e87bad3c948f4d605d)
Start importing Assets/Graphisms/Tilesets/SubTiles/Outside_3501.asset using Guid(93d961cf1a4d97a45ba71523382284da) Importer(2089858483,b0f066a214c2f5e87bad3c948f4d605d) (ScriptedImporter) -> (artifact id: 'aa9bb396d8bcc69b742c7ee9ee5c056a') in 0.02234 seconds
Number of updated asset objects reloaded before import = 0Number of asset objects unloaded after import = 2

========================================================================
Received Import Request.
  Time since last request: 0.000021 seconds.
  path: Assets/Graphisms/Tilesets/SubTiles/Outside_1862.asset
  artifactKey: Guid(72ed82ca26598414a8c357f9dafbfafc) Importer(2089858483,b0f066a214c2f5e87bad3c948f4d605d)
Start importing Assets/Graphisms/Tilesets/SubTiles/Outside_1862.asset using Guid(72ed82ca26598414a8c357f9dafbfafc) Importer(2089858483,b0f066a214c2f5e87bad3c948f4d605d) (ScriptedImporter) -> (artifact id: 'c83cca0fe897a97315fec9f54253e09c') in 0.0108595 seconds
Number of updated asset objects reloaded before import = 0Number of asset objects unloaded after import = 2

========================================================================
Received Import Request.
  Time since last request: 0.000033 seconds.
  path: Assets/Graphisms/Tilesets/SubTiles/Outside_257.asset
  artifactKey: Guid(bbcdcae693d07cd408fe8fc663840d56) Importer(2089858483,b0f066a214c2f5e87bad3c948f4d605d)
Start importing Assets/Graphisms/Tilesets/SubTiles/Outside_257.asset using Guid(bbcdcae693d07cd408fe8fc663840d56) Importer(2089858483,b0f066a214c2f5e87bad3c948f4d605d) (ScriptedImporter) -> (artifact id: '95de36834f3cf34c5dd6ee12f46b8e6e') in 0.0159953 seconds
Number of updated asset objects reloaded before import = 0Number of asset objects unloaded after import = 2

========================================================================
Received Import Request.
  Time since last request: 0.000020 seconds.
  path: Assets/Graphisms/Tilesets/SubTiles/Outside_2357.asset
  artifactKey: Guid(eba39d7dcb54589428526e2cece1da5a) Importer(2089858483,b0f066a214c2f5e87bad3c948f4d605d)
Start importing Assets/Graphisms/Tilesets/SubTiles/Outside_2357.asset using Guid(eba39d7dcb54589428526e2cece1da5a) Importer(2089858483,b0f066a214c2f5e87bad3c948f4d605d) (ScriptedImporter) -> (artifact id: '47f97c860c92a48d40b0f2fdf9582344') in 0.0092025 seconds
Number of updated asset objects reloaded before import = 0Number of asset objects unloaded after import = 2

========================================================================
Received Import Request.
  Time since last request: 0.000019 seconds.
  path: Assets/Graphisms/Tilesets/SubTiles/Outside_3438.asset
  artifactKey: Guid(ea6ca87ba0b1cf84497bc0fe38b1e563) Importer(2089858483,b0f066a214c2f5e87bad3c948f4d605d)
Start importing Assets/Graphisms/Tilesets/SubTiles/Outside_3438.asset using Guid(ea6ca87ba0b1cf84497bc0fe38b1e563) Importer(2089858483,b0f066a214c2f5e87bad3c948f4d605d) (ScriptedImporter) -> (artifact id: 'b580557749bf0e2216708150074be48c') in 0.0108925 seconds
Number of updated asset objects reloaded before import = 0Number of asset objects unloaded after import = 2

========================================================================
Received Import Request.
  Time since last request: 0.000021 seconds.
  path: Assets/Graphisms/Tilesets/SubTiles/Outside_3840.asset
  artifactKey: Guid(8435e6b9da854f542bf5313d1f51af16) Importer(2089858483,b0f066a214c2f5e87bad3c948f4d605d)
Start importing Assets/Graphisms/Tilesets/SubTiles/Outside_3840.asset using Guid(8435e6b9da854f542bf5313d1f51af16) Importer(2089858483,b0f066a214c2f5e87bad3c948f4d605d) (ScriptedImporter) -> (artifact id: '6ee54a74d0fea59ae78bd7649e8616f5') in 0.0102713 seconds
Number of updated asset objects reloaded before import = 0Number of asset objects unloaded after import = 2

========================================================================
Received Import Request.
  Time since last request: 0.000023 seconds.
  path: Assets/Graphisms/Tilesets/SubTiles/Outside_2171.asset
  artifactKey: Guid(132a85347e3239942abe6c00afa28281) Importer(2089858483,b0f066a214c2f5e87bad3c948f4d605d)
Start importing Assets/Graphisms/Tilesets/SubTiles/Outside_2171.asset using Guid(132a85347e3239942abe6c00afa28281) Importer(2089858483,b0f066a214c2f5e87bad3c948f4d605d) (ScriptedImporter) -> (artifact id: 'aa3ae5e9be7826b07c5a2255f482de13') in 0.0261898 seconds
Number of updated asset objects reloaded before import = 0Number of asset objects unloaded after import = 2

========================================================================
Received Import Request.
  Time since last request: 0.000032 seconds.
  path: Assets/Graphisms/Tilesets/SubTiles/Outside_1434.asset
  artifactKey: Guid(901f11bc2537a4442812d8783fc68dfa) Importer(2089858483,b0f066a214c2f5e87bad3c948f4d605d)
Start importing Assets/Graphisms/Tilesets/SubTiles/Outside_1434.asset using Guid(901f11bc2537a4442812d8783fc68dfa) Importer(2089858483,b0f066a214c2f5e87bad3c948f4d605d) (ScriptedImporter) -> (artifact id: '83c618ab8517280b7c94605e60509499') in 0.0092281 seconds
Number of updated asset objects reloaded before import = 0Number of asset objects unloaded after import = 2

========================================================================
Received Import Request.
  Time since last request: 0.000023 seconds.
  path: Assets/Graphisms/Tilesets/SubTiles/Outside_2546.asset
  artifactKey: Guid(f04e7830c3ee23a44aed45039172fc5b) Importer(2089858483,b0f066a214c2f5e87bad3c948f4d605d)
Start importing Assets/Graphisms/Tilesets/SubTiles/Outside_2546.asset using Guid(f04e7830c3ee23a44aed45039172fc5b) Importer(2089858483,b0f066a214c2f5e87bad3c948f4d605d) (ScriptedImporter) -> (artifact id: '03cb0eaf1a30ce7502f365a079a768cc') in 0.0093112 seconds
Number of updated asset objects reloaded before import = 0Number of asset objects unloaded after import = 2

========================================================================
Received Import Request.
  Time since last request: 0.000021 seconds.
  path: Assets/Graphisms/Tilesets/SubTiles/Outside_1122.asset
  artifactKey: Guid(3b7c2bf93ba6d734fba5ce77e255d9a7) Importer(2089858483,b0f066a214c2f5e87bad3c948f4d605d)
Start importing Assets/Graphisms/Tilesets/SubTiles/Outside_1122.asset using Guid(3b7c2bf93ba6d734fba5ce77e255d9a7) Importer(2089858483,b0f066a214c2f5e87bad3c948f4d605d) (ScriptedImporter) -> (artifact id: '11eb30759240c5a2b7eab8c7ecaf09bc') in 0.0099928 seconds
Number of updated asset objects reloaded before import = 0Number of asset objects unloaded after import = 2

========================================================================
Received Import Request.
  Time since last request: 0.000029 seconds.
  path: Assets/Graphisms/Tilesets/SubTiles/Outside_1448.asset
  artifactKey: Guid(299eb90920764f549b45858802ae796e) Importer(2089858483,b0f066a214c2f5e87bad3c948f4d605d)
Start importing Assets/Graphisms/Tilesets/SubTiles/Outside_1448.asset using Guid(299eb90920764f549b45858802ae796e) Importer(2089858483,b0f066a214c2f5e87bad3c948f4d605d) (ScriptedImporter) -> (artifact id: '42b204a2c9a29879b5d81ab199be21e0') in 0.0229666 seconds
Number of updated asset objects reloaded before import = 0Number of asset objects unloaded after import = 2

========================================================================
Received Import Request.
  Time since last request: 0.000023 seconds.
  path: Assets/Graphisms/Tilesets/SubTiles/Outside_258.asset
  artifactKey: Guid(54a173e70a03ca74cb5ed1c396d5325d) Importer(2089858483,b0f066a214c2f5e87bad3c948f4d605d)
Start importing Assets/Graphisms/Tilesets/SubTiles/Outside_258.asset using Guid(54a173e70a03ca74cb5ed1c396d5325d) Importer(2089858483,b0f066a214c2f5e87bad3c948f4d605d) (ScriptedImporter) -> (artifact id: 'c46ea629cc1d7f079bd6dfe2db2961f9') in 0.0099462 seconds
Number of updated asset objects reloaded before import = 0Number of asset objects unloaded after import = 2

========================================================================
Received Import Request.
  Time since last request: 0.000036 seconds.
  path: Assets/Graphisms/Tilesets/SubTiles/Outside_130.asset
  artifactKey: Guid(841f5f8bcf667b74da8d2cb92a36a796) Importer(2089858483,b0f066a214c2f5e87bad3c948f4d605d)
Start importing Assets/Graphisms/Tilesets/SubTiles/Outside_130.asset using Guid(841f5f8bcf667b74da8d2cb92a36a796) Importer(2089858483,b0f066a214c2f5e87bad3c948f4d605d) (ScriptedImporter) -> (artifact id: 'fb01cf5a63214eb95141418046477d15') in 0.0093338 seconds
Number of updated asset objects reloaded before import = 0Number of asset objects unloaded after import = 2

========================================================================
Received Import Request.
  Time since last request: 0.000026 seconds.
  path: Assets/Graphisms/Tilesets/SubTiles/Outside_1811.asset
  artifactKey: Guid(47c4cfb4f3bbfc84b93dcd8335cd904f) Importer(2089858483,b0f066a214c2f5e87bad3c948f4d605d)
Start importing Assets/Graphisms/Tilesets/SubTiles/Outside_1811.asset using Guid(47c4cfb4f3bbfc84b93dcd8335cd904f) Importer(2089858483,b0f066a214c2f5e87bad3c948f4d605d) (ScriptedImporter) -> (artifact id: '5bffda6d286a466715a65219bb0757d3') in 0.0130239 seconds
Number of updated asset objects reloaded before import = 0Number of asset objects unloaded after import = 2

========================================================================
Received Import Request.
  Time since last request: 0.000021 seconds.
  path: Assets/Graphisms/Tilesets/SubTiles/Outside_2266.asset
  artifactKey: Guid(62c56a54a584a804c92331e5c63303c4) Importer(2089858483,b0f066a214c2f5e87bad3c948f4d605d)
Start importing Assets/Graphisms/Tilesets/SubTiles/Outside_2266.asset using Guid(62c56a54a584a804c92331e5c63303c4) Importer(2089858483,b0f066a214c2f5e87bad3c948f4d605d) (ScriptedImporter) -> (artifact id: 'd3af859d2b5ec4f42fcef1769f34ff79') in 0.0089132 seconds
Number of updated asset objects reloaded before import = 0Number of asset objects unloaded after import = 2

========================================================================
Received Import Request.
  Time since last request: 0.000024 seconds.
  path: Assets/Graphisms/Tilesets/SubTiles/Outside_800.asset
  artifactKey: Guid(703d968693c708847a7e3730b166784c) Importer(2089858483,b0f066a214c2f5e87bad3c948f4d605d)
Start importing Assets/Graphisms/Tilesets/SubTiles/Outside_800.asset using Guid(703d968693c708847a7e3730b166784c) Importer(2089858483,b0f066a214c2f5e87bad3c948f4d605d) (ScriptedImporter) -> (artifact id: 'a3f00f6d4e030ba56a6f53396e83a952') in 0.0092237 seconds
Number of updated asset objects reloaded before import = 0Number of asset objects unloaded after import = 2

========================================================================
Received Import Request.
  Time since last request: 0.000026 seconds.
  path: Assets/Graphisms/Tilesets/SubTiles/Outside_405.asset
  artifactKey: Guid(1b69f979f95dde942a312a8a7ab65e49) Importer(2089858483,b0f066a214c2f5e87bad3c948f4d605d)
Start importing Assets/Graphisms/Tilesets/SubTiles/Outside_405.asset using Guid(1b69f979f95dde942a312a8a7ab65e49) Importer(2089858483,b0f066a214c2f5e87bad3c948f4d605d) (ScriptedImporter) -> (artifact id: '4121c7f501164c1eeee3a596d2792c78') in 0.0110425 seconds
Number of updated asset objects reloaded before import = 0Number of asset objects unloaded after import = 2

========================================================================
Received Import Request.
  Time since last request: 0.000036 seconds.
  path: Assets/Graphisms/Tilesets/SubTiles/Outside_1644.asset
  artifactKey: Guid(60e44737b06ddc0478292db9b2dfad47) Importer(2089858483,b0f066a214c2f5e87bad3c948f4d605d)
Start importing Assets/Graphisms/Tilesets/SubTiles/Outside_1644.asset using Guid(60e44737b06ddc0478292db9b2dfad47) Importer(2089858483,b0f066a214c2f5e87bad3c948f4d605d) (ScriptedImporter) -> (artifact id: '8387d4fcc2e7902c56d1d527a9896ba0') in 0.0104831 seconds
Number of updated asset objects reloaded before import = 0Number of asset objects unloaded after import = 2

========================================================================
Received Import Request.
  Time since last request: 0.000019 seconds.
  path: Assets/Graphisms/Tilesets/SubTiles/Outside_3511.asset
  artifactKey: Guid(4f56041ba1d8d4b478ead4fdeddc3f5b) Importer(2089858483,b0f066a214c2f5e87bad3c948f4d605d)
Start importing Assets/Graphisms/Tilesets/SubTiles/Outside_3511.asset using Guid(4f56041ba1d8d4b478ead4fdeddc3f5b) Importer(2089858483,b0f066a214c2f5e87bad3c948f4d605d) (ScriptedImporter) -> (artifact id: '89eab05db08f24e3a4ffdb6dd820aebd') in 0.0227836 seconds
Number of updated asset objects reloaded before import = 0Number of asset objects unloaded after import = 2

========================================================================
Received Import Request.
  Time since last request: 0.000025 seconds.
  path: Assets/Graphisms/Tilesets/SubTiles/Outside_1932.asset
  artifactKey: Guid(9a8b95dc2f17e4649869fc16f8153c36) Importer(2089858483,b0f066a214c2f5e87bad3c948f4d605d)
Start importing Assets/Graphisms/Tilesets/SubTiles/Outside_1932.asset using Guid(9a8b95dc2f17e4649869fc16f8153c36) Importer(2089858483,b0f066a214c2f5e87bad3c948f4d605d) (ScriptedImporter) -> (artifact id: '2e54334e6774e0a8929438883b18a4d8') in 0.0124028 seconds
Number of updated asset objects reloaded before import = 0Number of asset objects unloaded after import = 2

========================================================================
Received Import Request.
  Time since last request: 0.000022 seconds.
  path: Assets/Graphisms/Tilesets/SubTiles/Outside_3453.asset
  artifactKey: Guid(6794521ca310f5943837cb52d83ee2e7) Importer(2089858483,b0f066a214c2f5e87bad3c948f4d605d)
Start importing Assets/Graphisms/Tilesets/SubTiles/Outside_3453.asset using Guid(6794521ca310f5943837cb52d83ee2e7) Importer(2089858483,b0f066a214c2f5e87bad3c948f4d605d) (ScriptedImporter) -> (artifact id: 'f0ee0cb78f40b352f6d75ddb2d1a146f') in 0.0137256 seconds
Number of updated asset objects reloaded before import = 0Number of asset objects unloaded after import = 2

========================================================================
Received Import Request.
  Time since last request: 0.000034 seconds.
  path: Assets/Graphisms/Tilesets/SubTiles/Outside_195.asset
  artifactKey: Guid(b7b5371022e32dd4da8cc3a2406e22bf) Importer(2089858483,b0f066a214c2f5e87bad3c948f4d605d)
Start importing Assets/Graphisms/Tilesets/SubTiles/Outside_195.asset using Guid(b7b5371022e32dd4da8cc3a2406e22bf) Importer(2089858483,b0f066a214c2f5e87bad3c948f4d605d) (ScriptedImporter) -> (artifact id: 'b00fbd7cbee884519588a37a63cdc828') in 0.0113041 seconds
Number of updated asset objects reloaded before import = 0Number of asset objects unloaded after import = 2

========================================================================
Received Import Request.
  Time since last request: 0.000031 seconds.
  path: Assets/Graphisms/Tilesets/SubTiles/Outside_3549.asset
  artifactKey: Guid(229f193798505ca44932d3e98c8f3900) Importer(2089858483,b0f066a214c2f5e87bad3c948f4d605d)
Start importing Assets/Graphisms/Tilesets/SubTiles/Outside_3549.asset using Guid(229f193798505ca44932d3e98c8f3900) Importer(2089858483,b0f066a214c2f5e87bad3c948f4d605d) (ScriptedImporter) -> (artifact id: '2adf37f8befa7b84c7e4116b2b764ae5') in 0.0113339 seconds
Number of updated asset objects reloaded before import = 0Number of asset objects unloaded after import = 2

========================================================================
Received Import Request.
  Time since last request: 0.000024 seconds.
  path: Assets/Graphisms/Tilesets/SubTiles/Outside_3051.asset
  artifactKey: Guid(ec57fe0ffe9300d4ea012ffcd36fdc47) Importer(2089858483,b0f066a214c2f5e87bad3c948f4d605d)
Start importing Assets/Graphisms/Tilesets/SubTiles/Outside_3051.asset using Guid(ec57fe0ffe9300d4ea012ffcd36fdc47) Importer(2089858483,b0f066a214c2f5e87bad3c948f4d605d) (ScriptedImporter) -> (artifact id: '7b96c65dfd3c7656c26aa687123556b9') in 0.0098134 seconds
Number of updated asset objects reloaded before import = 0Number of asset objects unloaded after import = 2

========================================================================
Received Import Request.
  Time since last request: 0.000025 seconds.
  path: Assets/Graphisms/Tilesets/SubTiles/Outside_3925.asset
  artifactKey: Guid(4788ee5eb7286324ab0cad25b7b0f92a) Importer(2089858483,b0f066a214c2f5e87bad3c948f4d605d)
Start importing Assets/Graphisms/Tilesets/SubTiles/Outside_3925.asset using Guid(4788ee5eb7286324ab0cad25b7b0f92a) Importer(2089858483,b0f066a214c2f5e87bad3c948f4d605d) (ScriptedImporter) -> (artifact id: '0a55d181405cf1d5b1055709ee62ee83') in 0.0113809 seconds
Number of updated asset objects reloaded before import = 0Number of asset objects unloaded after import = 2

========================================================================
Received Import Request.
  Time since last request: 0.000039 seconds.
  path: Assets/Graphisms/Tilesets/SubTiles/Outside_128.asset
  artifactKey: Guid(0deb9739939379646a24f9a4cb27f1e6) Importer(2089858483,b0f066a214c2f5e87bad3c948f4d605d)
Start importing Assets/Graphisms/Tilesets/SubTiles/Outside_128.asset using Guid(0deb9739939379646a24f9a4cb27f1e6) Importer(2089858483,b0f066a214c2f5e87bad3c948f4d605d) (ScriptedImporter) -> (artifact id: '6f41138e2a996d5f12c375b94805f0c6') in 0.0107157 seconds
Number of updated asset objects reloaded before import = 0Number of asset objects unloaded after import = 2

========================================================================
Received Import Request.
  Time since last request: 0.000051 seconds.
  path: Assets/Graphisms/Tilesets/SubTiles/Outside_479.asset
  artifactKey: Guid(44850ab889f8db14da257f15236f5fe1) Importer(2089858483,b0f066a214c2f5e87bad3c948f4d605d)
Start importing Assets/Graphisms/Tilesets/SubTiles/Outside_479.asset using Guid(44850ab889f8db14da257f15236f5fe1) Importer(2089858483,b0f066a214c2f5e87bad3c948f4d605d) (ScriptedImporter) -> (artifact id: 'adaf758f758f9a6be735945fed84b3d5') in 0.0108069 seconds
Number of updated asset objects reloaded before import = 0Number of asset objects unloaded after import = 2

========================================================================
Received Import Request.
  Time since last request: 0.000023 seconds.
  path: Assets/Graphisms/Tilesets/SubTiles/Outside_1227.asset
  artifactKey: Guid(a81d1c25bc8f6bc43ab953073d9213e3) Importer(2089858483,b0f066a214c2f5e87bad3c948f4d605d)
Start importing Assets/Graphisms/Tilesets/SubTiles/Outside_1227.asset using Guid(a81d1c25bc8f6bc43ab953073d9213e3) Importer(2089858483,b0f066a214c2f5e87bad3c948f4d605d) (ScriptedImporter) -> (artifact id: '9e3bc9f7c75d72c8a4aa17cdc09ac78a') in 0.0110392 seconds
Number of updated asset objects reloaded before import = 0Number of asset objects unloaded after import = 2

========================================================================
Received Import Request.
  Time since last request: 0.000021 seconds.
  path: Assets/Graphisms/Tilesets/SubTiles/Outside_3120.asset
  artifactKey: Guid(c13c86b4093a2d24e8ec5b3c3d0c12ac) Importer(2089858483,b0f066a214c2f5e87bad3c948f4d605d)
Start importing Assets/Graphisms/Tilesets/SubTiles/Outside_3120.asset using Guid(c13c86b4093a2d24e8ec5b3c3d0c12ac) Importer(2089858483,b0f066a214c2f5e87bad3c948f4d605d) (ScriptedImporter) -> (artifact id: 'ceacf89f50660e6fbfff1eceaa5a290c') in 0.0124135 seconds
Number of updated asset objects reloaded before import = 0Number of asset objects unloaded after import = 2

========================================================================
Received Import Request.
  Time since last request: 0.000029 seconds.
  path: Assets/Graphisms/Tilesets/SubTiles/Outside_1173.asset
  artifactKey: Guid(bc041ae21d8ea8b4e86cfa386b84f7a9) Importer(2089858483,b0f066a214c2f5e87bad3c948f4d605d)
Start importing Assets/Graphisms/Tilesets/SubTiles/Outside_1173.asset using Guid(bc041ae21d8ea8b4e86cfa386b84f7a9) Importer(2089858483,b0f066a214c2f5e87bad3c948f4d605d) (ScriptedImporter) -> (artifact id: '9e08744977692b40af946c3de392658f') in 0.0111872 seconds
Number of updated asset objects reloaded before import = 0Number of asset objects unloaded after import = 2

========================================================================
Received Import Request.
  Time since last request: 0.000023 seconds.
  path: Assets/Graphisms/Tilesets/SubTiles/Outside_1769.asset
  artifactKey: Guid(1e88cfc8bdcc5834393d1b519377614c) Importer(2089858483,b0f066a214c2f5e87bad3c948f4d605d)
Start importing Assets/Graphisms/Tilesets/SubTiles/Outside_1769.asset using Guid(1e88cfc8bdcc5834393d1b519377614c) Importer(2089858483,b0f066a214c2f5e87bad3c948f4d605d) (ScriptedImporter) -> (artifact id: 'f0bd2cdc80f131b22ccf2ca3fde4dc9a') in 0.0131316 seconds
Number of updated asset objects reloaded before import = 0Number of asset objects unloaded after import = 2

========================================================================
Received Import Request.
  Time since last request: 0.000033 seconds.
  path: Assets/Graphisms/Tilesets/SubTiles/Outside_77.asset
  artifactKey: Guid(0f7dd96e60b1ab944969021e6af8fccc) Importer(2089858483,b0f066a214c2f5e87bad3c948f4d605d)
Start importing Assets/Graphisms/Tilesets/SubTiles/Outside_77.asset using Guid(0f7dd96e60b1ab944969021e6af8fccc) Importer(2089858483,b0f066a214c2f5e87bad3c948f4d605d) (ScriptedImporter) -> (artifact id: 'be88ad50d5ddd78990495df01101443f') in 0.0239349 seconds
Number of updated asset objects reloaded before import = 0Number of asset objects unloaded after import = 2

========================================================================
Received Import Request.
  Time since last request: 0.000025 seconds.
  path: Assets/Graphisms/Tilesets/SubTiles/Outside_2573.asset
  artifactKey: Guid(67dc87ebd2574b549a0c83311f6f020c) Importer(2089858483,b0f066a214c2f5e87bad3c948f4d605d)
Start importing Assets/Graphisms/Tilesets/SubTiles/Outside_2573.asset using Guid(67dc87ebd2574b549a0c83311f6f020c) Importer(2089858483,b0f066a214c2f5e87bad3c948f4d605d) (ScriptedImporter) -> (artifact id: '61c084fe6b3a3d184ae565e47583e9e1') in 0.013309 seconds
Number of updated asset objects reloaded before import = 0Number of asset objects unloaded after import = 2

========================================================================
Received Import Request.
  Time since last request: 0.000022 seconds.
  path: Assets/Graphisms/Tilesets/SubTiles/Outside_1148.asset
  artifactKey: Guid(a02ddcd79aee6ec46b9868f091b65cb4) Importer(2089858483,b0f066a214c2f5e87bad3c948f4d605d)
Start importing Assets/Graphisms/Tilesets/SubTiles/Outside_1148.asset using Guid(a02ddcd79aee6ec46b9868f091b65cb4) Importer(2089858483,b0f066a214c2f5e87bad3c948f4d605d) (ScriptedImporter) -> (artifact id: '62bac94b3acbf24111b951ab13119c79') in 0.0108603 seconds
Number of updated asset objects reloaded before import = 0Number of asset objects unloaded after import = 2

========================================================================
Received Import Request.
  Time since last request: 0.000034 seconds.
  path: Assets/Graphisms/Tilesets/SubTiles/Outside_11.asset
  artifactKey: Guid(3dff4b78e1e59174fbf8bf5b83dc49ff) Importer(2089858483,b0f066a214c2f5e87bad3c948f4d605d)
Start importing Assets/Graphisms/Tilesets/SubTiles/Outside_11.asset using Guid(3dff4b78e1e59174fbf8bf5b83dc49ff) Importer(2089858483,b0f066a214c2f5e87bad3c948f4d605d) (ScriptedImporter) -> (artifact id: '3031283dc30c437fafc76ad70350ad46') in 0.0294376 seconds
Number of updated asset objects reloaded before import = 0Number of asset objects unloaded after import = 2

========================================================================
Received Import Request.
  Time since last request: 0.000038 seconds.
  path: Assets/Graphisms/Tilesets/SubTiles/Outside_135.asset
  artifactKey: Guid(fafe84677b754624e88822bd70ad7eb3) Importer(2089858483,b0f066a214c2f5e87bad3c948f4d605d)
Start importing Assets/Graphisms/Tilesets/SubTiles/Outside_135.asset using Guid(fafe84677b754624e88822bd70ad7eb3) Importer(2089858483,b0f066a214c2f5e87bad3c948f4d605d) (ScriptedImporter) -> (artifact id: 'e0aefa9a5fd546af813b8bf380f80d44') in 0.0105373 seconds
Number of updated asset objects reloaded before import = 0Number of asset objects unloaded after import = 2

========================================================================
Received Import Request.
  Time since last request: 0.000023 seconds.
  path: Assets/Graphisms/Tilesets/SubTiles/Outside_1089.asset
  artifactKey: Guid(c11cc1228896c1147933e60539066159) Importer(2089858483,b0f066a214c2f5e87bad3c948f4d605d)
Start importing Assets/Graphisms/Tilesets/SubTiles/Outside_1089.asset using Guid(c11cc1228896c1147933e60539066159) Importer(2089858483,b0f066a214c2f5e87bad3c948f4d605d) (ScriptedImporter) -> (artifact id: '500124ddd10305b767c7cdae86317218') in 0.0103017 seconds
Number of updated asset objects reloaded before import = 0Number of asset objects unloaded after import = 2

========================================================================
Received Import Request.
  Time since last request: 0.000034 seconds.
  path: Assets/Graphisms/Tilesets/SubTiles/Outside_927.asset
  artifactKey: Guid(3a729622f98ff11459d763229575ed8b) Importer(2089858483,b0f066a214c2f5e87bad3c948f4d605d)
Start importing Assets/Graphisms/Tilesets/SubTiles/Outside_927.asset using Guid(3a729622f98ff11459d763229575ed8b) Importer(2089858483,b0f066a214c2f5e87bad3c948f4d605d) (ScriptedImporter) -> (artifact id: 'ccd5ea62dea8d495214f3bcab28eb77a') in 0.0105938 seconds
Number of updated asset objects reloaded before import = 0Number of asset objects unloaded after import = 2

========================================================================
Received Import Request.
  Time since last request: 0.000022 seconds.
  path: Assets/Graphisms/Tilesets/SubTiles/Outside_2862.asset
  artifactKey: Guid(e1fdbfd5ce5985741a40b241c1a62a01) Importer(2089858483,b0f066a214c2f5e87bad3c948f4d605d)
Start importing Assets/Graphisms/Tilesets/SubTiles/Outside_2862.asset using Guid(e1fdbfd5ce5985741a40b241c1a62a01) Importer(2089858483,b0f066a214c2f5e87bad3c948f4d605d) (ScriptedImporter) -> (artifact id: '35189c38de0de0e254acd4910d5b14b9') in 0.0090259 seconds
Number of updated asset objects reloaded before import = 0Number of asset objects unloaded after import = 2

========================================================================
Received Import Request.
  Time since last request: 0.000024 seconds.
  path: Assets/Graphisms/Tilesets/SubTiles/Outside_3980.asset
  artifactKey: Guid(56d5756ad28bb474e87f3eb4a4016809) Importer(2089858483,b0f066a214c2f5e87bad3c948f4d605d)
Start importing Assets/Graphisms/Tilesets/SubTiles/Outside_3980.asset using Guid(56d5756ad28bb474e87f3eb4a4016809) Importer(2089858483,b0f066a214c2f5e87bad3c948f4d605d) (ScriptedImporter) -> (artifact id: 'a1b55c0f12ed1d02482630e2f9ae2631') in 0.0120104 seconds
Number of updated asset objects reloaded before import = 0Number of asset objects unloaded after import = 2

========================================================================
Received Import Request.
  Time since last request: 0.000033 seconds.
  path: Assets/Graphisms/Tilesets/SubTiles/Outside_558.asset
  artifactKey: Guid(a64b96140bc00524bab702013c06bc8e) Importer(2089858483,b0f066a214c2f5e87bad3c948f4d605d)
Start importing Assets/Graphisms/Tilesets/SubTiles/Outside_558.asset using Guid(a64b96140bc00524bab702013c06bc8e) Importer(2089858483,b0f066a214c2f5e87bad3c948f4d605d) (ScriptedImporter) -> (artifact id: 'abac34cc34859217562e0cf564f08772') in 0.0105551 seconds
Number of updated asset objects reloaded before import = 0Number of asset objects unloaded after import = 2

========================================================================
Received Import Request.
  Time since last request: 0.000019 seconds.
  path: Assets/Graphisms/Tilesets/SubTiles/Outside_1042.asset
  artifactKey: Guid(37a775b5652235e4d87708e8d625ee6c) Importer(2089858483,b0f066a214c2f5e87bad3c948f4d605d)
Start importing Assets/Graphisms/Tilesets/SubTiles/Outside_1042.asset using Guid(37a775b5652235e4d87708e8d625ee6c) Importer(2089858483,b0f066a214c2f5e87bad3c948f4d605d) (ScriptedImporter) -> (artifact id: 'c5be81ade75a3287c50aa4f065bc87f6') in 0.0113205 seconds
Number of updated asset objects reloaded before import = 0Number of asset objects unloaded after import = 2

========================================================================
Received Import Request.
  Time since last request: 0.000020 seconds.
  path: Assets/Graphisms/Tilesets/SubTiles/Outside_3631.asset
  artifactKey: Guid(2908e0beb0ab42649a2b08e804359834) Importer(2089858483,b0f066a214c2f5e87bad3c948f4d605d)
Start importing Assets/Graphisms/Tilesets/SubTiles/Outside_3631.asset using Guid(2908e0beb0ab42649a2b08e804359834) Importer(2089858483,b0f066a214c2f5e87bad3c948f4d605d) (ScriptedImporter) -> (artifact id: '7298ca973f68444de04d4fd58f668ac3') in 0.0127366 seconds
Number of updated asset objects reloaded before import = 0Number of asset objects unloaded after import = 2

========================================================================
Received Import Request.
  Time since last request: 0.000016 seconds.
  path: Assets/Graphisms/Tilesets/SubTiles/Outside_3437.asset
  artifactKey: Guid(88265dd6a75c2e944b428ad6e4c1d689) Importer(2089858483,b0f066a214c2f5e87bad3c948f4d605d)
Start importing Assets/Graphisms/Tilesets/SubTiles/Outside_3437.asset using Guid(88265dd6a75c2e944b428ad6e4c1d689) Importer(2089858483,b0f066a214c2f5e87bad3c948f4d605d) (ScriptedImporter) -> (artifact id: '558e33cafa41861425f5450dd3b8fef1') in 0.0338901 seconds
Number of updated asset objects reloaded before import = 0Number of asset objects unloaded after import = 2

========================================================================
Received Import Request.
  Time since last request: 0.000023 seconds.
  path: Assets/Graphisms/Tilesets/SubTiles/Outside_311.asset
  artifactKey: Guid(b4a9e46849b3c0d4fb5a50c52c37c9e5) Importer(2089858483,b0f066a214c2f5e87bad3c948f4d605d)
Start importing Assets/Graphisms/Tilesets/SubTiles/Outside_311.asset using Guid(b4a9e46849b3c0d4fb5a50c52c37c9e5) Importer(2089858483,b0f066a214c2f5e87bad3c948f4d605d) (ScriptedImporter) -> (artifact id: '35e4fbc7bae63416852c9d94052f2993') in 0.0110843 seconds
Number of updated asset objects reloaded before import = 0Number of asset objects unloaded after import = 2

========================================================================
Received Import Request.
  Time since last request: 0.000036 seconds.
  path: Assets/Graphisms/Tilesets/SubTiles/Outside_1906.asset
  artifactKey: Guid(a22c748edc5d2f646b0ea2b37fd5e3ba) Importer(2089858483,b0f066a214c2f5e87bad3c948f4d605d)
Start importing Assets/Graphisms/Tilesets/SubTiles/Outside_1906.asset using Guid(a22c748edc5d2f646b0ea2b37fd5e3ba) Importer(2089858483,b0f066a214c2f5e87bad3c948f4d605d) (ScriptedImporter) -> (artifact id: 'b30a068332d995ad310830c20c674a80') in 0.0091922 seconds
Number of updated asset objects reloaded before import = 0Number of asset objects unloaded after import = 2

========================================================================
Received Import Request.
  Time since last request: 0.000020 seconds.
  path: Assets/Graphisms/Tilesets/SubTiles/Outside_1048.asset
  artifactKey: Guid(860b6557a6f1ccd4aa09edf905de29cf) Importer(2089858483,b0f066a214c2f5e87bad3c948f4d605d)
Start importing Assets/Graphisms/Tilesets/SubTiles/Outside_1048.asset using Guid(860b6557a6f1ccd4aa09edf905de29cf) Importer(2089858483,b0f066a214c2f5e87bad3c948f4d605d) (ScriptedImporter) -> (artifact id: '4b11c104a3a544092edd0bf7af2aa7ac') in 0.0102814 seconds
Number of updated asset objects reloaded before import = 0Number of asset objects unloaded after import = 2

========================================================================
Received Import Request.
  Time since last request: 0.000019 seconds.
  path: Assets/Graphisms/Tilesets/SubTiles/Outside_519.asset
  artifactKey: Guid(860004a62a32d00438caa5138df828be) Importer(2089858483,b0f066a214c2f5e87bad3c948f4d605d)
Start importing Assets/Graphisms/Tilesets/SubTiles/Outside_519.asset using Guid(860004a62a32d00438caa5138df828be) Importer(2089858483,b0f066a214c2f5e87bad3c948f4d605d) (ScriptedImporter) -> (artifact id: '1857f7c060183c1a056a1c77c3a75456') in 0.0106848 seconds
Number of updated asset objects reloaded before import = 0Number of asset objects unloaded after import = 2

========================================================================
Received Import Request.
  Time since last request: 0.000018 seconds.
  path: Assets/Graphisms/Tilesets/SubTiles/Outside_742.asset
  artifactKey: Guid(6154027c230b0954aa6333ba36e7fc1c) Importer(2089858483,b0f066a214c2f5e87bad3c948f4d605d)
Start importing Assets/Graphisms/Tilesets/SubTiles/Outside_742.asset using Guid(6154027c230b0954aa6333ba36e7fc1c) Importer(2089858483,b0f066a214c2f5e87bad3c948f4d605d) (ScriptedImporter) -> (artifact id: '426cfcacef20b9e044ce2b074faacf57') in 0.0109715 seconds
Number of updated asset objects reloaded before import = 0Number of asset objects unloaded after import = 2

========================================================================
Received Import Request.
  Time since last request: 0.000024 seconds.
  path: Assets/Graphisms/Tilesets/SubTiles/Outside_3287.asset
  artifactKey: Guid(4bc7880c059675a4e803e75b38df7a3a) Importer(2089858483,b0f066a214c2f5e87bad3c948f4d605d)
Start importing Assets/Graphisms/Tilesets/SubTiles/Outside_3287.asset using Guid(4bc7880c059675a4e803e75b38df7a3a) Importer(2089858483,b0f066a214c2f5e87bad3c948f4d605d) (ScriptedImporter) -> (artifact id: '341804be1e71a1b39dc7a9d96dba4bd3') in 0.0111002 seconds
Number of updated asset objects reloaded before import = 0Number of asset objects unloaded after import = 2

========================================================================
Received Import Request.
  Time since last request: 0.000029 seconds.
  path: Assets/Graphisms/Tilesets/SubTiles/Outside_160.asset
  artifactKey: Guid(36125510e7b032d408d83790ccf2d8ca) Importer(2089858483,b0f066a214c2f5e87bad3c948f4d605d)
Start importing Assets/Graphisms/Tilesets/SubTiles/Outside_160.asset using Guid(36125510e7b032d408d83790ccf2d8ca) Importer(2089858483,b0f066a214c2f5e87bad3c948f4d605d) (ScriptedImporter) -> (artifact id: 'e1beaa8090bbf5ee8f1cb293572491d5') in 0.0111417 seconds
Number of updated asset objects reloaded before import = 0Number of asset objects unloaded after import = 2

========================================================================
Received Import Request.
  Time since last request: 0.000025 seconds.
  path: Assets/Graphisms/Tilesets/SubTiles/Outside_943.asset
  artifactKey: Guid(d69c13ec14d9c8844a051172aa6b8cc2) Importer(2089858483,b0f066a214c2f5e87bad3c948f4d605d)
Start importing Assets/Graphisms/Tilesets/SubTiles/Outside_943.asset using Guid(d69c13ec14d9c8844a051172aa6b8cc2) Importer(2089858483,b0f066a214c2f5e87bad3c948f4d605d) (ScriptedImporter) -> (artifact id: '20e6a65b7318f0d7a4c5f9131dde0bee') in 0.0114968 seconds
Number of updated asset objects reloaded before import = 0Number of asset objects unloaded after import = 2

========================================================================
Received Import Request.
  Time since last request: 0.000024 seconds.
  path: Assets/Graphisms/Tilesets/SubTiles/Outside_1624.asset
  artifactKey: Guid(58105c8ddce0e9f4ca2b7eeec2a6871b) Importer(2089858483,b0f066a214c2f5e87bad3c948f4d605d)
Start importing Assets/Graphisms/Tilesets/SubTiles/Outside_1624.asset using Guid(58105c8ddce0e9f4ca2b7eeec2a6871b) Importer(2089858483,b0f066a214c2f5e87bad3c948f4d605d) (ScriptedImporter) -> (artifact id: 'ba338acf56b38d8cde122daba4a60526') in 0.0104446 seconds
Number of updated asset objects reloaded before import = 0Number of asset objects unloaded after import = 2

========================================================================
Received Import Request.
  Time since last request: 0.000023 seconds.
  path: Assets/Graphisms/Tilesets/SubTiles/Outside_2421.asset
  artifactKey: Guid(8cf360f75d1b57048bb51ceaa68a1e0f) Importer(2089858483,b0f066a214c2f5e87bad3c948f4d605d)
Start importing Assets/Graphisms/Tilesets/SubTiles/Outside_2421.asset using Guid(8cf360f75d1b57048bb51ceaa68a1e0f) Importer(2089858483,b0f066a214c2f5e87bad3c948f4d605d) (ScriptedImporter) -> (artifact id: '7e1d1615a4c418bf48c4505361f9adab') in 0.0114209 seconds
Number of updated asset objects reloaded before import = 0Number of asset objects unloaded after import = 2

========================================================================
Received Import Request.
  Time since last request: 0.000018 seconds.
  path: Assets/Graphisms/Tilesets/SubTiles/Outside_2956.asset
  artifactKey: Guid(0217716ba0e27a84898c35324cdb3a73) Importer(2089858483,b0f066a214c2f5e87bad3c948f4d605d)
Start importing Assets/Graphisms/Tilesets/SubTiles/Outside_2956.asset using Guid(0217716ba0e27a84898c35324cdb3a73) Importer(2089858483,b0f066a214c2f5e87bad3c948f4d605d) (ScriptedImporter) -> (artifact id: 'b1bebbc7669e7676a3513b776c28aa22') in 0.01193 seconds
Number of updated asset objects reloaded before import = 0Number of asset objects unloaded after import = 2

========================================================================
Received Import Request.
  Time since last request: 0.000041 seconds.
  path: Assets/Graphisms/Tilesets/SubTiles/Outside_10.asset
  artifactKey: Guid(0c7c46f427116f04ba52a73cc8ca2640) Importer(2089858483,b0f066a214c2f5e87bad3c948f4d605d)
Start importing Assets/Graphisms/Tilesets/SubTiles/Outside_10.asset using Guid(0c7c46f427116f04ba52a73cc8ca2640) Importer(2089858483,b0f066a214c2f5e87bad3c948f4d605d) (ScriptedImporter) -> (artifact id: 'bc11c87da80affc3c82dfb41b794a9e8') in 0.0245159 seconds
Number of updated asset objects reloaded before import = 0Number of asset objects unloaded after import = 2

========================================================================
Received Import Request.
  Time since last request: 0.000043 seconds.
  path: Assets/Graphisms/Tilesets/SubTiles/Outside_2910.asset
  artifactKey: Guid(3b535ad5a0a65ff45aa5169b3baf30c7) Importer(2089858483,b0f066a214c2f5e87bad3c948f4d605d)
Start importing Assets/Graphisms/Tilesets/SubTiles/Outside_2910.asset using Guid(3b535ad5a0a65ff45aa5169b3baf30c7) Importer(2089858483,b0f066a214c2f5e87bad3c948f4d605d) (ScriptedImporter) -> (artifact id: 'b4a0e2cef724331caa22d3343e5f77e9') in 0.0093277 seconds
Number of updated asset objects reloaded before import = 0Number of asset objects unloaded after import = 2

========================================================================
Received Import Request.
  Time since last request: 0.000021 seconds.
  path: Assets/Graphisms/Tilesets/SubTiles/Outside_2608.asset
  artifactKey: Guid(f178b595f0c26fd449244cd4dcd387a1) Importer(2089858483,b0f066a214c2f5e87bad3c948f4d605d)
Start importing Assets/Graphisms/Tilesets/SubTiles/Outside_2608.asset using Guid(f178b595f0c26fd449244cd4dcd387a1) Importer(2089858483,b0f066a214c2f5e87bad3c948f4d605d) (ScriptedImporter) -> (artifact id: 'c79f2aa0496d0e41bb675c80854f6bf6') in 0.0094131 seconds
Number of updated asset objects reloaded before import = 0Number of asset objects unloaded after import = 2

========================================================================
Received Import Request.
  Time since last request: 0.000031 seconds.
  path: Assets/Graphisms/Tilesets/SubTiles/Outside_16.asset
  artifactKey: Guid(d8ae73ef29494bf449c505a0c69aef7f) Importer(2089858483,b0f066a214c2f5e87bad3c948f4d605d)
Start importing Assets/Graphisms/Tilesets/SubTiles/Outside_16.asset using Guid(d8ae73ef29494bf449c505a0c69aef7f) Importer(2089858483,b0f066a214c2f5e87bad3c948f4d605d) (ScriptedImporter) -> (artifact id: 'f32c7f1630d9604cb98bb954ecb7f139') in 0.0252665 seconds
Number of updated asset objects reloaded before import = 0Number of asset objects unloaded after import = 2

========================================================================
Received Import Request.
  Time since last request: 0.000034 seconds.
  path: Assets/Graphisms/Tilesets/SubTiles/Outside_3683.asset
  artifactKey: Guid(720ccca68ee9fc648be5a8d0fe04abcb) Importer(2089858483,b0f066a214c2f5e87bad3c948f4d605d)
Start importing Assets/Graphisms/Tilesets/SubTiles/Outside_3683.asset using Guid(720ccca68ee9fc648be5a8d0fe04abcb) Importer(2089858483,b0f066a214c2f5e87bad3c948f4d605d) (ScriptedImporter) -> (artifact id: 'bff51b966b23ceaba56e366b03c9934b') in 0.0100322 seconds
Number of updated asset objects reloaded before import = 0Number of asset objects unloaded after import = 2

========================================================================
Received Import Request.
  Time since last request: 0.000033 seconds.
  path: Assets/Graphisms/Tilesets/SubTiles/Outside_2315.asset
  artifactKey: Guid(ba2d4572a4ec7d548b30a0f761f62bad) Importer(2089858483,b0f066a214c2f5e87bad3c948f4d605d)
Start importing Assets/Graphisms/Tilesets/SubTiles/Outside_2315.asset using Guid(ba2d4572a4ec7d548b30a0f761f62bad) Importer(2089858483,b0f066a214c2f5e87bad3c948f4d605d) (ScriptedImporter) -> (artifact id: '72464e8065163bd9e41e2874b3aedc93') in 0.0100718 seconds
Number of updated asset objects reloaded before import = 0Number of asset objects unloaded after import = 2

========================================================================
Received Import Request.
  Time since last request: 0.000025 seconds.
  path: Assets/Graphisms/Tilesets/SubTiles/Outside_3588.asset
  artifactKey: Guid(d4417f27bf8ea87489709a90a5712cc3) Importer(2089858483,b0f066a214c2f5e87bad3c948f4d605d)
Start importing Assets/Graphisms/Tilesets/SubTiles/Outside_3588.asset using Guid(d4417f27bf8ea87489709a90a5712cc3) Importer(2089858483,b0f066a214c2f5e87bad3c948f4d605d) (ScriptedImporter) -> (artifact id: 'bf796c2c39063cee2692f67f0791c363') in 0.0098021 seconds
Number of updated asset objects reloaded before import = 0Number of asset objects unloaded after import = 2

========================================================================
Received Import Request.
  Time since last request: 0.000027 seconds.
  path: Assets/Graphisms/Tilesets/SubTiles/Outside_471.asset
  artifactKey: Guid(50aed32a6fbd1ec4da9f2b5dee9d6f15) Importer(2089858483,b0f066a214c2f5e87bad3c948f4d605d)
Start importing Assets/Graphisms/Tilesets/SubTiles/Outside_471.asset using Guid(50aed32a6fbd1ec4da9f2b5dee9d6f15) Importer(2089858483,b0f066a214c2f5e87bad3c948f4d605d) (ScriptedImporter) -> (artifact id: '298ab4b835922a3619902945b569a014') in 0.0109338 seconds
Number of updated asset objects reloaded before import = 0Number of asset objects unloaded after import = 2

========================================================================
Received Import Request.
  Time since last request: 0.000024 seconds.
  path: Assets/Graphisms/Tilesets/SubTiles/Outside_3934.asset
  artifactKey: Guid(a9660d2ac83aa944e8f309f808feaf2e) Importer(2089858483,b0f066a214c2f5e87bad3c948f4d605d)
Start importing Assets/Graphisms/Tilesets/SubTiles/Outside_3934.asset using Guid(a9660d2ac83aa944e8f309f808feaf2e) Importer(2089858483,b0f066a214c2f5e87bad3c948f4d605d) (ScriptedImporter) -> (artifact id: '6275a7094a3182af33c59f653d316d2b') in 0.0115736 seconds
Number of updated asset objects reloaded before import = 0Number of asset objects unloaded after import = 2

========================================================================
Received Import Request.
  Time since last request: 0.000027 seconds.
  path: Assets/Graphisms/Tilesets/SubTiles/Outside_1907.asset
  artifactKey: Guid(7e82da3ea94fdbf4c8a9bae878841668) Importer(2089858483,b0f066a214c2f5e87bad3c948f4d605d)
Start importing Assets/Graphisms/Tilesets/SubTiles/Outside_1907.asset using Guid(7e82da3ea94fdbf4c8a9bae878841668) Importer(2089858483,b0f066a214c2f5e87bad3c948f4d605d) (ScriptedImporter) -> (artifact id: '3e890c92728516d45c63f31cab402c71') in 0.0097382 seconds
Number of updated asset objects reloaded before import = 0Number of asset objects unloaded after import = 2

========================================================================
Received Import Request.
  Time since last request: 0.000031 seconds.
  path: Assets/Graphisms/Tilesets/SubTiles/Outside_1321.asset
  artifactKey: Guid(7844830e595506b40aa0ac551ed1e213) Importer(2089858483,b0f066a214c2f5e87bad3c948f4d605d)
Start importing Assets/Graphisms/Tilesets/SubTiles/Outside_1321.asset using Guid(7844830e595506b40aa0ac551ed1e213) Importer(2089858483,b0f066a214c2f5e87bad3c948f4d605d) (ScriptedImporter) -> (artifact id: '8c3643ae28e7db0ab7e517ea7a166499') in 0.0097787 seconds
Number of updated asset objects reloaded before import = 0Number of asset objects unloaded after import = 2

========================================================================
Received Import Request.
  Time since last request: 0.000023 seconds.
  path: Assets/Graphisms/Tilesets/SubTiles/Outside_3067.asset
  artifactKey: Guid(126d0db181d6f80478238715c2badf13) Importer(2089858483,b0f066a214c2f5e87bad3c948f4d605d)
Start importing Assets/Graphisms/Tilesets/SubTiles/Outside_3067.asset using Guid(126d0db181d6f80478238715c2badf13) Importer(2089858483,b0f066a214c2f5e87bad3c948f4d605d) (ScriptedImporter) -> (artifact id: '0ac511eb816a4e917b3fa29746571dbc') in 0.0100455 seconds
Number of updated asset objects reloaded before import = 0Number of asset objects unloaded after import = 2

========================================================================
Received Import Request.
  Time since last request: 0.000030 seconds.
  path: Assets/Graphisms/Tilesets/SubTiles/Outside_3323.asset
  artifactKey: Guid(096f1bc3f792c7246b80705d40548f47) Importer(2089858483,b0f066a214c2f5e87bad3c948f4d605d)
Start importing Assets/Graphisms/Tilesets/SubTiles/Outside_3323.asset using Guid(096f1bc3f792c7246b80705d40548f47) Importer(2089858483,b0f066a214c2f5e87bad3c948f4d605d) (ScriptedImporter) -> (artifact id: '31e4c80b699b1466c945604decf49a00') in 0.0110585 seconds
Number of updated asset objects reloaded before import = 0Number of asset objects unloaded after import = 2

========================================================================
Received Import Request.
  Time since last request: 0.000023 seconds.
  path: Assets/Graphisms/Tilesets/SubTiles/Outside_2886.asset
  artifactKey: Guid(f4afda34a292cfa4b89b38091374573b) Importer(2089858483,b0f066a214c2f5e87bad3c948f4d605d)
Start importing Assets/Graphisms/Tilesets/SubTiles/Outside_2886.asset using Guid(f4afda34a292cfa4b89b38091374573b) Importer(2089858483,b0f066a214c2f5e87bad3c948f4d605d) (ScriptedImporter) -> (artifact id: 'b0babd2ad53f67bd4683635ec1b27f73') in 0.0096828 seconds
Number of updated asset objects reloaded before import = 0Number of asset objects unloaded after import = 2

========================================================================
Received Import Request.
  Time since last request: 0.000025 seconds.
  path: Assets/Graphisms/Tilesets/SubTiles/Outside_728.asset
  artifactKey: Guid(80b15b123314aee4c9cd4cfa085621e8) Importer(2089858483,b0f066a214c2f5e87bad3c948f4d605d)
Start importing Assets/Graphisms/Tilesets/SubTiles/Outside_728.asset using Guid(80b15b123314aee4c9cd4cfa085621e8) Importer(2089858483,b0f066a214c2f5e87bad3c948f4d605d) (ScriptedImporter) -> (artifact id: '2f32fcc5ac260363170304bdb022b4eb') in 0.0188405 seconds
Number of updated asset objects reloaded before import = 0Number of asset objects unloaded after import = 2

========================================================================
Received Import Request.
  Time since last request: 0.000037 seconds.
  path: Assets/Graphisms/Tilesets/SubTiles/Outside_764.asset
  artifactKey: Guid(3144d78f732f8084ca3526c7dedde05f) Importer(2089858483,b0f066a214c2f5e87bad3c948f4d605d)
Start importing Assets/Graphisms/Tilesets/SubTiles/Outside_764.asset using Guid(3144d78f732f8084ca3526c7dedde05f) Importer(2089858483,b0f066a214c2f5e87bad3c948f4d605d) (ScriptedImporter) -> (artifact id: 'e6e907cdedd02767e4aed286e06f2b0d') in 0.0101347 seconds
Number of updated asset objects reloaded before import = 0Number of asset objects unloaded after import = 2

========================================================================
Received Import Request.
  Time since last request: 0.000036 seconds.
  path: Assets/Graphisms/Tilesets/SubTiles/Outside_3431.asset
  artifactKey: Guid(2b2dfd977b9cc634f8bdd68d218eeb1c) Importer(2089858483,b0f066a214c2f5e87bad3c948f4d605d)
Start importing Assets/Graphisms/Tilesets/SubTiles/Outside_3431.asset using Guid(2b2dfd977b9cc634f8bdd68d218eeb1c) Importer(2089858483,b0f066a214c2f5e87bad3c948f4d605d) (ScriptedImporter) -> (artifact id: '9b47616896dd5f5e2cc7fdad19b3996b') in 0.0108818 seconds
Number of updated asset objects reloaded before import = 0Number of asset objects unloaded after import = 2

========================================================================
Received Import Request.
  Time since last request: 0.000019 seconds.
  path: Assets/Graphisms/Tilesets/SubTiles/Outside_3499.asset
  artifactKey: Guid(e85e74a3ffb28c74ba17b70266daf05f) Importer(2089858483,b0f066a214c2f5e87bad3c948f4d605d)
Start importing Assets/Graphisms/Tilesets/SubTiles/Outside_3499.asset using Guid(e85e74a3ffb28c74ba17b70266daf05f) Importer(2089858483,b0f066a214c2f5e87bad3c948f4d605d) (ScriptedImporter) -> (artifact id: 'c8c1cab3c550df6c64809e4ca08b5555') in 0.0310624 seconds
Number of updated asset objects reloaded before import = 0Number of asset objects unloaded after import = 2

========================================================================
Received Import Request.
  Time since last request: 0.000019 seconds.
  path: Assets/Graphisms/Tilesets/SubTiles/Outside_1533.asset
  artifactKey: Guid(197efe0905a38db4fab66572cb780996) Importer(2089858483,b0f066a214c2f5e87bad3c948f4d605d)
Start importing Assets/Graphisms/Tilesets/SubTiles/Outside_1533.asset using Guid(197efe0905a38db4fab66572cb780996) Importer(2089858483,b0f066a214c2f5e87bad3c948f4d605d) (ScriptedImporter) -> (artifact id: '72e3f7bd0d68242d2dfb04c87d7cc2d8') in 0.0142575 seconds
Number of updated asset objects reloaded before import = 0Number of asset objects unloaded after import = 2

========================================================================
Received Import Request.
  Time since last request: 0.000023 seconds.
  path: Assets/Graphisms/Tilesets/SubTiles/Outside_1051.asset
  artifactKey: Guid(dc4a5db50cd44b140b9d96de1e15e2fb) Importer(2089858483,b0f066a214c2f5e87bad3c948f4d605d)
Start importing Assets/Graphisms/Tilesets/SubTiles/Outside_1051.asset using Guid(dc4a5db50cd44b140b9d96de1e15e2fb) Importer(2089858483,b0f066a214c2f5e87bad3c948f4d605d) (ScriptedImporter) -> (artifact id: '0c0ead9f9d8d600dccb8ad6b0e82869b') in 0.0089456 seconds
Number of updated asset objects reloaded before import = 0Number of asset objects unloaded after import = 2

========================================================================
Received Import Request.
  Time since last request: 0.000034 seconds.
  path: Assets/Graphisms/Tilesets/SubTiles/Outside_2733.asset
  artifactKey: Guid(48ec7cb4b3d44904996708abeb23a112) Importer(2089858483,b0f066a214c2f5e87bad3c948f4d605d)
Start importing Assets/Graphisms/Tilesets/SubTiles/Outside_2733.asset using Guid(48ec7cb4b3d44904996708abeb23a112) Importer(2089858483,b0f066a214c2f5e87bad3c948f4d605d) (ScriptedImporter) -> (artifact id: 'c76f03d2f6d3eb69999ce6ae06e28402') in 0.0104283 seconds
Number of updated asset objects reloaded before import = 0Number of asset objects unloaded after import = 2

========================================================================
Received Import Request.
  Time since last request: 0.000018 seconds.
  path: Assets/Graphisms/Tilesets/SubTiles/Outside_1888.asset
  artifactKey: Guid(66b53faae3173184b9d9553cc437ec86) Importer(2089858483,b0f066a214c2f5e87bad3c948f4d605d)
Start importing Assets/Graphisms/Tilesets/SubTiles/Outside_1888.asset using Guid(66b53faae3173184b9d9553cc437ec86) Importer(2089858483,b0f066a214c2f5e87bad3c948f4d605d) (ScriptedImporter) -> (artifact id: 'ab1a90e4c129f8197fb620ca4b650042') in 0.0108882 seconds
Number of updated asset objects reloaded before import = 0Number of asset objects unloaded after import = 2

========================================================================
Received Import Request.
  Time since last request: 0.000026 seconds.
  path: Assets/Graphisms/Tilesets/SubTiles/Outside_649.asset
  artifactKey: Guid(b06dab52db7405b4a91e41b4def36f9c) Importer(2089858483,b0f066a214c2f5e87bad3c948f4d605d)
Start importing Assets/Graphisms/Tilesets/SubTiles/Outside_649.asset using Guid(b06dab52db7405b4a91e41b4def36f9c) Importer(2089858483,b0f066a214c2f5e87bad3c948f4d605d) (ScriptedImporter) -> (artifact id: '4bdcfb0ace97bccc33e085a04b126ae3') in 0.01158 seconds
Number of updated asset objects reloaded before import = 0Number of asset objects unloaded after import = 2

========================================================================
Received Import Request.
  Time since last request: 0.000021 seconds.
  path: Assets/Graphisms/Tilesets/SubTiles/Outside_3744.asset
  artifactKey: Guid(1c5f7eea95147434eb7b1745af12a492) Importer(2089858483,b0f066a214c2f5e87bad3c948f4d605d)
Start importing Assets/Graphisms/Tilesets/SubTiles/Outside_3744.asset using Guid(1c5f7eea95147434eb7b1745af12a492) Importer(2089858483,b0f066a214c2f5e87bad3c948f4d605d) (ScriptedImporter) -> (artifact id: '45503889a6e354bfb74fff27bfda6bb4') in 0.0113581 seconds
Number of updated asset objects reloaded before import = 0Number of asset objects unloaded after import = 2

========================================================================
Received Import Request.
  Time since last request: 0.000028 seconds.
  path: Assets/Graphisms/Tilesets/SubTiles/Outside_2567.asset
  artifactKey: Guid(82278f1e7f69e184694ea6d3854a61b3) Importer(2089858483,b0f066a214c2f5e87bad3c948f4d605d)
Start importing Assets/Graphisms/Tilesets/SubTiles/Outside_2567.asset using Guid(82278f1e7f69e184694ea6d3854a61b3) Importer(2089858483,b0f066a214c2f5e87bad3c948f4d605d) (ScriptedImporter) -> (artifact id: '115b62ae3af7fe9ab0385c2fcf0878ad') in 0.0106641 seconds
Number of updated asset objects reloaded before import = 0Number of asset objects unloaded after import = 2

========================================================================
Received Import Request.
  Time since last request: 0.000042 seconds.
  path: Assets/Graphisms/Tilesets/SubTiles/Outside_2126.asset
  artifactKey: Guid(56a22bc78b73dee439e35213869231f6) Importer(2089858483,b0f066a214c2f5e87bad3c948f4d605d)
Start importing Assets/Graphisms/Tilesets/SubTiles/Outside_2126.asset using Guid(56a22bc78b73dee439e35213869231f6) Importer(2089858483,b0f066a214c2f5e87bad3c948f4d605d) (ScriptedImporter) -> (artifact id: 'fe21be2a4b9c4b2f991d6f4071a2f2bb') in 0.0108011 seconds
Number of updated asset objects reloaded before import = 0Number of asset objects unloaded after import = 2

========================================================================
Received Import Request.
  Time since last request: 0.000023 seconds.
  path: Assets/Graphisms/Tilesets/SubTiles/Outside_3952.asset
  artifactKey: Guid(5daa1f9089d67974d865e53f1e9c9adb) Importer(2089858483,b0f066a214c2f5e87bad3c948f4d605d)
Start importing Assets/Graphisms/Tilesets/SubTiles/Outside_3952.asset using Guid(5daa1f9089d67974d865e53f1e9c9adb) Importer(2089858483,b0f066a214c2f5e87bad3c948f4d605d) (ScriptedImporter) -> (artifact id: 'e9bde5943f7473af8ecdc085747227b1') in 0.0105037 seconds
Number of updated asset objects reloaded before import = 0Number of asset objects unloaded after import = 2

========================================================================
Received Import Request.
  Time since last request: 0.000021 seconds.
  path: Assets/Graphisms/Tilesets/SubTiles/Outside_1891.asset
  artifactKey: Guid(6966ccccd0a761948a2d08b23df055c7) Importer(2089858483,b0f066a214c2f5e87bad3c948f4d605d)
Start importing Assets/Graphisms/Tilesets/SubTiles/Outside_1891.asset using Guid(6966ccccd0a761948a2d08b23df055c7) Importer(2089858483,b0f066a214c2f5e87bad3c948f4d605d) (ScriptedImporter) -> (artifact id: '2ff23194f0def1de2bf88e27e8227aca') in 0.0133063 seconds
Number of updated asset objects reloaded before import = 0Number of asset objects unloaded after import = 2

========================================================================
Received Import Request.
  Time since last request: 0.000030 seconds.
  path: Assets/Graphisms/Tilesets/SubTiles/Outside_847.asset
  artifactKey: Guid(86a99714f9f730747a2df68194856a10) Importer(2089858483,b0f066a214c2f5e87bad3c948f4d605d)
Start importing Assets/Graphisms/Tilesets/SubTiles/Outside_847.asset using Guid(86a99714f9f730747a2df68194856a10) Importer(2089858483,b0f066a214c2f5e87bad3c948f4d605d) (ScriptedImporter) -> (artifact id: 'f24d890692db256068ed674d4413726d') in 0.0112095 seconds
Number of updated asset objects reloaded before import = 0Number of asset objects unloaded after import = 2

========================================================================
Received Import Request.
  Time since last request: 0.000038 seconds.
  path: Assets/Graphisms/Tilesets/SubTiles/Outside_3143.asset
  artifactKey: Guid(11504b6c04f3e6b44bd107ef88bfa67c) Importer(2089858483,b0f066a214c2f5e87bad3c948f4d605d)
Start importing Assets/Graphisms/Tilesets/SubTiles/Outside_3143.asset using Guid(11504b6c04f3e6b44bd107ef88bfa67c) Importer(2089858483,b0f066a214c2f5e87bad3c948f4d605d) (ScriptedImporter) -> (artifact id: 'ba7d0131a97fc15b3e002398440f2c2e') in 0.0102899 seconds
Number of updated asset objects reloaded before import = 0Number of asset objects unloaded after import = 2

========================================================================
Received Import Request.
  Time since last request: 0.000024 seconds.
  path: Assets/Graphisms/Tilesets/SubTiles/Outside_3412.asset
  artifactKey: Guid(06e45d25ba018f64a83c8ef2bac9e3b9) Importer(2089858483,b0f066a214c2f5e87bad3c948f4d605d)
Start importing Assets/Graphisms/Tilesets/SubTiles/Outside_3412.asset using Guid(06e45d25ba018f64a83c8ef2bac9e3b9) Importer(2089858483,b0f066a214c2f5e87bad3c948f4d605d) (ScriptedImporter) -> (artifact id: '5d489bf6adc5566e14cd483b58c61490') in 0.0095448 seconds
Number of updated asset objects reloaded before import = 0Number of asset objects unloaded after import = 2

========================================================================
Received Import Request.
  Time since last request: 0.000035 seconds.
  path: Assets/Graphisms/Tilesets/SubTiles/Outside_3574.asset
  artifactKey: Guid(0110ea3680bf6d1429ba09eb7784e76d) Importer(2089858483,b0f066a214c2f5e87bad3c948f4d605d)
Start importing Assets/Graphisms/Tilesets/SubTiles/Outside_3574.asset using Guid(0110ea3680bf6d1429ba09eb7784e76d) Importer(2089858483,b0f066a214c2f5e87bad3c948f4d605d) (ScriptedImporter) -> (artifact id: 'fd515dd934e5b1d228c6983fe194acee') in 0.0108422 seconds
Number of updated asset objects reloaded before import = 0Number of asset objects unloaded after import = 2

========================================================================
Received Import Request.
  Time since last request: 0.000024 seconds.
  path: Assets/Graphisms/Tilesets/SubTiles/Outside_1615.asset
  artifactKey: Guid(e40b264d859edd84f9e3a221c2834572) Importer(2089858483,b0f066a214c2f5e87bad3c948f4d605d)
Start importing Assets/Graphisms/Tilesets/SubTiles/Outside_1615.asset using Guid(e40b264d859edd84f9e3a221c2834572) Importer(2089858483,b0f066a214c2f5e87bad3c948f4d605d) (ScriptedImporter) -> (artifact id: '45becf05da313c09cc0bf1ece53f89c0') in 0.0092073 seconds
Number of updated asset objects reloaded before import = 0Number of asset objects unloaded after import = 2

========================================================================
Received Import Request.
  Time since last request: 0.000037 seconds.
  path: Assets/Graphisms/Tilesets/SubTiles/Outside_2507.asset
  artifactKey: Guid(47255ea375b1c3843811f0eb01a79177) Importer(2089858483,b0f066a214c2f5e87bad3c948f4d605d)
Start importing Assets/Graphisms/Tilesets/SubTiles/Outside_2507.asset using Guid(47255ea375b1c3843811f0eb01a79177) Importer(2089858483,b0f066a214c2f5e87bad3c948f4d605d) (ScriptedImporter) -> (artifact id: 'db7ebd2cb506f574a6dbcb349362acd3') in 0.0096008 seconds
Number of updated asset objects reloaded before import = 0Number of asset objects unloaded after import = 2

========================================================================
Received Import Request.
  Time since last request: 0.000036 seconds.
  path: Assets/Graphisms/Tilesets/SubTiles/Outside_3492.asset
  artifactKey: Guid(ce9f132d0ac5e254e9a2e2ce53b93989) Importer(2089858483,b0f066a214c2f5e87bad3c948f4d605d)
Start importing Assets/Graphisms/Tilesets/SubTiles/Outside_3492.asset using Guid(ce9f132d0ac5e254e9a2e2ce53b93989) Importer(2089858483,b0f066a214c2f5e87bad3c948f4d605d) (ScriptedImporter) -> (artifact id: '4bb573f6578c2fc2131e0f2b87167d25') in 0.0088989 seconds
Number of updated asset objects reloaded before import = 0Number of asset objects unloaded after import = 2

========================================================================
Received Import Request.
  Time since last request: 0.000020 seconds.
  path: Assets/Graphisms/Tilesets/SubTiles/Outside_1438.asset
  artifactKey: Guid(27ea8b9138b9a324d8deb5bc7755276a) Importer(2089858483,b0f066a214c2f5e87bad3c948f4d605d)
Start importing Assets/Graphisms/Tilesets/SubTiles/Outside_1438.asset using Guid(27ea8b9138b9a324d8deb5bc7755276a) Importer(2089858483,b0f066a214c2f5e87bad3c948f4d605d) (ScriptedImporter) -> (artifact id: 'bb5975e1c43903d56f3a404a1203e596') in 0.0097265 seconds
Number of updated asset objects reloaded before import = 0Number of asset objects unloaded after import = 2

========================================================================
Received Import Request.
  Time since last request: 0.000017 seconds.
  path: Assets/Graphisms/Tilesets/SubTiles/Outside_1507.asset
  artifactKey: Guid(e11aaeaa46c820e42ac487e8523a2db5) Importer(2089858483,b0f066a214c2f5e87bad3c948f4d605d)
Start importing Assets/Graphisms/Tilesets/SubTiles/Outside_1507.asset using Guid(e11aaeaa46c820e42ac487e8523a2db5) Importer(2089858483,b0f066a214c2f5e87bad3c948f4d605d) (ScriptedImporter) -> (artifact id: '52e1c18883735d987e006c1a0f603e9c') in 0.0095883 seconds
Number of updated asset objects reloaded before import = 0Number of asset objects unloaded after import = 2

========================================================================
Received Import Request.
  Time since last request: 0.000025 seconds.
  path: Assets/Graphisms/Tilesets/SubTiles/Outside_2865.asset
  artifactKey: Guid(a1d3ce16ff98a6e4190a2832d5bb99f8) Importer(2089858483,b0f066a214c2f5e87bad3c948f4d605d)
Start importing Assets/Graphisms/Tilesets/SubTiles/Outside_2865.asset using Guid(a1d3ce16ff98a6e4190a2832d5bb99f8) Importer(2089858483,b0f066a214c2f5e87bad3c948f4d605d) (ScriptedImporter) -> (artifact id: 'd7667530b50cde581c1eac4fd8b80bc5') in 0.0103214 seconds
Number of updated asset objects reloaded before import = 0Number of asset objects unloaded after import = 2

========================================================================
Received Import Request.
  Time since last request: 0.000028 seconds.
  path: Assets/Graphisms/Tilesets/SubTiles/Outside_344.asset
  artifactKey: Guid(47f5e118de8585c4b9cd47addc263531) Importer(2089858483,b0f066a214c2f5e87bad3c948f4d605d)
Start importing Assets/Graphisms/Tilesets/SubTiles/Outside_344.asset using Guid(47f5e118de8585c4b9cd47addc263531) Importer(2089858483,b0f066a214c2f5e87bad3c948f4d605d) (ScriptedImporter) -> (artifact id: 'ad98f4ded5adcd401d275fd1d652148b') in 0.0268547 seconds
Number of updated asset objects reloaded before import = 0Number of asset objects unloaded after import = 2

========================================================================
Received Import Request.
  Time since last request: 0.000032 seconds.
  path: Assets/Graphisms/Tilesets/SubTiles/Outside_1124.asset
  artifactKey: Guid(a3fadba3610f1c741ae908bcc3908c63) Importer(2089858483,b0f066a214c2f5e87bad3c948f4d605d)
Start importing Assets/Graphisms/Tilesets/SubTiles/Outside_1124.asset using Guid(a3fadba3610f1c741ae908bcc3908c63) Importer(2089858483,b0f066a214c2f5e87bad3c948f4d605d) (ScriptedImporter) -> (artifact id: 'ea43d96c1e574b5f9e7b215cf7db95de') in 0.0114237 seconds
Number of updated asset objects reloaded before import = 0Number of asset objects unloaded after import = 2

========================================================================
Received Import Request.
  Time since last request: 0.000019 seconds.
  path: Assets/Graphisms/Tilesets/SubTiles/Outside_3393.asset
  artifactKey: Guid(d3dce1e0471bcd14d8d28c2f1b287427) Importer(2089858483,b0f066a214c2f5e87bad3c948f4d605d)
Start importing Assets/Graphisms/Tilesets/SubTiles/Outside_3393.asset using Guid(d3dce1e0471bcd14d8d28c2f1b287427) Importer(2089858483,b0f066a214c2f5e87bad3c948f4d605d) (ScriptedImporter) -> (artifact id: 'ea6eb51f72328dc54ea5ac8dc0a0da96') in 0.010899 seconds
Number of updated asset objects reloaded before import = 0Number of asset objects unloaded after import = 2

========================================================================
Received Import Request.
  Time since last request: 0.000033 seconds.
  path: Assets/Graphisms/Tilesets/SubTiles/Outside_1748.asset
  artifactKey: Guid(a1356ae2e1d95d647b17323104048c50) Importer(2089858483,b0f066a214c2f5e87bad3c948f4d605d)
Start importing Assets/Graphisms/Tilesets/SubTiles/Outside_1748.asset using Guid(a1356ae2e1d95d647b17323104048c50) Importer(2089858483,b0f066a214c2f5e87bad3c948f4d605d) (ScriptedImporter) -> (artifact id: 'cc9d30db6f72854462a9eb9aebd8b9bc') in 0.0105166 seconds
Number of updated asset objects reloaded before import = 0Number of asset objects unloaded after import = 2

========================================================================
Received Import Request.
  Time since last request: 0.000018 seconds.
  path: Assets/Graphisms/Tilesets/SubTiles/Outside_2443.asset
  artifactKey: Guid(bea73769b26044749b6738f9dbb1456d) Importer(2089858483,b0f066a214c2f5e87bad3c948f4d605d)
Start importing Assets/Graphisms/Tilesets/SubTiles/Outside_2443.asset using Guid(bea73769b26044749b6738f9dbb1456d) Importer(2089858483,b0f066a214c2f5e87bad3c948f4d605d) (ScriptedImporter) -> (artifact id: 'c8722b496e92d6c578c9a165c7e36511') in 0.0106899 seconds
Number of updated asset objects reloaded before import = 0Number of asset objects unloaded after import = 2

========================================================================
Received Import Request.
  Time since last request: 0.000039 seconds.
  path: Assets/Graphisms/Tilesets/SubTiles/Outside_682.asset
  artifactKey: Guid(089329a438e53a74bb05275a23cd4879) Importer(2089858483,b0f066a214c2f5e87bad3c948f4d605d)
Start importing Assets/Graphisms/Tilesets/SubTiles/Outside_682.asset using Guid(089329a438e53a74bb05275a23cd4879) Importer(2089858483,b0f066a214c2f5e87bad3c948f4d605d) (ScriptedImporter) -> (artifact id: '6c6108927d0a477c492063e326779030') in 0.0091376 seconds
Number of updated asset objects reloaded before import = 0Number of asset objects unloaded after import = 2

========================================================================
Received Import Request.
  Time since last request: 0.000037 seconds.
  path: Assets/Graphisms/Tilesets/SubTiles/Outside_732.asset
  artifactKey: Guid(d58718d2f5d4ea748a946e0e9c5595b7) Importer(2089858483,b0f066a214c2f5e87bad3c948f4d605d)
Start importing Assets/Graphisms/Tilesets/SubTiles/Outside_732.asset using Guid(d58718d2f5d4ea748a946e0e9c5595b7) Importer(2089858483,b0f066a214c2f5e87bad3c948f4d605d) (ScriptedImporter) -> (artifact id: 'a953168a5196caa6dee57628812d299f') in 0.0092993 seconds
Number of updated asset objects reloaded before import = 0Number of asset objects unloaded after import = 2

========================================================================
Received Import Request.
  Time since last request: 0.000035 seconds.
  path: Assets/Graphisms/Tilesets/SubTiles/Outside_583.asset
  artifactKey: Guid(da89bd7fd69f0e048bbb2fb356f321bd) Importer(2089858483,b0f066a214c2f5e87bad3c948f4d605d)
Start importing Assets/Graphisms/Tilesets/SubTiles/Outside_583.asset using Guid(da89bd7fd69f0e048bbb2fb356f321bd) Importer(2089858483,b0f066a214c2f5e87bad3c948f4d605d) (ScriptedImporter) -> (artifact id: '72bab88a462000a11b202a899fce148e') in 0.0102687 seconds
Number of updated asset objects reloaded before import = 0Number of asset objects unloaded after import = 2

========================================================================
Received Import Request.
  Time since last request: 0.000026 seconds.
  path: Assets/Graphisms/Tilesets/SubTiles/Outside_901.asset
  artifactKey: Guid(83639fac2e054d348b6573c4ff3c4995) Importer(2089858483,b0f066a214c2f5e87bad3c948f4d605d)
Start importing Assets/Graphisms/Tilesets/SubTiles/Outside_901.asset using Guid(83639fac2e054d348b6573c4ff3c4995) Importer(2089858483,b0f066a214c2f5e87bad3c948f4d605d) (ScriptedImporter) -> (artifact id: 'a6bf30c6907b8a329266b4b3e633d934') in 0.0107513 seconds
Number of updated asset objects reloaded before import = 0Number of asset objects unloaded after import = 2

========================================================================
Received Import Request.
  Time since last request: 0.000020 seconds.
  path: Assets/Graphisms/Tilesets/SubTiles/Outside_2167.asset
  artifactKey: Guid(3254eba4c29a15041814130e0e20f50b) Importer(2089858483,b0f066a214c2f5e87bad3c948f4d605d)
Start importing Assets/Graphisms/Tilesets/SubTiles/Outside_2167.asset using Guid(3254eba4c29a15041814130e0e20f50b) Importer(2089858483,b0f066a214c2f5e87bad3c948f4d605d) (ScriptedImporter) -> (artifact id: 'd7a342f00d59707cc2d0390ea016e391') in 0.0102969 seconds
Number of updated asset objects reloaded before import = 0Number of asset objects unloaded after import = 2

========================================================================
Received Import Request.
  Time since last request: 0.000022 seconds.
  path: Assets/Graphisms/Tilesets/SubTiles/Outside_575.asset
  artifactKey: Guid(9421324d453d7b644ae487bf5131d1fd) Importer(2089858483,b0f066a214c2f5e87bad3c948f4d605d)
Start importing Assets/Graphisms/Tilesets/SubTiles/Outside_575.asset using Guid(9421324d453d7b644ae487bf5131d1fd) Importer(2089858483,b0f066a214c2f5e87bad3c948f4d605d) (ScriptedImporter) -> (artifact id: '110b7134246f146bdb6c082258f0647c') in 0.0104989 seconds
Number of updated asset objects reloaded before import = 0Number of asset objects unloaded after import = 2

========================================================================
Received Import Request.
  Time since last request: 0.000036 seconds.
  path: Assets/Graphisms/Tilesets/SubTiles/Outside_196.asset
  artifactKey: Guid(4ccd8fd3b3ca25c46903838662f46093) Importer(2089858483,b0f066a214c2f5e87bad3c948f4d605d)
Start importing Assets/Graphisms/Tilesets/SubTiles/Outside_196.asset using Guid(4ccd8fd3b3ca25c46903838662f46093) Importer(2089858483,b0f066a214c2f5e87bad3c948f4d605d) (ScriptedImporter) -> (artifact id: '2a75c65e5823e1239690550dbacdb163') in 0.0208147 seconds
Number of updated asset objects reloaded before import = 0Number of asset objects unloaded after import = 2

========================================================================
Received Import Request.
  Time since last request: 0.000021 seconds.
  path: Assets/Graphisms/Tilesets/SubTiles/Outside_3923.asset
  artifactKey: Guid(4acf2e9cd22f9b043a88b5a356db9b48) Importer(2089858483,b0f066a214c2f5e87bad3c948f4d605d)
Start importing Assets/Graphisms/Tilesets/SubTiles/Outside_3923.asset using Guid(4acf2e9cd22f9b043a88b5a356db9b48) Importer(2089858483,b0f066a214c2f5e87bad3c948f4d605d) (ScriptedImporter) -> (artifact id: 'a9cea78b370797c548cf4f802f88652f') in 0.0110166 seconds
Number of updated asset objects reloaded before import = 0Number of asset objects unloaded after import = 2

========================================================================
Received Import Request.
  Time since last request: 0.000021 seconds.
  path: Assets/Graphisms/Tilesets/SubTiles/Outside_2298.asset
  artifactKey: Guid(43dd31f3d5b05f548b55495caf155b4f) Importer(2089858483,b0f066a214c2f5e87bad3c948f4d605d)
Start importing Assets/Graphisms/Tilesets/SubTiles/Outside_2298.asset using Guid(43dd31f3d5b05f548b55495caf155b4f) Importer(2089858483,b0f066a214c2f5e87bad3c948f4d605d) (ScriptedImporter) -> (artifact id: '8acd4e58509bdebd97faf7e7fa1baece') in 0.0091316 seconds
Number of updated asset objects reloaded before import = 0Number of asset objects unloaded after import = 2

========================================================================
Received Import Request.
  Time since last request: 0.000017 seconds.
  path: Assets/Graphisms/Tilesets/SubTiles/Outside_4013.asset
  artifactKey: Guid(d425fdea958b0ed44afbbb0501695947) Importer(2089858483,b0f066a214c2f5e87bad3c948f4d605d)
Start importing Assets/Graphisms/Tilesets/SubTiles/Outside_4013.asset using Guid(d425fdea958b0ed44afbbb0501695947) Importer(2089858483,b0f066a214c2f5e87bad3c948f4d605d) (ScriptedImporter) -> (artifact id: '12e0336dcc3d57454c7e7b0d285466f3') in 0.0153494 seconds
Number of updated asset objects reloaded before import = 0Number of asset objects unloaded after import = 2

========================================================================
Received Import Request.
  Time since last request: 0.000040 seconds.
  path: Assets/Graphisms/Tilesets/SubTiles/Outside_1413.asset
  artifactKey: Guid(a478c00fcc0088d4ca5478f9c03cce1f) Importer(2089858483,b0f066a214c2f5e87bad3c948f4d605d)
Start importing Assets/Graphisms/Tilesets/SubTiles/Outside_1413.asset using Guid(a478c00fcc0088d4ca5478f9c03cce1f) Importer(2089858483,b0f066a214c2f5e87bad3c948f4d605d) (ScriptedImporter) -> (artifact id: '2708fb87cec8ceac46ea7ea6aaea0324') in 0.0124731 seconds
Number of updated asset objects reloaded before import = 0Number of asset objects unloaded after import = 2

========================================================================
Received Import Request.
  Time since last request: 0.000028 seconds.
  path: Assets/Graphisms/Tilesets/SubTiles/Outside_2283.asset
  artifactKey: Guid(2dfcd4491a606604194deb704c7e5b67) Importer(2089858483,b0f066a214c2f5e87bad3c948f4d605d)
Start importing Assets/Graphisms/Tilesets/SubTiles/Outside_2283.asset using Guid(2dfcd4491a606604194deb704c7e5b67) Importer(2089858483,b0f066a214c2f5e87bad3c948f4d605d) (ScriptedImporter) -> (artifact id: '26d6da99192964d08fb6968cdae6463d') in 0.011176 seconds
Number of updated asset objects reloaded before import = 0Number of asset objects unloaded after import = 2

========================================================================
Received Import Request.
  Time since last request: 0.000021 seconds.
  path: Assets/Graphisms/Tilesets/SubTiles/Outside_3969.asset
  artifactKey: Guid(ed6df48cd03efaf4faa1fdc866ed9720) Importer(2089858483,b0f066a214c2f5e87bad3c948f4d605d)
Start importing Assets/Graphisms/Tilesets/SubTiles/Outside_3969.asset using Guid(ed6df48cd03efaf4faa1fdc866ed9720) Importer(2089858483,b0f066a214c2f5e87bad3c948f4d605d) (ScriptedImporter) -> (artifact id: 'eb6c5ccdd58c743afc4d41fa0e28d48b') in 0.0105341 seconds
Number of updated asset objects reloaded before import = 0Number of asset objects unloaded after import = 2

========================================================================
Received Import Request.
  Time since last request: 0.000025 seconds.
  path: Assets/Graphisms/Tilesets/SubTiles/Outside_3075.asset
  artifactKey: Guid(6d11bc9d1a722e647bb020464e14d2fb) Importer(2089858483,b0f066a214c2f5e87bad3c948f4d605d)
Start importing Assets/Graphisms/Tilesets/SubTiles/Outside_3075.asset using Guid(6d11bc9d1a722e647bb020464e14d2fb) Importer(2089858483,b0f066a214c2f5e87bad3c948f4d605d) (ScriptedImporter) -> (artifact id: '989689abcd08b93d1197c0a628a145a0') in 0.0114676 seconds
Number of updated asset objects reloaded before import = 0Number of asset objects unloaded after import = 2

========================================================================
Received Import Request.
  Time since last request: 0.000019 seconds.
  path: Assets/Graphisms/Tilesets/SubTiles/Outside_947.asset
  artifactKey: Guid(4cc05b1f03ef8e643af9f7f03250bc39) Importer(2089858483,b0f066a214c2f5e87bad3c948f4d605d)
Start importing Assets/Graphisms/Tilesets/SubTiles/Outside_947.asset using Guid(4cc05b1f03ef8e643af9f7f03250bc39) Importer(2089858483,b0f066a214c2f5e87bad3c948f4d605d) (ScriptedImporter) -> (artifact id: 'eb984dc795b1565795ea473dbc6b3f42') in 0.0092089 seconds
Number of updated asset objects reloaded before import = 0Number of asset objects unloaded after import = 2

========================================================================
Received Import Request.
  Time since last request: 0.000024 seconds.
  path: Assets/Graphisms/Tilesets/SubTiles/Outside_57.asset
  artifactKey: Guid(acf4e2760a729964e858c5531c9da9ef) Importer(2089858483,b0f066a214c2f5e87bad3c948f4d605d)
Start importing Assets/Graphisms/Tilesets/SubTiles/Outside_57.asset using Guid(acf4e2760a729964e858c5531c9da9ef) Importer(2089858483,b0f066a214c2f5e87bad3c948f4d605d) (ScriptedImporter) -> (artifact id: '68de3e4f61d5e2d73c562dbdebc767cf') in 0.0332029 seconds
Number of updated asset objects reloaded before import = 0Number of asset objects unloaded after import = 2

========================================================================
Received Import Request.
  Time since last request: 0.000034 seconds.
  path: Assets/Graphisms/Tilesets/SubTiles/Outside_1398.asset
  artifactKey: Guid(22725963540ef564e9207d1fe8c60cdf) Importer(2089858483,b0f066a214c2f5e87bad3c948f4d605d)
Start importing Assets/Graphisms/Tilesets/SubTiles/Outside_1398.asset using Guid(22725963540ef564e9207d1fe8c60cdf) Importer(2089858483,b0f066a214c2f5e87bad3c948f4d605d) (ScriptedImporter) -> (artifact id: 'ec532a3eec2d8ef5f09986b42054c039') in 0.0119766 seconds
Number of updated asset objects reloaded before import = 0Number of asset objects unloaded after import = 2

========================================================================
Received Import Request.
  Time since last request: 0.000023 seconds.
  path: Assets/Graphisms/Tilesets/SubTiles/Outside_1164.asset
  artifactKey: Guid(7bf41ab551c053144a9e10f2d4c6f626) Importer(2089858483,b0f066a214c2f5e87bad3c948f4d605d)
Start importing Assets/Graphisms/Tilesets/SubTiles/Outside_1164.asset using Guid(7bf41ab551c053144a9e10f2d4c6f626) Importer(2089858483,b0f066a214c2f5e87bad3c948f4d605d) (ScriptedImporter) -> (artifact id: 'e4b26242064313ab111b76ea6bbf1974') in 0.0091733 seconds
Number of updated asset objects reloaded before import = 0Number of asset objects unloaded after import = 2

========================================================================
Received Import Request.
  Time since last request: 0.000025 seconds.
  path: Assets/Graphisms/Tilesets/SubTiles/Outside_3853.asset
  artifactKey: Guid(1b123922aef73ea4e9062ee295e798b6) Importer(2089858483,b0f066a214c2f5e87bad3c948f4d605d)
Start importing Assets/Graphisms/Tilesets/SubTiles/Outside_3853.asset using Guid(1b123922aef73ea4e9062ee295e798b6) Importer(2089858483,b0f066a214c2f5e87bad3c948f4d605d) (ScriptedImporter) -> (artifact id: 'c133b52f97e5937c6269db6a06fd0568') in 0.0109279 seconds
Number of updated asset objects reloaded before import = 0Number of asset objects unloaded after import = 2

========================================================================
Received Import Request.
  Time since last request: 0.000020 seconds.
  path: Assets/Graphisms/Tilesets/SubTiles/Outside_1709.asset
  artifactKey: Guid(7d68ca6d6244821428a17629d12d9582) Importer(2089858483,b0f066a214c2f5e87bad3c948f4d605d)
Start importing Assets/Graphisms/Tilesets/SubTiles/Outside_1709.asset using Guid(7d68ca6d6244821428a17629d12d9582) Importer(2089858483,b0f066a214c2f5e87bad3c948f4d605d) (ScriptedImporter) -> (artifact id: '885498b1c5bba45c30d63fd1150ff2db') in 0.0113066 seconds
Number of updated asset objects reloaded before import = 0Number of asset objects unloaded after import = 2

========================================================================
Received Import Request.
  Time since last request: 0.000026 seconds.
  path: Assets/Graphisms/Tilesets/SubTiles/Outside_419.asset
  artifactKey: Guid(8d4ddcb806505c5478e0c89622f7969e) Importer(2089858483,b0f066a214c2f5e87bad3c948f4d605d)
Start importing Assets/Graphisms/Tilesets/SubTiles/Outside_419.asset using Guid(8d4ddcb806505c5478e0c89622f7969e) Importer(2089858483,b0f066a214c2f5e87bad3c948f4d605d) (ScriptedImporter) -> (artifact id: 'c8f92d714da6633cc4993790d769073c') in 0.0150138 seconds
Number of updated asset objects reloaded before import = 0Number of asset objects unloaded after import = 2

========================================================================
Received Import Request.
  Time since last request: 0.000029 seconds.
  path: Assets/Graphisms/Tilesets/SubTiles/Outside_269.asset
  artifactKey: Guid(d87b3d694558d334ab464cf63dc53fe0) Importer(2089858483,b0f066a214c2f5e87bad3c948f4d605d)
Start importing Assets/Graphisms/Tilesets/SubTiles/Outside_269.asset using Guid(d87b3d694558d334ab464cf63dc53fe0) Importer(2089858483,b0f066a214c2f5e87bad3c948f4d605d) (ScriptedImporter) -> (artifact id: '33114e729191da90f7733866d4ded92c') in 0.0104271 seconds
Number of updated asset objects reloaded before import = 0Number of asset objects unloaded after import = 2

========================================================================
Received Import Request.
  Time since last request: 0.000023 seconds.
  path: Assets/Graphisms/Tilesets/SubTiles/Outside_1945.asset
  artifactKey: Guid(cccc0a769b2d045458e17c4927544c80) Importer(2089858483,b0f066a214c2f5e87bad3c948f4d605d)
Start importing Assets/Graphisms/Tilesets/SubTiles/Outside_1945.asset using Guid(cccc0a769b2d045458e17c4927544c80) Importer(2089858483,b0f066a214c2f5e87bad3c948f4d605d) (ScriptedImporter) -> (artifact id: '90524adab3a18343b5f508c4a417f8fc') in 0.0094224 seconds
Number of updated asset objects reloaded before import = 0Number of asset objects unloaded after import = 2

========================================================================
Received Import Request.
  Time since last request: 0.000019 seconds.
  path: Assets/Graphisms/Tilesets/SubTiles/Outside_2979.asset
  artifactKey: Guid(938678c20f1da7e4a91cd8d7a599834f) Importer(2089858483,b0f066a214c2f5e87bad3c948f4d605d)
Start importing Assets/Graphisms/Tilesets/SubTiles/Outside_2979.asset using Guid(938678c20f1da7e4a91cd8d7a599834f) Importer(2089858483,b0f066a214c2f5e87bad3c948f4d605d) (ScriptedImporter) -> (artifact id: '254d085fd34a42b6154ea4b49dc9becf') in 0.0305186 seconds
Number of updated asset objects reloaded before import = 0Number of asset objects unloaded after import = 2

========================================================================
Received Import Request.
  Time since last request: 0.000029 seconds.
  path: Assets/Graphisms/Tilesets/SubTiles/Outside_711.asset
  artifactKey: Guid(28e0b0cda8f1f8943b5ce1bfef1af186) Importer(2089858483,b0f066a214c2f5e87bad3c948f4d605d)
Start importing Assets/Graphisms/Tilesets/SubTiles/Outside_711.asset using Guid(28e0b0cda8f1f8943b5ce1bfef1af186) Importer(2089858483,b0f066a214c2f5e87bad3c948f4d605d) (ScriptedImporter) -> (artifact id: 'd90dad83dceb281fa2122608d5a0e48a') in 0.0092644 seconds
Number of updated asset objects reloaded before import = 0Number of asset objects unloaded after import = 2

========================================================================
Received Import Request.
  Time since last request: 0.000028 seconds.
  path: Assets/Graphisms/Tilesets/SubTiles/Outside_1336.asset
  artifactKey: Guid(87196fd1f38e4cb4497ee0c3bca84c23) Importer(2089858483,b0f066a214c2f5e87bad3c948f4d605d)
Start importing Assets/Graphisms/Tilesets/SubTiles/Outside_1336.asset using Guid(87196fd1f38e4cb4497ee0c3bca84c23) Importer(2089858483,b0f066a214c2f5e87bad3c948f4d605d) (ScriptedImporter) -> (artifact id: '1ff1845da0ea139250bd9f4aa56390c4') in 0.0121623 seconds
Number of updated asset objects reloaded before import = 0Number of asset objects unloaded after import = 2

========================================================================
Received Import Request.
  Time since last request: 0.000026 seconds.
  path: Assets/Graphisms/Tilesets/SubTiles/Outside_2674.asset
  artifactKey: Guid(4ecc170f3d5e3e742861cc9d2f09842c) Importer(2089858483,b0f066a214c2f5e87bad3c948f4d605d)
Start importing Assets/Graphisms/Tilesets/SubTiles/Outside_2674.asset using Guid(4ecc170f3d5e3e742861cc9d2f09842c) Importer(2089858483,b0f066a214c2f5e87bad3c948f4d605d) (ScriptedImporter) -> (artifact id: '5a5621306ac1e9abb48faef6c43f3d5c') in 0.0113181 seconds
Number of updated asset objects reloaded before import = 0Number of asset objects unloaded after import = 2

========================================================================
Received Import Request.
  Time since last request: 0.000024 seconds.
  path: Assets/Graphisms/Tilesets/SubTiles/Outside_3187.asset
  artifactKey: Guid(b7d68e0c19f2d8445837f17b3df2c838) Importer(2089858483,b0f066a214c2f5e87bad3c948f4d605d)
Start importing Assets/Graphisms/Tilesets/SubTiles/Outside_3187.asset using Guid(b7d68e0c19f2d8445837f17b3df2c838) Importer(2089858483,b0f066a214c2f5e87bad3c948f4d605d) (ScriptedImporter) -> (artifact id: '647044156d8a4106d3c035e38744125e') in 0.0347743 seconds
Number of updated asset objects reloaded before import = 0Number of asset objects unloaded after import = 2

========================================================================
Received Import Request.
  Time since last request: 0.000021 seconds.
  path: Assets/Graphisms/Tilesets/SubTiles/Outside_4004.asset
  artifactKey: Guid(d25394c6530e9da40ae1d3d59049179e) Importer(2089858483,b0f066a214c2f5e87bad3c948f4d605d)
Start importing Assets/Graphisms/Tilesets/SubTiles/Outside_4004.asset using Guid(d25394c6530e9da40ae1d3d59049179e) Importer(2089858483,b0f066a214c2f5e87bad3c948f4d605d) (ScriptedImporter) -> (artifact id: '6b225d56e10de5f77f17badf671295ee') in 0.0270471 seconds
Number of updated asset objects reloaded before import = 0Number of asset objects unloaded after import = 2

========================================================================
Received Import Request.
  Time since last request: 0.000041 seconds.
  path: Assets/Graphisms/Tilesets/SubTiles/Outside_1394.asset
  artifactKey: Guid(b045a12cf19f67e4c974f7987c65736e) Importer(2089858483,b0f066a214c2f5e87bad3c948f4d605d)
Start importing Assets/Graphisms/Tilesets/SubTiles/Outside_1394.asset using Guid(b045a12cf19f67e4c974f7987c65736e) Importer(2089858483,b0f066a214c2f5e87bad3c948f4d605d) (ScriptedImporter) -> (artifact id: '5b8541c4443e0aa25ec8821d10f1cfcf') in 0.0093626 seconds
Number of updated asset objects reloaded before import = 0Number of asset objects unloaded after import = 2

========================================================================
Received Import Request.
  Time since last request: 0.000022 seconds.
  path: Assets/Graphisms/Tilesets/SubTiles/Outside_670.asset
  artifactKey: Guid(0d8ad01c4af7193479c7d2f92b7d8e2f) Importer(2089858483,b0f066a214c2f5e87bad3c948f4d605d)
Start importing Assets/Graphisms/Tilesets/SubTiles/Outside_670.asset using Guid(0d8ad01c4af7193479c7d2f92b7d8e2f) Importer(2089858483,b0f066a214c2f5e87bad3c948f4d605d) (ScriptedImporter) -> (artifact id: '37ac1272bf4e81a2dc341ac5b880c94d') in 0.0098061 seconds
Number of updated asset objects reloaded before import = 0Number of asset objects unloaded after import = 2

========================================================================
Received Import Request.
  Time since last request: 0.000029 seconds.
  path: Assets/Graphisms/Tilesets/SubTiles/Outside_1469.asset
  artifactKey: Guid(09a4c0401dd15d04f8a16b29a4eeab9a) Importer(2089858483,b0f066a214c2f5e87bad3c948f4d605d)
Start importing Assets/Graphisms/Tilesets/SubTiles/Outside_1469.asset using Guid(09a4c0401dd15d04f8a16b29a4eeab9a) Importer(2089858483,b0f066a214c2f5e87bad3c948f4d605d) (ScriptedImporter) -> (artifact id: 'b6b195a1e5da7411a1c77f3942872939') in 0.0607062 seconds
Number of updated asset objects reloaded before import = 0Number of asset objects unloaded after import = 2

========================================================================
Received Import Request.
  Time since last request: 0.000028 seconds.
  path: Assets/Graphisms/Tilesets/SubTiles/Outside_3970.asset
  artifactKey: Guid(2cc4435159e56094ba9db17a5c8ec49c) Importer(2089858483,b0f066a214c2f5e87bad3c948f4d605d)
Start importing Assets/Graphisms/Tilesets/SubTiles/Outside_3970.asset using Guid(2cc4435159e56094ba9db17a5c8ec49c) Importer(2089858483,b0f066a214c2f5e87bad3c948f4d605d) (ScriptedImporter) -> (artifact id: '205e95edec1c1c2b49c3b0f3147cf6bd') in 0.0634513 seconds
Number of updated asset objects reloaded before import = 0Number of asset objects unloaded after import = 2

========================================================================
Received Import Request.
  Time since last request: 0.000034 seconds.
  path: Assets/Graphisms/Tilesets/SubTiles/Outside_1567.asset
  artifactKey: Guid(4b914b4acce72b146aa716d8d8f409c1) Importer(2089858483,b0f066a214c2f5e87bad3c948f4d605d)
Start importing Assets/Graphisms/Tilesets/SubTiles/Outside_1567.asset using Guid(4b914b4acce72b146aa716d8d8f409c1) Importer(2089858483,b0f066a214c2f5e87bad3c948f4d605d) (ScriptedImporter) -> (artifact id: 'e2a517cb4fa64f6cd1715728122efdb6') in 0.0730985 seconds
Number of updated asset objects reloaded before import = 0Number of asset objects unloaded after import = 2

========================================================================
Received Import Request.
  Time since last request: 0.000020 seconds.
  path: Assets/Graphisms/Tilesets/SubTiles/Outside_1132.asset
  artifactKey: Guid(839e2aa6eced76246bdb0be8aac69260) Importer(2089858483,b0f066a214c2f5e87bad3c948f4d605d)
Start importing Assets/Graphisms/Tilesets/SubTiles/Outside_1132.asset using Guid(839e2aa6eced76246bdb0be8aac69260) Importer(2089858483,b0f066a214c2f5e87bad3c948f4d605d) (ScriptedImporter) -> (artifact id: '51686931283dda6b4f1ca4c20519b014') in 0.0109483 seconds
Number of updated asset objects reloaded before import = 0Number of asset objects unloaded after import = 2

========================================================================
Received Import Request.
  Time since last request: 0.000023 seconds.
  path: Assets/Graphisms/Tilesets/SubTiles/Outside_2584.asset
  artifactKey: Guid(c91a01d93094bdd42b1d65888ad38573) Importer(2089858483,b0f066a214c2f5e87bad3c948f4d605d)
Start importing Assets/Graphisms/Tilesets/SubTiles/Outside_2584.asset using Guid(c91a01d93094bdd42b1d65888ad38573) Importer(2089858483,b0f066a214c2f5e87bad3c948f4d605d) (ScriptedImporter) -> (artifact id: '739c779dc563f06e1d349c9e2a03ca2e') in 0.0438042 seconds
Number of updated asset objects reloaded before import = 0Number of asset objects unloaded after import = 2

========================================================================
Received Import Request.
  Time since last request: 0.000025 seconds.
  path: Assets/Graphisms/Tilesets/SubTiles/Outside_3101.asset
  artifactKey: Guid(4c032c9e6211b6746834ccacfd7dbc48) Importer(2089858483,b0f066a214c2f5e87bad3c948f4d605d)
Start importing Assets/Graphisms/Tilesets/SubTiles/Outside_3101.asset using Guid(4c032c9e6211b6746834ccacfd7dbc48) Importer(2089858483,b0f066a214c2f5e87bad3c948f4d605d) (ScriptedImporter) -> (artifact id: 'fcd78ccf4789676d473502e21e5b33dc') in 0.0708573 seconds
Number of updated asset objects reloaded before import = 0Number of asset objects unloaded after import = 2

========================================================================
Received Import Request.
  Time since last request: 0.000038 seconds.
  path: Assets/Graphisms/Tilesets/SubTiles/Outside_2404.asset
  artifactKey: Guid(1a4308264415f6344a6e5b9485b6a5cb) Importer(2089858483,b0f066a214c2f5e87bad3c948f4d605d)
Start importing Assets/Graphisms/Tilesets/SubTiles/Outside_2404.asset using Guid(1a4308264415f6344a6e5b9485b6a5cb) Importer(2089858483,b0f066a214c2f5e87bad3c948f4d605d) (ScriptedImporter) -> (artifact id: '78c8b70b7eb6aee4743e5e3fce5ff02d') in 0.0577099 seconds
Number of updated asset objects reloaded before import = 0Number of asset objects unloaded after import = 2

========================================================================
Received Import Request.
  Time since last request: 0.000047 seconds.
  path: Assets/Graphisms/Tilesets/SubTiles/Outside_2691.asset
  artifactKey: Guid(1433b6d68ca95a94189f9530e031c22a) Importer(2089858483,b0f066a214c2f5e87bad3c948f4d605d)
Start importing Assets/Graphisms/Tilesets/SubTiles/Outside_2691.asset using Guid(1433b6d68ca95a94189f9530e031c22a) Importer(2089858483,b0f066a214c2f5e87bad3c948f4d605d) (ScriptedImporter) -> (artifact id: '4b75ed30f690e558f600d83607fc9fe3') in 0.0125321 seconds
Number of updated asset objects reloaded before import = 0Number of asset objects unloaded after import = 2

========================================================================
Received Import Request.
  Time since last request: 0.000023 seconds.
  path: Assets/Graphisms/Tilesets/SubTiles/Outside_2388.asset
  artifactKey: Guid(5978b08c78e5b00448b2316f942c1382) Importer(2089858483,b0f066a214c2f5e87bad3c948f4d605d)
Start importing Assets/Graphisms/Tilesets/SubTiles/Outside_2388.asset using Guid(5978b08c78e5b00448b2316f942c1382) Importer(2089858483,b0f066a214c2f5e87bad3c948f4d605d) (ScriptedImporter) -> (artifact id: '1b2d8b9dce3ec79d6d2143354d1e0cdf') in 0.0328462 seconds
Number of updated asset objects reloaded before import = 0Number of asset objects unloaded after import = 2

========================================================================
Received Import Request.
  Time since last request: 0.000033 seconds.
  path: Assets/Graphisms/Tilesets/SubTiles/Outside_3689.asset
  artifactKey: Guid(e2a79ee6ada3f4549bcaa661b1e8c7ca) Importer(2089858483,b0f066a214c2f5e87bad3c948f4d605d)
Start importing Assets/Graphisms/Tilesets/SubTiles/Outside_3689.asset using Guid(e2a79ee6ada3f4549bcaa661b1e8c7ca) Importer(2089858483,b0f066a214c2f5e87bad3c948f4d605d) (ScriptedImporter) -> (artifact id: 'c9e0005299a8d2881f6ea2fb3ba0a37d') in 0.2962466 seconds
Number of updated asset objects reloaded before import = 0Number of asset objects unloaded after import = 2

========================================================================
Received Import Request.
  Time since last request: 0.000108 seconds.
  path: Assets/Graphisms/Tilesets/SubTiles/Outside_873.asset
  artifactKey: Guid(91ba530f33a17ce4e86d0a95f855891e) Importer(2089858483,b0f066a214c2f5e87bad3c948f4d605d)
Start importing Assets/Graphisms/Tilesets/SubTiles/Outside_873.asset using Guid(91ba530f33a17ce4e86d0a95f855891e) Importer(2089858483,b0f066a214c2f5e87bad3c948f4d605d) (ScriptedImporter) -> (artifact id: '5a398025386f462b570d90cb69bb507f') in 0.0130422 seconds
Number of updated asset objects reloaded before import = 0Number of asset objects unloaded after import = 2

========================================================================
Received Import Request.
  Time since last request: 0.000025 seconds.
  path: Assets/Graphisms/Tilesets/SubTiles/Outside_37.asset
  artifactKey: Guid(558106c0768465844b34378de2350dd7) Importer(2089858483,b0f066a214c2f5e87bad3c948f4d605d)
Start importing Assets/Graphisms/Tilesets/SubTiles/Outside_37.asset using Guid(558106c0768465844b34378de2350dd7) Importer(2089858483,b0f066a214c2f5e87bad3c948f4d605d) (ScriptedImporter) -> (artifact id: '20a5a6cde0e7a0fe9690a861426019cd') in 0.0270941 seconds
Number of updated asset objects reloaded before import = 0Number of asset objects unloaded after import = 2

========================================================================
Received Import Request.
  Time since last request: 0.000028 seconds.
  path: Assets/Graphisms/Tilesets/SubTiles/Outside_2442.asset
  artifactKey: Guid(c65405f2e6eaa2f47af2d01e59fd453f) Importer(2089858483,b0f066a214c2f5e87bad3c948f4d605d)
Start importing Assets/Graphisms/Tilesets/SubTiles/Outside_2442.asset using Guid(c65405f2e6eaa2f47af2d01e59fd453f) Importer(2089858483,b0f066a214c2f5e87bad3c948f4d605d) (ScriptedImporter) -> (artifact id: 'dde02e66cb840ede8cd8ee3bd49aa6dc') in 0.0115976 seconds
Number of updated asset objects reloaded before import = 0Number of asset objects unloaded after import = 2

========================================================================
Received Import Request.
  Time since last request: 0.000037 seconds.
  path: Assets/Graphisms/Tilesets/SubTiles/Outside_2440.asset
  artifactKey: Guid(60d43464b6ada324fa95c8efab4388ab) Importer(2089858483,b0f066a214c2f5e87bad3c948f4d605d)
Start importing Assets/Graphisms/Tilesets/SubTiles/Outside_2440.asset using Guid(60d43464b6ada324fa95c8efab4388ab) Importer(2089858483,b0f066a214c2f5e87bad3c948f4d605d) (ScriptedImporter) -> (artifact id: '60f0b7010d4795fb45d1f980cf0a760e') in 0.0107205 seconds
Number of updated asset objects reloaded before import = 0Number of asset objects unloaded after import = 2

========================================================================
Received Import Request.
  Time since last request: 0.000048 seconds.
  path: Assets/Graphisms/Tilesets/SubTiles/Outside_853.asset
  artifactKey: Guid(e9b2d74c75263974b8b13e27a0ab8fe2) Importer(2089858483,b0f066a214c2f5e87bad3c948f4d605d)
Start importing Assets/Graphisms/Tilesets/SubTiles/Outside_853.asset using Guid(e9b2d74c75263974b8b13e27a0ab8fe2) Importer(2089858483,b0f066a214c2f5e87bad3c948f4d605d) (ScriptedImporter) -> (artifact id: 'fa2d40029012dce0a515a56767108f35') in 0.0102898 seconds
Number of updated asset objects reloaded before import = 0Number of asset objects unloaded after import = 2

========================================================================
Received Import Request.
  Time since last request: 0.000023 seconds.
  path: Assets/Graphisms/Tilesets/SubTiles/Outside_942.asset
  artifactKey: Guid(8789143ba31850445a89840ee744d190) Importer(2089858483,b0f066a214c2f5e87bad3c948f4d605d)
Start importing Assets/Graphisms/Tilesets/SubTiles/Outside_942.asset using Guid(8789143ba31850445a89840ee744d190) Importer(2089858483,b0f066a214c2f5e87bad3c948f4d605d) (ScriptedImporter) -> (artifact id: '3f74ee330347078551a4d54941225441') in 0.0094527 seconds
Number of updated asset objects reloaded before import = 0Number of asset objects unloaded after import = 2

========================================================================
Received Import Request.
  Time since last request: 0.000025 seconds.
  path: Assets/Graphisms/Tilesets/SubTiles/Outside_889.asset
  artifactKey: Guid(1d6f0d0e2694b1240851de0d397ee1c1) Importer(2089858483,b0f066a214c2f5e87bad3c948f4d605d)
Start importing Assets/Graphisms/Tilesets/SubTiles/Outside_889.asset using Guid(1d6f0d0e2694b1240851de0d397ee1c1) Importer(2089858483,b0f066a214c2f5e87bad3c948f4d605d) (ScriptedImporter) -> (artifact id: '9ed4239f57d0e13c7d4683e20aa57674') in 0.0108424 seconds
Number of updated asset objects reloaded before import = 0Number of asset objects unloaded after import = 2

========================================================================
Received Import Request.
  Time since last request: 0.000023 seconds.
  path: Assets/Graphisms/Tilesets/SubTiles/Outside_3817.asset
  artifactKey: Guid(9ece9157060708f429af2d71dd24c831) Importer(2089858483,b0f066a214c2f5e87bad3c948f4d605d)
Start importing Assets/Graphisms/Tilesets/SubTiles/Outside_3817.asset using Guid(9ece9157060708f429af2d71dd24c831) Importer(2089858483,b0f066a214c2f5e87bad3c948f4d605d) (ScriptedImporter) -> (artifact id: 'f77b72dc8c4e154438378bb190803d1a') in 0.009294 seconds
Number of updated asset objects reloaded before import = 0Number of asset objects unloaded after import = 2

========================================================================
Received Import Request.
  Time since last request: 0.000026 seconds.
  path: Assets/Graphisms/Tilesets/SubTiles/Outside_1746.asset
  artifactKey: Guid(145726e13b5e62345b2cd7228a592e66) Importer(2089858483,b0f066a214c2f5e87bad3c948f4d605d)
Start importing Assets/Graphisms/Tilesets/SubTiles/Outside_1746.asset using Guid(145726e13b5e62345b2cd7228a592e66) Importer(2089858483,b0f066a214c2f5e87bad3c948f4d605d) (ScriptedImporter) -> (artifact id: '561df146db5dfd89871101304e47a974') in 0.0109038 seconds
Number of updated asset objects reloaded before import = 0Number of asset objects unloaded after import = 2

========================================================================
Received Import Request.
  Time since last request: 0.000030 seconds.
  path: Assets/Graphisms/Tilesets/SubTiles/Outside_1571.asset
  artifactKey: Guid(828ae15be342e12408769297d23cebaa) Importer(2089858483,b0f066a214c2f5e87bad3c948f4d605d)
Start importing Assets/Graphisms/Tilesets/SubTiles/Outside_1571.asset using Guid(828ae15be342e12408769297d23cebaa) Importer(2089858483,b0f066a214c2f5e87bad3c948f4d605d) (ScriptedImporter) -> (artifact id: '5f75cbd3fc15a7a362f1bcfb48f8619c') in 0.0103888 seconds
Number of updated asset objects reloaded before import = 0Number of asset objects unloaded after import = 2

========================================================================
Received Import Request.
  Time since last request: 0.000019 seconds.
  path: Assets/Graphisms/Tilesets/SubTiles/Outside_6.asset
  artifactKey: Guid(bbfd86d5ec2dd3546b0d13b3a9ba4802) Importer(2089858483,b0f066a214c2f5e87bad3c948f4d605d)
Start importing Assets/Graphisms/Tilesets/SubTiles/Outside_6.asset using Guid(bbfd86d5ec2dd3546b0d13b3a9ba4802) Importer(2089858483,b0f066a214c2f5e87bad3c948f4d605d) (ScriptedImporter) -> (artifact id: '5399e8f7d89a8f54b0b4f1f338c5d16d') in 0.0361623 seconds
Number of updated asset objects reloaded before import = 0Number of asset objects unloaded after import = 2

========================================================================
Received Import Request.
  Time since last request: 0.000045 seconds.
  path: Assets/Graphisms/Tilesets/SubTiles/Outside_675.asset
  artifactKey: Guid(a6fbcff177688f94a9df97922caacf50) Importer(2089858483,b0f066a214c2f5e87bad3c948f4d605d)
Start importing Assets/Graphisms/Tilesets/SubTiles/Outside_675.asset using Guid(a6fbcff177688f94a9df97922caacf50) Importer(2089858483,b0f066a214c2f5e87bad3c948f4d605d) (ScriptedImporter) -> (artifact id: '1d1fe01caa8d0eec5387af9ef80ca667') in 0.0096527 seconds
Number of updated asset objects reloaded before import = 0Number of asset objects unloaded after import = 2

========================================================================
Received Import Request.
  Time since last request: 0.000033 seconds.
  path: Assets/Graphisms/Tilesets/SubTiles/Outside_2341.asset
  artifactKey: Guid(a0f453fdff919d441a9f1a21131498ac) Importer(2089858483,b0f066a214c2f5e87bad3c948f4d605d)
Start importing Assets/Graphisms/Tilesets/SubTiles/Outside_2341.asset using Guid(a0f453fdff919d441a9f1a21131498ac) Importer(2089858483,b0f066a214c2f5e87bad3c948f4d605d) (ScriptedImporter) -> (artifact id: '132cd1f4f0337f6c254a110f06cf3da6') in 0.0108862 seconds
Number of updated asset objects reloaded before import = 0Number of asset objects unloaded after import = 2

========================================================================
Received Import Request.
  Time since last request: 0.000030 seconds.
  path: Assets/Graphisms/Tilesets/SubTiles/Outside_2024.asset
  artifactKey: Guid(63ede0d31875bd14b8f369a07880fb36) Importer(2089858483,b0f066a214c2f5e87bad3c948f4d605d)
Start importing Assets/Graphisms/Tilesets/SubTiles/Outside_2024.asset using Guid(63ede0d31875bd14b8f369a07880fb36) Importer(2089858483,b0f066a214c2f5e87bad3c948f4d605d) (ScriptedImporter) -> (artifact id: '399586aae624e383b34a6a072de2da69') in 0.008966 seconds
Number of updated asset objects reloaded before import = 0Number of asset objects unloaded after import = 2

========================================================================
Received Import Request.
  Time since last request: 0.000021 seconds.
  path: Assets/Graphisms/Tilesets/SubTiles/Outside_1376.asset
  artifactKey: Guid(f512db75a4ea3ef49955edabfcd439e8) Importer(2089858483,b0f066a214c2f5e87bad3c948f4d605d)
Start importing Assets/Graphisms/Tilesets/SubTiles/Outside_1376.asset using Guid(f512db75a4ea3ef49955edabfcd439e8) Importer(2089858483,b0f066a214c2f5e87bad3c948f4d605d) (ScriptedImporter) -> (artifact id: 'ecc0e05a7aed5327ddb3a1ce9877b770') in 0.0089292 seconds
Number of updated asset objects reloaded before import = 0Number of asset objects unloaded after import = 2

========================================================================
Received Import Request.
  Time since last request: 0.000031 seconds.
  path: Assets/Graphisms/Tilesets/SubTiles/Outside_2114.asset
  artifactKey: Guid(b7e5a26611ad8e14999c6ce6c32f8b37) Importer(2089858483,b0f066a214c2f5e87bad3c948f4d605d)
Start importing Assets/Graphisms/Tilesets/SubTiles/Outside_2114.asset using Guid(b7e5a26611ad8e14999c6ce6c32f8b37) Importer(2089858483,b0f066a214c2f5e87bad3c948f4d605d) (ScriptedImporter) -> (artifact id: '33e881a1811ac1abcc57cff4d73c7775') in 0.0098535 seconds
Number of updated asset objects reloaded before import = 0Number of asset objects unloaded after import = 2

========================================================================
Received Import Request.
  Time since last request: 0.000022 seconds.
  path: Assets/Graphisms/Tilesets/SubTiles/Outside_2688.asset
  artifactKey: Guid(cf5187f721d6b324a8028bad92c27e37) Importer(2089858483,b0f066a214c2f5e87bad3c948f4d605d)
Start importing Assets/Graphisms/Tilesets/SubTiles/Outside_2688.asset using Guid(cf5187f721d6b324a8028bad92c27e37) Importer(2089858483,b0f066a214c2f5e87bad3c948f4d605d) (ScriptedImporter) -> (artifact id: '4b17f00330b42ff0c6afe2832178d09b') in 0.0098962 seconds
Number of updated asset objects reloaded before import = 0Number of asset objects unloaded after import = 2

========================================================================
Received Import Request.
  Time since last request: 0.000037 seconds.
  path: Assets/Graphisms/Tilesets/SubTiles/Outside_33.asset
  artifactKey: Guid(a0d626d7dabb1dd40b08cdfab2447118) Importer(2089858483,b0f066a214c2f5e87bad3c948f4d605d)
Start importing Assets/Graphisms/Tilesets/SubTiles/Outside_33.asset using Guid(a0d626d7dabb1dd40b08cdfab2447118) Importer(2089858483,b0f066a214c2f5e87bad3c948f4d605d) (ScriptedImporter) -> (artifact id: '02c63a297713cba0944eb3b481eb53e6') in 0.0262938 seconds
Number of updated asset objects reloaded before import = 0Number of asset objects unloaded after import = 2

========================================================================
Received Import Request.
  Time since last request: 0.000066 seconds.
  path: Assets/Graphisms/Tilesets/SubTiles/Outside_3554.asset
  artifactKey: Guid(96f954a5490d5e24a838404cd1744400) Importer(2089858483,b0f066a214c2f5e87bad3c948f4d605d)
Start importing Assets/Graphisms/Tilesets/SubTiles/Outside_3554.asset using Guid(96f954a5490d5e24a838404cd1744400) Importer(2089858483,b0f066a214c2f5e87bad3c948f4d605d) (ScriptedImporter) -> (artifact id: 'c71455ddadcc7ebf48827b5cfca7a7d0') in 0.0101229 seconds
Number of updated asset objects reloaded before import = 0Number of asset objects unloaded after import = 2

========================================================================
Received Import Request.
  Time since last request: 0.000021 seconds.
  path: Assets/Graphisms/Tilesets/SubTiles/Outside_1425.asset
  artifactKey: Guid(459a13f3f5dccc445afe1b0b5f7f36d9) Importer(2089858483,b0f066a214c2f5e87bad3c948f4d605d)
Start importing Assets/Graphisms/Tilesets/SubTiles/Outside_1425.asset using Guid(459a13f3f5dccc445afe1b0b5f7f36d9) Importer(2089858483,b0f066a214c2f5e87bad3c948f4d605d) (ScriptedImporter) -> (artifact id: 'fec961679c68d31cdab8a82617fc90e9') in 0.0099239 seconds
Number of updated asset objects reloaded before import = 0Number of asset objects unloaded after import = 2

========================================================================
Received Import Request.
  Time since last request: 0.000034 seconds.
  path: Assets/Graphisms/Tilesets/SubTiles/Outside_1936.asset
  artifactKey: Guid(a3e0f8e641fd91c458021e63819be1e6) Importer(2089858483,b0f066a214c2f5e87bad3c948f4d605d)
Start importing Assets/Graphisms/Tilesets/SubTiles/Outside_1936.asset using Guid(a3e0f8e641fd91c458021e63819be1e6) Importer(2089858483,b0f066a214c2f5e87bad3c948f4d605d) (ScriptedImporter) -> (artifact id: 'aa7088134209d08a780a0fc4f71ef9ee') in 0.0129762 seconds
Number of updated asset objects reloaded before import = 0Number of asset objects unloaded after import = 2

========================================================================
Received Import Request.
  Time since last request: 0.000024 seconds.
  path: Assets/Graphisms/Tilesets/SubTiles/Outside_3125.asset
  artifactKey: Guid(4a6dab64d86e2fa4c949694718e7b058) Importer(2089858483,b0f066a214c2f5e87bad3c948f4d605d)
Start importing Assets/Graphisms/Tilesets/SubTiles/Outside_3125.asset using Guid(4a6dab64d86e2fa4c949694718e7b058) Importer(2089858483,b0f066a214c2f5e87bad3c948f4d605d) (ScriptedImporter) -> (artifact id: 'f70141d3212e7a48ff51b9155052594a') in 0.0106846 seconds
Number of updated asset objects reloaded before import = 0Number of asset objects unloaded after import = 2

========================================================================
Received Import Request.
  Time since last request: 0.000039 seconds.
  path: Assets/Graphisms/Tilesets/SubTiles/Outside_572.asset
  artifactKey: Guid(caa94aae3a9c4af499d7b5555665516e) Importer(2089858483,b0f066a214c2f5e87bad3c948f4d605d)
Start importing Assets/Graphisms/Tilesets/SubTiles/Outside_572.asset using Guid(caa94aae3a9c4af499d7b5555665516e) Importer(2089858483,b0f066a214c2f5e87bad3c948f4d605d) (ScriptedImporter) -> (artifact id: 'c27c3581ab85c3556f8dbfa4a1dd4704') in 0.0314756 seconds
Number of updated asset objects reloaded before import = 0Number of asset objects unloaded after import = 2

========================================================================
Received Import Request.
  Time since last request: 0.000030 seconds.
  path: Assets/Graphisms/Tilesets/SubTiles/Outside_3084.asset
  artifactKey: Guid(6703491d43ac5354a8db26834d237c3e) Importer(2089858483,b0f066a214c2f5e87bad3c948f4d605d)
Start importing Assets/Graphisms/Tilesets/SubTiles/Outside_3084.asset using Guid(6703491d43ac5354a8db26834d237c3e) Importer(2089858483,b0f066a214c2f5e87bad3c948f4d605d) (ScriptedImporter) -> (artifact id: 'ddda1194cbb85f715d46d0ae11038a4f') in 0.0102143 seconds
Number of updated asset objects reloaded before import = 0Number of asset objects unloaded after import = 2

========================================================================
Received Import Request.
  Time since last request: 0.000028 seconds.
  path: Assets/Graphisms/Tilesets/SubTiles/Outside_884.asset
  artifactKey: Guid(e22094407896358499cfe59a6a5c45ab) Importer(2089858483,b0f066a214c2f5e87bad3c948f4d605d)
Start importing Assets/Graphisms/Tilesets/SubTiles/Outside_884.asset using Guid(e22094407896358499cfe59a6a5c45ab) Importer(2089858483,b0f066a214c2f5e87bad3c948f4d605d) (ScriptedImporter) -> (artifact id: '52d0ec6cc55941f97418b62622367c45') in 0.0132171 seconds
Number of updated asset objects reloaded before import = 0Number of asset objects unloaded after import = 2

========================================================================
Received Import Request.
  Time since last request: 0.000023 seconds.
  path: Assets/Graphisms/Tilesets/SubTiles/Outside_538.asset
  artifactKey: Guid(94a4118e1f57f404f950c5e35dc347f3) Importer(2089858483,b0f066a214c2f5e87bad3c948f4d605d)
Start importing Assets/Graphisms/Tilesets/SubTiles/Outside_538.asset using Guid(94a4118e1f57f404f950c5e35dc347f3) Importer(2089858483,b0f066a214c2f5e87bad3c948f4d605d) (ScriptedImporter) -> (artifact id: 'a163ea7c213cfc04c7bb20805b1de82e') in 0.0103924 seconds
Number of updated asset objects reloaded before import = 0Number of asset objects unloaded after import = 2

========================================================================
Received Import Request.
  Time since last request: 0.000028 seconds.
  path: Assets/Graphisms/Tilesets/SubTiles/Outside_1403.asset
  artifactKey: Guid(5d3c0eea2653b5e49a8a972c3326931a) Importer(2089858483,b0f066a214c2f5e87bad3c948f4d605d)
Start importing Assets/Graphisms/Tilesets/SubTiles/Outside_1403.asset using Guid(5d3c0eea2653b5e49a8a972c3326931a) Importer(2089858483,b0f066a214c2f5e87bad3c948f4d605d) (ScriptedImporter) -> (artifact id: '0ce6af53424b352c5e4592e969710bba') in 0.0095447 seconds
Number of updated asset objects reloaded before import = 0Number of asset objects unloaded after import = 2

========================================================================
Received Import Request.
  Time since last request: 0.000026 seconds.
  path: Assets/Graphisms/Tilesets/SubTiles/Outside_1133.asset
  artifactKey: Guid(fce7e7f2b72e04342a4dbdab462eb099) Importer(2089858483,b0f066a214c2f5e87bad3c948f4d605d)
Start importing Assets/Graphisms/Tilesets/SubTiles/Outside_1133.asset using Guid(fce7e7f2b72e04342a4dbdab462eb099) Importer(2089858483,b0f066a214c2f5e87bad3c948f4d605d) (ScriptedImporter) -> (artifact id: 'b21faf6ba766f22fd0c9190b56b169ac') in 0.0331063 seconds
Number of updated asset objects reloaded before import = 0Number of asset objects unloaded after import = 2

========================================================================
Received Import Request.
  Time since last request: 0.000033 seconds.
  path: Assets/Graphisms/Tilesets/SubTiles/Outside_698.asset
  artifactKey: Guid(cbd846231d1d970498371e2e2cd63e35) Importer(2089858483,b0f066a214c2f5e87bad3c948f4d605d)
Start importing Assets/Graphisms/Tilesets/SubTiles/Outside_698.asset using Guid(cbd846231d1d970498371e2e2cd63e35) Importer(2089858483,b0f066a214c2f5e87bad3c948f4d605d) (ScriptedImporter) -> (artifact id: 'd25ebc48b8ee870e184ebd5e7f821412') in 0.01071 seconds
Number of updated asset objects reloaded before import = 0Number of asset objects unloaded after import = 2

========================================================================
Received Import Request.
  Time since last request: 0.000023 seconds.
  path: Assets/Graphisms/Tilesets/SubTiles/Outside_2217.asset
  artifactKey: Guid(cbd83662593aa2141ad0fec133a086ae) Importer(2089858483,b0f066a214c2f5e87bad3c948f4d605d)
Start importing Assets/Graphisms/Tilesets/SubTiles/Outside_2217.asset using Guid(cbd83662593aa2141ad0fec133a086ae) Importer(2089858483,b0f066a214c2f5e87bad3c948f4d605d) (ScriptedImporter) -> (artifact id: '0b6f65f353f91675c718922bf0ac0808') in 0.0138655 seconds
Number of updated asset objects reloaded before import = 0Number of asset objects unloaded after import = 2

========================================================================
Received Import Request.
  Time since last request: 0.000018 seconds.
  path: Assets/Graphisms/Tilesets/SubTiles/Outside_1217.asset
  artifactKey: Guid(633ffbe3b93091b4f8ee1538a417afee) Importer(2089858483,b0f066a214c2f5e87bad3c948f4d605d)
Start importing Assets/Graphisms/Tilesets/SubTiles/Outside_1217.asset using Guid(633ffbe3b93091b4f8ee1538a417afee) Importer(2089858483,b0f066a214c2f5e87bad3c948f4d605d) (ScriptedImporter) -> (artifact id: 'dfcc417849a1512537bb9c97ff42fcc6') in 0.0090052 seconds
Number of updated asset objects reloaded before import = 0Number of asset objects unloaded after import = 2

========================================================================
Received Import Request.
  Time since last request: 0.000024 seconds.
  path: Assets/Graphisms/Tilesets/SubTiles/Outside_2328.asset
  artifactKey: Guid(49c10e28c57b37c4caecb3582ff1fb2f) Importer(2089858483,b0f066a214c2f5e87bad3c948f4d605d)
Start importing Assets/Graphisms/Tilesets/SubTiles/Outside_2328.asset using Guid(49c10e28c57b37c4caecb3582ff1fb2f) Importer(2089858483,b0f066a214c2f5e87bad3c948f4d605d) (ScriptedImporter) -> (artifact id: 'bf6786d7822723b34e1ecc499fc2787d') in 0.0095343 seconds
Number of updated asset objects reloaded before import = 0Number of asset objects unloaded after import = 2

========================================================================
Received Import Request.
  Time since last request: 0.000026 seconds.
  path: Assets/Graphisms/Tilesets/SubTiles/Outside_2628.asset
  artifactKey: Guid(bce1851065915d840bf71b1c482a141f) Importer(2089858483,b0f066a214c2f5e87bad3c948f4d605d)
Start importing Assets/Graphisms/Tilesets/SubTiles/Outside_2628.asset using Guid(bce1851065915d840bf71b1c482a141f) Importer(2089858483,b0f066a214c2f5e87bad3c948f4d605d) (ScriptedImporter) -> (artifact id: 'ea55c8877c2a32fd04d29bbbdc4dbb8e') in 0.0220315 seconds
Number of updated asset objects reloaded before import = 0Number of asset objects unloaded after import = 2

========================================================================
Received Import Request.
  Time since last request: 0.000037 seconds.
  path: Assets/Graphisms/Tilesets/SubTiles/Outside_3017.asset
  artifactKey: Guid(147e6460997689a49934960fde227129) Importer(2089858483,b0f066a214c2f5e87bad3c948f4d605d)
Start importing Assets/Graphisms/Tilesets/SubTiles/Outside_3017.asset using Guid(147e6460997689a49934960fde227129) Importer(2089858483,b0f066a214c2f5e87bad3c948f4d605d) (ScriptedImporter) -> (artifact id: '7cbb1ca43ac14e78dfe91eb05d764d6e') in 0.0123533 seconds
Number of updated asset objects reloaded before import = 0Number of asset objects unloaded after import = 2

========================================================================
Received Import Request.
  Time since last request: 0.000023 seconds.
  path: Assets/Graphisms/Tilesets/SubTiles/Outside_345.asset
  artifactKey: Guid(4b80d32e174ba584d9f41e68b809a3bd) Importer(2089858483,b0f066a214c2f5e87bad3c948f4d605d)
Start importing Assets/Graphisms/Tilesets/SubTiles/Outside_345.asset using Guid(4b80d32e174ba584d9f41e68b809a3bd) Importer(2089858483,b0f066a214c2f5e87bad3c948f4d605d) (ScriptedImporter) -> (artifact id: '95fe541d4c014fe59a74569aaa181a8f') in 0.0095781 seconds
Number of updated asset objects reloaded before import = 0Number of asset objects unloaded after import = 2

========================================================================
Received Import Request.
  Time since last request: 0.000034 seconds.
  path: Assets/Graphisms/Tilesets/SubTiles/Outside_957.asset
  artifactKey: Guid(359ec81cb2e173147acf61412af49d72) Importer(2089858483,b0f066a214c2f5e87bad3c948f4d605d)
Start importing Assets/Graphisms/Tilesets/SubTiles/Outside_957.asset using Guid(359ec81cb2e173147acf61412af49d72) Importer(2089858483,b0f066a214c2f5e87bad3c948f4d605d) (ScriptedImporter) -> (artifact id: 'f3ad4f956274239da4091e7938ba954e') in 0.0105958 seconds
Number of updated asset objects reloaded before import = 0Number of asset objects unloaded after import = 2

========================================================================
Received Import Request.
  Time since last request: 0.000034 seconds.
  path: Assets/Graphisms/Tilesets/SubTiles/Outside_799.asset
  artifactKey: Guid(e776844d4ac1fc647a8dbcc812052554) Importer(2089858483,b0f066a214c2f5e87bad3c948f4d605d)
Start importing Assets/Graphisms/Tilesets/SubTiles/Outside_799.asset using Guid(e776844d4ac1fc647a8dbcc812052554) Importer(2089858483,b0f066a214c2f5e87bad3c948f4d605d) (ScriptedImporter) -> (artifact id: 'abdd2770c28e960569c6c204e3879d28') in 0.0102408 seconds
Number of updated asset objects reloaded before import = 0Number of asset objects unloaded after import = 2

========================================================================
Received Import Request.
  Time since last request: 0.000027 seconds.
  path: Assets/Graphisms/Tilesets/SubTiles/Outside_2949.asset
  artifactKey: Guid(be6a6a80d4383784bb773704e8ef4f70) Importer(2089858483,b0f066a214c2f5e87bad3c948f4d605d)
Start importing Assets/Graphisms/Tilesets/SubTiles/Outside_2949.asset using Guid(be6a6a80d4383784bb773704e8ef4f70) Importer(2089858483,b0f066a214c2f5e87bad3c948f4d605d) (ScriptedImporter) -> (artifact id: '8ee986af045702f0b712b072a4cebf00') in 0.0110196 seconds
Number of updated asset objects reloaded before import = 0Number of asset objects unloaded after import = 2

========================================================================
Received Import Request.
  Time since last request: 0.000038 seconds.
  path: Assets/Graphisms/Tilesets/SubTiles/Outside_988.asset
  artifactKey: Guid(88ec054c4ad1c3b4581a5bfb3dcf9be5) Importer(2089858483,b0f066a214c2f5e87bad3c948f4d605d)
Start importing Assets/Graphisms/Tilesets/SubTiles/Outside_988.asset using Guid(88ec054c4ad1c3b4581a5bfb3dcf9be5) Importer(2089858483,b0f066a214c2f5e87bad3c948f4d605d) (ScriptedImporter) -> (artifact id: '63f58206685299091c65717f86a9f904') in 0.0123264 seconds
Number of updated asset objects reloaded before import = 0Number of asset objects unloaded after import = 2

========================================================================
Received Import Request.
  Time since last request: 0.000031 seconds.
  path: Assets/Graphisms/Tilesets/SubTiles/Outside_837.asset
  artifactKey: Guid(237ff6d65f323f94d97c4fa2f22cfdae) Importer(2089858483,b0f066a214c2f5e87bad3c948f4d605d)
Start importing Assets/Graphisms/Tilesets/SubTiles/Outside_837.asset using Guid(237ff6d65f323f94d97c4fa2f22cfdae) Importer(2089858483,b0f066a214c2f5e87bad3c948f4d605d) (ScriptedImporter) -> (artifact id: '80dff4a5980d5da1f50c9e8acb6b840a') in 0.0106305 seconds
Number of updated asset objects reloaded before import = 0Number of asset objects unloaded after import = 2

========================================================================
Received Import Request.
  Time since last request: 0.000029 seconds.
  path: Assets/Graphisms/Tilesets/SubTiles/Outside_1634.asset
  artifactKey: Guid(79f942aeb17042248a75048233baaa13) Importer(2089858483,b0f066a214c2f5e87bad3c948f4d605d)
Start importing Assets/Graphisms/Tilesets/SubTiles/Outside_1634.asset using Guid(79f942aeb17042248a75048233baaa13) Importer(2089858483,b0f066a214c2f5e87bad3c948f4d605d) (ScriptedImporter) -> (artifact id: 'cb38c47f4def703c77d9aad72ab78ba0') in 0.013752 seconds
Number of updated asset objects reloaded before import = 0Number of asset objects unloaded after import = 2

========================================================================
Received Import Request.
  Time since last request: 0.000022 seconds.
  path: Assets/Graphisms/Tilesets/SubTiles/Outside_1678.asset
  artifactKey: Guid(4569fe63004fdc14ab0d8df4b306285f) Importer(2089858483,b0f066a214c2f5e87bad3c948f4d605d)
Start importing Assets/Graphisms/Tilesets/SubTiles/Outside_1678.asset using Guid(4569fe63004fdc14ab0d8df4b306285f) Importer(2089858483,b0f066a214c2f5e87bad3c948f4d605d) (ScriptedImporter) -> (artifact id: 'ddc35c5fcbe93f498cec805480191d6f') in 0.0096785 seconds
Number of updated asset objects reloaded before import = 0Number of asset objects unloaded after import = 2

========================================================================
Received Import Request.
  Time since last request: 0.000045 seconds.
  path: Assets/Graphisms/Tilesets/SubTiles/Outside_1927.asset
  artifactKey: Guid(8a675192aa753ac4d8f3193d5c31024f) Importer(2089858483,b0f066a214c2f5e87bad3c948f4d605d)
Start importing Assets/Graphisms/Tilesets/SubTiles/Outside_1927.asset using Guid(8a675192aa753ac4d8f3193d5c31024f) Importer(2089858483,b0f066a214c2f5e87bad3c948f4d605d) (ScriptedImporter) -> (artifact id: 'bb1a5bcc40a50a838d043206feb385d4') in 0.0121237 seconds
Number of updated asset objects reloaded before import = 0Number of asset objects unloaded after import = 2

========================================================================
Received Import Request.
  Time since last request: 0.000027 seconds.
  path: Assets/Graphisms/Tilesets/SubTiles/Outside_762.asset
  artifactKey: Guid(3a9e628ae689ddd4095db5befec29e19) Importer(2089858483,b0f066a214c2f5e87bad3c948f4d605d)
Start importing Assets/Graphisms/Tilesets/SubTiles/Outside_762.asset using Guid(3a9e628ae689ddd4095db5befec29e19) Importer(2089858483,b0f066a214c2f5e87bad3c948f4d605d) (ScriptedImporter) -> (artifact id: 'b82d9a64d5e32e8573cf709a489140a5') in 0.0111579 seconds
Number of updated asset objects reloaded before import = 0Number of asset objects unloaded after import = 2

========================================================================
Received Import Request.
  Time since last request: 0.000023 seconds.
  path: Assets/Graphisms/Tilesets/SubTiles/Outside_1921.asset
  artifactKey: Guid(a426b7e8ac5ca3446a753e7737b38444) Importer(2089858483,b0f066a214c2f5e87bad3c948f4d605d)
Start importing Assets/Graphisms/Tilesets/SubTiles/Outside_1921.asset using Guid(a426b7e8ac5ca3446a753e7737b38444) Importer(2089858483,b0f066a214c2f5e87bad3c948f4d605d) (ScriptedImporter) -> (artifact id: '183353494ad29c707cc6b7efc3a38dba') in 0.0109618 seconds
Number of updated asset objects reloaded before import = 0Number of asset objects unloaded after import = 2

========================================================================
Received Import Request.
  Time since last request: 0.000025 seconds.
  path: Assets/Graphisms/Tilesets/SubTiles/Outside_2673.asset
  artifactKey: Guid(8a22c1c991f4d5c438b99d4716179c62) Importer(2089858483,b0f066a214c2f5e87bad3c948f4d605d)
Start importing Assets/Graphisms/Tilesets/SubTiles/Outside_2673.asset using Guid(8a22c1c991f4d5c438b99d4716179c62) Importer(2089858483,b0f066a214c2f5e87bad3c948f4d605d) (ScriptedImporter) -> (artifact id: 'a3cfd6b4a488ef6e6bb10fbd5471a682') in 0.0128487 seconds
Number of updated asset objects reloaded before import = 0Number of asset objects unloaded after import = 2

========================================================================
Received Import Request.
  Time since last request: 0.000059 seconds.
  path: Assets/Graphisms/Tilesets/SubTiles/Outside_1410.asset
  artifactKey: Guid(8a26bb92457cbd548aead6fe358ef303) Importer(2089858483,b0f066a214c2f5e87bad3c948f4d605d)
Start importing Assets/Graphisms/Tilesets/SubTiles/Outside_1410.asset using Guid(8a26bb92457cbd548aead6fe358ef303) Importer(2089858483,b0f066a214c2f5e87bad3c948f4d605d) (ScriptedImporter) -> (artifact id: '162eacf3f649a509ea7254be8b9ec185') in 0.011988 seconds
Number of updated asset objects reloaded before import = 0Number of asset objects unloaded after import = 2

========================================================================
Received Import Request.
  Time since last request: 0.000031 seconds.
  path: Assets/Graphisms/Tilesets/SubTiles/Outside_230.asset
  artifactKey: Guid(999fea163bff69041b4ffde4450bfce6) Importer(2089858483,b0f066a214c2f5e87bad3c948f4d605d)
Start importing Assets/Graphisms/Tilesets/SubTiles/Outside_230.asset using Guid(999fea163bff69041b4ffde4450bfce6) Importer(2089858483,b0f066a214c2f5e87bad3c948f4d605d) (ScriptedImporter) -> (artifact id: 'fe1f26759b22f2e111ac539387a0d701') in 0.0249224 seconds
Number of updated asset objects reloaded before import = 0Number of asset objects unloaded after import = 2

========================================================================
Received Import Request.
  Time since last request: 0.000020 seconds.
  path: Assets/Graphisms/Tilesets/SubTiles/Outside_3172.asset
  artifactKey: Guid(0a27c674553f60a4ba674206109ef1dd) Importer(2089858483,b0f066a214c2f5e87bad3c948f4d605d)
Start importing Assets/Graphisms/Tilesets/SubTiles/Outside_3172.asset using Guid(0a27c674553f60a4ba674206109ef1dd) Importer(2089858483,b0f066a214c2f5e87bad3c948f4d605d) (ScriptedImporter) -> (artifact id: 'f661cde548e2e3ae6f05b34adf41067a') in 0.0158494 seconds
Number of updated asset objects reloaded before import = 0Number of asset objects unloaded after import = 2

========================================================================
Received Import Request.
  Time since last request: 0.000030 seconds.
  path: Assets/Graphisms/Tilesets/SubTiles/Outside_1472.asset
  artifactKey: Guid(148afba482c834244b2fde8780e5aaa2) Importer(2089858483,b0f066a214c2f5e87bad3c948f4d605d)
Start importing Assets/Graphisms/Tilesets/SubTiles/Outside_1472.asset using Guid(148afba482c834244b2fde8780e5aaa2) Importer(2089858483,b0f066a214c2f5e87bad3c948f4d605d) (ScriptedImporter) -> (artifact id: 'c56605acd6af62f0df92dd20c39af34d') in 0.0103801 seconds
Number of updated asset objects reloaded before import = 0Number of asset objects unloaded after import = 2

========================================================================
Received Import Request.
  Time since last request: 0.000034 seconds.
  path: Assets/Graphisms/Tilesets/SubTiles/Outside_2172.asset
  artifactKey: Guid(18a947879f7cc03479369a8e36f8c4a6) Importer(2089858483,b0f066a214c2f5e87bad3c948f4d605d)
Start importing Assets/Graphisms/Tilesets/SubTiles/Outside_2172.asset using Guid(18a947879f7cc03479369a8e36f8c4a6) Importer(2089858483,b0f066a214c2f5e87bad3c948f4d605d) (ScriptedImporter) -> (artifact id: '1bf635cc1e4810ec03451ca5236b6fed') in 0.0281373 seconds
Number of updated asset objects reloaded before import = 0Number of asset objects unloaded after import = 2

========================================================================
Received Import Request.
  Time since last request: 0.000032 seconds.
  path: Assets/Graphisms/Tilesets/SubTiles/Outside_25.asset
  artifactKey: Guid(5d41c3a7bdb0ac04580c6fc88b291e8b) Importer(2089858483,b0f066a214c2f5e87bad3c948f4d605d)
Start importing Assets/Graphisms/Tilesets/SubTiles/Outside_25.asset using Guid(5d41c3a7bdb0ac04580c6fc88b291e8b) Importer(2089858483,b0f066a214c2f5e87bad3c948f4d605d) (ScriptedImporter) -> (artifact id: 'a57aafa6dd67c1a8108d9f2e3465dc15') in 0.0357875 seconds
Number of updated asset objects reloaded before import = 0Number of asset objects unloaded after import = 2

========================================================================
Received Import Request.
  Time since last request: 0.000032 seconds.
  path: Assets/Graphisms/Tilesets/SubTiles/Outside_4003.asset
  artifactKey: Guid(f7d07c8123878a7428f580d8b4ce294a) Importer(2089858483,b0f066a214c2f5e87bad3c948f4d605d)
Start importing Assets/Graphisms/Tilesets/SubTiles/Outside_4003.asset using Guid(f7d07c8123878a7428f580d8b4ce294a) Importer(2089858483,b0f066a214c2f5e87bad3c948f4d605d) (ScriptedImporter) -> (artifact id: '30a92970513c6031983767f6a61aaf9f') in 0.0113933 seconds
Number of updated asset objects reloaded before import = 0Number of asset objects unloaded after import = 2

========================================================================
Received Import Request.
  Time since last request: 0.000068 seconds.
  path: Assets/Graphisms/Tilesets/SubTiles/Outside_1144.asset
  artifactKey: Guid(c2ceed347bdb9ca428c04d541e0cedaf) Importer(2089858483,b0f066a214c2f5e87bad3c948f4d605d)
Start importing Assets/Graphisms/Tilesets/SubTiles/Outside_1144.asset using Guid(c2ceed347bdb9ca428c04d541e0cedaf) Importer(2089858483,b0f066a214c2f5e87bad3c948f4d605d) (ScriptedImporter) -> (artifact id: '1deaa990038b8c740e2f302006b75902') in 0.0127822 seconds
Number of updated asset objects reloaded before import = 0Number of asset objects unloaded after import = 2

========================================================================
Received Import Request.
  Time since last request: 0.000023 seconds.
  path: Assets/Graphisms/Tilesets/SubTiles/Outside_2720.asset
  artifactKey: Guid(8908fdfca947e6446a5a82d19447a7b8) Importer(2089858483,b0f066a214c2f5e87bad3c948f4d605d)
Start importing Assets/Graphisms/Tilesets/SubTiles/Outside_2720.asset using Guid(8908fdfca947e6446a5a82d19447a7b8) Importer(2089858483,b0f066a214c2f5e87bad3c948f4d605d) (ScriptedImporter) -> (artifact id: '36f9aa060f99805bfda3d94476418d7a') in 0.0123172 seconds
Number of updated asset objects reloaded before import = 0Number of asset objects unloaded after import = 2

========================================================================
Received Import Request.
  Time since last request: 0.000022 seconds.
  path: Assets/Graphisms/Tilesets/SubTiles/Outside_3828.asset
  artifactKey: Guid(5d2e7832d70923141a2ed146649e9f35) Importer(2089858483,b0f066a214c2f5e87bad3c948f4d605d)
Start importing Assets/Graphisms/Tilesets/SubTiles/Outside_3828.asset using Guid(5d2e7832d70923141a2ed146649e9f35) Importer(2089858483,b0f066a214c2f5e87bad3c948f4d605d) (ScriptedImporter) -> (artifact id: '972d03d951982d9a677b9bbb2949fae5') in 0.0118848 seconds
Number of updated asset objects reloaded before import = 0Number of asset objects unloaded after import = 2

========================================================================
Received Import Request.
  Time since last request: 0.000036 seconds.
  path: Assets/Graphisms/Tilesets/SubTiles/Outside_1873.asset
  artifactKey: Guid(77825528786f2bf448777b6e5a398f41) Importer(2089858483,b0f066a214c2f5e87bad3c948f4d605d)
Start importing Assets/Graphisms/Tilesets/SubTiles/Outside_1873.asset using Guid(77825528786f2bf448777b6e5a398f41) Importer(2089858483,b0f066a214c2f5e87bad3c948f4d605d) (ScriptedImporter) -> (artifact id: 'aa8ed50673244dd64d7ca92074ec2b68') in 0.0107272 seconds
Number of updated asset objects reloaded before import = 0Number of asset objects unloaded after import = 2

========================================================================
Received Import Request.
  Time since last request: 0.000048 seconds.
  path: Assets/Graphisms/Tilesets/SubTiles/Outside_452.asset
  artifactKey: Guid(3ba1154aede85834da15c20f74378f62) Importer(2089858483,b0f066a214c2f5e87bad3c948f4d605d)
Start importing Assets/Graphisms/Tilesets/SubTiles/Outside_452.asset using Guid(3ba1154aede85834da15c20f74378f62) Importer(2089858483,b0f066a214c2f5e87bad3c948f4d605d) (ScriptedImporter) -> (artifact id: 'c135c1843afb13ffc9dd256aa1ec5ef7') in 0.0132738 seconds
Number of updated asset objects reloaded before import = 0Number of asset objects unloaded after import = 2

========================================================================
Received Import Request.
  Time since last request: 0.000024 seconds.
  path: Assets/Graphisms/Tilesets/SubTiles/Outside_1440.asset
  artifactKey: Guid(13118cfd2a5b49f4e94d852eff6b6e57) Importer(2089858483,b0f066a214c2f5e87bad3c948f4d605d)
Start importing Assets/Graphisms/Tilesets/SubTiles/Outside_1440.asset using Guid(13118cfd2a5b49f4e94d852eff6b6e57) Importer(2089858483,b0f066a214c2f5e87bad3c948f4d605d) (ScriptedImporter) -> (artifact id: '12b3554117b40c70ab2498cf3fbe6b52') in 0.0128565 seconds
Number of updated asset objects reloaded before import = 0Number of asset objects unloaded after import = 2

========================================================================
Received Import Request.
  Time since last request: 0.000022 seconds.
  path: Assets/Graphisms/Tilesets/SubTiles/Outside_724.asset
  artifactKey: Guid(0e379cda98dabf949bc69d91e99a78e7) Importer(2089858483,b0f066a214c2f5e87bad3c948f4d605d)
Start importing Assets/Graphisms/Tilesets/SubTiles/Outside_724.asset using Guid(0e379cda98dabf949bc69d91e99a78e7) Importer(2089858483,b0f066a214c2f5e87bad3c948f4d605d) (ScriptedImporter) -> (artifact id: '7f886234ca2cb445428ad0cecbeb44f3') in 0.0347189 seconds
Number of updated asset objects reloaded before import = 0Number of asset objects unloaded after import = 2

========================================================================
Received Import Request.
  Time since last request: 0.000033 seconds.
  path: Assets/Graphisms/Tilesets/SubTiles/Outside_3719.asset
  artifactKey: Guid(ed1fdaac8d68ca2498d030a792c0eea2) Importer(2089858483,b0f066a214c2f5e87bad3c948f4d605d)
Start importing Assets/Graphisms/Tilesets/SubTiles/Outside_3719.asset using Guid(ed1fdaac8d68ca2498d030a792c0eea2) Importer(2089858483,b0f066a214c2f5e87bad3c948f4d605d) (ScriptedImporter) -> (artifact id: '4e80c64fbf84987328f727aa9c3bb357') in 0.0123911 seconds
Number of updated asset objects reloaded before import = 0Number of asset objects unloaded after import = 2

========================================================================
Received Import Request.
  Time since last request: 0.000041 seconds.
  path: Assets/Graphisms/Tilesets/SubTiles/Outside_2689.asset
  artifactKey: Guid(b1c6afc41b6e82d439e0e76c8270ebef) Importer(2089858483,b0f066a214c2f5e87bad3c948f4d605d)
Start importing Assets/Graphisms/Tilesets/SubTiles/Outside_2689.asset using Guid(b1c6afc41b6e82d439e0e76c8270ebef) Importer(2089858483,b0f066a214c2f5e87bad3c948f4d605d) (ScriptedImporter) -> (artifact id: '8b96fd292fed0346f7cf93922733cd13') in 0.0107317 seconds
Number of updated asset objects reloaded before import = 0Number of asset objects unloaded after import = 2

========================================================================
Received Import Request.
  Time since last request: 0.000027 seconds.
  path: Assets/Graphisms/Tilesets/SubTiles/Outside_581.asset
  artifactKey: Guid(0a08de8a8fe57854c8f714af1638c917) Importer(2089858483,b0f066a214c2f5e87bad3c948f4d605d)
Start importing Assets/Graphisms/Tilesets/SubTiles/Outside_581.asset using Guid(0a08de8a8fe57854c8f714af1638c917) Importer(2089858483,b0f066a214c2f5e87bad3c948f4d605d) (ScriptedImporter) -> (artifact id: 'acf78e266db9f63d5c12a87e85f6654a') in 0.0133527 seconds
Number of updated asset objects reloaded before import = 0Number of asset objects unloaded after import = 2

========================================================================
Received Import Request.
  Time since last request: 0.000025 seconds.
  path: Assets/Graphisms/Tilesets/SubTiles/Outside_1984.asset
  artifactKey: Guid(3c7254ba49b276546a113a6e1d59cc23) Importer(2089858483,b0f066a214c2f5e87bad3c948f4d605d)
Start importing Assets/Graphisms/Tilesets/SubTiles/Outside_1984.asset using Guid(3c7254ba49b276546a113a6e1d59cc23) Importer(2089858483,b0f066a214c2f5e87bad3c948f4d605d) (ScriptedImporter) -> (artifact id: '1ed66f501f1d857cbf0b65cc7a28fc0d') in 0.0109712 seconds
Number of updated asset objects reloaded before import = 0Number of asset objects unloaded after import = 2

========================================================================
Received Import Request.
  Time since last request: 0.000040 seconds.
  path: Assets/Graphisms/Tilesets/SubTiles/Outside_126.asset
  artifactKey: Guid(5ad0dfcd47e23d041988b8c338b6f7ac) Importer(2089858483,b0f066a214c2f5e87bad3c948f4d605d)
Start importing Assets/Graphisms/Tilesets/SubTiles/Outside_126.asset using Guid(5ad0dfcd47e23d041988b8c338b6f7ac) Importer(2089858483,b0f066a214c2f5e87bad3c948f4d605d) (ScriptedImporter) -> (artifact id: '095161137f866c82f45e72a8376dc568') in 0.0536235 seconds
Number of updated asset objects reloaded before import = 0Number of asset objects unloaded after import = 2

========================================================================
Received Import Request.
  Time since last request: 0.000041 seconds.
  path: Assets/Graphisms/Tilesets/SubTiles/Outside_122.asset
  artifactKey: Guid(8f98e22d1198e4a45934c077a2a11e25) Importer(2089858483,b0f066a214c2f5e87bad3c948f4d605d)
Start importing Assets/Graphisms/Tilesets/SubTiles/Outside_122.asset using Guid(8f98e22d1198e4a45934c077a2a11e25) Importer(2089858483,b0f066a214c2f5e87bad3c948f4d605d) (ScriptedImporter) -> (artifact id: '1957844091d89efd1ec74c08350c457a') in 0.0851233 seconds
Number of updated asset objects reloaded before import = 0Number of asset objects unloaded after import = 2

========================================================================
Received Import Request.
  Time since last request: 0.000020 seconds.
  path: Assets/Graphisms/Tilesets/SubTiles/Outside_202.asset
  artifactKey: Guid(153b731c8f08cdd4897b5b8fb9aca24c) Importer(2089858483,b0f066a214c2f5e87bad3c948f4d605d)
Start importing Assets/Graphisms/Tilesets/SubTiles/Outside_202.asset using Guid(153b731c8f08cdd4897b5b8fb9aca24c) Importer(2089858483,b0f066a214c2f5e87bad3c948f4d605d) (ScriptedImporter) -> (artifact id: '8c4de68f16fb3e9b10c833da70c79752') in 0.0131853 seconds
Number of updated asset objects reloaded before import = 0Number of asset objects unloaded after import = 2

========================================================================
Received Import Request.
  Time since last request: 0.000029 seconds.
  path: Assets/Graphisms/Tilesets/SubTiles/Outside_284.asset
  artifactKey: Guid(85c8bdc4bab66224a8c735959399eea6) Importer(2089858483,b0f066a214c2f5e87bad3c948f4d605d)
Start importing Assets/Graphisms/Tilesets/SubTiles/Outside_284.asset using Guid(85c8bdc4bab66224a8c735959399eea6) Importer(2089858483,b0f066a214c2f5e87bad3c948f4d605d) (ScriptedImporter) -> (artifact id: 'bcb93b40409c2b0df132c9ed6c648763') in 0.0101828 seconds
Number of updated asset objects reloaded before import = 0Number of asset objects unloaded after import = 2

========================================================================
Received Import Request.
  Time since last request: 0.000023 seconds.
  path: Assets/Graphisms/Tilesets/SubTiles/Outside_3526.asset
  artifactKey: Guid(ab0c6a8ba6e54594b9b908283099fb79) Importer(2089858483,b0f066a214c2f5e87bad3c948f4d605d)
Start importing Assets/Graphisms/Tilesets/SubTiles/Outside_3526.asset using Guid(ab0c6a8ba6e54594b9b908283099fb79) Importer(2089858483,b0f066a214c2f5e87bad3c948f4d605d) (ScriptedImporter) -> (artifact id: '16d322313ddf36eb6d1ef3059ea901b2') in 0.3722663 seconds
Number of updated asset objects reloaded before import = 0Number of asset objects unloaded after import = 2

========================================================================
Received Import Request.
  Time since last request: 0.000034 seconds.
  path: Assets/Graphisms/Tilesets/SubTiles/Outside_276.asset
  artifactKey: Guid(e0c57503fad7e0b4882c0a414e302dda) Importer(2089858483,b0f066a214c2f5e87bad3c948f4d605d)
Start importing Assets/Graphisms/Tilesets/SubTiles/Outside_276.asset using Guid(e0c57503fad7e0b4882c0a414e302dda) Importer(2089858483,b0f066a214c2f5e87bad3c948f4d605d) (ScriptedImporter) -> (artifact id: '17ee90ffde0e8cb5bbb3ac68947e459b') in 0.0424886 seconds
Number of updated asset objects reloaded before import = 0Number of asset objects unloaded after import = 2

========================================================================
Received Import Request.
  Time since last request: 0.000018 seconds.
  path: Assets/Graphisms/Tilesets/SubTiles/Outside_2823.asset
  artifactKey: Guid(d135e9a70650df74b9b717d168ba6013) Importer(2089858483,b0f066a214c2f5e87bad3c948f4d605d)
Start importing Assets/Graphisms/Tilesets/SubTiles/Outside_2823.asset using Guid(d135e9a70650df74b9b717d168ba6013) Importer(2089858483,b0f066a214c2f5e87bad3c948f4d605d) (ScriptedImporter) -> (artifact id: '1a9367033000d5dc3c202bfd8cf04136') in 0.0126572 seconds
Number of updated asset objects reloaded before import = 0Number of asset objects unloaded after import = 2

========================================================================
Received Import Request.
  Time since last request: 0.000022 seconds.
  path: Assets/Graphisms/Tilesets/SubTiles/Outside_1641.asset
  artifactKey: Guid(2a96763564261ca4991eb671f791cff5) Importer(2089858483,b0f066a214c2f5e87bad3c948f4d605d)
Start importing Assets/Graphisms/Tilesets/SubTiles/Outside_1641.asset using Guid(2a96763564261ca4991eb671f791cff5) Importer(2089858483,b0f066a214c2f5e87bad3c948f4d605d) (ScriptedImporter) -> (artifact id: '457c183b2f1e917616845aae9e536612') in 0.0341544 seconds
Number of updated asset objects reloaded before import = 0Number of asset objects unloaded after import = 2

========================================================================
Received Import Request.
  Time since last request: 0.000043 seconds.
  path: Assets/Graphisms/Tilesets/SubTiles/Outside_1511.asset
  artifactKey: Guid(bd370feef19667f4580a5033403fa5c5) Importer(2089858483,b0f066a214c2f5e87bad3c948f4d605d)
Start importing Assets/Graphisms/Tilesets/SubTiles/Outside_1511.asset using Guid(bd370feef19667f4580a5033403fa5c5) Importer(2089858483,b0f066a214c2f5e87bad3c948f4d605d) (ScriptedImporter) -> (artifact id: '3ff5048bb18f83a42a218ca0e49a6d06') in 0.0110678 seconds
Number of updated asset objects reloaded before import = 0Number of asset objects unloaded after import = 2

========================================================================
Received Import Request.
  Time since last request: 0.000035 seconds.
  path: Assets/Graphisms/Tilesets/SubTiles/Outside_2245.asset
  artifactKey: Guid(b407d9ba321a5a645b0cea587c9a392e) Importer(2089858483,b0f066a214c2f5e87bad3c948f4d605d)
Start importing Assets/Graphisms/Tilesets/SubTiles/Outside_2245.asset using Guid(b407d9ba321a5a645b0cea587c9a392e) Importer(2089858483,b0f066a214c2f5e87bad3c948f4d605d) (ScriptedImporter) -> (artifact id: '7450063b158a7f98070069c8759633ff') in 0.0115893 seconds
Number of updated asset objects reloaded before import = 0Number of asset objects unloaded after import = 2

========================================================================
Received Import Request.
  Time since last request: 0.000023 seconds.
  path: Assets/Graphisms/Tilesets/SubTiles/Outside_512.asset
  artifactKey: Guid(d027b6e501e139c458ea39c807c67a47) Importer(2089858483,b0f066a214c2f5e87bad3c948f4d605d)
Start importing Assets/Graphisms/Tilesets/SubTiles/Outside_512.asset using Guid(d027b6e501e139c458ea39c807c67a47) Importer(2089858483,b0f066a214c2f5e87bad3c948f4d605d) (ScriptedImporter) -> (artifact id: '28bbfa5a9b1b46026f6c7d8ff3080a15') in 0.0103921 seconds
Number of updated asset objects reloaded before import = 0Number of asset objects unloaded after import = 2

========================================================================
Received Import Request.
  Time since last request: 0.000029 seconds.
  path: Assets/Graphisms/Tilesets/SubTiles/Outside_3405.asset
  artifactKey: Guid(adf40f9e93933814cbf6fbcc6fdd3cde) Importer(2089858483,b0f066a214c2f5e87bad3c948f4d605d)
Start importing Assets/Graphisms/Tilesets/SubTiles/Outside_3405.asset using Guid(adf40f9e93933814cbf6fbcc6fdd3cde) Importer(2089858483,b0f066a214c2f5e87bad3c948f4d605d) (ScriptedImporter) -> (artifact id: '766169b48a093d52e4795093d0da47bd') in 0.0122689 seconds
Number of updated asset objects reloaded before import = 0Number of asset objects unloaded after import = 2

========================================================================
Received Import Request.
  Time since last request: 0.000030 seconds.
  path: Assets/Graphisms/Tilesets/SubTiles/Outside_868.asset
  artifactKey: Guid(2da803eef1f4a8a478f28d60e3e8b2c8) Importer(2089858483,b0f066a214c2f5e87bad3c948f4d605d)
Start importing Assets/Graphisms/Tilesets/SubTiles/Outside_868.asset using Guid(2da803eef1f4a8a478f28d60e3e8b2c8) Importer(2089858483,b0f066a214c2f5e87bad3c948f4d605d) (ScriptedImporter) -> (artifact id: '35c0f1d376ce5afbe6921f065b7dd718') in 0.0355595 seconds
Number of updated asset objects reloaded before import = 0Number of asset objects unloaded after import = 2

========================================================================
Received Import Request.
  Time since last request: 0.000038 seconds.
  path: Assets/Graphisms/Tilesets/SubTiles/Outside_3264.asset
  artifactKey: Guid(56fd6cf608970204ebd4a795e12a0362) Importer(2089858483,b0f066a214c2f5e87bad3c948f4d605d)
Start importing Assets/Graphisms/Tilesets/SubTiles/Outside_3264.asset using Guid(56fd6cf608970204ebd4a795e12a0362) Importer(2089858483,b0f066a214c2f5e87bad3c948f4d605d) (ScriptedImporter) -> (artifact id: '2df4a173285ecb795e3e45f35bfbc2c0') in 0.0144117 seconds
Number of updated asset objects reloaded before import = 0Number of asset objects unloaded after import = 2

========================================================================
Received Import Request.
  Time since last request: 0.000024 seconds.
  path: Assets/Graphisms/Tilesets/SubTiles/Outside_1685.asset
  artifactKey: Guid(a5cc1116489085847972bb622057b722) Importer(2089858483,b0f066a214c2f5e87bad3c948f4d605d)
Start importing Assets/Graphisms/Tilesets/SubTiles/Outside_1685.asset using Guid(a5cc1116489085847972bb622057b722) Importer(2089858483,b0f066a214c2f5e87bad3c948f4d605d) (ScriptedImporter) -> (artifact id: 'ba8297abc03b4c98ad8ae173b05e8edf') in 0.0116941 seconds
Number of updated asset objects reloaded before import = 0Number of asset objects unloaded after import = 2

========================================================================
Received Import Request.
  Time since last request: 0.000033 seconds.
  path: Assets/Graphisms/Tilesets/SubTiles/Outside_3590.asset
  artifactKey: Guid(0d1c8ffae1fe1e0428f5f51e6680ab6c) Importer(2089858483,b0f066a214c2f5e87bad3c948f4d605d)
Start importing Assets/Graphisms/Tilesets/SubTiles/Outside_3590.asset using Guid(0d1c8ffae1fe1e0428f5f51e6680ab6c) Importer(2089858483,b0f066a214c2f5e87bad3c948f4d605d) (ScriptedImporter) -> (artifact id: '990b55737529f8434cb5db867ddd94f5') in 0.0207243 seconds
Number of updated asset objects reloaded before import = 0Number of asset objects unloaded after import = 2

========================================================================
Received Import Request.
  Time since last request: 0.000047 seconds.
  path: Assets/Graphisms/Tilesets/SubTiles/Outside_2541.asset
  artifactKey: Guid(562ff0261ce4d914e8aa23e98d80eba2) Importer(2089858483,b0f066a214c2f5e87bad3c948f4d605d)
Start importing Assets/Graphisms/Tilesets/SubTiles/Outside_2541.asset using Guid(562ff0261ce4d914e8aa23e98d80eba2) Importer(2089858483,b0f066a214c2f5e87bad3c948f4d605d) (ScriptedImporter) -> (artifact id: '6b14151c808c9b85c66d2acb91a1ca04') in 0.0109187 seconds
Number of updated asset objects reloaded before import = 0Number of asset objects unloaded after import = 2

========================================================================
Received Import Request.
  Time since last request: 0.000050 seconds.
  path: Assets/Graphisms/Tilesets/SubTiles/Outside_2926.asset
  artifactKey: Guid(172c243b680190447b581714211bed17) Importer(2089858483,b0f066a214c2f5e87bad3c948f4d605d)
Start importing Assets/Graphisms/Tilesets/SubTiles/Outside_2926.asset using Guid(172c243b680190447b581714211bed17) Importer(2089858483,b0f066a214c2f5e87bad3c948f4d605d) (ScriptedImporter) -> (artifact id: '9a63e9df8b99aa1c7b2ccb3813564772') in 0.0105593 seconds
Number of updated asset objects reloaded before import = 0Number of asset objects unloaded after import = 2

========================================================================
Received Import Request.
  Time since last request: 0.000024 seconds.
  path: Assets/Graphisms/Tilesets/SubTiles/Outside_335.asset
  artifactKey: Guid(f256a3aa224bd0e4aa1e6d3429cdc8d6) Importer(2089858483,b0f066a214c2f5e87bad3c948f4d605d)
Start importing Assets/Graphisms/Tilesets/SubTiles/Outside_335.asset using Guid(f256a3aa224bd0e4aa1e6d3429cdc8d6) Importer(2089858483,b0f066a214c2f5e87bad3c948f4d605d) (ScriptedImporter) -> (artifact id: '7b9ad8e6f47391630774d70de088858d') in 0.0088161 seconds
Number of updated asset objects reloaded before import = 0Number of asset objects unloaded after import = 2

========================================================================
Received Import Request.
  Time since last request: 0.000025 seconds.
  path: Assets/Graphisms/Tilesets/SubTiles/Outside_92.asset
  artifactKey: Guid(534563ca9ee74e9429e3cc059d577682) Importer(2089858483,b0f066a214c2f5e87bad3c948f4d605d)
Start importing Assets/Graphisms/Tilesets/SubTiles/Outside_92.asset using Guid(534563ca9ee74e9429e3cc059d577682) Importer(2089858483,b0f066a214c2f5e87bad3c948f4d605d) (ScriptedImporter) -> (artifact id: 'eeb8ffef66c8d366811d89508a7c6f4b') in 0.0255493 seconds
Number of updated asset objects reloaded before import = 0Number of asset objects unloaded after import = 2

========================================================================
Received Import Request.
  Time since last request: 0.000027 seconds.
  path: Assets/Graphisms/Tilesets/SubTiles/Outside_1258.asset
  artifactKey: Guid(87fc816ee6aa1574fbd270c52b826d9b) Importer(2089858483,b0f066a214c2f5e87bad3c948f4d605d)
Start importing Assets/Graphisms/Tilesets/SubTiles/Outside_1258.asset using Guid(87fc816ee6aa1574fbd270c52b826d9b) Importer(2089858483,b0f066a214c2f5e87bad3c948f4d605d) (ScriptedImporter) -> (artifact id: 'ceec9e76c0d2a2f24ab9377f04c1d31e') in 0.0115994 seconds
Number of updated asset objects reloaded before import = 0Number of asset objects unloaded after import = 2

========================================================================
Received Import Request.
  Time since last request: 0.000036 seconds.
  path: Assets/Graphisms/Tilesets/SubTiles/Outside_2262.asset
  artifactKey: Guid(e3fefa06af704034b8df76b1c2887691) Importer(2089858483,b0f066a214c2f5e87bad3c948f4d605d)
Start importing Assets/Graphisms/Tilesets/SubTiles/Outside_2262.asset using Guid(e3fefa06af704034b8df76b1c2887691) Importer(2089858483,b0f066a214c2f5e87bad3c948f4d605d) (ScriptedImporter) -> (artifact id: 'c827b867acd6458ee65bb57b23f4a61c') in 0.0098863 seconds
Number of updated asset objects reloaded before import = 0Number of asset objects unloaded after import = 2

========================================================================
Received Import Request.
  Time since last request: 0.000021 seconds.
  path: Assets/Graphisms/Tilesets/SubTiles/Outside_152.asset
  artifactKey: Guid(3704ffab882681b43bfec6d87694c84c) Importer(2089858483,b0f066a214c2f5e87bad3c948f4d605d)
Start importing Assets/Graphisms/Tilesets/SubTiles/Outside_152.asset using Guid(3704ffab882681b43bfec6d87694c84c) Importer(2089858483,b0f066a214c2f5e87bad3c948f4d605d) (ScriptedImporter) -> (artifact id: '5f4574c62dff331885241f9de83ff8c7') in 0.0113967 seconds
Number of updated asset objects reloaded before import = 0Number of asset objects unloaded after import = 2

========================================================================
Received Import Request.
  Time since last request: 0.000037 seconds.
  path: Assets/Graphisms/Tilesets/SubTiles/Outside_2331.asset
  artifactKey: Guid(a3f57908c5c956b40b54e6b50cad03bc) Importer(2089858483,b0f066a214c2f5e87bad3c948f4d605d)
Start importing Assets/Graphisms/Tilesets/SubTiles/Outside_2331.asset using Guid(a3f57908c5c956b40b54e6b50cad03bc) Importer(2089858483,b0f066a214c2f5e87bad3c948f4d605d) (ScriptedImporter) -> (artifact id: 'dd2565e23533ad04d5d4739372de3c38') in 0.0140531 seconds
Number of updated asset objects reloaded before import = 0Number of asset objects unloaded after import = 2

========================================================================
Received Import Request.
  Time since last request: 0.000028 seconds.
  path: Assets/Graphisms/Tilesets/SubTiles/Outside_1360.asset
  artifactKey: Guid(99ffa3193805afe40849a9ba320d52a8) Importer(2089858483,b0f066a214c2f5e87bad3c948f4d605d)
Start importing Assets/Graphisms/Tilesets/SubTiles/Outside_1360.asset using Guid(99ffa3193805afe40849a9ba320d52a8) Importer(2089858483,b0f066a214c2f5e87bad3c948f4d605d) (ScriptedImporter) -> (artifact id: '134a88281ec0aff8560c8c77bad37cf1') in 0.0106015 seconds
Number of updated asset objects reloaded before import = 0Number of asset objects unloaded after import = 2

========================================================================
Received Import Request.
  Time since last request: 0.000025 seconds.
  path: Assets/Graphisms/Tilesets/SubTiles/Outside_1160.asset
  artifactKey: Guid(5d4258d6288fca248950d4e59b6e0c88) Importer(2089858483,b0f066a214c2f5e87bad3c948f4d605d)
Start importing Assets/Graphisms/Tilesets/SubTiles/Outside_1160.asset using Guid(5d4258d6288fca248950d4e59b6e0c88) Importer(2089858483,b0f066a214c2f5e87bad3c948f4d605d) (ScriptedImporter) -> (artifact id: 'd50f5d31ee38dc761de475c4c3ac0b01') in 0.0325846 seconds
Number of updated asset objects reloaded before import = 0Number of asset objects unloaded after import = 2

========================================================================
Received Import Request.
  Time since last request: 0.000034 seconds.
  path: Assets/Graphisms/Tilesets/SubTiles/Outside_1710.asset
  artifactKey: Guid(33d549f69e7d2d248b951f059fb346f6) Importer(2089858483,b0f066a214c2f5e87bad3c948f4d605d)
Start importing Assets/Graphisms/Tilesets/SubTiles/Outside_1710.asset using Guid(33d549f69e7d2d248b951f059fb346f6) Importer(2089858483,b0f066a214c2f5e87bad3c948f4d605d) (ScriptedImporter) -> (artifact id: '4ed5fe23282f86ca64f8f0172e277e4e') in 0.0119361 seconds
Number of updated asset objects reloaded before import = 0Number of asset objects unloaded after import = 2

========================================================================
Received Import Request.
  Time since last request: 0.000020 seconds.
  path: Assets/Graphisms/Tilesets/SubTiles/Outside_2711.asset
  artifactKey: Guid(e325056aa71bcb341a2ef2a273757f47) Importer(2089858483,b0f066a214c2f5e87bad3c948f4d605d)
Start importing Assets/Graphisms/Tilesets/SubTiles/Outside_2711.asset using Guid(e325056aa71bcb341a2ef2a273757f47) Importer(2089858483,b0f066a214c2f5e87bad3c948f4d605d) (ScriptedImporter) -> (artifact id: '83a5409e4b48c9144082d70cdd8e6c2e') in 0.0121743 seconds
Number of updated asset objects reloaded before import = 0Number of asset objects unloaded after import = 2

========================================================================
Received Import Request.
  Time since last request: 0.000022 seconds.
  path: Assets/Graphisms/Tilesets/SubTiles/Outside_3544.asset
  artifactKey: Guid(1fca2b0dffa91c54e9da426e9adf3c5c) Importer(2089858483,b0f066a214c2f5e87bad3c948f4d605d)
Start importing Assets/Graphisms/Tilesets/SubTiles/Outside_3544.asset using Guid(1fca2b0dffa91c54e9da426e9adf3c5c) Importer(2089858483,b0f066a214c2f5e87bad3c948f4d605d) (ScriptedImporter) -> (artifact id: '1a11819dd5f23e11b30d418ec08d618b') in 0.0121858 seconds
Number of updated asset objects reloaded before import = 0Number of asset objects unloaded after import = 2

========================================================================
Received Import Request.
  Time since last request: 0.000023 seconds.
  path: Assets/Graphisms/Tilesets/SubTiles/Outside_782.asset
  artifactKey: Guid(1fdc21d47ce65464098091afbdfed491) Importer(2089858483,b0f066a214c2f5e87bad3c948f4d605d)
Start importing Assets/Graphisms/Tilesets/SubTiles/Outside_782.asset using Guid(1fdc21d47ce65464098091afbdfed491) Importer(2089858483,b0f066a214c2f5e87bad3c948f4d605d) (ScriptedImporter) -> (artifact id: 'cf7fea1d3086bcd607d28efc254597d0') in 0.0133238 seconds
Number of updated asset objects reloaded before import = 0Number of asset objects unloaded after import = 2

========================================================================
Received Import Request.
  Time since last request: 0.000021 seconds.
  path: Assets/Graphisms/Tilesets/SubTiles/Outside_3342.asset
  artifactKey: Guid(fd46ca93193c81042a6b2b692414628a) Importer(2089858483,b0f066a214c2f5e87bad3c948f4d605d)
Start importing Assets/Graphisms/Tilesets/SubTiles/Outside_3342.asset using Guid(fd46ca93193c81042a6b2b692414628a) Importer(2089858483,b0f066a214c2f5e87bad3c948f4d605d) (ScriptedImporter) -> (artifact id: '03f0e8564a2c0bad1b9931c7a674ad58') in 0.0141543 seconds
Number of updated asset objects reloaded before import = 0Number of asset objects unloaded after import = 2

========================================================================
Received Import Request.
  Time since last request: 0.000034 seconds.
  path: Assets/Graphisms/Tilesets/SubTiles/Outside_3225.asset
  artifactKey: Guid(3ea8468aebb4c444c8c802108200cb24) Importer(2089858483,b0f066a214c2f5e87bad3c948f4d605d)
Start importing Assets/Graphisms/Tilesets/SubTiles/Outside_3225.asset using Guid(3ea8468aebb4c444c8c802108200cb24) Importer(2089858483,b0f066a214c2f5e87bad3c948f4d605d) (ScriptedImporter) -> (artifact id: '19b1f876fd4f3899bcf9f5d083505e89') in 0.0128709 seconds
Number of updated asset objects reloaded before import = 0Number of asset objects unloaded after import = 2

========================================================================
Received Import Request.
  Time since last request: 0.000025 seconds.
  path: Assets/Graphisms/Tilesets/SubTiles/Outside_637.asset
  artifactKey: Guid(cb3f865491c63f04f950fd66c9914356) Importer(2089858483,b0f066a214c2f5e87bad3c948f4d605d)
Start importing Assets/Graphisms/Tilesets/SubTiles/Outside_637.asset using Guid(cb3f865491c63f04f950fd66c9914356) Importer(2089858483,b0f066a214c2f5e87bad3c948f4d605d) (ScriptedImporter) -> (artifact id: 'f5d460bd3898c416ac184a2ef4884246') in 0.0125428 seconds
Number of updated asset objects reloaded before import = 0Number of asset objects unloaded after import = 2

========================================================================
Received Import Request.
  Time since last request: 0.000021 seconds.
  path: Assets/Graphisms/Tilesets/SubTiles/Outside_1017.asset
  artifactKey: Guid(0320cf92dad5ccf4a9a8c115d8099203) Importer(2089858483,b0f066a214c2f5e87bad3c948f4d605d)
Start importing Assets/Graphisms/Tilesets/SubTiles/Outside_1017.asset using Guid(0320cf92dad5ccf4a9a8c115d8099203) Importer(2089858483,b0f066a214c2f5e87bad3c948f4d605d) (ScriptedImporter) -> (artifact id: 'c091471461aac6f5b9c6b05a522086aa') in 0.0106925 seconds
Number of updated asset objects reloaded before import = 0Number of asset objects unloaded after import = 2

========================================================================
Received Import Request.
  Time since last request: 0.000019 seconds.
  path: Assets/Graphisms/Tilesets/SubTiles/Outside_3284.asset
  artifactKey: Guid(0b0859606cb5e4b459b1dee1e7f7f70b) Importer(2089858483,b0f066a214c2f5e87bad3c948f4d605d)
Start importing Assets/Graphisms/Tilesets/SubTiles/Outside_3284.asset using Guid(0b0859606cb5e4b459b1dee1e7f7f70b) Importer(2089858483,b0f066a214c2f5e87bad3c948f4d605d) (ScriptedImporter) -> (artifact id: '225c213a8cd213cc6e3c324a480a9466') in 0.0109241 seconds
Number of updated asset objects reloaded before import = 0Number of asset objects unloaded after import = 2

========================================================================
Received Import Request.
  Time since last request: 0.000041 seconds.
  path: Assets/Graphisms/Tilesets/SubTiles/Outside_2186.asset
  artifactKey: Guid(350be74d91d87d343becc5fa337f1c9e) Importer(2089858483,b0f066a214c2f5e87bad3c948f4d605d)
Start importing Assets/Graphisms/Tilesets/SubTiles/Outside_2186.asset using Guid(350be74d91d87d343becc5fa337f1c9e) Importer(2089858483,b0f066a214c2f5e87bad3c948f4d605d) (ScriptedImporter) -> (artifact id: 'feb3231ecd28d71f75f600076b6cc35d') in 0.0127696 seconds
Number of updated asset objects reloaded before import = 0Number of asset objects unloaded after import = 2

========================================================================
Received Import Request.
  Time since last request: 0.000020 seconds.
  path: Assets/Graphisms/Tilesets/SubTiles/Outside_93.asset
  artifactKey: Guid(1de868c7c1ce84f488136eefa9422cdb) Importer(2089858483,b0f066a214c2f5e87bad3c948f4d605d)
Start importing Assets/Graphisms/Tilesets/SubTiles/Outside_93.asset using Guid(1de868c7c1ce84f488136eefa9422cdb) Importer(2089858483,b0f066a214c2f5e87bad3c948f4d605d) (ScriptedImporter) -> (artifact id: 'abd12ea6c6d8b2aca761689dfc89e22f') in 0.0104535 seconds
Number of updated asset objects reloaded before import = 0Number of asset objects unloaded after import = 2

========================================================================
Received Import Request.
  Time since last request: 0.000018 seconds.
  path: Assets/Graphisms/Tilesets/SubTiles/Outside_1522.asset
  artifactKey: Guid(08808a4fb3d14f5408abd62ae4003dc4) Importer(2089858483,b0f066a214c2f5e87bad3c948f4d605d)
Start importing Assets/Graphisms/Tilesets/SubTiles/Outside_1522.asset using Guid(08808a4fb3d14f5408abd62ae4003dc4) Importer(2089858483,b0f066a214c2f5e87bad3c948f4d605d) (ScriptedImporter) -> (artifact id: 'cc06119907c72883f14bc5141ca088b2') in 0.0125036 seconds
Number of updated asset objects reloaded before import = 0Number of asset objects unloaded after import = 2

========================================================================
Received Import Request.
  Time since last request: 0.000024 seconds.
  path: Assets/Graphisms/Tilesets/SubTiles/Outside_302.asset
  artifactKey: Guid(e56fdaa4729d3e4438a273a9d5fc437a) Importer(2089858483,b0f066a214c2f5e87bad3c948f4d605d)
Start importing Assets/Graphisms/Tilesets/SubTiles/Outside_302.asset using Guid(e56fdaa4729d3e4438a273a9d5fc437a) Importer(2089858483,b0f066a214c2f5e87bad3c948f4d605d) (ScriptedImporter) -> (artifact id: '3fc94f03c86bbc6d24349cef21a93cee') in 0.0094655 seconds
Number of updated asset objects reloaded before import = 0Number of asset objects unloaded after import = 2

========================================================================
Received Import Request.
  Time since last request: 0.000037 seconds.
  path: Assets/Graphisms/Tilesets/SubTiles/Outside_3812.asset
  artifactKey: Guid(28296d9af32fef7498258dc40f8362c2) Importer(2089858483,b0f066a214c2f5e87bad3c948f4d605d)
Start importing Assets/Graphisms/Tilesets/SubTiles/Outside_3812.asset using Guid(28296d9af32fef7498258dc40f8362c2) Importer(2089858483,b0f066a214c2f5e87bad3c948f4d605d) (ScriptedImporter) -> (artifact id: '7ec27bdd0eaac52e793ef1a499aea91d') in 0.0116363 seconds
Number of updated asset objects reloaded before import = 0Number of asset objects unloaded after import = 2

========================================================================
Received Import Request.
  Time since last request: 0.000028 seconds.
  path: Assets/Graphisms/Tilesets/SubTiles/Outside_2261.asset
  artifactKey: Guid(ec694e71d14d34e4bae2a6975a34160d) Importer(2089858483,b0f066a214c2f5e87bad3c948f4d605d)
Start importing Assets/Graphisms/Tilesets/SubTiles/Outside_2261.asset using Guid(ec694e71d14d34e4bae2a6975a34160d) Importer(2089858483,b0f066a214c2f5e87bad3c948f4d605d) (ScriptedImporter) -> (artifact id: 'b00ca3a730db5fd94f95ba4b68532870') in 0.009667 seconds
Number of updated asset objects reloaded before import = 0Number of asset objects unloaded after import = 2

========================================================================
Received Import Request.
  Time since last request: 0.000020 seconds.
  path: Assets/Graphisms/Tilesets/SubTiles/Outside_1534.asset
  artifactKey: Guid(045161a69ed29e44db489dd1bf6ccfca) Importer(2089858483,b0f066a214c2f5e87bad3c948f4d605d)
Start importing Assets/Graphisms/Tilesets/SubTiles/Outside_1534.asset using Guid(045161a69ed29e44db489dd1bf6ccfca) Importer(2089858483,b0f066a214c2f5e87bad3c948f4d605d) (ScriptedImporter) -> (artifact id: '122373be27eda4bbe196af7b4a8d2af9') in 0.0106785 seconds
Number of updated asset objects reloaded before import = 0Number of asset objects unloaded after import = 2

========================================================================
Received Import Request.
  Time since last request: 0.000028 seconds.
  path: Assets/Graphisms/Tilesets/SubTiles/Outside_441.asset
  artifactKey: Guid(7e5c8cc388f7eb441b1ef3b4c9ce8208) Importer(2089858483,b0f066a214c2f5e87bad3c948f4d605d)
Start importing Assets/Graphisms/Tilesets/SubTiles/Outside_441.asset using Guid(7e5c8cc388f7eb441b1ef3b4c9ce8208) Importer(2089858483,b0f066a214c2f5e87bad3c948f4d605d) (ScriptedImporter) -> (artifact id: '2bf226533bd71529f75262026e293d3a') in 0.0107978 seconds
Number of updated asset objects reloaded before import = 0Number of asset objects unloaded after import = 2

========================================================================
Received Import Request.
  Time since last request: 0.000024 seconds.
  path: Assets/Graphisms/Tilesets/SubTiles/Outside_644.asset
  artifactKey: Guid(24da91ce31d142041ab9ea7c382765d1) Importer(2089858483,b0f066a214c2f5e87bad3c948f4d605d)
Start importing Assets/Graphisms/Tilesets/SubTiles/Outside_644.asset using Guid(24da91ce31d142041ab9ea7c382765d1) Importer(2089858483,b0f066a214c2f5e87bad3c948f4d605d) (ScriptedImporter) -> (artifact id: '3cd3b8ce01be27d09aaf99adac3bc317') in 0.0145123 seconds
Number of updated asset objects reloaded before import = 0Number of asset objects unloaded after import = 2

========================================================================
Received Import Request.
  Time since last request: 0.000141 seconds.
  path: Assets/Graphisms/Tilesets/SubTiles/Outside_3739.asset
  artifactKey: Guid(0c644cd0815f12144b6cbfeed86b0eec) Importer(2089858483,b0f066a214c2f5e87bad3c948f4d605d)
Start importing Assets/Graphisms/Tilesets/SubTiles/Outside_3739.asset using Guid(0c644cd0815f12144b6cbfeed86b0eec) Importer(2089858483,b0f066a214c2f5e87bad3c948f4d605d) (ScriptedImporter) -> (artifact id: 'c9067aa6479e09ae6a0403fdfa9956a8') in 0.0349863 seconds
Number of updated asset objects reloaded before import = 0Number of asset objects unloaded after import = 2

========================================================================
Received Import Request.
  Time since last request: 0.000023 seconds.
  path: Assets/Graphisms/Tilesets/SubTiles/Outside_781.asset
  artifactKey: Guid(ceca1cd46965e4e48bde53a0471ccc10) Importer(2089858483,b0f066a214c2f5e87bad3c948f4d605d)
Start importing Assets/Graphisms/Tilesets/SubTiles/Outside_781.asset using Guid(ceca1cd46965e4e48bde53a0471ccc10) Importer(2089858483,b0f066a214c2f5e87bad3c948f4d605d) (ScriptedImporter) -> (artifact id: 'b1e8afbc08e89960cbaff8628436273f') in 0.0103555 seconds
Number of updated asset objects reloaded before import = 0Number of asset objects unloaded after import = 2

========================================================================
Received Import Request.
  Time since last request: 0.000020 seconds.
  path: Assets/Graphisms/Tilesets/SubTiles/Outside_1663.asset
  artifactKey: Guid(c55f04d0ceca5404c8681aaa6313aab1) Importer(2089858483,b0f066a214c2f5e87bad3c948f4d605d)
Start importing Assets/Graphisms/Tilesets/SubTiles/Outside_1663.asset using Guid(c55f04d0ceca5404c8681aaa6313aab1) Importer(2089858483,b0f066a214c2f5e87bad3c948f4d605d) (ScriptedImporter) -> (artifact id: 'c664501c3ea294b4afdb5aaed0608431') in 0.0115217 seconds
Number of updated asset objects reloaded before import = 0Number of asset objects unloaded after import = 2

========================================================================
Received Import Request.
  Time since last request: 0.000027 seconds.
  path: Assets/Graphisms/Tilesets/SubTiles/Outside_1759.asset
  artifactKey: Guid(101ec7e8fd0a84147af4e2732a0c0282) Importer(2089858483,b0f066a214c2f5e87bad3c948f4d605d)
Start importing Assets/Graphisms/Tilesets/SubTiles/Outside_1759.asset using Guid(101ec7e8fd0a84147af4e2732a0c0282) Importer(2089858483,b0f066a214c2f5e87bad3c948f4d605d) (ScriptedImporter) -> (artifact id: '909abad3df940bb7bece48ec32bbdd6d') in 0.0121775 seconds
Number of updated asset objects reloaded before import = 0Number of asset objects unloaded after import = 2

========================================================================
Received Import Request.
  Time since last request: 0.000032 seconds.
  path: Assets/Graphisms/Tilesets/SubTiles/Outside_2065.asset
  artifactKey: Guid(1447e95e3a2e1074f8950028f6dee174) Importer(2089858483,b0f066a214c2f5e87bad3c948f4d605d)
Start importing Assets/Graphisms/Tilesets/SubTiles/Outside_2065.asset using Guid(1447e95e3a2e1074f8950028f6dee174) Importer(2089858483,b0f066a214c2f5e87bad3c948f4d605d) (ScriptedImporter) -> (artifact id: 'cf20574c6d7bab8de8c738b9e90d86d1') in 0.0115204 seconds
Number of updated asset objects reloaded before import = 0Number of asset objects unloaded after import = 2

========================================================================
Received Import Request.
  Time since last request: 0.000017 seconds.
  path: Assets/Graphisms/Tilesets/SubTiles/Outside_1657.asset
  artifactKey: Guid(ec53650e574fc944ab1f2b2a5104775c) Importer(2089858483,b0f066a214c2f5e87bad3c948f4d605d)
Start importing Assets/Graphisms/Tilesets/SubTiles/Outside_1657.asset using Guid(ec53650e574fc944ab1f2b2a5104775c) Importer(2089858483,b0f066a214c2f5e87bad3c948f4d605d) (ScriptedImporter) -> (artifact id: 'a2e505c6fcf5661d41de8e1840b45b9f') in 0.0103713 seconds
Number of updated asset objects reloaded before import = 0Number of asset objects unloaded after import = 2

========================================================================
Received Import Request.
  Time since last request: 0.000019 seconds.
  path: Assets/Graphisms/Tilesets/SubTiles/Outside_851.asset
  artifactKey: Guid(6bd16bb32ba7c334eb108470a9ef6f58) Importer(2089858483,b0f066a214c2f5e87bad3c948f4d605d)
Start importing Assets/Graphisms/Tilesets/SubTiles/Outside_851.asset using Guid(6bd16bb32ba7c334eb108470a9ef6f58) Importer(2089858483,b0f066a214c2f5e87bad3c948f4d605d) (ScriptedImporter) -> (artifact id: '6d5136cc9c0d0a0857cde600d8ee3a40') in 0.0109145 seconds
Number of updated asset objects reloaded before import = 0Number of asset objects unloaded after import = 2

========================================================================
Received Import Request.
  Time since last request: 0.000019 seconds.
  path: Assets/Graphisms/Tilesets/SubTiles/Outside_1625.asset
  artifactKey: Guid(117c2c7bc4d041d419d7630ac61469dd) Importer(2089858483,b0f066a214c2f5e87bad3c948f4d605d)
Start importing Assets/Graphisms/Tilesets/SubTiles/Outside_1625.asset using Guid(117c2c7bc4d041d419d7630ac61469dd) Importer(2089858483,b0f066a214c2f5e87bad3c948f4d605d) (ScriptedImporter) -> (artifact id: '6030e3a538aabadbff0145b5c16c3646') in 0.0107185 seconds
Number of updated asset objects reloaded before import = 0Number of asset objects unloaded after import = 2

========================================================================
Received Import Request.
  Time since last request: 0.000032 seconds.
  path: Assets/Graphisms/Tilesets/SubTiles/Outside_490.asset
  artifactKey: Guid(67160dceaa1f42c46bec704c69a51fdc) Importer(2089858483,b0f066a214c2f5e87bad3c948f4d605d)
Start importing Assets/Graphisms/Tilesets/SubTiles/Outside_490.asset using Guid(67160dceaa1f42c46bec704c69a51fdc) Importer(2089858483,b0f066a214c2f5e87bad3c948f4d605d) (ScriptedImporter) -> (artifact id: '5429bc6de85cd864962cdd58acbd6982') in 0.0147064 seconds
Number of updated asset objects reloaded before import = 0Number of asset objects unloaded after import = 2

========================================================================
Received Import Request.
  Time since last request: 0.000035 seconds.
  path: Assets/Graphisms/Tilesets/SubTiles/Outside_688.asset
  artifactKey: Guid(aafa82f9a347cb844bdeb485511ef0d2) Importer(2089858483,b0f066a214c2f5e87bad3c948f4d605d)
Start importing Assets/Graphisms/Tilesets/SubTiles/Outside_688.asset using Guid(aafa82f9a347cb844bdeb485511ef0d2) Importer(2089858483,b0f066a214c2f5e87bad3c948f4d605d) (ScriptedImporter) -> (artifact id: '4b7908df2ca48ee12a55d3d44dc2f959') in 0.0181086 seconds
Number of updated asset objects reloaded before import = 0Number of asset objects unloaded after import = 2

========================================================================
Received Import Request.
  Time since last request: 0.000018 seconds.
  path: Assets/Graphisms/Tilesets/SubTiles/Outside_225.asset
  artifactKey: Guid(01e9e94addcd2e04f9f29e65a7bb5c7a) Importer(2089858483,b0f066a214c2f5e87bad3c948f4d605d)
Start importing Assets/Graphisms/Tilesets/SubTiles/Outside_225.asset using Guid(01e9e94addcd2e04f9f29e65a7bb5c7a) Importer(2089858483,b0f066a214c2f5e87bad3c948f4d605d) (ScriptedImporter) -> (artifact id: 'c828902a05cbd4572a9c44ffe1f674a9') in 0.0101279 seconds
Number of updated asset objects reloaded before import = 0Number of asset objects unloaded after import = 2

========================================================================
Received Import Request.
  Time since last request: 0.000015 seconds.
  path: Assets/Graphisms/Tilesets/SubTiles/Outside_3215.asset
  artifactKey: Guid(c5bec69f9397dca44921b7c14d3da082) Importer(2089858483,b0f066a214c2f5e87bad3c948f4d605d)
Start importing Assets/Graphisms/Tilesets/SubTiles/Outside_3215.asset using Guid(c5bec69f9397dca44921b7c14d3da082) Importer(2089858483,b0f066a214c2f5e87bad3c948f4d605d) (ScriptedImporter) -> (artifact id: '7f1fab550b5f594bbf3db997901d76d0') in 0.0110264 seconds
Number of updated asset objects reloaded before import = 0Number of asset objects unloaded after import = 2

========================================================================
Received Import Request.
  Time since last request: 0.000032 seconds.
  path: Assets/Graphisms/Tilesets/SubTiles/Outside_1931.asset
  artifactKey: Guid(0d03917a5d9c9c642a5c1a992e48165c) Importer(2089858483,b0f066a214c2f5e87bad3c948f4d605d)
Start importing Assets/Graphisms/Tilesets/SubTiles/Outside_1931.asset using Guid(0d03917a5d9c9c642a5c1a992e48165c) Importer(2089858483,b0f066a214c2f5e87bad3c948f4d605d) (ScriptedImporter) -> (artifact id: '28b1a5903bcae600dc86710e2cd623ef') in 0.0106265 seconds
Number of updated asset objects reloaded before import = 0Number of asset objects unloaded after import = 2

========================================================================
Received Import Request.
  Time since last request: 0.000018 seconds.
  path: Assets/Graphisms/Tilesets/SubTiles/Outside_2093.asset
  artifactKey: Guid(d282bec7e6a825f458c08ef1f6f6a8e0) Importer(2089858483,b0f066a214c2f5e87bad3c948f4d605d)
Start importing Assets/Graphisms/Tilesets/SubTiles/Outside_2093.asset using Guid(d282bec7e6a825f458c08ef1f6f6a8e0) Importer(2089858483,b0f066a214c2f5e87bad3c948f4d605d) (ScriptedImporter) -> (artifact id: 'f4cedbe0cced89bd6013ea9aaa4db09b') in 0.0132956 seconds
Number of updated asset objects reloaded before import = 0Number of asset objects unloaded after import = 2

========================================================================
Received Import Request.
  Time since last request: 0.000025 seconds.
  path: Assets/Graphisms/Tilesets/SubTiles/Outside_1219.asset
  artifactKey: Guid(0254bcacdf559c54f970d8385cbf4faf) Importer(2089858483,b0f066a214c2f5e87bad3c948f4d605d)
Start importing Assets/Graphisms/Tilesets/SubTiles/Outside_1219.asset using Guid(0254bcacdf559c54f970d8385cbf4faf) Importer(2089858483,b0f066a214c2f5e87bad3c948f4d605d) (ScriptedImporter) -> (artifact id: '22ba3bd2562559413b8d1e346c1c3969') in 0.0118225 seconds
Number of updated asset objects reloaded before import = 0Number of asset objects unloaded after import = 2

========================================================================
Received Import Request.
  Time since last request: 0.000022 seconds.
  path: Assets/Graphisms/Tilesets/SubTiles/Outside_3700.asset
  artifactKey: Guid(c63b2c30e4a37ee46ba4c725c283eab7) Importer(2089858483,b0f066a214c2f5e87bad3c948f4d605d)
Start importing Assets/Graphisms/Tilesets/SubTiles/Outside_3700.asset using Guid(c63b2c30e4a37ee46ba4c725c283eab7) Importer(2089858483,b0f066a214c2f5e87bad3c948f4d605d) (ScriptedImporter) -> (artifact id: 'e620b6cb40a3d08b737d1148ccf09c0d') in 0.0101867 seconds
Number of updated asset objects reloaded before import = 0Number of asset objects unloaded after import = 2

========================================================================
Received Import Request.
  Time since last request: 0.000021 seconds.
  path: Assets/Graphisms/Tilesets/SubTiles/Outside_388.asset
  artifactKey: Guid(01ce488659149a04091d3a5983a3dc42) Importer(2089858483,b0f066a214c2f5e87bad3c948f4d605d)
Start importing Assets/Graphisms/Tilesets/SubTiles/Outside_388.asset using Guid(01ce488659149a04091d3a5983a3dc42) Importer(2089858483,b0f066a214c2f5e87bad3c948f4d605d) (ScriptedImporter) -> (artifact id: '31983fa10a99f5c84a671c6c1d1c928c') in 0.0107788 seconds
Number of updated asset objects reloaded before import = 0Number of asset objects unloaded after import = 2

========================================================================
Received Import Request.
  Time since last request: 0.000023 seconds.
  path: Assets/Graphisms/Tilesets/SubTiles/Outside_1296.asset
  artifactKey: Guid(725e806c608ef2049a67b7697b945753) Importer(2089858483,b0f066a214c2f5e87bad3c948f4d605d)
Start importing Assets/Graphisms/Tilesets/SubTiles/Outside_1296.asset using Guid(725e806c608ef2049a67b7697b945753) Importer(2089858483,b0f066a214c2f5e87bad3c948f4d605d) (ScriptedImporter) -> (artifact id: 'ac53a1fed65c3bffaae122541e4b79fd') in 0.0109702 seconds
Number of updated asset objects reloaded before import = 0Number of asset objects unloaded after import = 2

========================================================================
Received Import Request.
  Time since last request: 0.000027 seconds.
  path: Assets/Graphisms/Tilesets/SubTiles/Outside_2783.asset
  artifactKey: Guid(92a21120158da974cb097fa253299651) Importer(2089858483,b0f066a214c2f5e87bad3c948f4d605d)
Start importing Assets/Graphisms/Tilesets/SubTiles/Outside_2783.asset using Guid(92a21120158da974cb097fa253299651) Importer(2089858483,b0f066a214c2f5e87bad3c948f4d605d) (ScriptedImporter) -> (artifact id: 'c468f598c31f635bef46774a2bd6cb47') in 0.0104399 seconds
Number of updated asset objects reloaded before import = 0Number of asset objects unloaded after import = 2

========================================================================
Received Import Request.
  Time since last request: 0.000023 seconds.
  path: Assets/Graphisms/Tilesets/SubTiles/Outside_1656.asset
  artifactKey: Guid(d026fec08a50c4c4d89f5bfd12d04b6c) Importer(2089858483,b0f066a214c2f5e87bad3c948f4d605d)
Start importing Assets/Graphisms/Tilesets/SubTiles/Outside_1656.asset using Guid(d026fec08a50c4c4d89f5bfd12d04b6c) Importer(2089858483,b0f066a214c2f5e87bad3c948f4d605d) (ScriptedImporter) -> (artifact id: '9bab0b0f2881b9780e2508f898b7579a') in 0.0105273 seconds
Number of updated asset objects reloaded before import = 0Number of asset objects unloaded after import = 2

========================================================================
Received Import Request.
  Time since last request: 0.000017 seconds.
  path: Assets/Graphisms/Tilesets/SubTiles/Outside_342.asset
  artifactKey: Guid(f65129938cc897b4686e856523b7b3fe) Importer(2089858483,b0f066a214c2f5e87bad3c948f4d605d)
Start importing Assets/Graphisms/Tilesets/SubTiles/Outside_342.asset using Guid(f65129938cc897b4686e856523b7b3fe) Importer(2089858483,b0f066a214c2f5e87bad3c948f4d605d) (ScriptedImporter) -> (artifact id: '9d1244e384f2e1e13b5ad2aa9f02c762') in 0.0109332 seconds
Number of updated asset objects reloaded before import = 0Number of asset objects unloaded after import = 2

========================================================================
Received Import Request.
  Time since last request: 0.000024 seconds.
  path: Assets/Graphisms/Tilesets/SubTiles/Outside_1225.asset
  artifactKey: Guid(ce3e6b3faf15f5447b834701284689f7) Importer(2089858483,b0f066a214c2f5e87bad3c948f4d605d)
Start importing Assets/Graphisms/Tilesets/SubTiles/Outside_1225.asset using Guid(ce3e6b3faf15f5447b834701284689f7) Importer(2089858483,b0f066a214c2f5e87bad3c948f4d605d) (ScriptedImporter) -> (artifact id: 'b3de90c9eaa957a4be00f9311f253f1e') in 0.0145086 seconds
Number of updated asset objects reloaded before import = 0Number of asset objects unloaded after import = 2

========================================================================
Received Import Request.
  Time since last request: 0.000064 seconds.
  path: Assets/Graphisms/Tilesets/SubTiles/Outside_83.asset
  artifactKey: Guid(90d51c28af6f4d240b3c25395d581242) Importer(2089858483,b0f066a214c2f5e87bad3c948f4d605d)
Start importing Assets/Graphisms/Tilesets/SubTiles/Outside_83.asset using Guid(90d51c28af6f4d240b3c25395d581242) Importer(2089858483,b0f066a214c2f5e87bad3c948f4d605d) (ScriptedImporter) -> (artifact id: '70adfe25522b5f796d510fb6c01132e5') in 0.1557312 seconds
Number of updated asset objects reloaded before import = 0Number of asset objects unloaded after import = 2

========================================================================
Received Import Request.
  Time since last request: 0.000025 seconds.
  path: Assets/Graphisms/Tilesets/SubTiles/Outside_518.asset
  artifactKey: Guid(83b630577dc5b5548bf0b68c4021db55) Importer(2089858483,b0f066a214c2f5e87bad3c948f4d605d)
Start importing Assets/Graphisms/Tilesets/SubTiles/Outside_518.asset using Guid(83b630577dc5b5548bf0b68c4021db55) Importer(2089858483,b0f066a214c2f5e87bad3c948f4d605d) (ScriptedImporter) -> (artifact id: 'd963ece282d2420d38eeccc6046fe906') in 0.0107039 seconds
Number of updated asset objects reloaded before import = 0Number of asset objects unloaded after import = 2

========================================================================
Received Import Request.
  Time since last request: 0.000023 seconds.
  path: Assets/Graphisms/Tilesets/SubTiles/Outside_1688.asset
  artifactKey: Guid(661871e11b5be5240bdbe57d588ac22c) Importer(2089858483,b0f066a214c2f5e87bad3c948f4d605d)
Start importing Assets/Graphisms/Tilesets/SubTiles/Outside_1688.asset using Guid(661871e11b5be5240bdbe57d588ac22c) Importer(2089858483,b0f066a214c2f5e87bad3c948f4d605d) (ScriptedImporter) -> (artifact id: '9ee29001da61d1046e0746a794611ee4') in 0.0100435 seconds
Number of updated asset objects reloaded before import = 0Number of asset objects unloaded after import = 2

========================================================================
Received Import Request.
  Time since last request: 0.000058 seconds.
  path: Assets/Graphisms/Tilesets/SubTiles/Outside_984.asset
  artifactKey: Guid(7580033710bbad542918eb55e8e68654) Importer(2089858483,b0f066a214c2f5e87bad3c948f4d605d)
Start importing Assets/Graphisms/Tilesets/SubTiles/Outside_984.asset using Guid(7580033710bbad542918eb55e8e68654) Importer(2089858483,b0f066a214c2f5e87bad3c948f4d605d) (ScriptedImporter) -> (artifact id: '9f6f38b7cdab6d036adc3497ef1d419d') in 0.0118989 seconds
Number of updated asset objects reloaded before import = 0Number of asset objects unloaded after import = 2

========================================================================
Received Import Request.
  Time since last request: 0.000020 seconds.
  path: Assets/Graphisms/Tilesets/SubTiles/Outside_3484.asset
  artifactKey: Guid(009f3f3236e86c3428f4d4538e2636db) Importer(2089858483,b0f066a214c2f5e87bad3c948f4d605d)
Start importing Assets/Graphisms/Tilesets/SubTiles/Outside_3484.asset using Guid(009f3f3236e86c3428f4d4538e2636db) Importer(2089858483,b0f066a214c2f5e87bad3c948f4d605d) (ScriptedImporter) -> (artifact id: '9f307dd8bf268bb1246d94285e3daed9') in 0.0112177 seconds
Number of updated asset objects reloaded before import = 0Number of asset objects unloaded after import = 2

========================================================================
Received Import Request.
  Time since last request: 0.000023 seconds.
  path: Assets/Graphisms/Tilesets/SubTiles/Outside_3712.asset
  artifactKey: Guid(d82daeee775378b45aa6abd4dad24e63) Importer(2089858483,b0f066a214c2f5e87bad3c948f4d605d)
Start importing Assets/Graphisms/Tilesets/SubTiles/Outside_3712.asset using Guid(d82daeee775378b45aa6abd4dad24e63) Importer(2089858483,b0f066a214c2f5e87bad3c948f4d605d) (ScriptedImporter) -> (artifact id: '1810590ea18b2a61619271b8637a5204') in 0.0110864 seconds
Number of updated asset objects reloaded before import = 0Number of asset objects unloaded after import = 2

========================================================================
Received Import Request.
  Time since last request: 0.000028 seconds.
  path: Assets/Graphisms/Tilesets/SubTiles/Outside_1597.asset
  artifactKey: Guid(ac8b9e7a8661c544a8a53e3bc27fa566) Importer(2089858483,b0f066a214c2f5e87bad3c948f4d605d)
Start importing Assets/Graphisms/Tilesets/SubTiles/Outside_1597.asset using Guid(ac8b9e7a8661c544a8a53e3bc27fa566) Importer(2089858483,b0f066a214c2f5e87bad3c948f4d605d) (ScriptedImporter) -> (artifact id: 'e6c730c362e72daa3f5ae31bec9d5cd0') in 0.0112221 seconds
Number of updated asset objects reloaded before import = 0Number of asset objects unloaded after import = 2

========================================================================
Received Import Request.
  Time since last request: 0.000022 seconds.
  path: Assets/Graphisms/Tilesets/SubTiles/Outside_1744.asset
  artifactKey: Guid(b662d5280a373774e900d6438065b196) Importer(2089858483,b0f066a214c2f5e87bad3c948f4d605d)
Start importing Assets/Graphisms/Tilesets/SubTiles/Outside_1744.asset using Guid(b662d5280a373774e900d6438065b196) Importer(2089858483,b0f066a214c2f5e87bad3c948f4d605d) (ScriptedImporter) -> (artifact id: '4b0254f279901823827ffd6c5393c612') in 0.0105157 seconds
Number of updated asset objects reloaded before import = 0Number of asset objects unloaded after import = 2

========================================================================
Received Import Request.
  Time since last request: 0.000019 seconds.
  path: Assets/Graphisms/Tilesets/SubTiles/Outside_3066.asset
  artifactKey: Guid(19d7035a16a8856479b513cd22b99cb6) Importer(2089858483,b0f066a214c2f5e87bad3c948f4d605d)
Start importing Assets/Graphisms/Tilesets/SubTiles/Outside_3066.asset using Guid(19d7035a16a8856479b513cd22b99cb6) Importer(2089858483,b0f066a214c2f5e87bad3c948f4d605d) (ScriptedImporter) -> (artifact id: 'acc490f91398ba6102a84f213ff402d0') in 0.0108062 seconds
Number of updated asset objects reloaded before import = 0Number of asset objects unloaded after import = 2

========================================================================
Received Import Request.
  Time since last request: 0.000021 seconds.
  path: Assets/Graphisms/Tilesets/SubTiles/Outside_3372.asset
  artifactKey: Guid(6681e63136d237242abf0b5ebd24af3d) Importer(2089858483,b0f066a214c2f5e87bad3c948f4d605d)
Start importing Assets/Graphisms/Tilesets/SubTiles/Outside_3372.asset using Guid(6681e63136d237242abf0b5ebd24af3d) Importer(2089858483,b0f066a214c2f5e87bad3c948f4d605d) (ScriptedImporter) -> (artifact id: '35b9bb3546619a6a73e95b0799339774') in 0.0101567 seconds
Number of updated asset objects reloaded before import = 0Number of asset objects unloaded after import = 2

========================================================================
Received Import Request.
  Time since last request: 0.000024 seconds.
  path: Assets/Graphisms/Tilesets/SubTiles/Outside_2808.asset
  artifactKey: Guid(3f0ff3e86246fec40a5dbe76ed503dc8) Importer(2089858483,b0f066a214c2f5e87bad3c948f4d605d)
Start importing Assets/Graphisms/Tilesets/SubTiles/Outside_2808.asset using Guid(3f0ff3e86246fec40a5dbe76ed503dc8) Importer(2089858483,b0f066a214c2f5e87bad3c948f4d605d) (ScriptedImporter) -> (artifact id: 'b20cca3e61f59f0a3ecf0427380c4dd1') in 0.0125029 seconds
Number of updated asset objects reloaded before import = 0Number of asset objects unloaded after import = 2

========================================================================
Received Import Request.
  Time since last request: 0.000030 seconds.
  path: Assets/Graphisms/Tilesets/SubTiles/Outside_2993.asset
  artifactKey: Guid(6533049be51881440a288aba6806801f) Importer(2089858483,b0f066a214c2f5e87bad3c948f4d605d)
Start importing Assets/Graphisms/Tilesets/SubTiles/Outside_2993.asset using Guid(6533049be51881440a288aba6806801f) Importer(2089858483,b0f066a214c2f5e87bad3c948f4d605d) (ScriptedImporter) -> (artifact id: '939c3bfabd229be87e82ff396a0887a2') in 0.010194 seconds
Number of updated asset objects reloaded before import = 0Number of asset objects unloaded after import = 2

========================================================================
Received Import Request.
  Time since last request: 0.000036 seconds.
  path: Assets/Graphisms/Tilesets/SubTiles/Outside_1694.asset
  artifactKey: Guid(eb3302c4057cfac4db830ed83a5d35ba) Importer(2089858483,b0f066a214c2f5e87bad3c948f4d605d)
Start importing Assets/Graphisms/Tilesets/SubTiles/Outside_1694.asset using Guid(eb3302c4057cfac4db830ed83a5d35ba) Importer(2089858483,b0f066a214c2f5e87bad3c948f4d605d) (ScriptedImporter) -> (artifact id: '00ea1248fd3dcc09f7a2aae2becfd054') in 0.0107997 seconds
Number of updated asset objects reloaded before import = 0Number of asset objects unloaded after import = 2

========================================================================
Received Import Request.
  Time since last request: 0.000031 seconds.
  path: Assets/Graphisms/Tilesets/SubTiles/Outside_1035.asset
  artifactKey: Guid(7faa6e89fd2346a429418f74d202ec22) Importer(2089858483,b0f066a214c2f5e87bad3c948f4d605d)
Start importing Assets/Graphisms/Tilesets/SubTiles/Outside_1035.asset using Guid(7faa6e89fd2346a429418f74d202ec22) Importer(2089858483,b0f066a214c2f5e87bad3c948f4d605d) (ScriptedImporter) -> (artifact id: '26731bccb7f5bb29abbad9a904eb6fa7') in 0.0121765 seconds
Number of updated asset objects reloaded before import = 0Number of asset objects unloaded after import = 2

========================================================================
Received Import Request.
  Time since last request: 0.000029 seconds.
  path: Assets/Graphisms/Tilesets/SubTiles/Outside_2458.asset
  artifactKey: Guid(16ab908f47b1f6249aa00ab089e6715d) Importer(2089858483,b0f066a214c2f5e87bad3c948f4d605d)
Start importing Assets/Graphisms/Tilesets/SubTiles/Outside_2458.asset using Guid(16ab908f47b1f6249aa00ab089e6715d) Importer(2089858483,b0f066a214c2f5e87bad3c948f4d605d) (ScriptedImporter) -> (artifact id: '925301b4784104a5baa73db272c84754') in 0.0121261 seconds
Number of updated asset objects reloaded before import = 0Number of asset objects unloaded after import = 2

========================================================================
Received Import Request.
  Time since last request: 0.000022 seconds.
  path: Assets/Graphisms/Tilesets/SubTiles/Outside_3774.asset
  artifactKey: Guid(cb556fa006cfb554ea53e85a90d44833) Importer(2089858483,b0f066a214c2f5e87bad3c948f4d605d)
Start importing Assets/Graphisms/Tilesets/SubTiles/Outside_3774.asset using Guid(cb556fa006cfb554ea53e85a90d44833) Importer(2089858483,b0f066a214c2f5e87bad3c948f4d605d) (ScriptedImporter) -> (artifact id: '2dbd01012babb4f88a9aad467d921b96') in 0.0119036 seconds
Number of updated asset objects reloaded before import = 0Number of asset objects unloaded after import = 2

========================================================================
Received Import Request.
  Time since last request: 0.000033 seconds.
  path: Assets/Graphisms/Tilesets/SubTiles/Outside_2408.asset
  artifactKey: Guid(9b0ec1d1326a96d47b0ccff5cbb24667) Importer(2089858483,b0f066a214c2f5e87bad3c948f4d605d)
Start importing Assets/Graphisms/Tilesets/SubTiles/Outside_2408.asset using Guid(9b0ec1d1326a96d47b0ccff5cbb24667) Importer(2089858483,b0f066a214c2f5e87bad3c948f4d605d) (ScriptedImporter) -> (artifact id: 'e463e1d3ec38fc2bd5975fb7783b52c5') in 0.011397 seconds
Number of updated asset objects reloaded before import = 0Number of asset objects unloaded after import = 2

========================================================================
Received Import Request.
  Time since last request: 0.000038 seconds.
  path: Assets/Graphisms/Tilesets/SubTiles/Outside_3632.asset
  artifactKey: Guid(e87dae2a8c85b1a40ae9aefb9068fcf2) Importer(2089858483,b0f066a214c2f5e87bad3c948f4d605d)
Start importing Assets/Graphisms/Tilesets/SubTiles/Outside_3632.asset using Guid(e87dae2a8c85b1a40ae9aefb9068fcf2) Importer(2089858483,b0f066a214c2f5e87bad3c948f4d605d) (ScriptedImporter) -> (artifact id: '0b1721fa2caec0fb043e63f46170d532') in 0.0124355 seconds
Number of updated asset objects reloaded before import = 0Number of asset objects unloaded after import = 2

========================================================================
Received Import Request.
  Time since last request: 0.000020 seconds.
  path: Assets/Graphisms/Tilesets/SubTiles/Outside_582.asset
  artifactKey: Guid(441a27e7d790182439e8dfd7bc4494ed) Importer(2089858483,b0f066a214c2f5e87bad3c948f4d605d)
Start importing Assets/Graphisms/Tilesets/SubTiles/Outside_582.asset using Guid(441a27e7d790182439e8dfd7bc4494ed) Importer(2089858483,b0f066a214c2f5e87bad3c948f4d605d) (ScriptedImporter) -> (artifact id: 'fa599cefbff2e60b26f8aec733e49b91') in 0.0148338 seconds
Number of updated asset objects reloaded before import = 0Number of asset objects unloaded after import = 2

========================================================================
Received Import Request.
  Time since last request: 0.000038 seconds.
  path: Assets/Graphisms/Tilesets/SubTiles/Outside_1909.asset
  artifactKey: Guid(37afeda02c8040d4daf4794cbbf84cfb) Importer(2089858483,b0f066a214c2f5e87bad3c948f4d605d)
Start importing Assets/Graphisms/Tilesets/SubTiles/Outside_1909.asset using Guid(37afeda02c8040d4daf4794cbbf84cfb) Importer(2089858483,b0f066a214c2f5e87bad3c948f4d605d) (ScriptedImporter) -> (artifact id: '27a5dc0eb47594a5c076e2880b96dfeb') in 0.0131314 seconds
Number of updated asset objects reloaded before import = 0Number of asset objects unloaded after import = 2

========================================================================
Received Import Request.
  Time since last request: 0.000041 seconds.
  path: Assets/Graphisms/Tilesets/SubTiles/Outside_598.asset
  artifactKey: Guid(e8bc3f3d95c44fd409cc15c3ca37259c) Importer(2089858483,b0f066a214c2f5e87bad3c948f4d605d)
Start importing Assets/Graphisms/Tilesets/SubTiles/Outside_598.asset using Guid(e8bc3f3d95c44fd409cc15c3ca37259c) Importer(2089858483,b0f066a214c2f5e87bad3c948f4d605d) (ScriptedImporter) -> (artifact id: 'a4641ba7b6571284f715162f955c2c5a') in 0.0112131 seconds
Number of updated asset objects reloaded before import = 0Number of asset objects unloaded after import = 2

========================================================================
Received Import Request.
  Time since last request: 0.000031 seconds.
  path: Assets/Graphisms/Tilesets/SubTiles/Outside_1291.asset
  artifactKey: Guid(c8f03291049312d409c473338aea83f7) Importer(2089858483,b0f066a214c2f5e87bad3c948f4d605d)
Start importing Assets/Graphisms/Tilesets/SubTiles/Outside_1291.asset using Guid(c8f03291049312d409c473338aea83f7) Importer(2089858483,b0f066a214c2f5e87bad3c948f4d605d) (ScriptedImporter) -> (artifact id: '5d8666e6adcdda956b2fa265a02e409f') in 0.0107256 seconds
Number of updated asset objects reloaded before import = 0Number of asset objects unloaded after import = 2

========================================================================
Received Import Request.
  Time since last request: 0.000027 seconds.
  path: Assets/Graphisms/Tilesets/SubTiles/Outside_102.asset
  artifactKey: Guid(2dfbb3f002ba6fa4ca6195e9cf819fe5) Importer(2089858483,b0f066a214c2f5e87bad3c948f4d605d)
Start importing Assets/Graphisms/Tilesets/SubTiles/Outside_102.asset using Guid(2dfbb3f002ba6fa4ca6195e9cf819fe5) Importer(2089858483,b0f066a214c2f5e87bad3c948f4d605d) (ScriptedImporter) -> (artifact id: '2811734710891290b4b486353eb42ff6') in 0.0102047 seconds
Number of updated asset objects reloaded before import = 0Number of asset objects unloaded after import = 2

========================================================================
Received Import Request.
  Time since last request: 0.000020 seconds.
  path: Assets/Graphisms/Tilesets/SubTiles/Outside_1284.asset
  artifactKey: Guid(b2a46ab60c3b11947a00d4f2c45e4c49) Importer(2089858483,b0f066a214c2f5e87bad3c948f4d605d)
Start importing Assets/Graphisms/Tilesets/SubTiles/Outside_1284.asset using Guid(b2a46ab60c3b11947a00d4f2c45e4c49) Importer(2089858483,b0f066a214c2f5e87bad3c948f4d605d) (ScriptedImporter) -> (artifact id: '4529e3f69e112bcac87453495fa335de') in 0.0116851 seconds
Number of updated asset objects reloaded before import = 0Number of asset objects unloaded after import = 2

========================================================================
Received Import Request.
  Time since last request: 0.000024 seconds.
  path: Assets/Graphisms/Tilesets/SubTiles/Outside_1231.asset
  artifactKey: Guid(b852b0d3f0016614d9d050bea9932ad4) Importer(2089858483,b0f066a214c2f5e87bad3c948f4d605d)
Start importing Assets/Graphisms/Tilesets/SubTiles/Outside_1231.asset using Guid(b852b0d3f0016614d9d050bea9932ad4) Importer(2089858483,b0f066a214c2f5e87bad3c948f4d605d) (ScriptedImporter) -> (artifact id: '222362ec380f53e0b8ff13536f81176e') in 0.0112414 seconds
Number of updated asset objects reloaded before import = 0Number of asset objects unloaded after import = 2

========================================================================
Received Import Request.
  Time since last request: 0.000034 seconds.
  path: Assets/Graphisms/Tilesets/SubTiles/Outside_1745.asset
  artifactKey: Guid(773d5777593d15b49be2f5bb54c51a5d) Importer(2089858483,b0f066a214c2f5e87bad3c948f4d605d)
Start importing Assets/Graphisms/Tilesets/SubTiles/Outside_1745.asset using Guid(773d5777593d15b49be2f5bb54c51a5d) Importer(2089858483,b0f066a214c2f5e87bad3c948f4d605d) (ScriptedImporter) -> (artifact id: 'fb74874c694f110d914af9c84960c386') in 0.0108046 seconds
Number of updated asset objects reloaded before import = 0Number of asset objects unloaded after import = 2

========================================================================
Received Import Request.
  Time since last request: 0.000024 seconds.
  path: Assets/Graphisms/Tilesets/SubTiles/Outside_412.asset
  artifactKey: Guid(56b0830797a10964bad51f71fbd7d894) Importer(2089858483,b0f066a214c2f5e87bad3c948f4d605d)
Start importing Assets/Graphisms/Tilesets/SubTiles/Outside_412.asset using Guid(56b0830797a10964bad51f71fbd7d894) Importer(2089858483,b0f066a214c2f5e87bad3c948f4d605d) (ScriptedImporter) -> (artifact id: '51c99650081c2aa0fda73187aa71a1e4') in 0.0099537 seconds
Number of updated asset objects reloaded before import = 0Number of asset objects unloaded after import = 2

========================================================================
Received Import Request.
  Time since last request: 0.000021 seconds.
  path: Assets/Graphisms/Tilesets/SubTiles/Outside_1236.asset
  artifactKey: Guid(a2637f4f758fe73498351d4e4a251114) Importer(2089858483,b0f066a214c2f5e87bad3c948f4d605d)
Start importing Assets/Graphisms/Tilesets/SubTiles/Outside_1236.asset using Guid(a2637f4f758fe73498351d4e4a251114) Importer(2089858483,b0f066a214c2f5e87bad3c948f4d605d) (ScriptedImporter) -> (artifact id: 'b3c0d7983dbc816f9cd3348922e8bf36') in 0.010911 seconds
Number of updated asset objects reloaded before import = 0Number of asset objects unloaded after import = 2

========================================================================
Received Import Request.
  Time since last request: 0.000044 seconds.
  path: Assets/Graphisms/Tilesets/SubTiles/Outside_2223.asset
  artifactKey: Guid(48d7be6d4a2f58c4eb03e58292fa5a84) Importer(2089858483,b0f066a214c2f5e87bad3c948f4d605d)
Start importing Assets/Graphisms/Tilesets/SubTiles/Outside_2223.asset using Guid(48d7be6d4a2f58c4eb03e58292fa5a84) Importer(2089858483,b0f066a214c2f5e87bad3c948f4d605d) (ScriptedImporter) -> (artifact id: 'b6c21a3b03e89d2a504e56a6e1819e67') in 0.0128913 seconds
Number of updated asset objects reloaded before import = 0Number of asset objects unloaded after import = 2

========================================================================
Received Import Request.
  Time since last request: 0.000026 seconds.
  path: Assets/Graphisms/Tilesets/SubTiles/Outside_2672.asset
  artifactKey: Guid(2096709eb43331142beaccee9369ff7c) Importer(2089858483,b0f066a214c2f5e87bad3c948f4d605d)
Start importing Assets/Graphisms/Tilesets/SubTiles/Outside_2672.asset using Guid(2096709eb43331142beaccee9369ff7c) Importer(2089858483,b0f066a214c2f5e87bad3c948f4d605d) (ScriptedImporter) -> (artifact id: '110758a89a44ba67b010b467b4fe428b') in 0.0101398 seconds
Number of updated asset objects reloaded before import = 0Number of asset objects unloaded after import = 2

========================================================================
Received Import Request.
  Time since last request: 0.000028 seconds.
  path: Assets/Graphisms/Tilesets/SubTiles/Outside_3267.asset
  artifactKey: Guid(20494e4875379b144b206626e37603ce) Importer(2089858483,b0f066a214c2f5e87bad3c948f4d605d)
Start importing Assets/Graphisms/Tilesets/SubTiles/Outside_3267.asset using Guid(20494e4875379b144b206626e37603ce) Importer(2089858483,b0f066a214c2f5e87bad3c948f4d605d) (ScriptedImporter) -> (artifact id: 'dad8c957467a8a4de508e0bc27f12502') in 0.010845 seconds
Number of updated asset objects reloaded before import = 0Number of asset objects unloaded after import = 2

========================================================================
Received Import Request.
  Time since last request: 0.000041 seconds.
  path: Assets/Graphisms/Tilesets/SubTiles/Outside_1432.asset
  artifactKey: Guid(abd4ccd0d02379841b0464d995a2a3f1) Importer(2089858483,b0f066a214c2f5e87bad3c948f4d605d)
Start importing Assets/Graphisms/Tilesets/SubTiles/Outside_1432.asset using Guid(abd4ccd0d02379841b0464d995a2a3f1) Importer(2089858483,b0f066a214c2f5e87bad3c948f4d605d) (ScriptedImporter) -> (artifact id: '384fdeaaec4e32317fce9bc7da8f5d46') in 0.0108297 seconds
Number of updated asset objects reloaded before import = 0Number of asset objects unloaded after import = 2

========================================================================
Received Import Request.
  Time since last request: 0.000027 seconds.
  path: Assets/Graphisms/Tilesets/SubTiles/Outside_2234.asset
  artifactKey: Guid(f0531648739b4ad46b53ed7047795c1d) Importer(2089858483,b0f066a214c2f5e87bad3c948f4d605d)
Start importing Assets/Graphisms/Tilesets/SubTiles/Outside_2234.asset using Guid(f0531648739b4ad46b53ed7047795c1d) Importer(2089858483,b0f066a214c2f5e87bad3c948f4d605d) (ScriptedImporter) -> (artifact id: 'b50e24a658e302d145e880d8925dcbdd') in 0.0096757 seconds
Number of updated asset objects reloaded before import = 0Number of asset objects unloaded after import = 2

========================================================================
Received Import Request.
  Time since last request: 0.000037 seconds.
  path: Assets/Graphisms/Tilesets/SubTiles/Outside_1057.asset
  artifactKey: Guid(71d4f436620270542bb0efcd5baac8b2) Importer(2089858483,b0f066a214c2f5e87bad3c948f4d605d)
Start importing Assets/Graphisms/Tilesets/SubTiles/Outside_1057.asset using Guid(71d4f436620270542bb0efcd5baac8b2) Importer(2089858483,b0f066a214c2f5e87bad3c948f4d605d) (ScriptedImporter) -> (artifact id: '72894030e90e08d4b96c2ff44edaf77e') in 0.012629 seconds
Number of updated asset objects reloaded before import = 0Number of asset objects unloaded after import = 2

========================================================================
Received Import Request.
  Time since last request: 0.000029 seconds.
  path: Assets/Graphisms/Tilesets/SubTiles/Outside_1679.asset
  artifactKey: Guid(2e3d39400743701499cae40471aeb076) Importer(2089858483,b0f066a214c2f5e87bad3c948f4d605d)
Start importing Assets/Graphisms/Tilesets/SubTiles/Outside_1679.asset using Guid(2e3d39400743701499cae40471aeb076) Importer(2089858483,b0f066a214c2f5e87bad3c948f4d605d) (ScriptedImporter) -> (artifact id: 'a40f3a65ca045841a588e6e16627f7f5') in 0.0160833 seconds
Number of updated asset objects reloaded before import = 0Number of asset objects unloaded after import = 2

========================================================================
Received Import Request.
  Time since last request: 0.000024 seconds.
  path: Assets/Graphisms/Tilesets/SubTiles/Outside_1546.asset
  artifactKey: Guid(cf8581db2d493304486c03523264b237) Importer(2089858483,b0f066a214c2f5e87bad3c948f4d605d)
Start importing Assets/Graphisms/Tilesets/SubTiles/Outside_1546.asset using Guid(cf8581db2d493304486c03523264b237) Importer(2089858483,b0f066a214c2f5e87bad3c948f4d605d) (ScriptedImporter) -> (artifact id: '950785fd7b73e89c166d753a44e3e71e') in 0.0093998 seconds
Number of updated asset objects reloaded before import = 0Number of asset objects unloaded after import = 2

========================================================================
Received Import Request.
  Time since last request: 0.000020 seconds.
  path: Assets/Graphisms/Tilesets/SubTiles/Outside_213.asset
  artifactKey: Guid(1d5980189299369479e8a064bdc908b8) Importer(2089858483,b0f066a214c2f5e87bad3c948f4d605d)
Start importing Assets/Graphisms/Tilesets/SubTiles/Outside_213.asset using Guid(1d5980189299369479e8a064bdc908b8) Importer(2089858483,b0f066a214c2f5e87bad3c948f4d605d) (ScriptedImporter) -> (artifact id: '9a74b5f3b327f84794f3addd9358647d') in 0.0119805 seconds
Number of updated asset objects reloaded before import = 0Number of asset objects unloaded after import = 2

========================================================================
Received Import Request.
  Time since last request: 0.000055 seconds.
  path: Assets/Graphisms/Tilesets/SubTiles/Outside_248.asset
  artifactKey: Guid(95460f1967feedb43a1cb43f8c13159e) Importer(2089858483,b0f066a214c2f5e87bad3c948f4d605d)
Start importing Assets/Graphisms/Tilesets/SubTiles/Outside_248.asset using Guid(95460f1967feedb43a1cb43f8c13159e) Importer(2089858483,b0f066a214c2f5e87bad3c948f4d605d) (ScriptedImporter) -> (artifact id: '4a25510691f711a836134fc0d0513238') in 0.0095737 seconds
Number of updated asset objects reloaded before import = 0Number of asset objects unloaded after import = 2

========================================================================
Received Import Request.
  Time since last request: 0.000036 seconds.
  path: Assets/Graphisms/Tilesets/SubTiles/Outside_1519.asset
  artifactKey: Guid(dcf5f6c78b165464d9080020037b71cd) Importer(2089858483,b0f066a214c2f5e87bad3c948f4d605d)
Start importing Assets/Graphisms/Tilesets/SubTiles/Outside_1519.asset using Guid(dcf5f6c78b165464d9080020037b71cd) Importer(2089858483,b0f066a214c2f5e87bad3c948f4d605d) (ScriptedImporter) -> (artifact id: 'c917ddac9fcaf69cd02eb8295e75e387') in 0.0126916 seconds
Number of updated asset objects reloaded before import = 0Number of asset objects unloaded after import = 2

========================================================================
Received Import Request.
  Time since last request: 0.000030 seconds.
  path: Assets/Graphisms/Tilesets/SubTiles/Outside_586.asset
  artifactKey: Guid(968c07d44df5e174da1a4813d6288073) Importer(2089858483,b0f066a214c2f5e87bad3c948f4d605d)
Start importing Assets/Graphisms/Tilesets/SubTiles/Outside_586.asset using Guid(968c07d44df5e174da1a4813d6288073) Importer(2089858483,b0f066a214c2f5e87bad3c948f4d605d) (ScriptedImporter) -> (artifact id: '85fe62d1e3d93322775c66773910b530') in 0.0105754 seconds
Number of updated asset objects reloaded before import = 0Number of asset objects unloaded after import = 2

========================================================================
Received Import Request.
  Time since last request: 0.000035 seconds.
  path: Assets/Graphisms/Tilesets/SubTiles/Outside_3049.asset
  artifactKey: Guid(45d5c4ea0ed3ec742a037f6cb9e62439) Importer(2089858483,b0f066a214c2f5e87bad3c948f4d605d)
Start importing Assets/Graphisms/Tilesets/SubTiles/Outside_3049.asset using Guid(45d5c4ea0ed3ec742a037f6cb9e62439) Importer(2089858483,b0f066a214c2f5e87bad3c948f4d605d) (ScriptedImporter) -> (artifact id: '50b11b8bb6baab43a9bbdcc7506e22e7') in 0.0095765 seconds
Number of updated asset objects reloaded before import = 0Number of asset objects unloaded after import = 2

========================================================================
Received Import Request.
  Time since last request: 0.000019 seconds.
  path: Assets/Graphisms/Tilesets/SubTiles/Outside_820.asset
  artifactKey: Guid(fbf80da8dc3e1fd428d045366a7c13d4) Importer(2089858483,b0f066a214c2f5e87bad3c948f4d605d)
Start importing Assets/Graphisms/Tilesets/SubTiles/Outside_820.asset using Guid(fbf80da8dc3e1fd428d045366a7c13d4) Importer(2089858483,b0f066a214c2f5e87bad3c948f4d605d) (ScriptedImporter) -> (artifact id: 'b433df208c3ce07e723529453b3f3b20') in 0.0129292 seconds
Number of updated asset objects reloaded before import = 0Number of asset objects unloaded after import = 2

========================================================================
Received Import Request.
  Time since last request: 0.000056 seconds.
  path: Assets/Graphisms/Tilesets/SubTiles/Outside_900.asset
  artifactKey: Guid(3fda5d55cf0bd3a4cb4637d2aeef38ae) Importer(2089858483,b0f066a214c2f5e87bad3c948f4d605d)
Start importing Assets/Graphisms/Tilesets/SubTiles/Outside_900.asset using Guid(3fda5d55cf0bd3a4cb4637d2aeef38ae) Importer(2089858483,b0f066a214c2f5e87bad3c948f4d605d) (ScriptedImporter) -> (artifact id: '1d517cb0b12f41ad267616a1e7a86da3') in 0.0113865 seconds
Number of updated asset objects reloaded before import = 0Number of asset objects unloaded after import = 2

========================================================================
Received Import Request.
  Time since last request: 0.000036 seconds.
  path: Assets/Graphisms/Tilesets/SubTiles/Outside_457.asset
  artifactKey: Guid(9ffedb96217a9ec4c992b07b2596963e) Importer(2089858483,b0f066a214c2f5e87bad3c948f4d605d)
Start importing Assets/Graphisms/Tilesets/SubTiles/Outside_457.asset using Guid(9ffedb96217a9ec4c992b07b2596963e) Importer(2089858483,b0f066a214c2f5e87bad3c948f4d605d) (ScriptedImporter) -> (artifact id: 'c0cf93f7fd5f81922fb41552c8e79917') in 0.0106712 seconds
Number of updated asset objects reloaded before import = 0Number of asset objects unloaded after import = 2

========================================================================
Received Import Request.
  Time since last request: 0.000022 seconds.
  path: Assets/Graphisms/Tilesets/SubTiles/Outside_2667.asset
  artifactKey: Guid(caa6fd32ce91bf643a4592f1cdb919a3) Importer(2089858483,b0f066a214c2f5e87bad3c948f4d605d)
Start importing Assets/Graphisms/Tilesets/SubTiles/Outside_2667.asset using Guid(caa6fd32ce91bf643a4592f1cdb919a3) Importer(2089858483,b0f066a214c2f5e87bad3c948f4d605d) (ScriptedImporter) -> (artifact id: '5370b691252349de7ed51978b25bd321') in 0.0101536 seconds
Number of updated asset objects reloaded before import = 0Number of asset objects unloaded after import = 2

========================================================================
Received Import Request.
  Time since last request: 0.000026 seconds.
  path: Assets/Graphisms/Tilesets/SubTiles/Outside_605.asset
  artifactKey: Guid(9a1aebfbab13f64448ae1c88d9e78777) Importer(2089858483,b0f066a214c2f5e87bad3c948f4d605d)
Start importing Assets/Graphisms/Tilesets/SubTiles/Outside_605.asset using Guid(9a1aebfbab13f64448ae1c88d9e78777) Importer(2089858483,b0f066a214c2f5e87bad3c948f4d605d) (ScriptedImporter) -> (artifact id: 'b437716b030e6a520250dcbf0a4c4ff5') in 0.010108 seconds
Number of updated asset objects reloaded before import = 0Number of asset objects unloaded after import = 2

========================================================================
Received Import Request.
  Time since last request: 0.000066 seconds.
  path: Assets/Graphisms/Tilesets/SubTiles/Outside_2213.asset
  artifactKey: Guid(5d5edf80ddc48e843a4ab5a83d5f2164) Importer(2089858483,b0f066a214c2f5e87bad3c948f4d605d)
Start importing Assets/Graphisms/Tilesets/SubTiles/Outside_2213.asset using Guid(5d5edf80ddc48e843a4ab5a83d5f2164) Importer(2089858483,b0f066a214c2f5e87bad3c948f4d605d) (ScriptedImporter) -> (artifact id: 'd9d341ed1184472a5f07e12ead1bf521') in 0.0103592 seconds
Number of updated asset objects reloaded before import = 0Number of asset objects unloaded after import = 2

========================================================================
Received Import Request.
  Time since last request: 0.000036 seconds.
  path: Assets/Graphisms/Tilesets/SubTiles/Outside_966.asset
  artifactKey: Guid(97cf700dfa9b1434b86a4e3b950166f0) Importer(2089858483,b0f066a214c2f5e87bad3c948f4d605d)
Start importing Assets/Graphisms/Tilesets/SubTiles/Outside_966.asset using Guid(97cf700dfa9b1434b86a4e3b950166f0) Importer(2089858483,b0f066a214c2f5e87bad3c948f4d605d) (ScriptedImporter) -> (artifact id: '11088e5f8779ade957caa56710365a7b') in 0.0107744 seconds
Number of updated asset objects reloaded before import = 0Number of asset objects unloaded after import = 2

========================================================================
Received Import Request.
  Time since last request: 0.000038 seconds.
  path: Assets/Graphisms/Tilesets/SubTiles/Outside_2646.asset
  artifactKey: Guid(157422cc7fe55b64294d6ac3c8b21c80) Importer(2089858483,b0f066a214c2f5e87bad3c948f4d605d)
Start importing Assets/Graphisms/Tilesets/SubTiles/Outside_2646.asset using Guid(157422cc7fe55b64294d6ac3c8b21c80) Importer(2089858483,b0f066a214c2f5e87bad3c948f4d605d) (ScriptedImporter) -> (artifact id: '916e02271147f77f9c666c52731c6755') in 0.0097263 seconds
Number of updated asset objects reloaded before import = 0Number of asset objects unloaded after import = 2

========================================================================
Received Import Request.
  Time since last request: 0.000031 seconds.
  path: Assets/Graphisms/Tilesets/SubTiles/Outside_2990.asset
  artifactKey: Guid(164af418296ff5c42879da4aad19aea8) Importer(2089858483,b0f066a214c2f5e87bad3c948f4d605d)
Start importing Assets/Graphisms/Tilesets/SubTiles/Outside_2990.asset using Guid(164af418296ff5c42879da4aad19aea8) Importer(2089858483,b0f066a214c2f5e87bad3c948f4d605d) (ScriptedImporter) -> (artifact id: '2d695111f0889c9a5e35efff1abb3a62') in 0.0105883 seconds
Number of updated asset objects reloaded before import = 0Number of asset objects unloaded after import = 2

========================================================================
Received Import Request.
  Time since last request: 0.000022 seconds.
  path: Assets/Graphisms/Tilesets/SubTiles/Outside_3943.asset
  artifactKey: Guid(47d5ed6222d0dc34d9b7306d766e09d1) Importer(2089858483,b0f066a214c2f5e87bad3c948f4d605d)
Start importing Assets/Graphisms/Tilesets/SubTiles/Outside_3943.asset using Guid(47d5ed6222d0dc34d9b7306d766e09d1) Importer(2089858483,b0f066a214c2f5e87bad3c948f4d605d) (ScriptedImporter) -> (artifact id: '34e30c51c203d5f64bd423bec8666cca') in 0.0101355 seconds
Number of updated asset objects reloaded before import = 0Number of asset objects unloaded after import = 2

========================================================================
Received Import Request.
  Time since last request: 0.000032 seconds.
  path: Assets/Graphisms/Tilesets/SubTiles/Outside_3052.asset
  artifactKey: Guid(0092c8ae1c258424f95255d14b360273) Importer(2089858483,b0f066a214c2f5e87bad3c948f4d605d)
Start importing Assets/Graphisms/Tilesets/SubTiles/Outside_3052.asset using Guid(0092c8ae1c258424f95255d14b360273) Importer(2089858483,b0f066a214c2f5e87bad3c948f4d605d) (ScriptedImporter) -> (artifact id: '1179550d7f9c05963942f634db815ffc') in 0.0097788 seconds
Number of updated asset objects reloaded before import = 0Number of asset objects unloaded after import = 2

========================================================================
Received Import Request.
  Time since last request: 0.000028 seconds.
  path: Assets/Graphisms/Tilesets/SubTiles/Outside_2908.asset
  artifactKey: Guid(910cb773fd5276e48931fc18e3760ae5) Importer(2089858483,b0f066a214c2f5e87bad3c948f4d605d)
Start importing Assets/Graphisms/Tilesets/SubTiles/Outside_2908.asset using Guid(910cb773fd5276e48931fc18e3760ae5) Importer(2089858483,b0f066a214c2f5e87bad3c948f4d605d) (ScriptedImporter) -> (artifact id: '8cd16d43144392f38e8998e9b7f64f38') in 0.0123253 seconds
Number of updated asset objects reloaded before import = 0Number of asset objects unloaded after import = 2

========================================================================
Received Import Request.
  Time since last request: 0.000035 seconds.
  path: Assets/Graphisms/Tilesets/SubTiles/Outside_1903.asset
  artifactKey: Guid(b3a1c0a14ea658b4a8bb4533cd35ebb7) Importer(2089858483,b0f066a214c2f5e87bad3c948f4d605d)
Start importing Assets/Graphisms/Tilesets/SubTiles/Outside_1903.asset using Guid(b3a1c0a14ea658b4a8bb4533cd35ebb7) Importer(2089858483,b0f066a214c2f5e87bad3c948f4d605d) (ScriptedImporter) -> (artifact id: '90c22505ad69903ddadd2ee5e9405000') in 0.0126998 seconds
Number of updated asset objects reloaded before import = 0Number of asset objects unloaded after import = 2

========================================================================
Received Import Request.
  Time since last request: 0.000022 seconds.
  path: Assets/Graphisms/Tilesets/SubTiles/Outside_1050.asset
  artifactKey: Guid(677407e1e3236d646a9889d842ea7345) Importer(2089858483,b0f066a214c2f5e87bad3c948f4d605d)
Start importing Assets/Graphisms/Tilesets/SubTiles/Outside_1050.asset using Guid(677407e1e3236d646a9889d842ea7345) Importer(2089858483,b0f066a214c2f5e87bad3c948f4d605d) (ScriptedImporter) -> (artifact id: 'db623bb3a64b88efc03f50a5b1dbac44') in 0.0114383 seconds
Number of updated asset objects reloaded before import = 0Number of asset objects unloaded after import = 2

========================================================================
Received Import Request.
  Time since last request: 0.000018 seconds.
  path: Assets/Graphisms/Tilesets/SubTiles/Outside_3841.asset
  artifactKey: Guid(1cef8bf3be7613e43b769fb1318d1a7d) Importer(2089858483,b0f066a214c2f5e87bad3c948f4d605d)
Start importing Assets/Graphisms/Tilesets/SubTiles/Outside_3841.asset using Guid(1cef8bf3be7613e43b769fb1318d1a7d) Importer(2089858483,b0f066a214c2f5e87bad3c948f4d605d) (ScriptedImporter) -> (artifact id: '005d539c9ea61baeeae07ddec288ef99') in 0.0124489 seconds
Number of updated asset objects reloaded before import = 0Number of asset objects unloaded after import = 2

========================================================================
Received Import Request.
  Time since last request: 0.000018 seconds.
  path: Assets/Graphisms/Tilesets/SubTiles/Outside_1427.asset
  artifactKey: Guid(28c622154becb094882f763f7b36c54b) Importer(2089858483,b0f066a214c2f5e87bad3c948f4d605d)
Start importing Assets/Graphisms/Tilesets/SubTiles/Outside_1427.asset using Guid(28c622154becb094882f763f7b36c54b) Importer(2089858483,b0f066a214c2f5e87bad3c948f4d605d) (ScriptedImporter) -> (artifact id: '132ac30cb99e4e96bd78e0ff9f558c81') in 0.0128792 seconds
Number of updated asset objects reloaded before import = 0Number of asset objects unloaded after import = 2

========================================================================
Received Import Request.
  Time since last request: 0.000046 seconds.
  path: Assets/Graphisms/Tilesets/SubTiles/Outside_3088.asset
  artifactKey: Guid(bc6d97267b2688f4bbd87e113ab69deb) Importer(2089858483,b0f066a214c2f5e87bad3c948f4d605d)
Start importing Assets/Graphisms/Tilesets/SubTiles/Outside_3088.asset using Guid(bc6d97267b2688f4bbd87e113ab69deb) Importer(2089858483,b0f066a214c2f5e87bad3c948f4d605d) (ScriptedImporter) -> (artifact id: '0ff884ab4cee08d1c7911ad111cb3eee') in 0.0104486 seconds
Number of updated asset objects reloaded before import = 0Number of asset objects unloaded after import = 2

========================================================================
Received Import Request.
  Time since last request: 0.000036 seconds.
  path: Assets/Graphisms/Tilesets/SubTiles/Outside_44.asset
  artifactKey: Guid(9b8e2332350c3c14b97894770e177a27) Importer(2089858483,b0f066a214c2f5e87bad3c948f4d605d)
Start importing Assets/Graphisms/Tilesets/SubTiles/Outside_44.asset using Guid(9b8e2332350c3c14b97894770e177a27) Importer(2089858483,b0f066a214c2f5e87bad3c948f4d605d) (ScriptedImporter) -> (artifact id: '735887d6420f983c23a4cce7f0002101') in 0.018224 seconds
Number of updated asset objects reloaded before import = 0Number of asset objects unloaded after import = 2

========================================================================
Received Import Request.
  Time since last request: 0.000024 seconds.
  path: Assets/Graphisms/Tilesets/SubTiles/Outside_2121.asset
  artifactKey: Guid(5ac32f778b071764cb01b3c5a7c1f2e8) Importer(2089858483,b0f066a214c2f5e87bad3c948f4d605d)
Start importing Assets/Graphisms/Tilesets/SubTiles/Outside_2121.asset using Guid(5ac32f778b071764cb01b3c5a7c1f2e8) Importer(2089858483,b0f066a214c2f5e87bad3c948f4d605d) (ScriptedImporter) -> (artifact id: 'c133aed35708a537f3488497cc4100ff') in 0.0108729 seconds
Number of updated asset objects reloaded before import = 0Number of asset objects unloaded after import = 2

========================================================================
Received Import Request.
  Time since last request: 0.000019 seconds.
  path: Assets/Graphisms/Tilesets/SubTiles/Outside_3665.asset
  artifactKey: Guid(f965c2555fca06e4093c1f345245d209) Importer(2089858483,b0f066a214c2f5e87bad3c948f4d605d)
Start importing Assets/Graphisms/Tilesets/SubTiles/Outside_3665.asset using Guid(f965c2555fca06e4093c1f345245d209) Importer(2089858483,b0f066a214c2f5e87bad3c948f4d605d) (ScriptedImporter) -> (artifact id: '1b0cf47fc8c9f17f147637028f123128') in 0.009233 seconds
Number of updated asset objects reloaded before import = 0Number of asset objects unloaded after import = 2

========================================================================
Received Import Request.
  Time since last request: 0.000039 seconds.
  path: Assets/Graphisms/Tilesets/SubTiles/Outside_3429.asset
  artifactKey: Guid(07af009476b8e764cba9f5d68a5a5155) Importer(2089858483,b0f066a214c2f5e87bad3c948f4d605d)
Start importing Assets/Graphisms/Tilesets/SubTiles/Outside_3429.asset using Guid(07af009476b8e764cba9f5d68a5a5155) Importer(2089858483,b0f066a214c2f5e87bad3c948f4d605d) (ScriptedImporter) -> (artifact id: '0b785da021729d74d8aec23009216713') in 0.0098777 seconds
Number of updated asset objects reloaded before import = 0Number of asset objects unloaded after import = 2

========================================================================
Received Import Request.
  Time since last request: 0.000030 seconds.
  path: Assets/Graphisms/Tilesets/SubTiles/Outside_3530.asset
  artifactKey: Guid(1713375b282a93e41b79cf6054b2c74a) Importer(2089858483,b0f066a214c2f5e87bad3c948f4d605d)
Start importing Assets/Graphisms/Tilesets/SubTiles/Outside_3530.asset using Guid(1713375b282a93e41b79cf6054b2c74a) Importer(2089858483,b0f066a214c2f5e87bad3c948f4d605d) (ScriptedImporter) -> (artifact id: '614fac59bb5ff157e79c908873ec7944') in 0.0098147 seconds
Number of updated asset objects reloaded before import = 0Number of asset objects unloaded after import = 2

========================================================================
Received Import Request.
  Time since last request: 0.000033 seconds.
  path: Assets/Graphisms/Tilesets/SubTiles/Outside_2246.asset
  artifactKey: Guid(93cd02edebe33d2478e9f560fbda43ff) Importer(2089858483,b0f066a214c2f5e87bad3c948f4d605d)
Start importing Assets/Graphisms/Tilesets/SubTiles/Outside_2246.asset using Guid(93cd02edebe33d2478e9f560fbda43ff) Importer(2089858483,b0f066a214c2f5e87bad3c948f4d605d) (ScriptedImporter) -> (artifact id: 'a5fe22d65f17204ec5e0f35aafd31379') in 0.0099278 seconds
Number of updated asset objects reloaded before import = 0Number of asset objects unloaded after import = 2

========================================================================
Received Import Request.
  Time since last request: 0.000022 seconds.
  path: Assets/Graphisms/Tilesets/SubTiles/Outside_616.asset
  artifactKey: Guid(3e57a3f2265e8ef48aa3f1fce0835141) Importer(2089858483,b0f066a214c2f5e87bad3c948f4d605d)
Start importing Assets/Graphisms/Tilesets/SubTiles/Outside_616.asset using Guid(3e57a3f2265e8ef48aa3f1fce0835141) Importer(2089858483,b0f066a214c2f5e87bad3c948f4d605d) (ScriptedImporter) -> (artifact id: 'bcfdf1812fa567a32ea3fb3003c8f2c8') in 0.0128222 seconds
Number of updated asset objects reloaded before import = 0Number of asset objects unloaded after import = 2

========================================================================
Received Import Request.
  Time since last request: 0.000041 seconds.
  path: Assets/Graphisms/Tilesets/SubTiles/Outside_3764.asset
  artifactKey: Guid(7232d18eb5e3fab429475947b9071207) Importer(2089858483,b0f066a214c2f5e87bad3c948f4d605d)
Start importing Assets/Graphisms/Tilesets/SubTiles/Outside_3764.asset using Guid(7232d18eb5e3fab429475947b9071207) Importer(2089858483,b0f066a214c2f5e87bad3c948f4d605d) (ScriptedImporter) -> (artifact id: '2f647966722fa95f83ffcfdc84cbde83') in 0.0102977 seconds
Number of updated asset objects reloaded before import = 0Number of asset objects unloaded after import = 2

========================================================================
Received Import Request.
  Time since last request: 0.000029 seconds.
  path: Assets/Graphisms/Tilesets/SubTiles/Outside_2538.asset
  artifactKey: Guid(6cb77a07901db9e43b864495946175cf) Importer(2089858483,b0f066a214c2f5e87bad3c948f4d605d)
Start importing Assets/Graphisms/Tilesets/SubTiles/Outside_2538.asset using Guid(6cb77a07901db9e43b864495946175cf) Importer(2089858483,b0f066a214c2f5e87bad3c948f4d605d) (ScriptedImporter) -> (artifact id: '44bab22250bb593d2bdb097c302b4054') in 0.0109957 seconds
Number of updated asset objects reloaded before import = 0Number of asset objects unloaded after import = 2

========================================================================
Received Import Request.
  Time since last request: 0.000066 seconds.
  path: Assets/Graphisms/Tilesets/SubTiles/Outside_1243.asset
  artifactKey: Guid(cbdbb9b724fd7ce428aec9ea3526c287) Importer(2089858483,b0f066a214c2f5e87bad3c948f4d605d)
Start importing Assets/Graphisms/Tilesets/SubTiles/Outside_1243.asset using Guid(cbdbb9b724fd7ce428aec9ea3526c287) Importer(2089858483,b0f066a214c2f5e87bad3c948f4d605d) (ScriptedImporter) -> (artifact id: '28a3d6e4b902e7476877869406e78a3a') in 0.0107845 seconds
Number of updated asset objects reloaded before import = 0Number of asset objects unloaded after import = 2

========================================================================
Received Import Request.
  Time since last request: 0.000024 seconds.
  path: Assets/Graphisms/Tilesets/SubTiles/Outside_1443.asset
  artifactKey: Guid(853badadb7e67634798b353a43d01ec1) Importer(2089858483,b0f066a214c2f5e87bad3c948f4d605d)
Start importing Assets/Graphisms/Tilesets/SubTiles/Outside_1443.asset using Guid(853badadb7e67634798b353a43d01ec1) Importer(2089858483,b0f066a214c2f5e87bad3c948f4d605d) (ScriptedImporter) -> (artifact id: 'b077c97d8fb3952c9e9bf60e87186ea6') in 0.0120767 seconds
Number of updated asset objects reloaded before import = 0Number of asset objects unloaded after import = 2

========================================================================
Received Import Request.
  Time since last request: 0.000019 seconds.
  path: Assets/Graphisms/Tilesets/SubTiles/Outside_2534.asset
  artifactKey: Guid(a9359ab587ef33444bcf35640b262be9) Importer(2089858483,b0f066a214c2f5e87bad3c948f4d605d)
Start importing Assets/Graphisms/Tilesets/SubTiles/Outside_2534.asset using Guid(a9359ab587ef33444bcf35640b262be9) Importer(2089858483,b0f066a214c2f5e87bad3c948f4d605d) (ScriptedImporter) -> (artifact id: '3b22d6c8b465a6da1cb1fd5e6f1b838f') in 0.0113684 seconds
Number of updated asset objects reloaded before import = 0Number of asset objects unloaded after import = 2

========================================================================
Received Import Request.
  Time since last request: 0.000024 seconds.
  path: Assets/Graphisms/Tilesets/SubTiles/Outside_3634.asset
  artifactKey: Guid(db7a1685cf2b83544a24e1afa542589d) Importer(2089858483,b0f066a214c2f5e87bad3c948f4d605d)
Start importing Assets/Graphisms/Tilesets/SubTiles/Outside_3634.asset using Guid(db7a1685cf2b83544a24e1afa542589d) Importer(2089858483,b0f066a214c2f5e87bad3c948f4d605d) (ScriptedImporter) -> (artifact id: 'be30ce9e636059dfc3738c35133e5e8c') in 0.0118019 seconds
Number of updated asset objects reloaded before import = 0Number of asset objects unloaded after import = 2

========================================================================
Received Import Request.
  Time since last request: 0.000033 seconds.
  path: Assets/Graphisms/Tilesets/SubTiles/Outside_2615.asset
  artifactKey: Guid(d873d7de5b9423148b11ad17a6627097) Importer(2089858483,b0f066a214c2f5e87bad3c948f4d605d)
Start importing Assets/Graphisms/Tilesets/SubTiles/Outside_2615.asset using Guid(d873d7de5b9423148b11ad17a6627097) Importer(2089858483,b0f066a214c2f5e87bad3c948f4d605d) (ScriptedImporter) -> (artifact id: '821de716322445ee17d7c3d9fb2de857') in 0.0101992 seconds
Number of updated asset objects reloaded before import = 0Number of asset objects unloaded after import = 2

========================================================================
Received Import Request.
  Time since last request: 0.000019 seconds.
  path: Assets/Graphisms/Tilesets/SubTiles/Outside_3362.asset
  artifactKey: Guid(bc17286cab6dbd649a5fb59ad179628b) Importer(2089858483,b0f066a214c2f5e87bad3c948f4d605d)
Start importing Assets/Graphisms/Tilesets/SubTiles/Outside_3362.asset using Guid(bc17286cab6dbd649a5fb59ad179628b) Importer(2089858483,b0f066a214c2f5e87bad3c948f4d605d) (ScriptedImporter) -> (artifact id: '66184e8c87695e2b5b02029f1a677d6e') in 0.0106071 seconds
Number of updated asset objects reloaded before import = 0Number of asset objects unloaded after import = 2

========================================================================
Received Import Request.
  Time since last request: 0.000024 seconds.
  path: Assets/Graphisms/Tilesets/SubTiles/Outside_710.asset
  artifactKey: Guid(d1574cbad52267045bc355ee3ed85595) Importer(2089858483,b0f066a214c2f5e87bad3c948f4d605d)
Start importing Assets/Graphisms/Tilesets/SubTiles/Outside_710.asset using Guid(d1574cbad52267045bc355ee3ed85595) Importer(2089858483,b0f066a214c2f5e87bad3c948f4d605d) (ScriptedImporter) -> (artifact id: '84cbdb79acaf5c79b9fd7ec154be017d') in 0.0128812 seconds
Number of updated asset objects reloaded before import = 0Number of asset objects unloaded after import = 2

========================================================================
Received Import Request.
  Time since last request: 0.000018 seconds.
  path: Assets/Graphisms/Tilesets/SubTiles/Outside_115.asset
  artifactKey: Guid(c9d506ac0b63f2f4bab46a7a39031775) Importer(2089858483,b0f066a214c2f5e87bad3c948f4d605d)
Start importing Assets/Graphisms/Tilesets/SubTiles/Outside_115.asset using Guid(c9d506ac0b63f2f4bab46a7a39031775) Importer(2089858483,b0f066a214c2f5e87bad3c948f4d605d) (ScriptedImporter) -> (artifact id: 'a2d9be3464055d6a998d1862b3b13011') in 0.0132217 seconds
Number of updated asset objects reloaded before import = 0Number of asset objects unloaded after import = 2

========================================================================
Received Import Request.
  Time since last request: 0.000022 seconds.
  path: Assets/Graphisms/Tilesets/SubTiles/Outside_2982.asset
  artifactKey: Guid(1b35d1103b45e94418a6f4ad0ef094d0) Importer(2089858483,b0f066a214c2f5e87bad3c948f4d605d)
Start importing Assets/Graphisms/Tilesets/SubTiles/Outside_2982.asset using Guid(1b35d1103b45e94418a6f4ad0ef094d0) Importer(2089858483,b0f066a214c2f5e87bad3c948f4d605d) (ScriptedImporter) -> (artifact id: '98237cdd7363e854dc5a8af7bb560f3e') in 0.0119297 seconds
Number of updated asset objects reloaded before import = 0Number of asset objects unloaded after import = 2

========================================================================
Received Import Request.
  Time since last request: 0.000041 seconds.
  path: Assets/Graphisms/Tilesets/SubTiles/Outside_1514.asset
  artifactKey: Guid(0af428f88230b14468dbee50219e7293) Importer(2089858483,b0f066a214c2f5e87bad3c948f4d605d)
Start importing Assets/Graphisms/Tilesets/SubTiles/Outside_1514.asset using Guid(0af428f88230b14468dbee50219e7293) Importer(2089858483,b0f066a214c2f5e87bad3c948f4d605d) (ScriptedImporter) -> (artifact id: '937848197670a3b19a9710a252551941') in 0.0119943 seconds
Number of updated asset objects reloaded before import = 0Number of asset objects unloaded after import = 2

========================================================================
Received Import Request.
  Time since last request: 0.000020 seconds.
  path: Assets/Graphisms/Tilesets/SubTiles/Outside_3096.asset
  artifactKey: Guid(c76401712c610d84a9d649820586451f) Importer(2089858483,b0f066a214c2f5e87bad3c948f4d605d)
Start importing Assets/Graphisms/Tilesets/SubTiles/Outside_3096.asset using Guid(c76401712c610d84a9d649820586451f) Importer(2089858483,b0f066a214c2f5e87bad3c948f4d605d) (ScriptedImporter) -> (artifact id: '0846ee29a8dd34dcede4ec60a69fc4f4') in 0.0107925 seconds
Number of updated asset objects reloaded before import = 0Number of asset objects unloaded after import = 2

========================================================================
Received Import Request.
  Time since last request: 0.000039 seconds.
  path: Assets/Graphisms/Tilesets/SubTiles/Outside_2201.asset
  artifactKey: Guid(a242919b07f6991409b1b1a1751b53b0) Importer(2089858483,b0f066a214c2f5e87bad3c948f4d605d)
Start importing Assets/Graphisms/Tilesets/SubTiles/Outside_2201.asset using Guid(a242919b07f6991409b1b1a1751b53b0) Importer(2089858483,b0f066a214c2f5e87bad3c948f4d605d) (ScriptedImporter) -> (artifact id: 'd1b02019a1cafb953a1e8366717608f1') in 0.0103643 seconds
Number of updated asset objects reloaded before import = 0Number of asset objects unloaded after import = 2

========================================================================
Received Import Request.
  Time since last request: 0.000029 seconds.
  path: Assets/Graphisms/Tilesets/SubTiles/Outside_4012.asset
  artifactKey: Guid(4c6cf96350e27534492effe7df08c1bf) Importer(2089858483,b0f066a214c2f5e87bad3c948f4d605d)
Start importing Assets/Graphisms/Tilesets/SubTiles/Outside_4012.asset using Guid(4c6cf96350e27534492effe7df08c1bf) Importer(2089858483,b0f066a214c2f5e87bad3c948f4d605d) (ScriptedImporter) -> (artifact id: '16008e4cb83d371783cdc4fffe7f8cd0') in 0.0152243 seconds
Number of updated asset objects reloaded before import = 0Number of asset objects unloaded after import = 2

========================================================================
Received Import Request.
  Time since last request: 0.000028 seconds.
  path: Assets/Graphisms/Tilesets/SubTiles/Outside_2430.asset
  artifactKey: Guid(1f9295acaffeaf741ac14beab98c8577) Importer(2089858483,b0f066a214c2f5e87bad3c948f4d605d)
Start importing Assets/Graphisms/Tilesets/SubTiles/Outside_2430.asset using Guid(1f9295acaffeaf741ac14beab98c8577) Importer(2089858483,b0f066a214c2f5e87bad3c948f4d605d) (ScriptedImporter) -> (artifact id: '529df008bd61522c93206a117aa185e9') in 0.0107665 seconds
Number of updated asset objects reloaded before import = 0Number of asset objects unloaded after import = 2

========================================================================
Received Import Request.
  Time since last request: 0.000040 seconds.
  path: Assets/Graphisms/Tilesets/SubTiles/Outside_3687.asset
  artifactKey: Guid(5c9cfcba59609e9468a8abf27d30e76f) Importer(2089858483,b0f066a214c2f5e87bad3c948f4d605d)
Start importing Assets/Graphisms/Tilesets/SubTiles/Outside_3687.asset using Guid(5c9cfcba59609e9468a8abf27d30e76f) Importer(2089858483,b0f066a214c2f5e87bad3c948f4d605d) (ScriptedImporter) -> (artifact id: 'ffcb13bc5f3d4589050290aa87746466') in 0.0118274 seconds
Number of updated asset objects reloaded before import = 0Number of asset objects unloaded after import = 2

========================================================================
Received Import Request.
  Time since last request: 0.000019 seconds.
  path: Assets/Graphisms/Tilesets/SubTiles/Outside_763.asset
  artifactKey: Guid(c852b50590ba1d0419afd36023ef1578) Importer(2089858483,b0f066a214c2f5e87bad3c948f4d605d)
Start importing Assets/Graphisms/Tilesets/SubTiles/Outside_763.asset using Guid(c852b50590ba1d0419afd36023ef1578) Importer(2089858483,b0f066a214c2f5e87bad3c948f4d605d) (ScriptedImporter) -> (artifact id: 'e8567762e37be8ef1ebb6f4abbc6ea5f') in 0.0110387 seconds
Number of updated asset objects reloaded before import = 0Number of asset objects unloaded after import = 2

========================================================================
Received Import Request.
  Time since last request: 0.000027 seconds.
  path: Assets/Graphisms/Tilesets/SubTiles/Outside_638.asset
  artifactKey: Guid(979cc3ce415451443bc673e3b025fbe1) Importer(2089858483,b0f066a214c2f5e87bad3c948f4d605d)
Start importing Assets/Graphisms/Tilesets/SubTiles/Outside_638.asset using Guid(979cc3ce415451443bc673e3b025fbe1) Importer(2089858483,b0f066a214c2f5e87bad3c948f4d605d) (ScriptedImporter) -> (artifact id: 'db516e8d5d16be27edab3be7d27e4d89') in 0.0122682 seconds
Number of updated asset objects reloaded before import = 0Number of asset objects unloaded after import = 2

========================================================================
Received Import Request.
  Time since last request: 0.000022 seconds.
  path: Assets/Graphisms/Tilesets/SubTiles/Outside_848.asset
  artifactKey: Guid(b1610b59bb4d3c642aa36ded461278b8) Importer(2089858483,b0f066a214c2f5e87bad3c948f4d605d)
Start importing Assets/Graphisms/Tilesets/SubTiles/Outside_848.asset using Guid(b1610b59bb4d3c642aa36ded461278b8) Importer(2089858483,b0f066a214c2f5e87bad3c948f4d605d) (ScriptedImporter) -> (artifact id: '754dc0797ce5665d49828589129f4ccf') in 0.0117828 seconds
Number of updated asset objects reloaded before import = 0Number of asset objects unloaded after import = 2

========================================================================
Received Import Request.
  Time since last request: 0.000033 seconds.
  path: Assets/Graphisms/Tilesets/SubTiles/Outside_3824.asset
  artifactKey: Guid(77461bbdaba7d5d41a06530ab0553890) Importer(2089858483,b0f066a214c2f5e87bad3c948f4d605d)
Start importing Assets/Graphisms/Tilesets/SubTiles/Outside_3824.asset using Guid(77461bbdaba7d5d41a06530ab0553890) Importer(2089858483,b0f066a214c2f5e87bad3c948f4d605d) (ScriptedImporter) -> (artifact id: '2d4813e07273684cdfdee2a2367bbf49') in 0.0112388 seconds
Number of updated asset objects reloaded before import = 0Number of asset objects unloaded after import = 2

========================================================================
Received Import Request.
  Time since last request: 0.000016 seconds.
  path: Assets/Graphisms/Tilesets/SubTiles/Outside_3868.asset
  artifactKey: Guid(2c4739915be18a444a898a052c648e4d) Importer(2089858483,b0f066a214c2f5e87bad3c948f4d605d)
Start importing Assets/Graphisms/Tilesets/SubTiles/Outside_3868.asset using Guid(2c4739915be18a444a898a052c648e4d) Importer(2089858483,b0f066a214c2f5e87bad3c948f4d605d) (ScriptedImporter) -> (artifact id: '852fcb6c6c2781ea31857cd59a3f8cd1') in 0.010708 seconds
Number of updated asset objects reloaded before import = 0Number of asset objects unloaded after import = 2

========================================================================
Received Import Request.
  Time since last request: 0.000026 seconds.
  path: Assets/Graphisms/Tilesets/SubTiles/Outside_2066.asset
  artifactKey: Guid(480a3f1cea34bd041ac329e51bef80d4) Importer(2089858483,b0f066a214c2f5e87bad3c948f4d605d)
Start importing Assets/Graphisms/Tilesets/SubTiles/Outside_2066.asset using Guid(480a3f1cea34bd041ac329e51bef80d4) Importer(2089858483,b0f066a214c2f5e87bad3c948f4d605d) (ScriptedImporter) -> (artifact id: 'dfc0f987e9cb2cada4437ef756586873') in 0.011908 seconds
Number of updated asset objects reloaded before import = 0Number of asset objects unloaded after import = 2

========================================================================
Received Import Request.
  Time since last request: 0.000019 seconds.
  path: Assets/Graphisms/Tilesets/SubTiles/Outside_3869.asset
  artifactKey: Guid(8626dda627735c448ae605bdd688351c) Importer(2089858483,b0f066a214c2f5e87bad3c948f4d605d)
Start importing Assets/Graphisms/Tilesets/SubTiles/Outside_3869.asset using Guid(8626dda627735c448ae605bdd688351c) Importer(2089858483,b0f066a214c2f5e87bad3c948f4d605d) (ScriptedImporter) -> (artifact id: 'd5ac66eb63e3da7eb1c240cf1de238ef') in 0.0112622 seconds
Number of updated asset objects reloaded before import = 0Number of asset objects unloaded after import = 2

========================================================================
Received Import Request.
  Time since last request: 0.000023 seconds.
  path: Assets/Graphisms/Tilesets/SubTiles/Outside_2568.asset
  artifactKey: Guid(13a289837f8460843be45904dd9e9063) Importer(2089858483,b0f066a214c2f5e87bad3c948f4d605d)
Start importing Assets/Graphisms/Tilesets/SubTiles/Outside_2568.asset using Guid(13a289837f8460843be45904dd9e9063) Importer(2089858483,b0f066a214c2f5e87bad3c948f4d605d) (ScriptedImporter) -> (artifact id: 'fb7af815e0da0dcdf351a61fb070e456') in 0.0102327 seconds
Number of updated asset objects reloaded before import = 0Number of asset objects unloaded after import = 2

========================================================================
Received Import Request.
  Time since last request: 0.000030 seconds.
  path: Assets/Graphisms/Tilesets/SubTiles/Outside_1262.asset
  artifactKey: Guid(2d66af53f8a36de4ca156d0f974ce6c2) Importer(2089858483,b0f066a214c2f5e87bad3c948f4d605d)
Start importing Assets/Graphisms/Tilesets/SubTiles/Outside_1262.asset using Guid(2d66af53f8a36de4ca156d0f974ce6c2) Importer(2089858483,b0f066a214c2f5e87bad3c948f4d605d) (ScriptedImporter) -> (artifact id: '36e0dcd87473b3f059ef8d43600d839d') in 0.0121471 seconds
Number of updated asset objects reloaded before import = 0Number of asset objects unloaded after import = 2

========================================================================
Received Import Request.
  Time since last request: 0.000022 seconds.
  path: Assets/Graphisms/Tilesets/SubTiles/Outside_907.asset
  artifactKey: Guid(befb2d001507dc64c989893c877dad77) Importer(2089858483,b0f066a214c2f5e87bad3c948f4d605d)
Start importing Assets/Graphisms/Tilesets/SubTiles/Outside_907.asset using Guid(befb2d001507dc64c989893c877dad77) Importer(2089858483,b0f066a214c2f5e87bad3c948f4d605d) (ScriptedImporter) -> (artifact id: 'c97b4217e329d8d6171cdf119b11e85e') in 0.0102584 seconds
Number of updated asset objects reloaded before import = 0Number of asset objects unloaded after import = 2

========================================================================
Received Import Request.
  Time since last request: 0.000030 seconds.
  path: Assets/Graphisms/Tilesets/SubTiles/Outside_2904.asset
  artifactKey: Guid(71c9d047b27223945a00ece0fdc9966d) Importer(2089858483,b0f066a214c2f5e87bad3c948f4d605d)
Start importing Assets/Graphisms/Tilesets/SubTiles/Outside_2904.asset using Guid(71c9d047b27223945a00ece0fdc9966d) Importer(2089858483,b0f066a214c2f5e87bad3c948f4d605d) (ScriptedImporter) -> (artifact id: '98eef8ddb22ace9be9e9823ff4a627f7') in 0.0126607 seconds
Number of updated asset objects reloaded before import = 0Number of asset objects unloaded after import = 2

========================================================================
Received Import Request.
  Time since last request: 0.000022 seconds.
  path: Assets/Graphisms/Tilesets/SubTiles/Outside_1980.asset
  artifactKey: Guid(39e975a776169444784c83caee558e29) Importer(2089858483,b0f066a214c2f5e87bad3c948f4d605d)
Start importing Assets/Graphisms/Tilesets/SubTiles/Outside_1980.asset using Guid(39e975a776169444784c83caee558e29) Importer(2089858483,b0f066a214c2f5e87bad3c948f4d605d) (ScriptedImporter) -> (artifact id: 'faa7fca2bb46dcc15083dea6cddc02c5') in 0.0105493 seconds
Number of updated asset objects reloaded before import = 0Number of asset objects unloaded after import = 2

========================================================================
Received Import Request.
  Time since last request: 0.000037 seconds.
  path: Assets/Graphisms/Tilesets/SubTiles/Outside_379.asset
  artifactKey: Guid(4308aa1437a177642921f0e6102ea0e9) Importer(2089858483,b0f066a214c2f5e87bad3c948f4d605d)
Start importing Assets/Graphisms/Tilesets/SubTiles/Outside_379.asset using Guid(4308aa1437a177642921f0e6102ea0e9) Importer(2089858483,b0f066a214c2f5e87bad3c948f4d605d) (ScriptedImporter) -> (artifact id: 'c8ebf67cc190af4292fb68fded31dfe6') in 0.0141258 seconds
Number of updated asset objects reloaded before import = 0Number of asset objects unloaded after import = 2

========================================================================
Received Import Request.
  Time since last request: 0.000020 seconds.
  path: Assets/Graphisms/Tilesets/SubTiles/Outside_1333.asset
  artifactKey: Guid(83affc636b5eb5a4588f748bf439f35f) Importer(2089858483,b0f066a214c2f5e87bad3c948f4d605d)
Start importing Assets/Graphisms/Tilesets/SubTiles/Outside_1333.asset using Guid(83affc636b5eb5a4588f748bf439f35f) Importer(2089858483,b0f066a214c2f5e87bad3c948f4d605d) (ScriptedImporter) -> (artifact id: '461996bf9a2a2ed8a1e8ec2e2d1dd944') in 0.0092783 seconds
Number of updated asset objects reloaded before import = 0Number of asset objects unloaded after import = 2

========================================================================
Received Import Request.
  Time since last request: 0.000021 seconds.
  path: Assets/Graphisms/Tilesets/SubTiles/Outside_2318.asset
  artifactKey: Guid(c89879e412699f843b1fb3a3948b470c) Importer(2089858483,b0f066a214c2f5e87bad3c948f4d605d)
Start importing Assets/Graphisms/Tilesets/SubTiles/Outside_2318.asset using Guid(c89879e412699f843b1fb3a3948b470c) Importer(2089858483,b0f066a214c2f5e87bad3c948f4d605d) (ScriptedImporter) -> (artifact id: '5d8fe9f82062e7b65ab77eb8953295e6') in 0.0106095 seconds
Number of updated asset objects reloaded before import = 0Number of asset objects unloaded after import = 2

========================================================================
Received Import Request.
  Time since last request: 0.000022 seconds.
  path: Assets/Graphisms/Tilesets/SubTiles/Outside_1908.asset
  artifactKey: Guid(1ea67f196ff57c642be1e952a5f13efe) Importer(2089858483,b0f066a214c2f5e87bad3c948f4d605d)
Start importing Assets/Graphisms/Tilesets/SubTiles/Outside_1908.asset using Guid(1ea67f196ff57c642be1e952a5f13efe) Importer(2089858483,b0f066a214c2f5e87bad3c948f4d605d) (ScriptedImporter) -> (artifact id: 'e669979d74887372d934c5dd15e6585a') in 0.0111126 seconds
Number of updated asset objects reloaded before import = 0Number of asset objects unloaded after import = 2

========================================================================
Received Import Request.
  Time since last request: 0.000032 seconds.
  path: Assets/Graphisms/Tilesets/SubTiles/Outside_2173.asset
  artifactKey: Guid(818529a041cec3d48b2bdbf334bc90bb) Importer(2089858483,b0f066a214c2f5e87bad3c948f4d605d)
Start importing Assets/Graphisms/Tilesets/SubTiles/Outside_2173.asset using Guid(818529a041cec3d48b2bdbf334bc90bb) Importer(2089858483,b0f066a214c2f5e87bad3c948f4d605d) (ScriptedImporter) -> (artifact id: 'a418ebf86b1596e7ee97a072e3976224') in 0.0120704 seconds
Number of updated asset objects reloaded before import = 0Number of asset objects unloaded after import = 2

========================================================================
Received Import Request.
  Time since last request: 0.000068 seconds.
  path: Assets/Graphisms/Tilesets/SubTiles/Outside_2712.asset
  artifactKey: Guid(a932675bd38452845a4a60067fac66cb) Importer(2089858483,b0f066a214c2f5e87bad3c948f4d605d)
Start importing Assets/Graphisms/Tilesets/SubTiles/Outside_2712.asset using Guid(a932675bd38452845a4a60067fac66cb) Importer(2089858483,b0f066a214c2f5e87bad3c948f4d605d) (ScriptedImporter) -> (artifact id: 'ff88f3977a47c9ed4b0513f145bcc31c') in 0.0108073 seconds
Number of updated asset objects reloaded before import = 0Number of asset objects unloaded after import = 2

========================================================================
Received Import Request.
  Time since last request: 0.000045 seconds.
  path: Assets/Graphisms/Tilesets/SubTiles/Outside_1828.asset
  artifactKey: Guid(836ba29b616b6b5438af1e499c530bdd) Importer(2089858483,b0f066a214c2f5e87bad3c948f4d605d)
Start importing Assets/Graphisms/Tilesets/SubTiles/Outside_1828.asset using Guid(836ba29b616b6b5438af1e499c530bdd) Importer(2089858483,b0f066a214c2f5e87bad3c948f4d605d) (ScriptedImporter) -> (artifact id: '4d39e9d27b3bc2737e60bb6b04fce00b') in 0.010777 seconds
Number of updated asset objects reloaded before import = 0Number of asset objects unloaded after import = 2

========================================================================
Received Import Request.
  Time since last request: 0.000020 seconds.
  path: Assets/Graphisms/Tilesets/SubTiles/Outside_3508.asset
  artifactKey: Guid(daebe82d04affde448f9603249e7844d) Importer(2089858483,b0f066a214c2f5e87bad3c948f4d605d)
Start importing Assets/Graphisms/Tilesets/SubTiles/Outside_3508.asset using Guid(daebe82d04affde448f9603249e7844d) Importer(2089858483,b0f066a214c2f5e87bad3c948f4d605d) (ScriptedImporter) -> (artifact id: '87e44984bdb89e44b4061560407b74f2') in 0.0102315 seconds
Number of updated asset objects reloaded before import = 0Number of asset objects unloaded after import = 2

========================================================================
Received Import Request.
  Time since last request: 0.000022 seconds.
  path: Assets/Graphisms/Tilesets/SubTiles/Outside_1414.asset
  artifactKey: Guid(ad8bc29d6e8a61044b7d398faf5c234f) Importer(2089858483,b0f066a214c2f5e87bad3c948f4d605d)
Start importing Assets/Graphisms/Tilesets/SubTiles/Outside_1414.asset using Guid(ad8bc29d6e8a61044b7d398faf5c234f) Importer(2089858483,b0f066a214c2f5e87bad3c948f4d605d) (ScriptedImporter) -> (artifact id: '045c1b8b1cec335d80950519fd6b78e8') in 0.009603 seconds
Number of updated asset objects reloaded before import = 0Number of asset objects unloaded after import = 2

========================================================================
Received Import Request.
  Time since last request: 0.000023 seconds.
  path: Assets/Graphisms/Tilesets/SubTiles/Outside_2356.asset
  artifactKey: Guid(0fb96abe59dbf0743ab8232cbb690bbf) Importer(2089858483,b0f066a214c2f5e87bad3c948f4d605d)
Start importing Assets/Graphisms/Tilesets/SubTiles/Outside_2356.asset using Guid(0fb96abe59dbf0743ab8232cbb690bbf) Importer(2089858483,b0f066a214c2f5e87bad3c948f4d605d) (ScriptedImporter) -> (artifact id: '125cec3b1565486fa7d90c9e61d71de1') in 0.0088515 seconds
Number of updated asset objects reloaded before import = 0Number of asset objects unloaded after import = 2

========================================================================
Received Import Request.
  Time since last request: 0.000042 seconds.
  path: Assets/Graphisms/Tilesets/SubTiles/Outside_3788.asset
  artifactKey: Guid(5df2396349c9bda49bc8d3c1a8417f2f) Importer(2089858483,b0f066a214c2f5e87bad3c948f4d605d)
Start importing Assets/Graphisms/Tilesets/SubTiles/Outside_3788.asset using Guid(5df2396349c9bda49bc8d3c1a8417f2f) Importer(2089858483,b0f066a214c2f5e87bad3c948f4d605d) (ScriptedImporter) -> (artifact id: '766388e70bc73c5300a9c24f64c84413') in 0.0105576 seconds
Number of updated asset objects reloaded before import = 0Number of asset objects unloaded after import = 2

========================================================================
Received Import Request.
  Time since last request: 0.000017 seconds.
  path: Assets/Graphisms/Tilesets/SubTiles/Outside_1631.asset
  artifactKey: Guid(0e3ab4c5d1df7134baf3b2098f5556c7) Importer(2089858483,b0f066a214c2f5e87bad3c948f4d605d)
Start importing Assets/Graphisms/Tilesets/SubTiles/Outside_1631.asset using Guid(0e3ab4c5d1df7134baf3b2098f5556c7) Importer(2089858483,b0f066a214c2f5e87bad3c948f4d605d) (ScriptedImporter) -> (artifact id: '8b892509fd3e2a405b51c456af60bc3d') in 0.00938 seconds
Number of updated asset objects reloaded before import = 0Number of asset objects unloaded after import = 2

========================================================================
Received Import Request.
  Time since last request: 0.000020 seconds.
  path: Assets/Graphisms/Tilesets/SubTiles/Outside_2958.asset
  artifactKey: Guid(56920ce8721099d4a9c4603e5806a738) Importer(2089858483,b0f066a214c2f5e87bad3c948f4d605d)
Start importing Assets/Graphisms/Tilesets/SubTiles/Outside_2958.asset using Guid(56920ce8721099d4a9c4603e5806a738) Importer(2089858483,b0f066a214c2f5e87bad3c948f4d605d) (ScriptedImporter) -> (artifact id: 'c8775e20ed932045eb8be1264e09eb7c') in 0.0104863 seconds
Number of updated asset objects reloaded before import = 0Number of asset objects unloaded after import = 2

========================================================================
Received Import Request.
  Time since last request: 0.000021 seconds.
  path: Assets/Graphisms/Tilesets/SubTiles/Outside_2317.asset
  artifactKey: Guid(b2f7036583e62584fbc8ba089b7432cb) Importer(2089858483,b0f066a214c2f5e87bad3c948f4d605d)
Start importing Assets/Graphisms/Tilesets/SubTiles/Outside_2317.asset using Guid(b2f7036583e62584fbc8ba089b7432cb) Importer(2089858483,b0f066a214c2f5e87bad3c948f4d605d) (ScriptedImporter) -> (artifact id: 'e9eee37da6297542be64b4c9c4b63b93') in 0.0114404 seconds
Number of updated asset objects reloaded before import = 0Number of asset objects unloaded after import = 2

========================================================================
Received Import Request.
  Time since last request: 0.000027 seconds.
  path: Assets/Graphisms/Tilesets/SubTiles/Outside_2306.asset
  artifactKey: Guid(1766308d3dd44c948b6eb12926862f12) Importer(2089858483,b0f066a214c2f5e87bad3c948f4d605d)
Start importing Assets/Graphisms/Tilesets/SubTiles/Outside_2306.asset using Guid(1766308d3dd44c948b6eb12926862f12) Importer(2089858483,b0f066a214c2f5e87bad3c948f4d605d) (ScriptedImporter) -> (artifact id: '0251d4a0b3808aab9ff9eb8b381121aa') in 0.00891 seconds
Number of updated asset objects reloaded before import = 0Number of asset objects unloaded after import = 2

========================================================================
Received Import Request.
  Time since last request: 0.000035 seconds.
  path: Assets/Graphisms/Tilesets/SubTiles/Outside_399.asset
  artifactKey: Guid(2493ac0fd459a714d9e25fae0c735ef7) Importer(2089858483,b0f066a214c2f5e87bad3c948f4d605d)
Start importing Assets/Graphisms/Tilesets/SubTiles/Outside_399.asset using Guid(2493ac0fd459a714d9e25fae0c735ef7) Importer(2089858483,b0f066a214c2f5e87bad3c948f4d605d) (ScriptedImporter) -> (artifact id: '1df4f9827b3e947427e48195e33a8fd6') in 0.0119394 seconds
Number of updated asset objects reloaded before import = 0Number of asset objects unloaded after import = 2

========================================================================
Received Import Request.
  Time since last request: 0.000023 seconds.
  path: Assets/Graphisms/Tilesets/SubTiles/Outside_1655.asset
  artifactKey: Guid(1f5c557bdab6e25499a7ee2a2e208345) Importer(2089858483,b0f066a214c2f5e87bad3c948f4d605d)
Start importing Assets/Graphisms/Tilesets/SubTiles/Outside_1655.asset using Guid(1f5c557bdab6e25499a7ee2a2e208345) Importer(2089858483,b0f066a214c2f5e87bad3c948f4d605d) (ScriptedImporter) -> (artifact id: '566995042f02bf6713bb33ede2d346c0') in 0.0107497 seconds
Number of updated asset objects reloaded before import = 0Number of asset objects unloaded after import = 2

========================================================================
Received Import Request.
  Time since last request: 0.000018 seconds.
  path: Assets/Graphisms/Tilesets/SubTiles/Outside_2833.asset
  artifactKey: Guid(0bc10a659933eda4cbba57b97ee8b480) Importer(2089858483,b0f066a214c2f5e87bad3c948f4d605d)
Start importing Assets/Graphisms/Tilesets/SubTiles/Outside_2833.asset using Guid(0bc10a659933eda4cbba57b97ee8b480) Importer(2089858483,b0f066a214c2f5e87bad3c948f4d605d) (ScriptedImporter) -> (artifact id: '179abae2c24aa613cb2b1f425d62f680') in 0.0116388 seconds
Number of updated asset objects reloaded before import = 0Number of asset objects unloaded after import = 2

========================================================================
Received Import Request.
  Time since last request: 0.000019 seconds.
  path: Assets/Graphisms/Tilesets/SubTiles/Outside_2229.asset
  artifactKey: Guid(28886fc8e48d2d1449ffb9fd1ec4979d) Importer(2089858483,b0f066a214c2f5e87bad3c948f4d605d)
Start importing Assets/Graphisms/Tilesets/SubTiles/Outside_2229.asset using Guid(28886fc8e48d2d1449ffb9fd1ec4979d) Importer(2089858483,b0f066a214c2f5e87bad3c948f4d605d) (ScriptedImporter) -> (artifact id: 'd188517a6123c2758bb7bbdd38ea8de5') in 0.0585081 seconds
Number of updated asset objects reloaded before import = 0Number of asset objects unloaded after import = 2

========================================================================
Received Import Request.
  Time since last request: 0.000022 seconds.
  path: Assets/Graphisms/Tilesets/SubTiles/Outside_309.asset
  artifactKey: Guid(ed09170dacedc634ebf0ebe251782dc3) Importer(2089858483,b0f066a214c2f5e87bad3c948f4d605d)
Start importing Assets/Graphisms/Tilesets/SubTiles/Outside_309.asset using Guid(ed09170dacedc634ebf0ebe251782dc3) Importer(2089858483,b0f066a214c2f5e87bad3c948f4d605d) (ScriptedImporter) -> (artifact id: '58595a3d6a48a88845635eb43cfb7fdd') in 0.0287312 seconds
Number of updated asset objects reloaded before import = 0Number of asset objects unloaded after import = 2

========================================================================
Received Import Request.
  Time since last request: 0.000040 seconds.
  path: Assets/Graphisms/Tilesets/SubTiles/Outside_3346.asset
  artifactKey: Guid(2bec3fd8d31580540a31d91720ad564c) Importer(2089858483,b0f066a214c2f5e87bad3c948f4d605d)
Start importing Assets/Graphisms/Tilesets/SubTiles/Outside_3346.asset using Guid(2bec3fd8d31580540a31d91720ad564c) Importer(2089858483,b0f066a214c2f5e87bad3c948f4d605d) (ScriptedImporter) -> (artifact id: 'a8635c78a11c7e2e11cfa62b950b5a07') in 0.0099001 seconds
Number of updated asset objects reloaded before import = 0Number of asset objects unloaded after import = 2

========================================================================
Received Import Request.
  Time since last request: 0.000049 seconds.
  path: Assets/Graphisms/Tilesets/SubTiles/Outside_2151.asset
  artifactKey: Guid(9b29ef88a52a0614a8172e7dee8c3d18) Importer(2089858483,b0f066a214c2f5e87bad3c948f4d605d)
Start importing Assets/Graphisms/Tilesets/SubTiles/Outside_2151.asset using Guid(9b29ef88a52a0614a8172e7dee8c3d18) Importer(2089858483,b0f066a214c2f5e87bad3c948f4d605d) (ScriptedImporter) -> (artifact id: '60b65e45fe22b966edcd9b5778792ec2') in 0.009121 seconds
Number of updated asset objects reloaded before import = 0Number of asset objects unloaded after import = 2

========================================================================
Received Import Request.
  Time since last request: 0.000032 seconds.
  path: Assets/Graphisms/Tilesets/SubTiles/Outside_3235.asset
  artifactKey: Guid(fa567887dd4b14f4e92a2daac7dceb9e) Importer(2089858483,b0f066a214c2f5e87bad3c948f4d605d)
Start importing Assets/Graphisms/Tilesets/SubTiles/Outside_3235.asset using Guid(fa567887dd4b14f4e92a2daac7dceb9e) Importer(2089858483,b0f066a214c2f5e87bad3c948f4d605d) (ScriptedImporter) -> (artifact id: '983610df933d17edea1736b866f229c6') in 0.0115195 seconds
Number of updated asset objects reloaded before import = 0Number of asset objects unloaded after import = 2

========================================================================
Received Import Request.
  Time since last request: 0.000019 seconds.
  path: Assets/Graphisms/Tilesets/SubTiles/Outside_2422.asset
  artifactKey: Guid(13bbe420727b7114c904429215f1cd20) Importer(2089858483,b0f066a214c2f5e87bad3c948f4d605d)
Start importing Assets/Graphisms/Tilesets/SubTiles/Outside_2422.asset using Guid(13bbe420727b7114c904429215f1cd20) Importer(2089858483,b0f066a214c2f5e87bad3c948f4d605d) (ScriptedImporter) -> (artifact id: '1a85915afc353d12df07a1b975e6f272') in 0.0127024 seconds
Number of updated asset objects reloaded before import = 0Number of asset objects unloaded after import = 2

========================================================================
Received Import Request.
  Time since last request: 0.000022 seconds.
  path: Assets/Graphisms/Tilesets/SubTiles/Outside_567.asset
  artifactKey: Guid(952fac8e884fd5544a0f2e26a4b06849) Importer(2089858483,b0f066a214c2f5e87bad3c948f4d605d)
Start importing Assets/Graphisms/Tilesets/SubTiles/Outside_567.asset using Guid(952fac8e884fd5544a0f2e26a4b06849) Importer(2089858483,b0f066a214c2f5e87bad3c948f4d605d) (ScriptedImporter) -> (artifact id: '9fe3c1470d0b27b0e94443a961f7029b') in 0.0102919 seconds
Number of updated asset objects reloaded before import = 0Number of asset objects unloaded after import = 2

========================================================================
Received Import Request.
  Time since last request: 0.000036 seconds.
  path: Assets/Graphisms/Tilesets/SubTiles/Outside_1127.asset
  artifactKey: Guid(459e527994074f54da468716a58a19d2) Importer(2089858483,b0f066a214c2f5e87bad3c948f4d605d)
Start importing Assets/Graphisms/Tilesets/SubTiles/Outside_1127.asset using Guid(459e527994074f54da468716a58a19d2) Importer(2089858483,b0f066a214c2f5e87bad3c948f4d605d) (ScriptedImporter) -> (artifact id: 'e9459e72d629e0debe7dc90c2d2d0722') in 0.0088948 seconds
Number of updated asset objects reloaded before import = 0Number of asset objects unloaded after import = 2

========================================================================
Received Import Request.
  Time since last request: 0.000030 seconds.
  path: Assets/Graphisms/Tilesets/SubTiles/Outside_3493.asset
  artifactKey: Guid(ba1e67e1e65e1e042ae1704d8bf042b4) Importer(2089858483,b0f066a214c2f5e87bad3c948f4d605d)
Start importing Assets/Graphisms/Tilesets/SubTiles/Outside_3493.asset using Guid(ba1e67e1e65e1e042ae1704d8bf042b4) Importer(2089858483,b0f066a214c2f5e87bad3c948f4d605d) (ScriptedImporter) -> (artifact id: 'ee7651078c7c8fb43df12416f41c9d19') in 0.0097849 seconds
Number of updated asset objects reloaded before import = 0Number of asset objects unloaded after import = 2

========================================================================
Received Import Request.
  Time since last request: 0.000019 seconds.
  path: Assets/Graphisms/Tilesets/SubTiles/Outside_1138.asset
  artifactKey: Guid(e31bf560f090d1c4ea42dedee0b8d648) Importer(2089858483,b0f066a214c2f5e87bad3c948f4d605d)
Start importing Assets/Graphisms/Tilesets/SubTiles/Outside_1138.asset using Guid(e31bf560f090d1c4ea42dedee0b8d648) Importer(2089858483,b0f066a214c2f5e87bad3c948f4d605d) (ScriptedImporter) -> (artifact id: '8d09c2c340055719e3e62d39c0058057') in 0.0101702 seconds
Number of updated asset objects reloaded before import = 0Number of asset objects unloaded after import = 2

========================================================================
Received Import Request.
  Time since last request: 0.000027 seconds.
  path: Assets/Graphisms/Tilesets/SubTiles/Outside_543.asset
  artifactKey: Guid(3cc4f5471c78cf04c9bf7696abdaec70) Importer(2089858483,b0f066a214c2f5e87bad3c948f4d605d)
Start importing Assets/Graphisms/Tilesets/SubTiles/Outside_543.asset using Guid(3cc4f5471c78cf04c9bf7696abdaec70) Importer(2089858483,b0f066a214c2f5e87bad3c948f4d605d) (ScriptedImporter) -> (artifact id: '75f89a2a28f561e8c769dca7dcb0bb96') in 0.0375101 seconds
Number of updated asset objects reloaded before import = 0Number of asset objects unloaded after import = 2

========================================================================
Received Import Request.
  Time since last request: 0.000037 seconds.
  path: Assets/Graphisms/Tilesets/SubTiles/Outside_1939.asset
  artifactKey: Guid(ed1389696930bc343af4085317f82fa9) Importer(2089858483,b0f066a214c2f5e87bad3c948f4d605d)
Start importing Assets/Graphisms/Tilesets/SubTiles/Outside_1939.asset using Guid(ed1389696930bc343af4085317f82fa9) Importer(2089858483,b0f066a214c2f5e87bad3c948f4d605d) (ScriptedImporter) -> (artifact id: '38a40121b3de4afb5ab39eb9f68f89d7') in 0.0221329 seconds
Number of updated asset objects reloaded before import = 0Number of asset objects unloaded after import = 2

========================================================================
Received Import Request.
  Time since last request: 0.000022 seconds.
  path: Assets/Graphisms/Tilesets/SubTiles/Outside_886.asset
  artifactKey: Guid(51a37f159bb32eb43938141c5c682ce1) Importer(2089858483,b0f066a214c2f5e87bad3c948f4d605d)
Start importing Assets/Graphisms/Tilesets/SubTiles/Outside_886.asset using Guid(51a37f159bb32eb43938141c5c682ce1) Importer(2089858483,b0f066a214c2f5e87bad3c948f4d605d) (ScriptedImporter) -> (artifact id: '2acbea7e3392e14447ca44baabe1cbc1') in 0.0118686 seconds
Number of updated asset objects reloaded before import = 0Number of asset objects unloaded after import = 2

========================================================================
Received Import Request.
  Time since last request: 0.000018 seconds.
  path: Assets/Graphisms/Tilesets/SubTiles/Outside_3715.asset
  artifactKey: Guid(5970d29cffc4b244098435dafe0f3b50) Importer(2089858483,b0f066a214c2f5e87bad3c948f4d605d)
Start importing Assets/Graphisms/Tilesets/SubTiles/Outside_3715.asset using Guid(5970d29cffc4b244098435dafe0f3b50) Importer(2089858483,b0f066a214c2f5e87bad3c948f4d605d) (ScriptedImporter) -> (artifact id: '0dffbddfc34dedeefb7ea9884f7495e0') in 0.0147854 seconds
Number of updated asset objects reloaded before import = 0Number of asset objects unloaded after import = 2

========================================================================
Received Import Request.
  Time since last request: 0.000021 seconds.
  path: Assets/Graphisms/Tilesets/SubTiles/Outside_1799.asset
  artifactKey: Guid(76f074d84ba3ecb40913becc7c429fe6) Importer(2089858483,b0f066a214c2f5e87bad3c948f4d605d)
Start importing Assets/Graphisms/Tilesets/SubTiles/Outside_1799.asset using Guid(76f074d84ba3ecb40913becc7c429fe6) Importer(2089858483,b0f066a214c2f5e87bad3c948f4d605d) (ScriptedImporter) -> (artifact id: 'b7b50014d0d47c6d674f433cc2c3f10e') in 0.0124988 seconds
Number of updated asset objects reloaded before import = 0Number of asset objects unloaded after import = 2

========================================================================
Received Import Request.
  Time since last request: 0.000024 seconds.
  path: Assets/Graphisms/Tilesets/SubTiles/Outside_948.asset
  artifactKey: Guid(db7275242d929c5478d5aadfeb73cdef) Importer(2089858483,b0f066a214c2f5e87bad3c948f4d605d)
Start importing Assets/Graphisms/Tilesets/SubTiles/Outside_948.asset using Guid(db7275242d929c5478d5aadfeb73cdef) Importer(2089858483,b0f066a214c2f5e87bad3c948f4d605d) (ScriptedImporter) -> (artifact id: '9d7c9835bd0e138e2a778a4193040b9a') in 0.0113344 seconds
Number of updated asset objects reloaded before import = 0Number of asset objects unloaded after import = 2

========================================================================
Received Import Request.
  Time since last request: 0.000031 seconds.
  path: Assets/Graphisms/Tilesets/SubTiles/Outside_1348.asset
  artifactKey: Guid(7f0376f9730ed6f4396c52bd731b8b33) Importer(2089858483,b0f066a214c2f5e87bad3c948f4d605d)
Start importing Assets/Graphisms/Tilesets/SubTiles/Outside_1348.asset using Guid(7f0376f9730ed6f4396c52bd731b8b33) Importer(2089858483,b0f066a214c2f5e87bad3c948f4d605d) (ScriptedImporter) -> (artifact id: '060e9f552cc911b92ef13c357c6e2642') in 0.0101219 seconds
Number of updated asset objects reloaded before import = 0Number of asset objects unloaded after import = 2

========================================================================
Received Import Request.
  Time since last request: 0.000039 seconds.
  path: Assets/Graphisms/Tilesets/SubTiles/Outside_646.asset
  artifactKey: Guid(1fbc0cec49bb0ce4fadec356f88c86b5) Importer(2089858483,b0f066a214c2f5e87bad3c948f4d605d)
Start importing Assets/Graphisms/Tilesets/SubTiles/Outside_646.asset using Guid(1fbc0cec49bb0ce4fadec356f88c86b5) Importer(2089858483,b0f066a214c2f5e87bad3c948f4d605d) (ScriptedImporter) -> (artifact id: '325a9c90424a950f692e5819a5db6613') in 0.0099529 seconds
Number of updated asset objects reloaded before import = 0Number of asset objects unloaded after import = 2

========================================================================
Received Import Request.
  Time since last request: 0.000026 seconds.
  path: Assets/Graphisms/Tilesets/SubTiles/Outside_2779.asset
  artifactKey: Guid(7ed035df053f19444b5d03afcadc8d41) Importer(2089858483,b0f066a214c2f5e87bad3c948f4d605d)
Start importing Assets/Graphisms/Tilesets/SubTiles/Outside_2779.asset using Guid(7ed035df053f19444b5d03afcadc8d41) Importer(2089858483,b0f066a214c2f5e87bad3c948f4d605d) (ScriptedImporter) -> (artifact id: '37a5d5e8e05baf1df7643447eb4768a9') in 0.0402861 seconds
Number of updated asset objects reloaded before import = 0Number of asset objects unloaded after import = 2

========================================================================
Received Import Request.
  Time since last request: 0.000021 seconds.
  path: Assets/Graphisms/Tilesets/SubTiles/Outside_3608.asset
  artifactKey: Guid(f3ea9e302c022824cb715a7c4e09c4c4) Importer(2089858483,b0f066a214c2f5e87bad3c948f4d605d)
Start importing Assets/Graphisms/Tilesets/SubTiles/Outside_3608.asset using Guid(f3ea9e302c022824cb715a7c4e09c4c4) Importer(2089858483,b0f066a214c2f5e87bad3c948f4d605d) (ScriptedImporter) -> (artifact id: '4babab535ff036824da682d6f166503e') in 0.0477764 seconds
Number of updated asset objects reloaded before import = 0Number of asset objects unloaded after import = 2

========================================================================
Received Import Request.
  Time since last request: 0.000022 seconds.
  path: Assets/Graphisms/Tilesets/SubTiles/Outside_2564.asset
  artifactKey: Guid(5689bb3dbc0939b4d9ccc8b1d05e30b7) Importer(2089858483,b0f066a214c2f5e87bad3c948f4d605d)
Start importing Assets/Graphisms/Tilesets/SubTiles/Outside_2564.asset using Guid(5689bb3dbc0939b4d9ccc8b1d05e30b7) Importer(2089858483,b0f066a214c2f5e87bad3c948f4d605d) (ScriptedImporter) -> (artifact id: '01017659f70255970011da9d0a2faabc') in 0.0238088 seconds
Number of updated asset objects reloaded before import = 0Number of asset objects unloaded after import = 2

========================================================================
Received Import Request.
  Time since last request: 0.000034 seconds.
  path: Assets/Graphisms/Tilesets/SubTiles/Outside_2551.asset
  artifactKey: Guid(6861cd6531bdb8147b31679eceb25f92) Importer(2089858483,b0f066a214c2f5e87bad3c948f4d605d)
Start importing Assets/Graphisms/Tilesets/SubTiles/Outside_2551.asset using Guid(6861cd6531bdb8147b31679eceb25f92) Importer(2089858483,b0f066a214c2f5e87bad3c948f4d605d) (ScriptedImporter) -> (artifact id: 'd02c67eba2925ce6155f8c7cd49fc7d8') in 0.0109939 seconds
Number of updated asset objects reloaded before import = 0Number of asset objects unloaded after import = 2

========================================================================
Received Import Request.
  Time since last request: 0.000021 seconds.
  path: Assets/Graphisms/Tilesets/SubTiles/Outside_2973.asset
  artifactKey: Guid(74c117c5b3d6d6b419f50aff8109c776) Importer(2089858483,b0f066a214c2f5e87bad3c948f4d605d)
Start importing Assets/Graphisms/Tilesets/SubTiles/Outside_2973.asset using Guid(74c117c5b3d6d6b419f50aff8109c776) Importer(2089858483,b0f066a214c2f5e87bad3c948f4d605d) (ScriptedImporter) -> (artifact id: '67b6a908d19a47ef99e3f7a329e646e1') in 0.0367725 seconds
Number of updated asset objects reloaded before import = 0Number of asset objects unloaded after import = 2

========================================================================
Received Import Request.
  Time since last request: 0.000024 seconds.
  path: Assets/Graphisms/Tilesets/SubTiles/Outside_1147.asset
  artifactKey: Guid(7c0d5315cc75b4541928722b52fe2ad4) Importer(2089858483,b0f066a214c2f5e87bad3c948f4d605d)
Start importing Assets/Graphisms/Tilesets/SubTiles/Outside_1147.asset using Guid(7c0d5315cc75b4541928722b52fe2ad4) Importer(2089858483,b0f066a214c2f5e87bad3c948f4d605d) (ScriptedImporter) -> (artifact id: 'ab42201689b35f4d8cbf03a108c096af') in 0.0105679 seconds
Number of updated asset objects reloaded before import = 0Number of asset objects unloaded after import = 2

========================================================================
Received Import Request.
  Time since last request: 0.000025 seconds.
  path: Assets/Graphisms/Tilesets/SubTiles/Outside_1293.asset
  artifactKey: Guid(cfec6a570ac52af458c9760e5c8378ec) Importer(2089858483,b0f066a214c2f5e87bad3c948f4d605d)
Start importing Assets/Graphisms/Tilesets/SubTiles/Outside_1293.asset using Guid(cfec6a570ac52af458c9760e5c8378ec) Importer(2089858483,b0f066a214c2f5e87bad3c948f4d605d) (ScriptedImporter) -> (artifact id: 'b04bd8a293d9d69e099ba3fe89ac28f2') in 0.0098102 seconds
Number of updated asset objects reloaded before import = 0Number of asset objects unloaded after import = 2

========================================================================
Received Import Request.
  Time since last request: 0.000041 seconds.
  path: Assets/Graphisms/Tilesets/SubTiles/Outside_2900.asset
  artifactKey: Guid(3b4ee4e0b811c8145971bcbf9a1247de) Importer(2089858483,b0f066a214c2f5e87bad3c948f4d605d)
Start importing Assets/Graphisms/Tilesets/SubTiles/Outside_2900.asset using Guid(3b4ee4e0b811c8145971bcbf9a1247de) Importer(2089858483,b0f066a214c2f5e87bad3c948f4d605d) (ScriptedImporter) -> (artifact id: '352f4d28ed545ed2a56a85530edcfd01') in 0.0102182 seconds
Number of updated asset objects reloaded before import = 0Number of asset objects unloaded after import = 2

========================================================================
Received Import Request.
  Time since last request: 0.000022 seconds.
  path: Assets/Graphisms/Tilesets/SubTiles/Outside_2006.asset
  artifactKey: Guid(6d0d66d602f29d8458bf58b6ed75f26c) Importer(2089858483,b0f066a214c2f5e87bad3c948f4d605d)
Start importing Assets/Graphisms/Tilesets/SubTiles/Outside_2006.asset using Guid(6d0d66d602f29d8458bf58b6ed75f26c) Importer(2089858483,b0f066a214c2f5e87bad3c948f4d605d) (ScriptedImporter) -> (artifact id: 'c99bd2d98ac676bf19f7988eb1964e7f') in 0.0131994 seconds
Number of updated asset objects reloaded before import = 0Number of asset objects unloaded after import = 2

========================================================================
Received Import Request.
  Time since last request: 0.000020 seconds.
  path: Assets/Graphisms/Tilesets/SubTiles/Outside_3617.asset
  artifactKey: Guid(92650f0d246dc9a478f33793db1a01a0) Importer(2089858483,b0f066a214c2f5e87bad3c948f4d605d)
Start importing Assets/Graphisms/Tilesets/SubTiles/Outside_3617.asset using Guid(92650f0d246dc9a478f33793db1a01a0) Importer(2089858483,b0f066a214c2f5e87bad3c948f4d605d) (ScriptedImporter) -> (artifact id: 'b407adf8ea47ae68c69700c9c1c02442') in 0.0099959 seconds
Number of updated asset objects reloaded before import = 0Number of asset objects unloaded after import = 2

========================================================================
Received Import Request.
  Time since last request: 0.000035 seconds.
  path: Assets/Graphisms/Tilesets/SubTiles/Outside_1574.asset
  artifactKey: Guid(1c3f487d54142984fb5258c2ccbb30a3) Importer(2089858483,b0f066a214c2f5e87bad3c948f4d605d)
Start importing Assets/Graphisms/Tilesets/SubTiles/Outside_1574.asset using Guid(1c3f487d54142984fb5258c2ccbb30a3) Importer(2089858483,b0f066a214c2f5e87bad3c948f4d605d) (ScriptedImporter) -> (artifact id: '695519c8deab0ff66598a52000410150') in 0.0114962 seconds
Number of updated asset objects reloaded before import = 0Number of asset objects unloaded after import = 2

========================================================================
Received Import Request.
  Time since last request: 0.000037 seconds.
  path: Assets/Graphisms/Tilesets/SubTiles/Outside_3533.asset
  artifactKey: Guid(81df3ab16b2ebc14c9e2c29f7edbab51) Importer(2089858483,b0f066a214c2f5e87bad3c948f4d605d)
Start importing Assets/Graphisms/Tilesets/SubTiles/Outside_3533.asset using Guid(81df3ab16b2ebc14c9e2c29f7edbab51) Importer(2089858483,b0f066a214c2f5e87bad3c948f4d605d) (ScriptedImporter) -> (artifact id: '4fa29e5873a892b09947e2d6a686e5be') in 0.0098921 seconds
Number of updated asset objects reloaded before import = 0Number of asset objects unloaded after import = 2

========================================================================
Received Import Request.
  Time since last request: 0.000018 seconds.
  path: Assets/Graphisms/Tilesets/SubTiles/Outside_772.asset
  artifactKey: Guid(7a6a54cdf536bf147bdc7cd2691b2cb8) Importer(2089858483,b0f066a214c2f5e87bad3c948f4d605d)
Start importing Assets/Graphisms/Tilesets/SubTiles/Outside_772.asset using Guid(7a6a54cdf536bf147bdc7cd2691b2cb8) Importer(2089858483,b0f066a214c2f5e87bad3c948f4d605d) (ScriptedImporter) -> (artifact id: '1c1d9d5239b23a5e332505c299c28063') in 0.0143015 seconds
Number of updated asset objects reloaded before import = 0Number of asset objects unloaded after import = 2

========================================================================
Received Import Request.
  Time since last request: 0.000025 seconds.
  path: Assets/Graphisms/Tilesets/SubTiles/Outside_1896.asset
  artifactKey: Guid(e2c9305c2d0f77a42b85b45bf9ef9a6e) Importer(2089858483,b0f066a214c2f5e87bad3c948f4d605d)
Start importing Assets/Graphisms/Tilesets/SubTiles/Outside_1896.asset using Guid(e2c9305c2d0f77a42b85b45bf9ef9a6e) Importer(2089858483,b0f066a214c2f5e87bad3c948f4d605d) (ScriptedImporter) -> (artifact id: 'e7ca04960bb03544a923ea59bf08a68f') in 0.0109493 seconds
Number of updated asset objects reloaded before import = 0Number of asset objects unloaded after import = 2

========================================================================
Received Import Request.
  Time since last request: 0.000058 seconds.
  path: Assets/Graphisms/Tilesets/SubTiles/Outside_765.asset
  artifactKey: Guid(51496271825f6c34daae92a0991e220f) Importer(2089858483,b0f066a214c2f5e87bad3c948f4d605d)
Start importing Assets/Graphisms/Tilesets/SubTiles/Outside_765.asset using Guid(51496271825f6c34daae92a0991e220f) Importer(2089858483,b0f066a214c2f5e87bad3c948f4d605d) (ScriptedImporter) -> (artifact id: 'd5ede4f22efd70e5f40ac1ff39862171') in 0.0116413 seconds
Number of updated asset objects reloaded before import = 0Number of asset objects unloaded after import = 2

========================================================================
Received Import Request.
  Time since last request: 0.000036 seconds.
  path: Assets/Graphisms/Tilesets/SubTiles/Outside_3906.asset
  artifactKey: Guid(ea120ff2d2ec7bc4581200f50a4a54c0) Importer(2089858483,b0f066a214c2f5e87bad3c948f4d605d)
Start importing Assets/Graphisms/Tilesets/SubTiles/Outside_3906.asset using Guid(ea120ff2d2ec7bc4581200f50a4a54c0) Importer(2089858483,b0f066a214c2f5e87bad3c948f4d605d) (ScriptedImporter) -> (artifact id: '4b2097f76fddfbc626895088ed89fec2') in 0.009925 seconds
Number of updated asset objects reloaded before import = 0Number of asset objects unloaded after import = 2

========================================================================
Received Import Request.
  Time since last request: 0.000049 seconds.
  path: Assets/Graphisms/Tilesets/SubTiles/Outside_153.asset
  artifactKey: Guid(683e26793a37a7846bbd149a27eb054c) Importer(2089858483,b0f066a214c2f5e87bad3c948f4d605d)
Start importing Assets/Graphisms/Tilesets/SubTiles/Outside_153.asset using Guid(683e26793a37a7846bbd149a27eb054c) Importer(2089858483,b0f066a214c2f5e87bad3c948f4d605d) (ScriptedImporter) -> (artifact id: 'dbe07f567ec6d71c1501dc1e4811ee17') in 0.0339628 seconds
Number of updated asset objects reloaded before import = 0Number of asset objects unloaded after import = 2

========================================================================
Received Import Request.
  Time since last request: 0.000023 seconds.
  path: Assets/Graphisms/Tilesets/SubTiles/Outside_1463.asset
  artifactKey: Guid(14d62537d4a8b0c4d834901477efb53e) Importer(2089858483,b0f066a214c2f5e87bad3c948f4d605d)
Start importing Assets/Graphisms/Tilesets/SubTiles/Outside_1463.asset using Guid(14d62537d4a8b0c4d834901477efb53e) Importer(2089858483,b0f066a214c2f5e87bad3c948f4d605d) (ScriptedImporter) -> (artifact id: '950fe13bd4985906f86da3735bb4b73b') in 0.0114254 seconds
Number of updated asset objects reloaded before import = 0Number of asset objects unloaded after import = 2

========================================================================
Received Import Request.
  Time since last request: 0.000018 seconds.
  path: Assets/Graphisms/Tilesets/SubTiles/Outside_3984.asset
  artifactKey: Guid(bc55042e470cd324c8342fec7c25920f) Importer(2089858483,b0f066a214c2f5e87bad3c948f4d605d)
Start importing Assets/Graphisms/Tilesets/SubTiles/Outside_3984.asset using Guid(bc55042e470cd324c8342fec7c25920f) Importer(2089858483,b0f066a214c2f5e87bad3c948f4d605d) (ScriptedImporter) -> (artifact id: 'e09b01c38be045205818fe9c5733f7d4') in 0.0109969 seconds
Number of updated asset objects reloaded before import = 0Number of asset objects unloaded after import = 2

========================================================================
Received Import Request.
  Time since last request: 0.000024 seconds.
  path: Assets/Graphisms/Tilesets/SubTiles/Outside_714.asset
  artifactKey: Guid(874b6d02969f3cc45852a11eb8e60950) Importer(2089858483,b0f066a214c2f5e87bad3c948f4d605d)
Start importing Assets/Graphisms/Tilesets/SubTiles/Outside_714.asset using Guid(874b6d02969f3cc45852a11eb8e60950) Importer(2089858483,b0f066a214c2f5e87bad3c948f4d605d) (ScriptedImporter) -> (artifact id: 'fe97d16d0d46d231a63292bcc0181f5d') in 0.0137765 seconds
Number of updated asset objects reloaded before import = 0Number of asset objects unloaded after import = 2

========================================================================
Received Import Request.
  Time since last request: 0.000040 seconds.
  path: Assets/Graphisms/Tilesets/SubTiles/Outside_403.asset
  artifactKey: Guid(8a36a5cd22182e94db8eaccd85204ee6) Importer(2089858483,b0f066a214c2f5e87bad3c948f4d605d)
Start importing Assets/Graphisms/Tilesets/SubTiles/Outside_403.asset using Guid(8a36a5cd22182e94db8eaccd85204ee6) Importer(2089858483,b0f066a214c2f5e87bad3c948f4d605d) (ScriptedImporter) -> (artifact id: '0b31e40325d30660c42875dc116af41e') in 0.048706 seconds
Number of updated asset objects reloaded before import = 0Number of asset objects unloaded after import = 2

========================================================================
Received Import Request.
  Time since last request: 0.000025 seconds.
  path: Assets/Graphisms/Tilesets/SubTiles/Outside_2034.asset
  artifactKey: Guid(265662c4e9ab8d245b25501013b7bc71) Importer(2089858483,b0f066a214c2f5e87bad3c948f4d605d)
Start importing Assets/Graphisms/Tilesets/SubTiles/Outside_2034.asset using Guid(265662c4e9ab8d245b25501013b7bc71) Importer(2089858483,b0f066a214c2f5e87bad3c948f4d605d) (ScriptedImporter) -> (artifact id: 'def0b4a26aa326aa4bae2d0abd555b67') in 0.0106615 seconds
Number of updated asset objects reloaded before import = 0Number of asset objects unloaded after import = 2

========================================================================
Received Import Request.
  Time since last request: 0.000035 seconds.
  path: Assets/Graphisms/Tilesets/SubTiles/Outside_3091.asset
  artifactKey: Guid(0d81a72177678f349a88db287f498149) Importer(2089858483,b0f066a214c2f5e87bad3c948f4d605d)
Start importing Assets/Graphisms/Tilesets/SubTiles/Outside_3091.asset using Guid(0d81a72177678f349a88db287f498149) Importer(2089858483,b0f066a214c2f5e87bad3c948f4d605d) (ScriptedImporter) -> (artifact id: 'b441c137252ddbb177bef35c9a539a57') in 0.0105655 seconds
Number of updated asset objects reloaded before import = 0Number of asset objects unloaded after import = 2

========================================================================
Received Import Request.
  Time since last request: 0.000022 seconds.
  path: Assets/Graphisms/Tilesets/SubTiles/Outside_3032.asset
  artifactKey: Guid(2866a06b0bb3613478d690cb8ad3264f) Importer(2089858483,b0f066a214c2f5e87bad3c948f4d605d)
Start importing Assets/Graphisms/Tilesets/SubTiles/Outside_3032.asset using Guid(2866a06b0bb3613478d690cb8ad3264f) Importer(2089858483,b0f066a214c2f5e87bad3c948f4d605d) (ScriptedImporter) -> (artifact id: 'b9072d9039b632a87cea78ffd89af615') in 0.0097264 seconds
Number of updated asset objects reloaded before import = 0Number of asset objects unloaded after import = 2

========================================================================
Received Import Request.
  Time since last request: 0.000063 seconds.
  path: Assets/Graphisms/Tilesets/SubTiles/Outside_2503.asset
  artifactKey: Guid(55727b1fe2327ac48a2cd17ea9fd396f) Importer(2089858483,b0f066a214c2f5e87bad3c948f4d605d)
Start importing Assets/Graphisms/Tilesets/SubTiles/Outside_2503.asset using Guid(55727b1fe2327ac48a2cd17ea9fd396f) Importer(2089858483,b0f066a214c2f5e87bad3c948f4d605d) (ScriptedImporter) -> (artifact id: '79d1ef479c0d7a52548a5d58756b78da') in 0.0104226 seconds
Number of updated asset objects reloaded before import = 0Number of asset objects unloaded after import = 2

========================================================================
Received Import Request.
  Time since last request: 0.000035 seconds.
  path: Assets/Graphisms/Tilesets/SubTiles/Outside_3246.asset
  artifactKey: Guid(13b5b1b5005643d4095d067d9e8c91f4) Importer(2089858483,b0f066a214c2f5e87bad3c948f4d605d)
Start importing Assets/Graphisms/Tilesets/SubTiles/Outside_3246.asset using Guid(13b5b1b5005643d4095d067d9e8c91f4) Importer(2089858483,b0f066a214c2f5e87bad3c948f4d605d) (ScriptedImporter) -> (artifact id: 'fd8f85cf68ff54e34e531bfae26464d7') in 0.0100627 seconds
Number of updated asset objects reloaded before import = 0Number of asset objects unloaded after import = 2

========================================================================
Received Import Request.
  Time since last request: 0.000031 seconds.
  path: Assets/Graphisms/Tilesets/SubTiles/Outside_2761.asset
  artifactKey: Guid(e1300bc23a9c93d4a89deffbc2817d74) Importer(2089858483,b0f066a214c2f5e87bad3c948f4d605d)
Start importing Assets/Graphisms/Tilesets/SubTiles/Outside_2761.asset using Guid(e1300bc23a9c93d4a89deffbc2817d74) Importer(2089858483,b0f066a214c2f5e87bad3c948f4d605d) (ScriptedImporter) -> (artifact id: '0fa9da7c1906ad527f1dd8e07286bc0d') in 0.0106914 seconds
Number of updated asset objects reloaded before import = 0Number of asset objects unloaded after import = 2

========================================================================
Received Import Request.
  Time since last request: 0.000032 seconds.
  path: Assets/Graphisms/Tilesets/SubTiles/Outside_1957.asset
  artifactKey: Guid(c79d2892cb29f6443ade8cc2806e2f10) Importer(2089858483,b0f066a214c2f5e87bad3c948f4d605d)
Start importing Assets/Graphisms/Tilesets/SubTiles/Outside_1957.asset using Guid(c79d2892cb29f6443ade8cc2806e2f10) Importer(2089858483,b0f066a214c2f5e87bad3c948f4d605d) (ScriptedImporter) -> (artifact id: '89c226eb5157185a7b7ad086f2d5dce8') in 0.0108897 seconds
Number of updated asset objects reloaded before import = 0Number of asset objects unloaded after import = 2

========================================================================
Received Import Request.
  Time since last request: 0.000025 seconds.
  path: Assets/Graphisms/Tilesets/SubTiles/Outside_3987.asset
  artifactKey: Guid(5264903a8cf659b478e0993460241d83) Importer(2089858483,b0f066a214c2f5e87bad3c948f4d605d)
Start importing Assets/Graphisms/Tilesets/SubTiles/Outside_3987.asset using Guid(5264903a8cf659b478e0993460241d83) Importer(2089858483,b0f066a214c2f5e87bad3c948f4d605d) (ScriptedImporter) -> (artifact id: 'bddd7ff9f41e506826ab647f06abe2ad') in 0.009937 seconds
Number of updated asset objects reloaded before import = 0Number of asset objects unloaded after import = 2

========================================================================
Received Import Request.
  Time since last request: 0.000044 seconds.
  path: Assets/Graphisms/Tilesets/SubTiles/Outside_3204.asset
  artifactKey: Guid(869753b0b2f8aa6458be2c523e0e4e4d) Importer(2089858483,b0f066a214c2f5e87bad3c948f4d605d)
Start importing Assets/Graphisms/Tilesets/SubTiles/Outside_3204.asset using Guid(869753b0b2f8aa6458be2c523e0e4e4d) Importer(2089858483,b0f066a214c2f5e87bad3c948f4d605d) (ScriptedImporter) -> (artifact id: 'cd696239314c36b467c2d4255977c153') in 0.0102223 seconds
Number of updated asset objects reloaded before import = 0Number of asset objects unloaded after import = 2

========================================================================
Received Import Request.
  Time since last request: 0.000019 seconds.
  path: Assets/Graphisms/Tilesets/SubTiles/Outside_3959.asset
  artifactKey: Guid(90731b7c9860d03499204387c174b46c) Importer(2089858483,b0f066a214c2f5e87bad3c948f4d605d)
Start importing Assets/Graphisms/Tilesets/SubTiles/Outside_3959.asset using Guid(90731b7c9860d03499204387c174b46c) Importer(2089858483,b0f066a214c2f5e87bad3c948f4d605d) (ScriptedImporter) -> (artifact id: 'df6d9afa4e2b2b090092be876e386fec') in 0.0140613 seconds
Number of updated asset objects reloaded before import = 0Number of asset objects unloaded after import = 2

========================================================================
Received Import Request.
  Time since last request: 0.000026 seconds.
  path: Assets/Graphisms/Tilesets/SubTiles/Outside_2304.asset
  artifactKey: Guid(e7d22071499a7ad42bcc82adc1fa4abc) Importer(2089858483,b0f066a214c2f5e87bad3c948f4d605d)
Start importing Assets/Graphisms/Tilesets/SubTiles/Outside_2304.asset using Guid(e7d22071499a7ad42bcc82adc1fa4abc) Importer(2089858483,b0f066a214c2f5e87bad3c948f4d605d) (ScriptedImporter) -> (artifact id: '44590741d9d08c3ae609a36db27798bc') in 0.0107533 seconds
Number of updated asset objects reloaded before import = 0Number of asset objects unloaded after import = 2

========================================================================
Received Import Request.
  Time since last request: 0.000039 seconds.
  path: Assets/Graphisms/Tilesets/SubTiles/Outside_3565.asset
  artifactKey: Guid(21dd0862ba1ecbd42b0db53190a7ed81) Importer(2089858483,b0f066a214c2f5e87bad3c948f4d605d)
Start importing Assets/Graphisms/Tilesets/SubTiles/Outside_3565.asset using Guid(21dd0862ba1ecbd42b0db53190a7ed81) Importer(2089858483,b0f066a214c2f5e87bad3c948f4d605d) (ScriptedImporter) -> (artifact id: 'b2824fa097c4e5ae3f728d5a9e0bba6c') in 0.0151726 seconds
Number of updated asset objects reloaded before import = 0Number of asset objects unloaded after import = 2

========================================================================
Received Import Request.
  Time since last request: 0.000032 seconds.
  path: Assets/Graphisms/Tilesets/SubTiles/Outside_173.asset
  artifactKey: Guid(02f3e301b11454244a45346b427cd54b) Importer(2089858483,b0f066a214c2f5e87bad3c948f4d605d)
Start importing Assets/Graphisms/Tilesets/SubTiles/Outside_173.asset using Guid(02f3e301b11454244a45346b427cd54b) Importer(2089858483,b0f066a214c2f5e87bad3c948f4d605d) (ScriptedImporter) -> (artifact id: 'da10ae7f4fd9bef435e2e0f44549181b') in 0.0101057 seconds
Number of updated asset objects reloaded before import = 0Number of asset objects unloaded after import = 2

========================================================================
Received Import Request.
  Time since last request: 0.000040 seconds.
  path: Assets/Graphisms/Tilesets/SubTiles/Outside_2401.asset
  artifactKey: Guid(1ece8067295fb8a4fb0ec1760eeb9613) Importer(2089858483,b0f066a214c2f5e87bad3c948f4d605d)
Start importing Assets/Graphisms/Tilesets/SubTiles/Outside_2401.asset using Guid(1ece8067295fb8a4fb0ec1760eeb9613) Importer(2089858483,b0f066a214c2f5e87bad3c948f4d605d) (ScriptedImporter) -> (artifact id: 'ed39a83f367eaccc817a01126efc6d45') in 0.0106801 seconds
Number of updated asset objects reloaded before import = 0Number of asset objects unloaded after import = 2

========================================================================
Received Import Request.
  Time since last request: 0.000020 seconds.
  path: Assets/Graphisms/Tilesets/SubTiles/Outside_2486.asset
  artifactKey: Guid(b6bbf102f8382054a95bf96bfb90657f) Importer(2089858483,b0f066a214c2f5e87bad3c948f4d605d)
Start importing Assets/Graphisms/Tilesets/SubTiles/Outside_2486.asset using Guid(b6bbf102f8382054a95bf96bfb90657f) Importer(2089858483,b0f066a214c2f5e87bad3c948f4d605d) (ScriptedImporter) -> (artifact id: 'b7a4758dd56a1fc4645d4ea88e577bdf') in 0.0107959 seconds
Number of updated asset objects reloaded before import = 0Number of asset objects unloaded after import = 2

========================================================================
Received Import Request.
  Time since last request: 0.000030 seconds.
  path: Assets/Graphisms/Tilesets/SubTiles/Outside_2985.asset
  artifactKey: Guid(3234161ec66ca234aa90d94e0b90f471) Importer(2089858483,b0f066a214c2f5e87bad3c948f4d605d)
Start importing Assets/Graphisms/Tilesets/SubTiles/Outside_2985.asset using Guid(3234161ec66ca234aa90d94e0b90f471) Importer(2089858483,b0f066a214c2f5e87bad3c948f4d605d) (ScriptedImporter) -> (artifact id: '79c02fe59b0a373bba5e522bf6b86fc0') in 0.0099712 seconds
Number of updated asset objects reloaded before import = 0Number of asset objects unloaded after import = 2

========================================================================
Received Import Request.
  Time since last request: 0.000021 seconds.
  path: Assets/Graphisms/Tilesets/SubTiles/Outside_1338.asset
  artifactKey: Guid(dcd922815de25d645a735c128b46e200) Importer(2089858483,b0f066a214c2f5e87bad3c948f4d605d)
Start importing Assets/Graphisms/Tilesets/SubTiles/Outside_1338.asset using Guid(dcd922815de25d645a735c128b46e200) Importer(2089858483,b0f066a214c2f5e87bad3c948f4d605d) (ScriptedImporter) -> (artifact id: '55622ccbe2001697b72e392fba9f8cf3') in 0.0141349 seconds
Number of updated asset objects reloaded before import = 0Number of asset objects unloaded after import = 2

========================================================================
Received Import Request.
  Time since last request: 0.000040 seconds.
  path: Assets/Graphisms/Tilesets/SubTiles/Outside_636.asset
  artifactKey: Guid(aaa20b32a148fb94e963a30672f9cf50) Importer(2089858483,b0f066a214c2f5e87bad3c948f4d605d)
Start importing Assets/Graphisms/Tilesets/SubTiles/Outside_636.asset using Guid(aaa20b32a148fb94e963a30672f9cf50) Importer(2089858483,b0f066a214c2f5e87bad3c948f4d605d) (ScriptedImporter) -> (artifact id: 'b01b9e4beecef2037ba05909a5707237') in 0.0111547 seconds
Number of updated asset objects reloaded before import = 0Number of asset objects unloaded after import = 2

========================================================================
Received Import Request.
  Time since last request: 0.000033 seconds.
  path: Assets/Graphisms/Tilesets/SubTiles/Outside_58.asset
  artifactKey: Guid(6ad3c5d334dc3854e93bd8b2441de2bb) Importer(2089858483,b0f066a214c2f5e87bad3c948f4d605d)
Start importing Assets/Graphisms/Tilesets/SubTiles/Outside_58.asset using Guid(6ad3c5d334dc3854e93bd8b2441de2bb) Importer(2089858483,b0f066a214c2f5e87bad3c948f4d605d) (ScriptedImporter) -> (artifact id: '98755a8a9797a6bb7c1ad83c051e5413') in 0.0267673 seconds
Number of updated asset objects reloaded before import = 0Number of asset objects unloaded after import = 2

========================================================================
Received Import Request.
  Time since last request: 0.000033 seconds.
  path: Assets/Graphisms/Tilesets/SubTiles/Outside_3697.asset
  artifactKey: Guid(9530e8dd05305724dbb6dd2a70fff5e1) Importer(2089858483,b0f066a214c2f5e87bad3c948f4d605d)
Start importing Assets/Graphisms/Tilesets/SubTiles/Outside_3697.asset using Guid(9530e8dd05305724dbb6dd2a70fff5e1) Importer(2089858483,b0f066a214c2f5e87bad3c948f4d605d) (ScriptedImporter) -> (artifact id: '533cf46fa14fb65f28b12ae55650525b') in 0.0104272 seconds
Number of updated asset objects reloaded before import = 0Number of asset objects unloaded after import = 2

========================================================================
Received Import Request.
  Time since last request: 0.000044 seconds.
  path: Assets/Graphisms/Tilesets/SubTiles/Outside_933.asset
  artifactKey: Guid(b27ebfb7e2c36184c9986a5418b7ba19) Importer(2089858483,b0f066a214c2f5e87bad3c948f4d605d)
Start importing Assets/Graphisms/Tilesets/SubTiles/Outside_933.asset using Guid(b27ebfb7e2c36184c9986a5418b7ba19) Importer(2089858483,b0f066a214c2f5e87bad3c948f4d605d) (ScriptedImporter) -> (artifact id: '45af390e2419a3f04285f2160f529ff4') in 0.0143184 seconds
Number of updated asset objects reloaded before import = 0Number of asset objects unloaded after import = 2

========================================================================
Received Import Request.
  Time since last request: 0.000035 seconds.
  path: Assets/Graphisms/Tilesets/SubTiles/Outside_3720.asset
  artifactKey: Guid(6daf149458c4e1c468aa613a57009459) Importer(2089858483,b0f066a214c2f5e87bad3c948f4d605d)
Start importing Assets/Graphisms/Tilesets/SubTiles/Outside_3720.asset using Guid(6daf149458c4e1c468aa613a57009459) Importer(2089858483,b0f066a214c2f5e87bad3c948f4d605d) (ScriptedImporter) -> (artifact id: '5d005266e425e1ef3717d08812be5531') in 0.0110164 seconds
Number of updated asset objects reloaded before import = 0Number of asset objects unloaded after import = 2

========================================================================
Received Import Request.
  Time since last request: 0.000019 seconds.
  path: Assets/Graphisms/Tilesets/SubTiles/Outside_413.asset
  artifactKey: Guid(b6eff0421250dc24aa0c2a9152b082d7) Importer(2089858483,b0f066a214c2f5e87bad3c948f4d605d)
Start importing Assets/Graphisms/Tilesets/SubTiles/Outside_413.asset using Guid(b6eff0421250dc24aa0c2a9152b082d7) Importer(2089858483,b0f066a214c2f5e87bad3c948f4d605d) (ScriptedImporter) -> (artifact id: 'a56ab82a146ed03814cf51d61107721a') in 0.0115974 seconds
Number of updated asset objects reloaded before import = 0Number of asset objects unloaded after import = 2

========================================================================
Received Import Request.
  Time since last request: 0.000025 seconds.
  path: Assets/Graphisms/Tilesets/SubTiles/Outside_3650.asset
  artifactKey: Guid(7e331e0dfecdd7a4e834a4b75d9cd7d3) Importer(2089858483,b0f066a214c2f5e87bad3c948f4d605d)
Start importing Assets/Graphisms/Tilesets/SubTiles/Outside_3650.asset using Guid(7e331e0dfecdd7a4e834a4b75d9cd7d3) Importer(2089858483,b0f066a214c2f5e87bad3c948f4d605d) (ScriptedImporter) -> (artifact id: '33fff943666da0df6e2869a177a0eff4') in 0.0121919 seconds
Number of updated asset objects reloaded before import = 0Number of asset objects unloaded after import = 2

========================================================================
Received Import Request.
  Time since last request: 0.000024 seconds.
  path: Assets/Graphisms/Tilesets/SubTiles/Outside_2142.asset
  artifactKey: Guid(59f302b178d57234bb0c83483af7b53b) Importer(2089858483,b0f066a214c2f5e87bad3c948f4d605d)
Start importing Assets/Graphisms/Tilesets/SubTiles/Outside_2142.asset using Guid(59f302b178d57234bb0c83483af7b53b) Importer(2089858483,b0f066a214c2f5e87bad3c948f4d605d) (ScriptedImporter) -> (artifact id: '044227c79c5369def3c1d37300abc73e') in 0.0166714 seconds
Number of updated asset objects reloaded before import = 0Number of asset objects unloaded after import = 2

========================================================================
Received Import Request.
  Time since last request: 0.000033 seconds.
  path: Assets/Graphisms/Tilesets/SubTiles/Outside_2943.asset
  artifactKey: Guid(f8b559d889b1131439bac2fa563b0c99) Importer(2089858483,b0f066a214c2f5e87bad3c948f4d605d)
Start importing Assets/Graphisms/Tilesets/SubTiles/Outside_2943.asset using Guid(f8b559d889b1131439bac2fa563b0c99) Importer(2089858483,b0f066a214c2f5e87bad3c948f4d605d) (ScriptedImporter) -> (artifact id: '73e58a820729124217a29d971b0f3909') in 0.0114774 seconds
Number of updated asset objects reloaded before import = 0Number of asset objects unloaded after import = 2

========================================================================
Received Import Request.
  Time since last request: 0.000028 seconds.
  path: Assets/Graphisms/Tilesets/SubTiles/Outside_2120.asset
  artifactKey: Guid(c8135b5d895f9ab498e70eb037babc3c) Importer(2089858483,b0f066a214c2f5e87bad3c948f4d605d)
Start importing Assets/Graphisms/Tilesets/SubTiles/Outside_2120.asset using Guid(c8135b5d895f9ab498e70eb037babc3c) Importer(2089858483,b0f066a214c2f5e87bad3c948f4d605d) (ScriptedImporter) -> (artifact id: '1b038457a19bde4b3b83f722239138ae') in 0.0144458 seconds
Number of updated asset objects reloaded before import = 0Number of asset objects unloaded after import = 2

========================================================================
Received Import Request.
  Time since last request: 0.000018 seconds.
  path: Assets/Graphisms/Tilesets/SubTiles/Outside_745.asset
  artifactKey: Guid(194970265a6a94745826114150415966) Importer(2089858483,b0f066a214c2f5e87bad3c948f4d605d)
Start importing Assets/Graphisms/Tilesets/SubTiles/Outside_745.asset using Guid(194970265a6a94745826114150415966) Importer(2089858483,b0f066a214c2f5e87bad3c948f4d605d) (ScriptedImporter) -> (artifact id: 'e7aa67b0c5d14d2dfd367b93c0ad3d1b') in 0.0149695 seconds
Number of updated asset objects reloaded before import = 0Number of asset objects unloaded after import = 2

========================================================================
Received Import Request.
  Time since last request: 0.000025 seconds.
  path: Assets/Graphisms/Tilesets/SubTiles/Outside_3055.asset
  artifactKey: Guid(614b4c57932ab8a409b8d77a959ab45e) Importer(2089858483,b0f066a214c2f5e87bad3c948f4d605d)
Start importing Assets/Graphisms/Tilesets/SubTiles/Outside_3055.asset using Guid(614b4c57932ab8a409b8d77a959ab45e) Importer(2089858483,b0f066a214c2f5e87bad3c948f4d605d) (ScriptedImporter) -> (artifact id: '1ea2dd74b258ac7dfce5d80eb56fc644') in 0.0120096 seconds
Number of updated asset objects reloaded before import = 0Number of asset objects unloaded after import = 2

========================================================================
Received Import Request.
  Time since last request: 0.000047 seconds.
  path: Assets/Graphisms/Tilesets/SubTiles/Outside_2001.asset
  artifactKey: Guid(0a4abb4f59d18db428077e2b663dceef) Importer(2089858483,b0f066a214c2f5e87bad3c948f4d605d)
Start importing Assets/Graphisms/Tilesets/SubTiles/Outside_2001.asset using Guid(0a4abb4f59d18db428077e2b663dceef) Importer(2089858483,b0f066a214c2f5e87bad3c948f4d605d) (ScriptedImporter) -> (artifact id: 'f93d60b33aaa2c1d268676e3b0ddd059') in 0.0109221 seconds
Number of updated asset objects reloaded before import = 0Number of asset objects unloaded after import = 2

========================================================================
Received Import Request.
  Time since last request: 0.000021 seconds.
  path: Assets/Graphisms/Tilesets/SubTiles/Outside_1483.asset
  artifactKey: Guid(727bc51af471c39409d6d6dabf56640d) Importer(2089858483,b0f066a214c2f5e87bad3c948f4d605d)
Start importing Assets/Graphisms/Tilesets/SubTiles/Outside_1483.asset using Guid(727bc51af471c39409d6d6dabf56640d) Importer(2089858483,b0f066a214c2f5e87bad3c948f4d605d) (ScriptedImporter) -> (artifact id: '4b1513f67c8b3126ee1e95df514609ce') in 0.0100504 seconds
Number of updated asset objects reloaded before import = 0Number of asset objects unloaded after import = 2

========================================================================
Received Import Request.
  Time since last request: 0.000028 seconds.
  path: Assets/Graphisms/Tilesets/SubTiles/Outside_2326.asset
  artifactKey: Guid(c4d21935ec310c848a1274f365ca0332) Importer(2089858483,b0f066a214c2f5e87bad3c948f4d605d)
Start importing Assets/Graphisms/Tilesets/SubTiles/Outside_2326.asset using Guid(c4d21935ec310c848a1274f365ca0332) Importer(2089858483,b0f066a214c2f5e87bad3c948f4d605d) (ScriptedImporter) -> (artifact id: 'c4300596629e63de516248746ba11dac') in 0.009968 seconds
Number of updated asset objects reloaded before import = 0Number of asset objects unloaded after import = 2

========================================================================
Received Import Request.
  Time since last request: 0.000019 seconds.
  path: Assets/Graphisms/Tilesets/SubTiles/Outside_1693.asset
  artifactKey: Guid(d12218472fb3f67429f3e854fde60091) Importer(2089858483,b0f066a214c2f5e87bad3c948f4d605d)
Start importing Assets/Graphisms/Tilesets/SubTiles/Outside_1693.asset using Guid(d12218472fb3f67429f3e854fde60091) Importer(2089858483,b0f066a214c2f5e87bad3c948f4d605d) (ScriptedImporter) -> (artifact id: 'e7bc442c54c95ca70b52ecca939559c9') in 0.0102908 seconds
Number of updated asset objects reloaded before import = 0Number of asset objects unloaded after import = 2

========================================================================
Received Import Request.
  Time since last request: 0.000023 seconds.
  path: Assets/Graphisms/Tilesets/SubTiles/Outside_845.asset
  artifactKey: Guid(a59fb3adc8a2f0d4d9e59c630037c4a3) Importer(2089858483,b0f066a214c2f5e87bad3c948f4d605d)
Start importing Assets/Graphisms/Tilesets/SubTiles/Outside_845.asset using Guid(a59fb3adc8a2f0d4d9e59c630037c4a3) Importer(2089858483,b0f066a214c2f5e87bad3c948f4d605d) (ScriptedImporter) -> (artifact id: 'dd51cd4c358ae8846dd29e90b7768109') in 0.0150942 seconds
Number of updated asset objects reloaded before import = 0Number of asset objects unloaded after import = 2

========================================================================
Received Import Request.
  Time since last request: 0.000026 seconds.
  path: Assets/Graphisms/Tilesets/SubTiles/Outside_1206.asset
  artifactKey: Guid(8f635b95ebc993f409d7fc15ffde5ee0) Importer(2089858483,b0f066a214c2f5e87bad3c948f4d605d)
Start importing Assets/Graphisms/Tilesets/SubTiles/Outside_1206.asset using Guid(8f635b95ebc993f409d7fc15ffde5ee0) Importer(2089858483,b0f066a214c2f5e87bad3c948f4d605d) (ScriptedImporter) -> (artifact id: '431fd825941d1641f99d8f75a1bf39db') in 0.012359 seconds
Number of updated asset objects reloaded before import = 0Number of asset objects unloaded after import = 2

========================================================================
Received Import Request.
  Time since last request: 0.000027 seconds.
  path: Assets/Graphisms/Tilesets/SubTiles/Outside_3010.asset
  artifactKey: Guid(3e67b2d37145f0e4fb70807604c8ea63) Importer(2089858483,b0f066a214c2f5e87bad3c948f4d605d)
Start importing Assets/Graphisms/Tilesets/SubTiles/Outside_3010.asset using Guid(3e67b2d37145f0e4fb70807604c8ea63) Importer(2089858483,b0f066a214c2f5e87bad3c948f4d605d) (ScriptedImporter) -> (artifact id: '6fb68c07834443cc54d6325e92e9bc4d') in 0.0113648 seconds
Number of updated asset objects reloaded before import = 0Number of asset objects unloaded after import = 2

========================================================================
Received Import Request.
  Time since last request: 0.000021 seconds.
  path: Assets/Graphisms/Tilesets/SubTiles/Outside_1428.asset
  artifactKey: Guid(03df8750d63bf8c4bb081dd57f2b6e11) Importer(2089858483,b0f066a214c2f5e87bad3c948f4d605d)
Start importing Assets/Graphisms/Tilesets/SubTiles/Outside_1428.asset using Guid(03df8750d63bf8c4bb081dd57f2b6e11) Importer(2089858483,b0f066a214c2f5e87bad3c948f4d605d) (ScriptedImporter) -> (artifact id: '355aa7fce766732e66c38ccc153edd46') in 0.0108764 seconds
Number of updated asset objects reloaded before import = 0Number of asset objects unloaded after import = 2

========================================================================
Received Import Request.
  Time since last request: 0.000026 seconds.
  path: Assets/Graphisms/Tilesets/SubTiles/Outside_578.asset
  artifactKey: Guid(89bc47f19ce859a489c7b632daba11a5) Importer(2089858483,b0f066a214c2f5e87bad3c948f4d605d)
Start importing Assets/Graphisms/Tilesets/SubTiles/Outside_578.asset using Guid(89bc47f19ce859a489c7b632daba11a5) Importer(2089858483,b0f066a214c2f5e87bad3c948f4d605d) (ScriptedImporter) -> (artifact id: 'fd5e37dd607522d966d7155d37977121') in 0.0121718 seconds
Number of updated asset objects reloaded before import = 0Number of asset objects unloaded after import = 2

========================================================================
Received Import Request.
  Time since last request: 0.000034 seconds.
  path: Assets/Graphisms/Tilesets/SubTiles/Outside_120.asset
  artifactKey: Guid(2173978738f56684abf1ec74ded3fee3) Importer(2089858483,b0f066a214c2f5e87bad3c948f4d605d)
Start importing Assets/Graphisms/Tilesets/SubTiles/Outside_120.asset using Guid(2173978738f56684abf1ec74ded3fee3) Importer(2089858483,b0f066a214c2f5e87bad3c948f4d605d) (ScriptedImporter) -> (artifact id: '8ff4f488aea7c8a53f08dd8a6658fdf5') in 0.0257611 seconds
Number of updated asset objects reloaded before import = 0Number of asset objects unloaded after import = 2

========================================================================
Received Import Request.
  Time since last request: 0.000035 seconds.
  path: Assets/Graphisms/Tilesets/SubTiles/Outside_3500.asset
  artifactKey: Guid(cf7845be9eefbff41917fd0e14534349) Importer(2089858483,b0f066a214c2f5e87bad3c948f4d605d)
Start importing Assets/Graphisms/Tilesets/SubTiles/Outside_3500.asset using Guid(cf7845be9eefbff41917fd0e14534349) Importer(2089858483,b0f066a214c2f5e87bad3c948f4d605d) (ScriptedImporter) -> (artifact id: 'f401bad9f8eeeda04f69b7b9c4e10d25') in 0.0102422 seconds
Number of updated asset objects reloaded before import = 0Number of asset objects unloaded after import = 2

========================================================================
Received Import Request.
  Time since last request: 0.000025 seconds.
  path: Assets/Graphisms/Tilesets/SubTiles/Outside_2007.asset
  artifactKey: Guid(f00075e3b5291e8469b6b66f5039efce) Importer(2089858483,b0f066a214c2f5e87bad3c948f4d605d)
Start importing Assets/Graphisms/Tilesets/SubTiles/Outside_2007.asset using Guid(f00075e3b5291e8469b6b66f5039efce) Importer(2089858483,b0f066a214c2f5e87bad3c948f4d605d) (ScriptedImporter) -> (artifact id: 'ab060dea07f6f6e8cb4d9a9d5d57cb99') in 0.0096716 seconds
Number of updated asset objects reloaded before import = 0Number of asset objects unloaded after import = 2

========================================================================
Received Import Request.
  Time since last request: 0.000040 seconds.
  path: Assets/Graphisms/Tilesets/SubTiles/Outside_1877.asset
  artifactKey: Guid(67d3d132187b144479660fda57713cce) Importer(2089858483,b0f066a214c2f5e87bad3c948f4d605d)
Start importing Assets/Graphisms/Tilesets/SubTiles/Outside_1877.asset using Guid(67d3d132187b144479660fda57713cce) Importer(2089858483,b0f066a214c2f5e87bad3c948f4d605d) (ScriptedImporter) -> (artifact id: 'a256befc020dc3b8a04e796b0882aa9b') in 0.0113884 seconds
Number of updated asset objects reloaded before import = 0Number of asset objects unloaded after import = 2

========================================================================
Received Import Request.
  Time since last request: 0.000026 seconds.
  path: Assets/Graphisms/Tilesets/SubTiles/Outside_1818.asset
  artifactKey: Guid(65634bdb46e9c164fa2034de260d756d) Importer(2089858483,b0f066a214c2f5e87bad3c948f4d605d)
Start importing Assets/Graphisms/Tilesets/SubTiles/Outside_1818.asset using Guid(65634bdb46e9c164fa2034de260d756d) Importer(2089858483,b0f066a214c2f5e87bad3c948f4d605d) (ScriptedImporter) -> (artifact id: 'f13d1f59f2c56db556e786a5ae717921') in 0.0102861 seconds
Number of updated asset objects reloaded before import = 0Number of asset objects unloaded after import = 2

========================================================================
Received Import Request.
  Time since last request: 0.000036 seconds.
  path: Assets/Graphisms/Tilesets/SubTiles/Outside_757.asset
  artifactKey: Guid(4c28da8c7f7306b4a9fe3b951d9c87fa) Importer(2089858483,b0f066a214c2f5e87bad3c948f4d605d)
Start importing Assets/Graphisms/Tilesets/SubTiles/Outside_757.asset using Guid(4c28da8c7f7306b4a9fe3b951d9c87fa) Importer(2089858483,b0f066a214c2f5e87bad3c948f4d605d) (ScriptedImporter) -> (artifact id: '0f66af34a59cc2cd52d973f1d891dd49') in 0.0110683 seconds
Number of updated asset objects reloaded before import = 0Number of asset objects unloaded after import = 2

========================================================================
Received Import Request.
  Time since last request: 0.000023 seconds.
  path: Assets/Graphisms/Tilesets/SubTiles/Outside_450.asset
  artifactKey: Guid(2ce8ef11afab96447a0c20326eefc14a) Importer(2089858483,b0f066a214c2f5e87bad3c948f4d605d)
Start importing Assets/Graphisms/Tilesets/SubTiles/Outside_450.asset using Guid(2ce8ef11afab96447a0c20326eefc14a) Importer(2089858483,b0f066a214c2f5e87bad3c948f4d605d) (ScriptedImporter) -> (artifact id: '069f9966be1544b30f042ce9ac77bc93') in 0.0112718 seconds
Number of updated asset objects reloaded before import = 0Number of asset objects unloaded after import = 2

========================================================================
Received Import Request.
  Time since last request: 0.000028 seconds.
  path: Assets/Graphisms/Tilesets/SubTiles/Outside_2313.asset
  artifactKey: Guid(23769722368dae841a001f231338f58b) Importer(2089858483,b0f066a214c2f5e87bad3c948f4d605d)
Start importing Assets/Graphisms/Tilesets/SubTiles/Outside_2313.asset using Guid(23769722368dae841a001f231338f58b) Importer(2089858483,b0f066a214c2f5e87bad3c948f4d605d) (ScriptedImporter) -> (artifact id: '22c51d03dcc6389298d46e51f1e909a7') in 0.0105005 seconds
Number of updated asset objects reloaded before import = 0Number of asset objects unloaded after import = 2

========================================================================
Received Import Request.
  Time since last request: 0.000022 seconds.
  path: Assets/Graphisms/Tilesets/SubTiles/Outside_2090.asset
  artifactKey: Guid(7492730ef9f0b9149b4aff8a23d57d92) Importer(2089858483,b0f066a214c2f5e87bad3c948f4d605d)
Start importing Assets/Graphisms/Tilesets/SubTiles/Outside_2090.asset using Guid(7492730ef9f0b9149b4aff8a23d57d92) Importer(2089858483,b0f066a214c2f5e87bad3c948f4d605d) (ScriptedImporter) -> (artifact id: 'ff5c9420bc156c7468433d475d9b32b1') in 0.0095349 seconds
Number of updated asset objects reloaded before import = 0Number of asset objects unloaded after import = 2

========================================================================
Received Import Request.
  Time since last request: 0.000026 seconds.
  path: Assets/Graphisms/Tilesets/SubTiles/Outside_880.asset
  artifactKey: Guid(0dcf28498da11584daa6516d33c3fd5d) Importer(2089858483,b0f066a214c2f5e87bad3c948f4d605d)
Start importing Assets/Graphisms/Tilesets/SubTiles/Outside_880.asset using Guid(0dcf28498da11584daa6516d33c3fd5d) Importer(2089858483,b0f066a214c2f5e87bad3c948f4d605d) (ScriptedImporter) -> (artifact id: '786da13585e4ad91ee2acce6e1263edf') in 0.0108962 seconds
Number of updated asset objects reloaded before import = 0Number of asset objects unloaded after import = 2

========================================================================
Received Import Request.
  Time since last request: 0.000051 seconds.
  path: Assets/Graphisms/Tilesets/SubTiles/Outside_3900.asset
  artifactKey: Guid(84aacdbc26e258642acef66ea9d5db6e) Importer(2089858483,b0f066a214c2f5e87bad3c948f4d605d)
Start importing Assets/Graphisms/Tilesets/SubTiles/Outside_3900.asset using Guid(84aacdbc26e258642acef66ea9d5db6e) Importer(2089858483,b0f066a214c2f5e87bad3c948f4d605d) (ScriptedImporter) -> (artifact id: '47e94bfacf2b719ecb81cc319a9e60da') in 0.0107137 seconds
Number of updated asset objects reloaded before import = 0Number of asset objects unloaded after import = 2

========================================================================
Received Import Request.
  Time since last request: 0.000021 seconds.
  path: Assets/Graphisms/Tilesets/SubTiles/Outside_3518.asset
  artifactKey: Guid(e2cee77ba1eb44e4dacbef613d5ae754) Importer(2089858483,b0f066a214c2f5e87bad3c948f4d605d)
Start importing Assets/Graphisms/Tilesets/SubTiles/Outside_3518.asset using Guid(e2cee77ba1eb44e4dacbef613d5ae754) Importer(2089858483,b0f066a214c2f5e87bad3c948f4d605d) (ScriptedImporter) -> (artifact id: '351bb36cd3f796342a1d598818878a53') in 0.0103527 seconds
Number of updated asset objects reloaded before import = 0Number of asset objects unloaded after import = 2

========================================================================
Received Import Request.
  Time since last request: 0.000028 seconds.
  path: Assets/Graphisms/Tilesets/SubTiles/Outside_2344.asset
  artifactKey: Guid(abe6fa97077048d43be38f68eb0ddbb7) Importer(2089858483,b0f066a214c2f5e87bad3c948f4d605d)
Start importing Assets/Graphisms/Tilesets/SubTiles/Outside_2344.asset using Guid(abe6fa97077048d43be38f68eb0ddbb7) Importer(2089858483,b0f066a214c2f5e87bad3c948f4d605d) (ScriptedImporter) -> (artifact id: '9306a2d74ef2044d85de653ae71963e1') in 0.0092326 seconds
Number of updated asset objects reloaded before import = 0Number of asset objects unloaded after import = 2

========================================================================
Received Import Request.
  Time since last request: 0.000019 seconds.
  path: Assets/Graphisms/Tilesets/SubTiles/Outside_3539.asset
  artifactKey: Guid(1377c6d7a056e5b4ba2b0dd626b64fef) Importer(2089858483,b0f066a214c2f5e87bad3c948f4d605d)
Start importing Assets/Graphisms/Tilesets/SubTiles/Outside_3539.asset using Guid(1377c6d7a056e5b4ba2b0dd626b64fef) Importer(2089858483,b0f066a214c2f5e87bad3c948f4d605d) (ScriptedImporter) -> (artifact id: 'e5a08bdb8fa131a4b6ff04a174674305') in 0.0103827 seconds
Number of updated asset objects reloaded before import = 0Number of asset objects unloaded after import = 2

========================================================================
Received Import Request.
  Time since last request: 0.000046 seconds.
  path: Assets/Graphisms/Tilesets/SubTiles/Outside_3685.asset
  artifactKey: Guid(f3b357c083455c1469ad2943e7ef7d22) Importer(2089858483,b0f066a214c2f5e87bad3c948f4d605d)
Start importing Assets/Graphisms/Tilesets/SubTiles/Outside_3685.asset using Guid(f3b357c083455c1469ad2943e7ef7d22) Importer(2089858483,b0f066a214c2f5e87bad3c948f4d605d) (ScriptedImporter) -> (artifact id: 'b5ed94006efa721a94e579c6b8d1eb56') in 0.0102889 seconds
Number of updated asset objects reloaded before import = 0Number of asset objects unloaded after import = 2

========================================================================
Received Import Request.
  Time since last request: 0.000037 seconds.
  path: Assets/Graphisms/Tilesets/SubTiles/Outside_498.asset
  artifactKey: Guid(e29033b2b7b34a64889aa4663071e699) Importer(2089858483,b0f066a214c2f5e87bad3c948f4d605d)
Start importing Assets/Graphisms/Tilesets/SubTiles/Outside_498.asset using Guid(e29033b2b7b34a64889aa4663071e699) Importer(2089858483,b0f066a214c2f5e87bad3c948f4d605d) (ScriptedImporter) -> (artifact id: '8c2c079e6df16d6572fdd13ebd5610da') in 0.0112063 seconds
Number of updated asset objects reloaded before import = 0Number of asset objects unloaded after import = 2

========================================================================
Received Import Request.
  Time since last request: 0.000037 seconds.
  path: Assets/Graphisms/Tilesets/SubTiles/Outside_528.asset
  artifactKey: Guid(13b4dd80f45c5fc499ea2bac2fccf8e4) Importer(2089858483,b0f066a214c2f5e87bad3c948f4d605d)
Start importing Assets/Graphisms/Tilesets/SubTiles/Outside_528.asset using Guid(13b4dd80f45c5fc499ea2bac2fccf8e4) Importer(2089858483,b0f066a214c2f5e87bad3c948f4d605d) (ScriptedImporter) -> (artifact id: '352dd399d3619a3adc686721bb74c818') in 0.0111348 seconds
Number of updated asset objects reloaded before import = 0Number of asset objects unloaded after import = 2

========================================================================
Received Import Request.
  Time since last request: 0.000024 seconds.
  path: Assets/Graphisms/Tilesets/SubTiles/Outside_2077.asset
  artifactKey: Guid(eab6b7cd12bfe0443acb511febd1409f) Importer(2089858483,b0f066a214c2f5e87bad3c948f4d605d)
Start importing Assets/Graphisms/Tilesets/SubTiles/Outside_2077.asset using Guid(eab6b7cd12bfe0443acb511febd1409f) Importer(2089858483,b0f066a214c2f5e87bad3c948f4d605d) (ScriptedImporter) -> (artifact id: '3f61b87bd878f8895dc3464c4dae02c4') in 0.0096699 seconds
Number of updated asset objects reloaded before import = 0Number of asset objects unloaded after import = 2

========================================================================
Received Import Request.
  Time since last request: 0.000026 seconds.
  path: Assets/Graphisms/Tilesets/SubTiles/Outside_3331.asset
  artifactKey: Guid(94f06b85d93dfeb48b8269ff651c37d9) Importer(2089858483,b0f066a214c2f5e87bad3c948f4d605d)
Start importing Assets/Graphisms/Tilesets/SubTiles/Outside_3331.asset using Guid(94f06b85d93dfeb48b8269ff651c37d9) Importer(2089858483,b0f066a214c2f5e87bad3c948f4d605d) (ScriptedImporter) -> (artifact id: '53c4a9c04505d705ea713a3b350d7280') in 0.0135308 seconds
Number of updated asset objects reloaded before import = 0Number of asset objects unloaded after import = 2

========================================================================
Received Import Request.
  Time since last request: 0.000022 seconds.
  path: Assets/Graphisms/Tilesets/SubTiles/Outside_2796.asset
  artifactKey: Guid(87bdc79fcf57bec4f96b7bbbc5075e3f) Importer(2089858483,b0f066a214c2f5e87bad3c948f4d605d)
Start importing Assets/Graphisms/Tilesets/SubTiles/Outside_2796.asset using Guid(87bdc79fcf57bec4f96b7bbbc5075e3f) Importer(2089858483,b0f066a214c2f5e87bad3c948f4d605d) (ScriptedImporter) -> (artifact id: '34e2debb7327681f7bd1123c80f4684f') in 0.0100251 seconds
Number of updated asset objects reloaded before import = 0Number of asset objects unloaded after import = 2

========================================================================
Received Import Request.
  Time since last request: 0.000031 seconds.
  path: Assets/Graphisms/Tilesets/SubTiles/Outside_2073.asset
  artifactKey: Guid(f64927bb53c3a7a44acebccc8978e494) Importer(2089858483,b0f066a214c2f5e87bad3c948f4d605d)
Start importing Assets/Graphisms/Tilesets/SubTiles/Outside_2073.asset using Guid(f64927bb53c3a7a44acebccc8978e494) Importer(2089858483,b0f066a214c2f5e87bad3c948f4d605d) (ScriptedImporter) -> (artifact id: '681629ede2808c354a6ec373af4488bd') in 0.0118453 seconds
Number of updated asset objects reloaded before import = 0Number of asset objects unloaded after import = 2

========================================================================
Received Import Request.
  Time since last request: 0.000020 seconds.
  path: Assets/Graphisms/Tilesets/SubTiles/Outside_3713.asset
  artifactKey: Guid(513d6268e4e17f9479306d4414cf50a7) Importer(2089858483,b0f066a214c2f5e87bad3c948f4d605d)
Start importing Assets/Graphisms/Tilesets/SubTiles/Outside_3713.asset using Guid(513d6268e4e17f9479306d4414cf50a7) Importer(2089858483,b0f066a214c2f5e87bad3c948f4d605d) (ScriptedImporter) -> (artifact id: '3ff8a97cdb855c246a3ae4914a80ee3c') in 0.0103097 seconds
Number of updated asset objects reloaded before import = 0Number of asset objects unloaded after import = 2

========================================================================
Received Import Request.
  Time since last request: 0.000038 seconds.
  path: Assets/Graphisms/Tilesets/SubTiles/Outside_2634.asset
  artifactKey: Guid(43b115e19f97bd0428943572c15ff7bd) Importer(2089858483,b0f066a214c2f5e87bad3c948f4d605d)
Start importing Assets/Graphisms/Tilesets/SubTiles/Outside_2634.asset using Guid(43b115e19f97bd0428943572c15ff7bd) Importer(2089858483,b0f066a214c2f5e87bad3c948f4d605d) (ScriptedImporter) -> (artifact id: 'f0fcc40090b0b5d461731e14aa25ba7f') in 0.0110033 seconds
Number of updated asset objects reloaded before import = 0Number of asset objects unloaded after import = 2

========================================================================
Received Import Request.
  Time since last request: 0.000020 seconds.
  path: Assets/Graphisms/Tilesets/SubTiles/Outside_2773.asset
  artifactKey: Guid(a336638034faa2243ab717e0f342fc56) Importer(2089858483,b0f066a214c2f5e87bad3c948f4d605d)
Start importing Assets/Graphisms/Tilesets/SubTiles/Outside_2773.asset using Guid(a336638034faa2243ab717e0f342fc56) Importer(2089858483,b0f066a214c2f5e87bad3c948f4d605d) (ScriptedImporter) -> (artifact id: '9a48cb41ca6011e2e0a6d2a5004fab00') in 0.0103194 seconds
Number of updated asset objects reloaded before import = 0Number of asset objects unloaded after import = 2

========================================================================
Received Import Request.
  Time since last request: 0.000037 seconds.
  path: Assets/Graphisms/Tilesets/SubTiles/Outside_2149.asset
  artifactKey: Guid(fc6a7b68909f0514db925ef103cbdb2a) Importer(2089858483,b0f066a214c2f5e87bad3c948f4d605d)
Start importing Assets/Graphisms/Tilesets/SubTiles/Outside_2149.asset using Guid(fc6a7b68909f0514db925ef103cbdb2a) Importer(2089858483,b0f066a214c2f5e87bad3c948f4d605d) (ScriptedImporter) -> (artifact id: '99f40fee63fa6f7418ffa65774244bf8') in 0.0107183 seconds
Number of updated asset objects reloaded before import = 0Number of asset objects unloaded after import = 2

========================================================================
Received Import Request.
  Time since last request: 0.000034 seconds.
  path: Assets/Graphisms/Tilesets/SubTiles/Outside_3376.asset
  artifactKey: Guid(3cc16cad749de0c4baf6e7acd1dbf0d3) Importer(2089858483,b0f066a214c2f5e87bad3c948f4d605d)
Start importing Assets/Graphisms/Tilesets/SubTiles/Outside_3376.asset using Guid(3cc16cad749de0c4baf6e7acd1dbf0d3) Importer(2089858483,b0f066a214c2f5e87bad3c948f4d605d) (ScriptedImporter) -> (artifact id: '11d20a24201cb6f74ea0219d3ea4bf97') in 0.0089276 seconds
Number of updated asset objects reloaded before import = 0Number of asset objects unloaded after import = 2

========================================================================
Received Import Request.
  Time since last request: 0.000029 seconds.
  path: Assets/Graphisms/Tilesets/SubTiles/Outside_2594.asset
  artifactKey: Guid(1cca2bb7667f1c444a970a614888740e) Importer(2089858483,b0f066a214c2f5e87bad3c948f4d605d)
Start importing Assets/Graphisms/Tilesets/SubTiles/Outside_2594.asset using Guid(1cca2bb7667f1c444a970a614888740e) Importer(2089858483,b0f066a214c2f5e87bad3c948f4d605d) (ScriptedImporter) -> (artifact id: 'b141d7c7477fdff9f1d6fdcc97dce985') in 0.0104373 seconds
Number of updated asset objects reloaded before import = 0Number of asset objects unloaded after import = 2

========================================================================
Received Import Request.
  Time since last request: 0.000025 seconds.
  path: Assets/Graphisms/Tilesets/SubTiles/Outside_685.asset
  artifactKey: Guid(4dc569535b542a946a560092d03b5f0e) Importer(2089858483,b0f066a214c2f5e87bad3c948f4d605d)
Start importing Assets/Graphisms/Tilesets/SubTiles/Outside_685.asset using Guid(4dc569535b542a946a560092d03b5f0e) Importer(2089858483,b0f066a214c2f5e87bad3c948f4d605d) (ScriptedImporter) -> (artifact id: '7e7b26c4ba5f3be404f6fb114db6c034') in 0.0097964 seconds
Number of updated asset objects reloaded before import = 0Number of asset objects unloaded after import = 2

========================================================================
Received Import Request.
  Time since last request: 0.000031 seconds.
  path: Assets/Graphisms/Tilesets/SubTiles/Outside_3694.asset
  artifactKey: Guid(bf1979f907e190e48b6476b5a6ac9d73) Importer(2089858483,b0f066a214c2f5e87bad3c948f4d605d)
Start importing Assets/Graphisms/Tilesets/SubTiles/Outside_3694.asset using Guid(bf1979f907e190e48b6476b5a6ac9d73) Importer(2089858483,b0f066a214c2f5e87bad3c948f4d605d) (ScriptedImporter) -> (artifact id: '979263ecf38090bcb0c4f29d4d6b791e') in 0.0101071 seconds
Number of updated asset objects reloaded before import = 0Number of asset objects unloaded after import = 2

========================================================================
Received Import Request.
  Time since last request: 0.000024 seconds.
  path: Assets/Graphisms/Tilesets/SubTiles/Outside_2045.asset
  artifactKey: Guid(26cebe656d8af4a43ae0bf4e5531ce25) Importer(2089858483,b0f066a214c2f5e87bad3c948f4d605d)
Start importing Assets/Graphisms/Tilesets/SubTiles/Outside_2045.asset using Guid(26cebe656d8af4a43ae0bf4e5531ce25) Importer(2089858483,b0f066a214c2f5e87bad3c948f4d605d) (ScriptedImporter) -> (artifact id: '75b14536319bcb2a96425f4c21571297') in 0.0090552 seconds
Number of updated asset objects reloaded before import = 0Number of asset objects unloaded after import = 2

========================================================================
Received Import Request.
  Time since last request: 0.000048 seconds.
  path: Assets/Graphisms/Tilesets/SubTiles/Outside_464.asset
  artifactKey: Guid(e0b4f5cd3ffa6394ca866bff47a9cdad) Importer(2089858483,b0f066a214c2f5e87bad3c948f4d605d)
Start importing Assets/Graphisms/Tilesets/SubTiles/Outside_464.asset using Guid(e0b4f5cd3ffa6394ca866bff47a9cdad) Importer(2089858483,b0f066a214c2f5e87bad3c948f4d605d) (ScriptedImporter) -> (artifact id: 'd2409aa3f865e47fbfe51470f9b82a59') in 0.0110958 seconds
Number of updated asset objects reloaded before import = 0Number of asset objects unloaded after import = 2

========================================================================
Received Import Request.
  Time since last request: 0.000019 seconds.
  path: Assets/Graphisms/Tilesets/SubTiles/Outside_136.asset
  artifactKey: Guid(14ad359494114794d822b854d8cdb916) Importer(2089858483,b0f066a214c2f5e87bad3c948f4d605d)
Start importing Assets/Graphisms/Tilesets/SubTiles/Outside_136.asset using Guid(14ad359494114794d822b854d8cdb916) Importer(2089858483,b0f066a214c2f5e87bad3c948f4d605d) (ScriptedImporter) -> (artifact id: '1aea66989d7ad355b8c6fbf07faadc6e') in 0.0101515 seconds
Number of updated asset objects reloaded before import = 0Number of asset objects unloaded after import = 2

========================================================================
Received Import Request.
  Time since last request: 0.000020 seconds.
  path: Assets/Graphisms/Tilesets/SubTiles/Outside_2835.asset
  artifactKey: Guid(1f0dbd9f6f089ed49b0760bd8fe72456) Importer(2089858483,b0f066a214c2f5e87bad3c948f4d605d)
Start importing Assets/Graphisms/Tilesets/SubTiles/Outside_2835.asset using Guid(1f0dbd9f6f089ed49b0760bd8fe72456) Importer(2089858483,b0f066a214c2f5e87bad3c948f4d605d) (ScriptedImporter) -> (artifact id: 'c63ad408306a2df22ebf7eea12afdc72') in 0.0090283 seconds
Number of updated asset objects reloaded before import = 0Number of asset objects unloaded after import = 2

========================================================================
Received Import Request.
  Time since last request: 0.000023 seconds.
  path: Assets/Graphisms/Tilesets/SubTiles/Outside_1905.asset
  artifactKey: Guid(d975c2d670756774a955244ce947d2e1) Importer(2089858483,b0f066a214c2f5e87bad3c948f4d605d)
Start importing Assets/Graphisms/Tilesets/SubTiles/Outside_1905.asset using Guid(d975c2d670756774a955244ce947d2e1) Importer(2089858483,b0f066a214c2f5e87bad3c948f4d605d) (ScriptedImporter) -> (artifact id: 'd3bb26058bb14236b97e5ab0f5137302') in 0.012803 seconds
Number of updated asset objects reloaded before import = 0Number of asset objects unloaded after import = 2

========================================================================
Received Import Request.
  Time since last request: 0.000026 seconds.
  path: Assets/Graphisms/Tilesets/SubTiles/Outside_211.asset
  artifactKey: Guid(2c71bbe6bd329b84aae0c3f1b98226cf) Importer(2089858483,b0f066a214c2f5e87bad3c948f4d605d)
Start importing Assets/Graphisms/Tilesets/SubTiles/Outside_211.asset using Guid(2c71bbe6bd329b84aae0c3f1b98226cf) Importer(2089858483,b0f066a214c2f5e87bad3c948f4d605d) (ScriptedImporter) -> (artifact id: '57b0ba54b368a276278b892cf7d5ee27') in 0.0118366 seconds
Number of updated asset objects reloaded before import = 0Number of asset objects unloaded after import = 2

========================================================================
Received Import Request.
  Time since last request: 0.000045 seconds.
  path: Assets/Graphisms/Tilesets/SubTiles/Outside_531.asset
  artifactKey: Guid(09f2dc2e7b2eb9c4f8dec0c4ab8fd49f) Importer(2089858483,b0f066a214c2f5e87bad3c948f4d605d)
Start importing Assets/Graphisms/Tilesets/SubTiles/Outside_531.asset using Guid(09f2dc2e7b2eb9c4f8dec0c4ab8fd49f) Importer(2089858483,b0f066a214c2f5e87bad3c948f4d605d) (ScriptedImporter) -> (artifact id: '7e0d61829e76d33bde8e8d328a575486') in 0.0290357 seconds
Number of updated asset objects reloaded before import = 0Number of asset objects unloaded after import = 2

========================================================================
Received Import Request.
  Time since last request: 0.000022 seconds.
  path: Assets/Graphisms/Tilesets/SubTiles/Outside_3678.asset
  artifactKey: Guid(d45b9a516bcac434ebf86e2617d732c0) Importer(2089858483,b0f066a214c2f5e87bad3c948f4d605d)
Start importing Assets/Graphisms/Tilesets/SubTiles/Outside_3678.asset using Guid(d45b9a516bcac434ebf86e2617d732c0) Importer(2089858483,b0f066a214c2f5e87bad3c948f4d605d) (ScriptedImporter) -> (artifact id: 'eda31bf1dcbe9f57fd5ccd2f6afde22b') in 0.0094014 seconds
Number of updated asset objects reloaded before import = 0Number of asset objects unloaded after import = 2

========================================================================
Received Import Request.
  Time since last request: 0.000030 seconds.
  path: Assets/Graphisms/Tilesets/SubTiles/Outside_3718.asset
  artifactKey: Guid(43d794ef53749884da2a4ffba7578c25) Importer(2089858483,b0f066a214c2f5e87bad3c948f4d605d)
Start importing Assets/Graphisms/Tilesets/SubTiles/Outside_3718.asset using Guid(43d794ef53749884da2a4ffba7578c25) Importer(2089858483,b0f066a214c2f5e87bad3c948f4d605d) (ScriptedImporter) -> (artifact id: '72f954d75b8ccebc95b1cd7818ab7a56') in 0.0100206 seconds
Number of updated asset objects reloaded before import = 0Number of asset objects unloaded after import = 2

========================================================================
Received Import Request.
  Time since last request: 0.000021 seconds.
  path: Assets/Graphisms/Tilesets/SubTiles/Outside_3243.asset
  artifactKey: Guid(8196455ad93f85148b015a5c2302f9fc) Importer(2089858483,b0f066a214c2f5e87bad3c948f4d605d)
Start importing Assets/Graphisms/Tilesets/SubTiles/Outside_3243.asset using Guid(8196455ad93f85148b015a5c2302f9fc) Importer(2089858483,b0f066a214c2f5e87bad3c948f4d605d) (ScriptedImporter) -> (artifact id: '0361a31946aff2af8c9003745f5fabd8') in 0.0232597 seconds
Number of updated asset objects reloaded before import = 0Number of asset objects unloaded after import = 2

========================================================================
Received Import Request.
  Time since last request: 0.000044 seconds.
  path: Assets/Graphisms/Tilesets/SubTiles/Outside_2520.asset
  artifactKey: Guid(11b4d513ef276ff47952def959137832) Importer(2089858483,b0f066a214c2f5e87bad3c948f4d605d)
Start importing Assets/Graphisms/Tilesets/SubTiles/Outside_2520.asset using Guid(11b4d513ef276ff47952def959137832) Importer(2089858483,b0f066a214c2f5e87bad3c948f4d605d) (ScriptedImporter) -> (artifact id: '35052f5dc72617f917cba617edc521be') in 0.0115582 seconds
Number of updated asset objects reloaded before import = 0Number of asset objects unloaded after import = 2

========================================================================
Received Import Request.
  Time since last request: 0.000019 seconds.
  path: Assets/Graphisms/Tilesets/SubTiles/Outside_970.asset
  artifactKey: Guid(bf68d8c7e67c19547a77b36b8f9d1214) Importer(2089858483,b0f066a214c2f5e87bad3c948f4d605d)
Start importing Assets/Graphisms/Tilesets/SubTiles/Outside_970.asset using Guid(bf68d8c7e67c19547a77b36b8f9d1214) Importer(2089858483,b0f066a214c2f5e87bad3c948f4d605d) (ScriptedImporter) -> (artifact id: '5900a33fccb741368a134724156b2bf2') in 0.0576362 seconds
Number of updated asset objects reloaded before import = 0Number of asset objects unloaded after import = 2

========================================================================
Received Import Request.
  Time since last request: 0.000028 seconds.
  path: Assets/Graphisms/Tilesets/SubTiles/Outside_2941.asset
  artifactKey: Guid(f5a821187dafab545b205792ce969de5) Importer(2089858483,b0f066a214c2f5e87bad3c948f4d605d)
Start importing Assets/Graphisms/Tilesets/SubTiles/Outside_2941.asset using Guid(f5a821187dafab545b205792ce969de5) Importer(2089858483,b0f066a214c2f5e87bad3c948f4d605d) (ScriptedImporter) -> (artifact id: 'c07d6287786b8e96332d847042877247') in 0.0112658 seconds
Number of updated asset objects reloaded before import = 0Number of asset objects unloaded after import = 2

========================================================================
Received Import Request.
  Time since last request: 0.000023 seconds.
  path: Assets/Graphisms/Tilesets/SubTiles/Outside_1847.asset
  artifactKey: Guid(7a37ad979b39eef41a56c307e2bfb2b8) Importer(2089858483,b0f066a214c2f5e87bad3c948f4d605d)
Start importing Assets/Graphisms/Tilesets/SubTiles/Outside_1847.asset using Guid(7a37ad979b39eef41a56c307e2bfb2b8) Importer(2089858483,b0f066a214c2f5e87bad3c948f4d605d) (ScriptedImporter) -> (artifact id: '8e65dc984b9bdbed5b65fba39c722e51') in 0.1577926 seconds
Number of updated asset objects reloaded before import = 0Number of asset objects unloaded after import = 2

========================================================================
Received Import Request.
  Time since last request: 0.000033 seconds.
  path: Assets/Graphisms/Tilesets/SubTiles/Outside_2.asset
  artifactKey: Guid(3698840f3462e2c4a80138e08acbd83c) Importer(2089858483,b0f066a214c2f5e87bad3c948f4d605d)
Start importing Assets/Graphisms/Tilesets/SubTiles/Outside_2.asset using Guid(3698840f3462e2c4a80138e08acbd83c) Importer(2089858483,b0f066a214c2f5e87bad3c948f4d605d) (ScriptedImporter) -> (artifact id: '13cb155d366afef75e980e49a9c4c914') in 0.0482526 seconds
Number of updated asset objects reloaded before import = 0Number of asset objects unloaded after import = 2

========================================================================
Received Import Request.
  Time since last request: 0.000028 seconds.
  path: Assets/Graphisms/Tilesets/SubTiles/Outside_2387.asset
  artifactKey: Guid(c7b3707eac4fc0947877fd6250131b70) Importer(2089858483,b0f066a214c2f5e87bad3c948f4d605d)
Start importing Assets/Graphisms/Tilesets/SubTiles/Outside_2387.asset using Guid(c7b3707eac4fc0947877fd6250131b70) Importer(2089858483,b0f066a214c2f5e87bad3c948f4d605d) (ScriptedImporter) -> (artifact id: '5e2ecaa737836f02899367a9e0312ea8') in 0.0154124 seconds
Number of updated asset objects reloaded before import = 0Number of asset objects unloaded after import = 2

========================================================================
Received Import Request.
  Time since last request: 0.000044 seconds.
  path: Assets/Graphisms/Tilesets/SubTiles/Outside_576.asset
  artifactKey: Guid(a9f7395515807864fbc1e90ba69ccf2f) Importer(2089858483,b0f066a214c2f5e87bad3c948f4d605d)
Start importing Assets/Graphisms/Tilesets/SubTiles/Outside_576.asset using Guid(a9f7395515807864fbc1e90ba69ccf2f) Importer(2089858483,b0f066a214c2f5e87bad3c948f4d605d) (ScriptedImporter) -> (artifact id: '6b5ca94ba3327aeef59c9f30629a0487') in 0.0109778 seconds
Number of updated asset objects reloaded before import = 0Number of asset objects unloaded after import = 2

========================================================================
Received Import Request.
  Time since last request: 0.000025 seconds.
  path: Assets/Graphisms/Tilesets/SubTiles/Outside_1041.asset
  artifactKey: Guid(a67f715a6990882498879a1dd8d9b99d) Importer(2089858483,b0f066a214c2f5e87bad3c948f4d605d)
Start importing Assets/Graphisms/Tilesets/SubTiles/Outside_1041.asset using Guid(a67f715a6990882498879a1dd8d9b99d) Importer(2089858483,b0f066a214c2f5e87bad3c948f4d605d) (ScriptedImporter) -> (artifact id: '38e60cf1cd40f86a39acb5174aebd195') in 0.0090983 seconds
Number of updated asset objects reloaded before import = 0Number of asset objects unloaded after import = 2

========================================================================
Received Import Request.
  Time since last request: 0.000036 seconds.
  path: Assets/Graphisms/Tilesets/SubTiles/Outside_3752.asset
  artifactKey: Guid(86b7fd1847d53514f897905bfd6f8fbc) Importer(2089858483,b0f066a214c2f5e87bad3c948f4d605d)
Start importing Assets/Graphisms/Tilesets/SubTiles/Outside_3752.asset using Guid(86b7fd1847d53514f897905bfd6f8fbc) Importer(2089858483,b0f066a214c2f5e87bad3c948f4d605d) (ScriptedImporter) -> (artifact id: 'f02797e1d2aac742490362df6bb2cb7f') in 0.0111358 seconds
Number of updated asset objects reloaded before import = 0Number of asset objects unloaded after import = 2

========================================================================
Received Import Request.
  Time since last request: 0.000027 seconds.
  path: Assets/Graphisms/Tilesets/SubTiles/Outside_3891.asset
  artifactKey: Guid(e72f646b2c14ca14882cddec7e8bf0ed) Importer(2089858483,b0f066a214c2f5e87bad3c948f4d605d)
Start importing Assets/Graphisms/Tilesets/SubTiles/Outside_3891.asset using Guid(e72f646b2c14ca14882cddec7e8bf0ed) Importer(2089858483,b0f066a214c2f5e87bad3c948f4d605d) (ScriptedImporter) -> (artifact id: 'e6414098f4fec268430f9cd88a5d8b2d') in 0.0097419 seconds
Number of updated asset objects reloaded before import = 0Number of asset objects unloaded after import = 2

========================================================================
Received Import Request.
  Time since last request: 21.073498 seconds.
  path: Assets/Scenes/WorldMap.unity
  artifactKey: Guid(2681affb3195443468e923037e41ca4b) Importer(2089858483,b0f066a214c2f5e87bad3c948f4d605d)
Start importing Assets/Scenes/WorldMap.unity using Guid(2681affb3195443468e923037e41ca4b) Importer(2089858483,b0f066a214c2f5e87bad3c948f4d605d) (ScriptedImporter) -> (artifact id: '7a0a67c8c39ff22275b5c99e8bc15552') in 0.0139372 seconds
Number of updated asset objects reloaded before import = 20Number of asset objects unloaded after import = 1

========================================================================
Received Prepare
Begin MonoManager ReloadAssembly
[Licensing::Client] Successfully resolved entitlement details
- Loaded All Assemblies, in  1.199 seconds
Refreshing native plugins compatible for Editor in 1.98 ms, found 4 plugins.
Native extension for WindowsStandalone target not found
Native extension for WebGL target not found
[Package Manager] Failed to launch server process. Reason: Unity was launched with the -noUpm command-line argument
[Package Manager] Unable to send message (not connected to server process).
[Package Manager] Cannot connect to Unity Package Manager local server
Mono: successfully reloaded assembly
- Finished resetting the current domain, in  1.453 seconds
Domain Reload Profiling: 2656ms
	BeginReloadAssembly (386ms)
		ExecutionOrderSort (0ms)
		DisableScriptedObjects (20ms)
		BackupInstance (0ms)
		ReleaseScriptingObjects (0ms)
		CreateAndSetChildDomain (78ms)
	RebuildCommonClasses (48ms)
	RebuildNativeTypeToScriptingClass (18ms)
	initialDomainReloadingComplete (33ms)
	LoadAllAssembliesAndSetupDomain (717ms)
		LoadAssemblies (635ms)
		RebuildTransferFunctionScriptingTraits (0ms)
		AnalyzeDomain (301ms)
			TypeCache.Refresh (10ms)
				TypeCache.ScanAssembly (0ms)
			BuildScriptInfoCaches (267ms)
			ResolveRequiredComponents (18ms)
	FinalizeReload (1454ms)
		ReleaseScriptCaches (0ms)
		RebuildScriptCaches (0ms)
		SetupLoadedEditorAssemblies (1223ms)
			LogAssemblyErrors (0ms)
			InitializePlatformSupportModulesInManaged (3ms)
			SetLoadedEditorAssemblies (9ms)
			BeforeProcessingInitializeOnLoad (354ms)
			ProcessInitializeOnLoadAttributes (719ms)
			ProcessInitializeOnLoadMethodAttributes (135ms)
			AfterProcessingInitializeOnLoad (3ms)
			EditorAssembliesLoaded (0ms)
		ExecutionOrderSort2 (0ms)
		AwakeInstancesAfterBackupRestoration (21ms)
Refreshing native plugins compatible for Editor in 4.22 ms, found 4 plugins.
Preloading 0 native plugins for Editor in 0.00 ms.
Unloading 16 Unused Serialized files (Serialized files now loaded: 0)
Unloading 6869 unused Assets / (4.7 MB). Loaded Objects now: 7694.
Memory consumption went from 159.7 MB to 155.0 MB.
Total: 17.119100 ms (FindLiveObjects: 1.893600 ms CreateObjectMapping: 1.735700 ms MarkObjects: 8.996900 ms  DeleteObjects: 4.490700 ms)

Prepare: number of updated asset objects reloaded= 0
========================================================================
Received Prepare
Begin MonoManager ReloadAssembly
[Licensing::Client] Successfully resolved entitlement details
- Loaded All Assemblies, in  1.103 seconds
Refreshing native plugins compatible for Editor in 2.02 ms, found 4 plugins.
Native extension for WindowsStandalone target not found
Native extension for WebGL target not found
[Package Manager] Failed to launch server process. Reason: Unity was launched with the -noUpm command-line argument
[Package Manager] Unable to send message (not connected to server process).
[Package Manager] Cannot connect to Unity Package Manager local server
Mono: successfully reloaded assembly
- Finished resetting the current domain, in  1.247 seconds
Domain Reload Profiling: 2355ms
	BeginReloadAssembly (348ms)
		ExecutionOrderSort (0ms)
		DisableScriptedObjects (19ms)
		BackupInstance (0ms)
		ReleaseScriptingObjects (0ms)
		CreateAndSetChildDomain (82ms)
	RebuildCommonClasses (51ms)
	RebuildNativeTypeToScriptingClass (18ms)
	initialDomainReloadingComplete (32ms)
	LoadAllAssembliesAndSetupDomain (659ms)
		LoadAssemblies (577ms)
		RebuildTransferFunctionScriptingTraits (0ms)
		AnalyzeDomain (262ms)
			TypeCache.Refresh (9ms)
				TypeCache.ScanAssembly (0ms)
			BuildScriptInfoCaches (236ms)
			ResolveRequiredComponents (12ms)
	FinalizeReload (1247ms)
		ReleaseScriptCaches (0ms)
		RebuildScriptCaches (0ms)
		SetupLoadedEditorAssemblies (1038ms)
			LogAssemblyErrors (0ms)
			InitializePlatformSupportModulesInManaged (3ms)
			SetLoadedEditorAssemblies (10ms)
			BeforeProcessingInitializeOnLoad (335ms)
			ProcessInitializeOnLoadAttributes (561ms)
			ProcessInitializeOnLoadMethodAttributes (126ms)
			AfterProcessingInitializeOnLoad (3ms)
			EditorAssembliesLoaded (0ms)
		ExecutionOrderSort2 (0ms)
		AwakeInstancesAfterBackupRestoration (19ms)
Refreshing native plugins compatible for Editor in 3.19 ms, found 4 plugins.
Preloading 0 native plugins for Editor in 0.00 ms.
Unloading 16 Unused Serialized files (Serialized files now loaded: 0)
Unloading 6869 unused Assets / (5.0 MB). Loaded Objects now: 7697.
Memory consumption went from 159.8 MB to 154.8 MB.
Total: 20.762200 ms (FindLiveObjects: 1.917900 ms CreateObjectMapping: 1.614400 ms MarkObjects: 11.035500 ms  DeleteObjects: 6.191900 ms)

Prepare: number of updated asset objects reloaded= 21
========================================================================
Received Prepare
Begin MonoManager ReloadAssembly
[Licensing::Client] Successfully resolved entitlement details
- Loaded All Assemblies, in  1.059 seconds
Refreshing native plugins compatible for Editor in 2.89 ms, found 4 plugins.
Native extension for WindowsStandalone target not found
Native extension for WebGL target not found
[Package Manager] Failed to launch server process. Reason: Unity was launched with the -noUpm command-line argument
[Package Manager] Unable to send message (not connected to server process).
[Package Manager] Cannot connect to Unity Package Manager local server
Mono: successfully reloaded assembly
- Finished resetting the current domain, in  1.217 seconds
Domain Reload Profiling: 2277ms
	BeginReloadAssembly (331ms)
		ExecutionOrderSort (0ms)
		DisableScriptedObjects (20ms)
		BackupInstance (0ms)
		ReleaseScriptingObjects (0ms)
		CreateAndSetChildDomain (67ms)
	RebuildCommonClasses (46ms)
	RebuildNativeTypeToScriptingClass (16ms)
	initialDomainReloadingComplete (35ms)
	LoadAllAssembliesAndSetupDomain (631ms)
		LoadAssemblies (560ms)
		RebuildTransferFunctionScriptingTraits (0ms)
		AnalyzeDomain (249ms)
			TypeCache.Refresh (8ms)
				TypeCache.ScanAssembly (0ms)
			BuildScriptInfoCaches (216ms)
			ResolveRequiredComponents (18ms)
	FinalizeReload (1217ms)
		ReleaseScriptCaches (0ms)
		RebuildScriptCaches (0ms)
		SetupLoadedEditorAssemblies (1000ms)
			LogAssemblyErrors (0ms)
			InitializePlatformSupportModulesInManaged (2ms)
			SetLoadedEditorAssemblies (9ms)
			BeforeProcessingInitializeOnLoad (322ms)
			ProcessInitializeOnLoadAttributes (544ms)
			ProcessInitializeOnLoadMethodAttributes (115ms)
			AfterProcessingInitializeOnLoad (7ms)
			EditorAssembliesLoaded (1ms)
		ExecutionOrderSort2 (0ms)
		AwakeInstancesAfterBackupRestoration (24ms)
Refreshing native plugins compatible for Editor in 2.84 ms, found 4 plugins.
Preloading 0 native plugins for Editor in 0.00 ms.
Unloading 16 Unused Serialized files (Serialized files now loaded: 0)
Unloading 6869 unused Assets / (4.3 MB). Loaded Objects now: 7700.
Memory consumption went from 159.9 MB to 155.5 MB.
Total: 16.295700 ms (FindLiveObjects: 1.439300 ms CreateObjectMapping: 0.665500 ms MarkObjects: 10.009900 ms  DeleteObjects: 4.179200 ms)

Prepare: number of updated asset objects reloaded= 0
