[Licensing::Module] Trying to connect to existing licensing client channel...
Built from '6000.3/staging' branch; Version is '6000.3.0f1 (d1870ce95baf) revision 13731596'; Using compiler version '194234433'; Build Type 'Release'
OS: 'Windows 10  (10.0.19045) 64bit Professional' Language: 'fr' Physical Memory: 32716 MB
[Licensing::IpcConnector] Successfully connected to: "LicenseClient-Julien" at "2026-01-18T14:01:13.702621Z"
BatchMode: 1, IsHumanControllingUs: 0, StartBugReporterOnCrash: 0, Is64bit: 1
Date: 2026-01-18T14:01:13Z

COMMAND LINE ARGUMENTS:
D:\Unity\6000.3.0f1\Editor\Unity.exe
-adb2
-batchMode
-noUpm
-name
AssetImportWorker4
-projectPath
D:/GitProjects/PokemonHomeMade/PokemonHomeMade2D
-logFile
Logs/AssetImportWorker4.log
-srvPort
49495
-licensingIpc
LicenseClient-Julien
-job-worker-count
5
-background-job-worker-count
8
-gc-helper-count
1
-name
AssetImport
Successfully changed project path to: D:/GitProjects/PokemonHomeMade/PokemonHomeMade2D
D:/GitProjects/PokemonHomeMade/PokemonHomeMade2D
[UnityMemory] Configuration Parameters - Can be set up in boot.config
    "memorysetup-temp-allocator-size-nav-mesh-worker=65536"
    "memorysetup-temp-allocator-size-audio-worker=65536"
    "memorysetup-temp-allocator-size-gfx=262144"
    "memorysetup-allocator-temp-initial-block-size-main=262144"
    "memorysetup-allocator-temp-initial-block-size-worker=262144"
    "memorysetup-temp-allocator-size-background-worker=32768"
    "memorysetup-temp-allocator-size-job-worker=262144"
    "memorysetup-temp-allocator-size-preload-manager=33554432"
    "memorysetup-temp-allocator-size-gi-baking-worker=262144"
    "memorysetup-temp-allocator-size-gi-baking-worker=262144"
    "memorysetup-temp-allocator-size-gi-baking-worker=262144"
    "memorysetup-temp-allocator-size-gi-baking-worker=262144"
    "memorysetup-temp-allocator-size-gi-baking-worker=262144"
    "memorysetup-bucket-allocator-granularity=16"
    "memorysetup-bucket-allocator-bucket-count=8"
    "memorysetup-bucket-allocator-block-size=33554432"
    "memorysetup-bucket-allocator-block-count=8"
    "memorysetup-main-allocator-block-size=16777216"
    "memorysetup-thread-allocator-block-size=16777216"
    "memorysetup-gfx-main-allocator-block-size=16777216"
    "memorysetup-gfx-thread-allocator-block-size=16777216"
    "memorysetup-cache-allocator-block-size=4194304"
    "memorysetup-typetree-allocator-block-size=2097152"
    "memorysetup-profiler-bucket-allocator-granularity=16"
    "memorysetup-profiler-bucket-allocator-bucket-count=8"
    "memorysetup-profiler-bucket-allocator-block-size=33554432"
    "memorysetup-profiler-bucket-allocator-block-count=8"
    "memorysetup-profiler-allocator-block-size=16777216"
    "memorysetup-profiler-editor-allocator-block-size=1048576"
    "memorysetup-temp-allocator-size-main=16777216"
    "memorysetup-job-temp-allocator-block-size=2097152"
    "memorysetup-job-temp-allocator-block-size-background=1048576"
    "memorysetup-job-temp-allocator-reduction-small-platforms=262144"
    "memorysetup-temp-allocator-size-cloud-worker=32768"
Player connection [26584]  Target information:

Player connection [26584]  * "[IP] 192.168.1.99 [Port] 0 [Flags] 2 [Guid] 2678778028 [EditorId] 2678778028 [Version] 1048832 [Id] WindowsEditor(7,Julien) [Debug] 1 [PackageName] WindowsEditor [ProjectName] Editor" 

Player connection [26584] Host joined multi-casting on [225.0.0.222:54997]...
Player connection [26584] Host joined alternative multi-casting on [225.0.0.222:34997]...
JobSystem: Creating JobQueue using job-worker-count value 5
Input System module state changed to: Initialized.
[Physics::Module] Initialized fallback backend.
[Physics::Module] Id: 0xdecafbad
Library Redirect Path: Library/
[Physics::Module] Selected backend.
[Physics::Module] Name: PhysX
[Physics::Module] Id: 0xf2b8ea05
[Physics::Module] SDK Version: 4.1.2
[Physics::Module] Integration Version: 1.0.0
[Physics::Module] Threading Mode: Multi-Threaded
Refreshing native plugins compatible for Editor in 4.93 ms, found 4 plugins.
Preloading 0 native plugins for Editor in 0.00 ms.
Initialize engine version: 6000.3.0f1 (d1870ce95baf)
[Subsystems] Discovering subsystems at path D:/Unity/6000.3.0f1/Editor/Data/Resources/UnitySubsystems
[Subsystems] Discovering subsystems at path D:/GitProjects/PokemonHomeMade/PokemonHomeMade2D/Assets
GfxDevice: creating device client; kGfxThreadingModeNonThreaded
Direct3D:
    Version:  Direct3D 11.0 [level 11.1]
    Renderer: NVIDIA GeForce RTX 2070 SUPER (ID=0x1e84)
    Vendor:   NVIDIA
    VRAM:     7989 MB
    Driver:   32.0.15.8180
Initialize mono
Mono path[0] = 'D:/Unity/6000.3.0f1/Editor/Data/Managed'
Mono path[1] = 'D:/Unity/6000.3.0f1/Editor/Data/MonoBleedingEdge/lib/mono/unityjit-win32'
Mono config path = 'D:/Unity/6000.3.0f1/Editor/Data/MonoBleedingEdge/etc'
Using monoOptions --debugger-agent=transport=dt_socket,embedding=1,server=y,suspend=n,address=127.0.0.1:56268
Begin MonoManager ReloadAssembly
Registering precompiled unity dll's ...
Register platform support module: D:/Unity/6000.3.0f1/Editor/Data/PlaybackEngines/WebGLSupport/UnityEditor.WebGL.Extensions.dll
Register platform support module: D:/Unity/6000.3.0f1/Editor/Data/PlaybackEngines/WindowsStandaloneSupport/UnityEditor.WindowsStandalone.Extensions.dll
Registered in 0.002865 seconds.
[Licensing::Client] Handshaking with LicensingClient:
  Version:                 1.17.4+4293ba1
  Session Id:              ece77200347945108c274c962dbfd320
  Correlation Id:          cbf7cfb819818fc4450c48e3ee0500b1
  External correlation Id: 4509461632709580679
  Machine Id:              xqqLuAXBL5pu09ROvVKQKL94Qik=
[Licensing::Module] Successfully connected to LicensingClient on channel: "LicenseClient-Julien" (connect: 0.00s, validation: 0.00s, handshake: 1.36s)
[Licensing::IpcConnector] Successfully connected to: "LicenseClient-Julien-notifications" at "2026-01-18T14:01:15.0615014Z"
[Licensing::Module] Licensing Background thread has ended after 1.36s
- Loaded All Assemblies, in  0.630 seconds
Native extension for WindowsStandalone target not found
Native extension for WebGL target not found
Mono: successfully reloaded assembly
- Finished resetting the current domain, in  0.465 seconds
Domain Reload Profiling: 1095ms
	BeginReloadAssembly (266ms)
		ExecutionOrderSort (0ms)
		DisableScriptedObjects (0ms)
		BackupInstance (0ms)
		ReleaseScriptingObjects (0ms)
		CreateAndSetChildDomain (1ms)
	RebuildCommonClasses (59ms)
	RebuildNativeTypeToScriptingClass (18ms)
	initialDomainReloadingComplete (59ms)
	LoadAllAssembliesAndSetupDomain (227ms)
		LoadAssemblies (266ms)
		RebuildTransferFunctionScriptingTraits (0ms)
		AnalyzeDomain (220ms)
			TypeCache.Refresh (218ms)
				TypeCache.ScanAssembly (201ms)
			BuildScriptInfoCaches (0ms)
			ResolveRequiredComponents (1ms)
	FinalizeReload (466ms)
		ReleaseScriptCaches (0ms)
		RebuildScriptCaches (0ms)
		SetupLoadedEditorAssemblies (410ms)
			LogAssemblyErrors (0ms)
			InitializePlatformSupportModulesInManaged (57ms)
			SetLoadedEditorAssemblies (6ms)
			BeforeProcessingInitializeOnLoad (101ms)
			ProcessInitializeOnLoadAttributes (160ms)
			ProcessInitializeOnLoadMethodAttributes (86ms)
			AfterProcessingInitializeOnLoad (0ms)
			EditorAssembliesLoaded (0ms)
		ExecutionOrderSort2 (0ms)
		AwakeInstancesAfterBackupRestoration (0ms)
========================================================================
Worker process is ready to serve import requests
Import Worker Mode flag is 0x00
Begin MonoManager ReloadAssembly
[Licensing::Client] Successfully resolved entitlement details
[Licensing::Module] License group:
  Id: 9071004324030-UnityPersXXXX
  Product: Unity Personal
  Type: Assigned
  Expiration: Unlimited
- Loaded All Assemblies, in  1.100 seconds
Refreshing native plugins compatible for Editor in 1.90 ms, found 4 plugins.
Native extension for WindowsStandalone target not found
Native extension for WebGL target not found
Package Manager log level set to [2]
[Package Manager] Failed to launch server process. Reason: Unity was launched with the -noUpm command-line argument
[Package Manager] Unable to send message (not connected to server process).
[Package Manager] Cannot connect to Unity Package Manager local server
Mono: successfully reloaded assembly
- Finished resetting the current domain, in  1.531 seconds
Domain Reload Profiling: 2629ms
	BeginReloadAssembly (240ms)
		ExecutionOrderSort (0ms)
		DisableScriptedObjects (6ms)
		BackupInstance (0ms)
		ReleaseScriptingObjects (0ms)
		CreateAndSetChildDomain (39ms)
	RebuildCommonClasses (48ms)
	RebuildNativeTypeToScriptingClass (15ms)
	initialDomainReloadingComplete (43ms)
	LoadAllAssembliesAndSetupDomain (751ms)
		LoadAssemblies (578ms)
		RebuildTransferFunctionScriptingTraits (0ms)
		AnalyzeDomain (323ms)
			TypeCache.Refresh (237ms)
				TypeCache.ScanAssembly (218ms)
			BuildScriptInfoCaches (68ms)
			ResolveRequiredComponents (12ms)
	FinalizeReload (1531ms)
		ReleaseScriptCaches (0ms)
		RebuildScriptCaches (0ms)
		SetupLoadedEditorAssemblies (1352ms)
			LogAssemblyErrors (0ms)
			InitializePlatformSupportModulesInManaged (2ms)
			SetLoadedEditorAssemblies (8ms)
			BeforeProcessingInitializeOnLoad (271ms)
			ProcessInitializeOnLoadAttributes (911ms)
			ProcessInitializeOnLoadMethodAttributes (158ms)
			AfterProcessingInitializeOnLoad (2ms)
			EditorAssembliesLoaded (0ms)
		ExecutionOrderSort2 (0ms)
		AwakeInstancesAfterBackupRestoration (6ms)
Launched and connected shader compiler UnityShaderCompiler.exe after 0.04 seconds
Refreshing native plugins compatible for Editor in 2.43 ms, found 4 plugins.
Preloading 0 native plugins for Editor in 0.00 ms.
Unloading 16 Unused Serialized files (Serialized files now loaded: 0)
Unloading 6938 unused Assets / (5.0 MB). Loaded Objects now: 7839.
Memory consumption went from 159.8 MB to 154.9 MB.
Total: 27.609800 ms (FindLiveObjects: 1.024000 ms CreateObjectMapping: 0.356800 ms MarkObjects: 23.181900 ms  DeleteObjects: 3.045000 ms)

========================================================================
Received Import Request.
  Time since last request: 8773.654035 seconds.
  path: Assets/ScriptablesObjects/Quests/00_Test/06_GoToHouse01.asset
  artifactKey: Guid(8f625efaa9c344f43a4d1ed0d8dd7124) Importer(815301076,1909f56bfc062723c751e8b465ee728b)
Start importing Assets/ScriptablesObjects/Quests/00_Test/06_GoToHouse01.asset using Guid(8f625efaa9c344f43a4d1ed0d8dd7124) Importer(815301076,1909f56bfc062723c751e8b465ee728b) (PreviewImporter) -> (artifact id: '5223e3b5c1c759c9adae1ee9610d773c') in 0.0231872 seconds
Number of updated asset objects reloaded before import = 0Number of asset objects unloaded after import = 1

========================================================================
Received Import Request.
  Time since last request: 0.912893 seconds.
  path: Assets/ScriptablesObjects/Quests/00_Test/06_GoToHouse01.asset
  artifactKey: Guid(8f625efaa9c344f43a4d1ed0d8dd7124) Importer(2089858483,b0f066a214c2f5e87bad3c948f4d605d)
Start importing Assets/ScriptablesObjects/Quests/00_Test/06_GoToHouse01.asset using Guid(8f625efaa9c344f43a4d1ed0d8dd7124) Importer(2089858483,b0f066a214c2f5e87bad3c948f4d605d) (ScriptedImporter) -> (artifact id: 'a75891154875b3d509c9249e55031fa3') in 0.0717167 seconds
Number of updated asset objects reloaded before import = 0Number of asset objects unloaded after import = 1

========================================================================
Received Import Request.
  Time since last request: 5.840978 seconds.
  path: Assets/ScriptablesObjects/Quests/00_Test/06_GoToHouse01.asset
  artifactKey: Guid(8f625efaa9c344f43a4d1ed0d8dd7124) Importer(815301076,1909f56bfc062723c751e8b465ee728b)
Start importing Assets/ScriptablesObjects/Quests/00_Test/06_GoToHouse01.asset using Guid(8f625efaa9c344f43a4d1ed0d8dd7124) Importer(815301076,1909f56bfc062723c751e8b465ee728b) (PreviewImporter) -> (artifact id: 'c08872117cde7a61549140f573ee730c') in 0.0012427 seconds
Number of updated asset objects reloaded before import = 0Number of asset objects unloaded after import = 1

========================================================================
Received Import Request.
  Time since last request: 0.896899 seconds.
  path: Assets/ScriptablesObjects/Quests/00_Test/06_GoToHouse01.asset
  artifactKey: Guid(8f625efaa9c344f43a4d1ed0d8dd7124) Importer(2089858483,b0f066a214c2f5e87bad3c948f4d605d)
Start importing Assets/ScriptablesObjects/Quests/00_Test/06_GoToHouse01.asset using Guid(8f625efaa9c344f43a4d1ed0d8dd7124) Importer(2089858483,b0f066a214c2f5e87bad3c948f4d605d) (ScriptedImporter) -> (artifact id: 'ee5d64b4cf1890f06a4f0d6f087a8441') in 0.0055502 seconds
Number of updated asset objects reloaded before import = 0Number of asset objects unloaded after import = 1

========================================================================
Received Import Request.
  Time since last request: 6.822927 seconds.
  path: Assets/Instanciables/Maps/TestTown/House01.prefab
  artifactKey: Guid(b6fe6f7d6b97e2344ba85e102d5f5e7b) Importer(815301076,1909f56bfc062723c751e8b465ee728b)
Start importing Assets/Instanciables/Maps/TestTown/House01.prefab using Guid(b6fe6f7d6b97e2344ba85e102d5f5e7b) Importer(815301076,1909f56bfc062723c751e8b465ee728b) (PreviewImporter) -> (artifact id: '32657b248189eb5eb84223c5a1662989') in 0.5513236 seconds
Number of updated asset objects reloaded before import = 0Number of asset objects unloaded after import = 332

========================================================================
Received Import Request.
  Time since last request: 26.980134 seconds.
  path: Assets/Instanciables/Maps/TestTown/House01.prefab
  artifactKey: Guid(b6fe6f7d6b97e2344ba85e102d5f5e7b) Importer(2089858483,b0f066a214c2f5e87bad3c948f4d605d)
Start importing Assets/Instanciables/Maps/TestTown/House01.prefab using Guid(b6fe6f7d6b97e2344ba85e102d5f5e7b) Importer(2089858483,b0f066a214c2f5e87bad3c948f4d605d) (ScriptedImporter) -> (artifact id: 'e118fa671e496d7c098bdc7d021d49f4') in 0.0610163 seconds
Number of updated asset objects reloaded before import = 0Number of asset objects unloaded after import = 187

========================================================================
Received Import Request.
  Time since last request: 53.789394 seconds.
  path: Assets/ScriptablesObjects/Quests/00_Test/06_GoToHouse01.asset
  artifactKey: Guid(8f625efaa9c344f43a4d1ed0d8dd7124) Importer(815301076,1909f56bfc062723c751e8b465ee728b)
Start importing Assets/ScriptablesObjects/Quests/00_Test/06_GoToHouse01.asset using Guid(8f625efaa9c344f43a4d1ed0d8dd7124) Importer(815301076,1909f56bfc062723c751e8b465ee728b) (PreviewImporter) -> (artifact id: '23842f0fbf0132eafc41de2f626d4582') in 0.0014326 seconds
Number of updated asset objects reloaded before import = 0Number of asset objects unloaded after import = 1

========================================================================
Received Import Request.
  Time since last request: 0.892506 seconds.
  path: Assets/ScriptablesObjects/Quests/00_Test/06_GoToHouse01.asset
  artifactKey: Guid(8f625efaa9c344f43a4d1ed0d8dd7124) Importer(2089858483,b0f066a214c2f5e87bad3c948f4d605d)
Start importing Assets/ScriptablesObjects/Quests/00_Test/06_GoToHouse01.asset using Guid(8f625efaa9c344f43a4d1ed0d8dd7124) Importer(2089858483,b0f066a214c2f5e87bad3c948f4d605d) (ScriptedImporter) -> (artifact id: 'd72fa1942de93fa083571ec411417082') in 0.0060536 seconds
Number of updated asset objects reloaded before import = 0Number of asset objects unloaded after import = 1

========================================================================
Received Import Request.
  Time since last request: 1.787689 seconds.
  path: Assets/ScriptablesObjects/Quests/00_Test/06_GoToHouse01.asset
  artifactKey: Guid(8f625efaa9c344f43a4d1ed0d8dd7124) Importer(815301076,1909f56bfc062723c751e8b465ee728b)
Start importing Assets/ScriptablesObjects/Quests/00_Test/06_GoToHouse01.asset using Guid(8f625efaa9c344f43a4d1ed0d8dd7124) Importer(815301076,1909f56bfc062723c751e8b465ee728b) (PreviewImporter) -> (artifact id: 'ac3f71b73bf82b2fc02b030c58cee868') in 0.0012494 seconds
Number of updated asset objects reloaded before import = 0Number of asset objects unloaded after import = 1

========================================================================
Received Import Request.
  Time since last request: 0.896923 seconds.
  path: Assets/ScriptablesObjects/Quests/00_Test/06_GoToHouse01.asset
  artifactKey: Guid(8f625efaa9c344f43a4d1ed0d8dd7124) Importer(2089858483,b0f066a214c2f5e87bad3c948f4d605d)
Start importing Assets/ScriptablesObjects/Quests/00_Test/06_GoToHouse01.asset using Guid(8f625efaa9c344f43a4d1ed0d8dd7124) Importer(2089858483,b0f066a214c2f5e87bad3c948f4d605d) (ScriptedImporter) -> (artifact id: 'ced881a09f3901d6541c92b381c93974') in 0.0050431 seconds
Number of updated asset objects reloaded before import = 0Number of asset objects unloaded after import = 1

========================================================================
Received Import Request.
  Time since last request: 10.955256 seconds.
  path: Assets/ScriptablesObjects/Quests/00_Test/01_Freeze 1.asset
  artifactKey: Guid(593297a7a2e1c3f429d1dce07bff8f87) Importer(815301076,1909f56bfc062723c751e8b465ee728b)
Start importing Assets/ScriptablesObjects/Quests/00_Test/01_Freeze 1.asset using Guid(593297a7a2e1c3f429d1dce07bff8f87) Importer(815301076,1909f56bfc062723c751e8b465ee728b) (PreviewImporter) -> (artifact id: '7e4c73a836b269a5a3341179804b8e3f') in 0.0014626 seconds
Number of updated asset objects reloaded before import = 0Number of asset objects unloaded after import = 1

========================================================================
Received Import Request.
  Time since last request: 0.854325 seconds.
  path: Assets/ScriptablesObjects/Quests/00_Test/01_Freeze 1.asset
  artifactKey: Guid(593297a7a2e1c3f429d1dce07bff8f87) Importer(2089858483,b0f066a214c2f5e87bad3c948f4d605d)
Start importing Assets/ScriptablesObjects/Quests/00_Test/01_Freeze 1.asset using Guid(593297a7a2e1c3f429d1dce07bff8f87) Importer(2089858483,b0f066a214c2f5e87bad3c948f4d605d) (ScriptedImporter) -> (artifact id: '7ed06ea90d695c484aac5ac96077de39') in 0.0056955 seconds
Number of updated asset objects reloaded before import = 0Number of asset objects unloaded after import = 1

========================================================================
Received Import Request.
  Time since last request: 5.625729 seconds.
  path: Assets/ScriptablesObjects/Quests/00_Test/07_Freeze.asset
  artifactKey: Guid(593297a7a2e1c3f429d1dce07bff8f87) Importer(815301076,1909f56bfc062723c751e8b465ee728b)
Start importing Assets/ScriptablesObjects/Quests/00_Test/07_Freeze.asset using Guid(593297a7a2e1c3f429d1dce07bff8f87) Importer(815301076,1909f56bfc062723c751e8b465ee728b) (PreviewImporter) -> (artifact id: 'ab1b72235c624fd614fe12791fef334a') in 0.0012869 seconds
Number of updated asset objects reloaded before import = 0Number of asset objects unloaded after import = 1

========================================================================
Received Import Request.
  Time since last request: 0.884841 seconds.
  path: Assets/ScriptablesObjects/Quests/00_Test/07_Freeze.asset
  artifactKey: Guid(593297a7a2e1c3f429d1dce07bff8f87) Importer(2089858483,b0f066a214c2f5e87bad3c948f4d605d)
Start importing Assets/ScriptablesObjects/Quests/00_Test/07_Freeze.asset using Guid(593297a7a2e1c3f429d1dce07bff8f87) Importer(2089858483,b0f066a214c2f5e87bad3c948f4d605d) (ScriptedImporter) -> (artifact id: 'a49de22869dfe974577fc393e46dc7b7') in 0.0053803 seconds
Number of updated asset objects reloaded before import = 0Number of asset objects unloaded after import = 1

========================================================================
Received Import Request.
  Time since last request: 10.076249 seconds.
  path: Assets/ScriptablesObjects/Quests/00_Test/03_MoveRegis 1.asset
  artifactKey: Guid(72b98c646bb27bf44afae16242629191) Importer(815301076,1909f56bfc062723c751e8b465ee728b)
Start importing Assets/ScriptablesObjects/Quests/00_Test/03_MoveRegis 1.asset using Guid(72b98c646bb27bf44afae16242629191) Importer(815301076,1909f56bfc062723c751e8b465ee728b) (PreviewImporter) -> (artifact id: '93b6676ea2967723db826cdb9bbe5730') in 0.0016146 seconds
Number of updated asset objects reloaded before import = 0Number of asset objects unloaded after import = 1

========================================================================
Received Import Request.
  Time since last request: 0.864419 seconds.
  path: Assets/ScriptablesObjects/Quests/00_Test/03_MoveRegis 1.asset
  artifactKey: Guid(72b98c646bb27bf44afae16242629191) Importer(2089858483,b0f066a214c2f5e87bad3c948f4d605d)
Start importing Assets/ScriptablesObjects/Quests/00_Test/03_MoveRegis 1.asset using Guid(72b98c646bb27bf44afae16242629191) Importer(2089858483,b0f066a214c2f5e87bad3c948f4d605d) (ScriptedImporter) -> (artifact id: '9587f6250448dfaa20d7a9e86d8723d9') in 0.0079319 seconds
Number of updated asset objects reloaded before import = 0Number of asset objects unloaded after import = 1

========================================================================
Received Import Request.
  Time since last request: 8.276303 seconds.
  path: Assets/ScriptablesObjects/Quests/00_Test/08_RegisExclamation.asset
  artifactKey: Guid(72b98c646bb27bf44afae16242629191) Importer(815301076,1909f56bfc062723c751e8b465ee728b)
Start importing Assets/ScriptablesObjects/Quests/00_Test/08_RegisExclamation.asset using Guid(72b98c646bb27bf44afae16242629191) Importer(815301076,1909f56bfc062723c751e8b465ee728b) (PreviewImporter) -> (artifact id: '2b5062c5881f0db7f48d399038396636') in 0.0013489 seconds
Number of updated asset objects reloaded before import = 0Number of asset objects unloaded after import = 1

========================================================================
Received Import Request.
  Time since last request: 0.884744 seconds.
  path: Assets/ScriptablesObjects/Quests/00_Test/08_RegisExclamation.asset
  artifactKey: Guid(72b98c646bb27bf44afae16242629191) Importer(2089858483,b0f066a214c2f5e87bad3c948f4d605d)
Start importing Assets/ScriptablesObjects/Quests/00_Test/08_RegisExclamation.asset using Guid(72b98c646bb27bf44afae16242629191) Importer(2089858483,b0f066a214c2f5e87bad3c948f4d605d) (ScriptedImporter) -> (artifact id: '537fa2b05de769a6107d0b5062de383e') in 0.0055611 seconds
Number of updated asset objects reloaded before import = 0Number of asset objects unloaded after import = 1

========================================================================
Received Prepare
Refreshing native plugins compatible for Editor in 2.37 ms, found 4 plugins.
Preloading 0 native plugins for Editor in 0.00 ms.
Unloading 16 Unused Serialized files (Serialized files now loaded: 0)
Unloading 6926 unused Assets / (4.6 MB). Loaded Objects now: 7943.
Memory consumption went from 160.3 MB to 155.8 MB.
Total: 37.195100 ms (FindLiveObjects: 1.212100 ms CreateObjectMapping: 0.609600 ms MarkObjects: 32.328300 ms  DeleteObjects: 3.043300 ms)

Prepare: number of updated asset objects reloaded= 0
========================================================================
Received Import Request.
  Time since last request: 15.302686 seconds.
  path: Assets/Scripts/Quest/Objectives/NPCActionObjective.cs
  artifactKey: Guid(49912b2245679764f9dfbf7915ee136c) Importer(2089858483,b0f066a214c2f5e87bad3c948f4d605d)
Start importing Assets/Scripts/Quest/Objectives/NPCActionObjective.cs using Guid(49912b2245679764f9dfbf7915ee136c) Importer(2089858483,b0f066a214c2f5e87bad3c948f4d605d) (ScriptedImporter) -> (artifact id: '972503dcf2ec419bbbeb4add5feea223') in 0.0129396 seconds
Number of updated asset objects reloaded before import = 0Number of asset objects unloaded after import = 0

========================================================================
Received Prepare
Refreshing native plugins compatible for Editor in 2.44 ms, found 4 plugins.
Preloading 0 native plugins for Editor in 0.00 ms.
Unloading 16 Unused Serialized files (Serialized files now loaded: 0)
Unloading 6926 unused Assets / (4.8 MB). Loaded Objects now: 7943.
Memory consumption went from 160.3 MB to 155.6 MB.
Total: 29.195700 ms (FindLiveObjects: 1.113000 ms CreateObjectMapping: 0.394900 ms MarkObjects: 24.715900 ms  DeleteObjects: 2.970200 ms)

Prepare: number of updated asset objects reloaded= 0
========================================================================
Received Import Request.
  Time since last request: 18.029487 seconds.
  path: Assets/Scripts/Quest/Objectives/NPCActionObjective.cs
  artifactKey: Guid(49912b2245679764f9dfbf7915ee136c) Importer(2089858483,b0f066a214c2f5e87bad3c948f4d605d)
Start importing Assets/Scripts/Quest/Objectives/NPCActionObjective.cs using Guid(49912b2245679764f9dfbf7915ee136c) Importer(2089858483,b0f066a214c2f5e87bad3c948f4d605d) (ScriptedImporter) -> (artifact id: '147d29db6a6fe5033e476274097df32e') in 0.0109293 seconds
Number of updated asset objects reloaded before import = 0Number of asset objects unloaded after import = 0

========================================================================
Received Prepare
Refreshing native plugins compatible for Editor in 2.51 ms, found 4 plugins.
Preloading 0 native plugins for Editor in 0.00 ms.
Unloading 16 Unused Serialized files (Serialized files now loaded: 0)
Unloading 6926 unused Assets / (5.1 MB). Loaded Objects now: 7943.
Memory consumption went from 160.3 MB to 155.2 MB.
Total: 34.137700 ms (FindLiveObjects: 1.187600 ms CreateObjectMapping: 0.379100 ms MarkObjects: 28.379400 ms  DeleteObjects: 4.189300 ms)

Prepare: number of updated asset objects reloaded= 0
========================================================================
Received Prepare
Refreshing native plugins compatible for Editor in 2.38 ms, found 4 plugins.
Preloading 0 native plugins for Editor in 0.00 ms.
Unloading 16 Unused Serialized files (Serialized files now loaded: 0)
Unloading 6926 unused Assets / (5.0 MB). Loaded Objects now: 7943.
Memory consumption went from 160.3 MB to 155.4 MB.
Total: 33.493600 ms (FindLiveObjects: 1.224300 ms CreateObjectMapping: 0.591700 ms MarkObjects: 27.958700 ms  DeleteObjects: 3.716500 ms)

Prepare: number of updated asset objects reloaded= 0
========================================================================
Received Import Request.
  Time since last request: 33.735394 seconds.
  path: Assets/Scripts/Quest/Objectives/NPCActionObjective.cs
  artifactKey: Guid(49912b2245679764f9dfbf7915ee136c) Importer(2089858483,b0f066a214c2f5e87bad3c948f4d605d)
Start importing Assets/Scripts/Quest/Objectives/NPCActionObjective.cs using Guid(49912b2245679764f9dfbf7915ee136c) Importer(2089858483,b0f066a214c2f5e87bad3c948f4d605d) (ScriptedImporter) -> (artifact id: '1dda062e8802b8000e9eabded287eb92') in 0.0217682 seconds
Number of updated asset objects reloaded before import = 0Number of asset objects unloaded after import = 0

========================================================================
Received Prepare
Refreshing native plugins compatible for Editor in 3.25 ms, found 4 plugins.
Preloading 0 native plugins for Editor in 0.00 ms.
Unloading 16 Unused Serialized files (Serialized files now loaded: 0)
Unloading 6926 unused Assets / (4.0 MB). Loaded Objects now: 7943.
Memory consumption went from 160.3 MB to 156.4 MB.
Total: 36.942500 ms (FindLiveObjects: 1.454500 ms CreateObjectMapping: 1.085200 ms MarkObjects: 31.459700 ms  DeleteObjects: 2.941300 ms)

Prepare: number of updated asset objects reloaded= 0
========================================================================
Received Import Request.
  Time since last request: 9.934326 seconds.
  path: Assets/Scripts/Quest/Objectives/NPCActionObjective.cs
  artifactKey: Guid(49912b2245679764f9dfbf7915ee136c) Importer(2089858483,b0f066a214c2f5e87bad3c948f4d605d)
Start importing Assets/Scripts/Quest/Objectives/NPCActionObjective.cs using Guid(49912b2245679764f9dfbf7915ee136c) Importer(2089858483,b0f066a214c2f5e87bad3c948f4d605d) (ScriptedImporter) -> (artifact id: 'b2b7e138e57144e83d4d71beb5c358bc') in 0.0114459 seconds
Number of updated asset objects reloaded before import = 0Number of asset objects unloaded after import = 0

========================================================================
Received Prepare
Refreshing native plugins compatible for Editor in 2.74 ms, found 4 plugins.
Preloading 0 native plugins for Editor in 0.00 ms.
Unloading 16 Unused Serialized files (Serialized files now loaded: 0)
Unloading 6926 unused Assets / (4.0 MB). Loaded Objects now: 7943.
Memory consumption went from 160.4 MB to 156.4 MB.
Total: 31.565000 ms (FindLiveObjects: 1.312600 ms CreateObjectMapping: 1.079600 ms MarkObjects: 25.780400 ms  DeleteObjects: 3.390200 ms)

Prepare: number of updated asset objects reloaded= 0
========================================================================
Received Import Request.
  Time since last request: 28.682627 seconds.
  path: Assets/Scripts/NPC/NPCController.cs
  artifactKey: Guid(1d668aa6da7e30f45a5f83bd878f9300) Importer(2089858483,b0f066a214c2f5e87bad3c948f4d605d)
Start importing Assets/Scripts/NPC/NPCController.cs using Guid(1d668aa6da7e30f45a5f83bd878f9300) Importer(2089858483,b0f066a214c2f5e87bad3c948f4d605d) (ScriptedImporter) -> (artifact id: 'da27de3b9af91959c28069d4365eb807') in 0.0098627 seconds
Number of updated asset objects reloaded before import = 0Number of asset objects unloaded after import = 0

========================================================================
Received Prepare
Refreshing native plugins compatible for Editor in 2.91 ms, found 4 plugins.
Preloading 0 native plugins for Editor in 0.00 ms.
Unloading 16 Unused Serialized files (Serialized files now loaded: 0)
Unloading 6926 unused Assets / (4.1 MB). Loaded Objects now: 7943.
Memory consumption went from 160.4 MB to 156.3 MB.
Total: 31.313400 ms (FindLiveObjects: 1.226400 ms CreateObjectMapping: 0.754600 ms MarkObjects: 26.288200 ms  DeleteObjects: 3.042500 ms)

Prepare: number of updated asset objects reloaded= 0
========================================================================
Received Import Request.
  Time since last request: 33.589260 seconds.
  path: Assets/Scripts/NPC/NPCController.cs
  artifactKey: Guid(1d668aa6da7e30f45a5f83bd878f9300) Importer(2089858483,b0f066a214c2f5e87bad3c948f4d605d)
Start importing Assets/Scripts/NPC/NPCController.cs using Guid(1d668aa6da7e30f45a5f83bd878f9300) Importer(2089858483,b0f066a214c2f5e87bad3c948f4d605d) (ScriptedImporter) -> (artifact id: '4cbf6adbb2c8e1b0666c7e2a8f3ef89c') in 0.0128185 seconds
Number of updated asset objects reloaded before import = 0Number of asset objects unloaded after import = 0

========================================================================
Received Prepare
Refreshing native plugins compatible for Editor in 2.36 ms, found 4 plugins.
Preloading 0 native plugins for Editor in 0.00 ms.
Unloading 16 Unused Serialized files (Serialized files now loaded: 0)
Unloading 6926 unused Assets / (4.5 MB). Loaded Objects now: 7943.
Memory consumption went from 160.4 MB to 155.8 MB.
Total: 34.003500 ms (FindLiveObjects: 1.159000 ms CreateObjectMapping: 1.303500 ms MarkObjects: 27.078400 ms  DeleteObjects: 4.460500 ms)

Prepare: number of updated asset objects reloaded= 0
========================================================================
Received Import Request.
  Time since last request: 17.282069 seconds.
  path: Assets/Scripts/NPC/NPCController.cs
  artifactKey: Guid(1d668aa6da7e30f45a5f83bd878f9300) Importer(2089858483,b0f066a214c2f5e87bad3c948f4d605d)
Start importing Assets/Scripts/NPC/NPCController.cs using Guid(1d668aa6da7e30f45a5f83bd878f9300) Importer(2089858483,b0f066a214c2f5e87bad3c948f4d605d) (ScriptedImporter) -> (artifact id: '687d42a34fed316c9c6d2b586f143b20') in 0.0115862 seconds
Number of updated asset objects reloaded before import = 0Number of asset objects unloaded after import = 0

========================================================================
Received Prepare
Refreshing native plugins compatible for Editor in 2.06 ms, found 4 plugins.
Preloading 0 native plugins for Editor in 0.00 ms.
Unloading 16 Unused Serialized files (Serialized files now loaded: 0)
Unloading 6926 unused Assets / (4.3 MB). Loaded Objects now: 7943.
Memory consumption went from 160.4 MB to 156.0 MB.
Total: 30.685800 ms (FindLiveObjects: 1.322700 ms CreateObjectMapping: 0.514100 ms MarkObjects: 25.853200 ms  DeleteObjects: 2.993800 ms)

Prepare: number of updated asset objects reloaded= 0
========================================================================
Received Import Request.
  Time since last request: 49.680145 seconds.
  path: Assets/Scripts/NPC/NPCController.cs
  artifactKey: Guid(1d668aa6da7e30f45a5f83bd878f9300) Importer(2089858483,b0f066a214c2f5e87bad3c948f4d605d)
Start importing Assets/Scripts/NPC/NPCController.cs using Guid(1d668aa6da7e30f45a5f83bd878f9300) Importer(2089858483,b0f066a214c2f5e87bad3c948f4d605d) (ScriptedImporter) -> (artifact id: '553cdbf66a10c0014775196bb2a94f99') in 0.0086953 seconds
Number of updated asset objects reloaded before import = 0Number of asset objects unloaded after import = 0

========================================================================
Received Prepare
Refreshing native plugins compatible for Editor in 2.83 ms, found 4 plugins.
Preloading 0 native plugins for Editor in 0.00 ms.
Unloading 16 Unused Serialized files (Serialized files now loaded: 0)
Unloading 6926 unused Assets / (4.5 MB). Loaded Objects now: 7943.
Memory consumption went from 160.4 MB to 155.8 MB.
Total: 34.870700 ms (FindLiveObjects: 1.302800 ms CreateObjectMapping: 1.136600 ms MarkObjects: 28.960100 ms  DeleteObjects: 3.468900 ms)

Prepare: number of updated asset objects reloaded= 0
========================================================================
Received Import Request.
  Time since last request: 30.904461 seconds.
  path: Assets/Scripts/NPC/NPCController.cs
  artifactKey: Guid(1d668aa6da7e30f45a5f83bd878f9300) Importer(2089858483,b0f066a214c2f5e87bad3c948f4d605d)
Start importing Assets/Scripts/NPC/NPCController.cs using Guid(1d668aa6da7e30f45a5f83bd878f9300) Importer(2089858483,b0f066a214c2f5e87bad3c948f4d605d) (ScriptedImporter) -> (artifact id: '756b4f849b89ea0814dcc9987ee69f60') in 0.0101841 seconds
Number of updated asset objects reloaded before import = 0Number of asset objects unloaded after import = 0

========================================================================
Received Prepare
Refreshing native plugins compatible for Editor in 3.47 ms, found 4 plugins.
Preloading 0 native plugins for Editor in 0.00 ms.
Unloading 16 Unused Serialized files (Serialized files now loaded: 0)
Unloading 6926 unused Assets / (4.3 MB). Loaded Objects now: 7943.
Memory consumption went from 160.4 MB to 156.1 MB.
Total: 31.024000 ms (FindLiveObjects: 1.140300 ms CreateObjectMapping: 0.464500 ms MarkObjects: 26.201700 ms  DeleteObjects: 3.215000 ms)

Prepare: number of updated asset objects reloaded= 0
========================================================================
Received Import Request.
  Time since last request: 61.094709 seconds.
  path: Assets/Scripts/NPC/NPCController.cs
  artifactKey: Guid(1d668aa6da7e30f45a5f83bd878f9300) Importer(2089858483,b0f066a214c2f5e87bad3c948f4d605d)
Start importing Assets/Scripts/NPC/NPCController.cs using Guid(1d668aa6da7e30f45a5f83bd878f9300) Importer(2089858483,b0f066a214c2f5e87bad3c948f4d605d) (ScriptedImporter) -> (artifact id: 'e4c2a41427a1d86229462d6751926526') in 0.0093123 seconds
Number of updated asset objects reloaded before import = 0Number of asset objects unloaded after import = 0

========================================================================
Received Prepare
Refreshing native plugins compatible for Editor in 2.77 ms, found 4 plugins.
Preloading 0 native plugins for Editor in 0.00 ms.
Unloading 16 Unused Serialized files (Serialized files now loaded: 0)
Unloading 6926 unused Assets / (4.7 MB). Loaded Objects now: 7943.
Memory consumption went from 160.4 MB to 155.7 MB.
Total: 32.125800 ms (FindLiveObjects: 1.285600 ms CreateObjectMapping: 0.684100 ms MarkObjects: 26.595300 ms  DeleteObjects: 3.558800 ms)

Prepare: number of updated asset objects reloaded= 0
========================================================================
Received Import Request.
  Time since last request: 9.694082 seconds.
  path: Assets/Scripts/NPC/NPCController.cs
  artifactKey: Guid(1d668aa6da7e30f45a5f83bd878f9300) Importer(2089858483,b0f066a214c2f5e87bad3c948f4d605d)
Start importing Assets/Scripts/NPC/NPCController.cs using Guid(1d668aa6da7e30f45a5f83bd878f9300) Importer(2089858483,b0f066a214c2f5e87bad3c948f4d605d) (ScriptedImporter) -> (artifact id: '8b4228fdb103ea14476dd0da40a3f0d3') in 0.0137299 seconds
Number of updated asset objects reloaded before import = 0Number of asset objects unloaded after import = 0

========================================================================
Received Prepare
Refreshing native plugins compatible for Editor in 2.12 ms, found 4 plugins.
Preloading 0 native plugins for Editor in 0.00 ms.
Unloading 16 Unused Serialized files (Serialized files now loaded: 0)
Unloading 6926 unused Assets / (4.2 MB). Loaded Objects now: 7943.
Memory consumption went from 160.4 MB to 156.2 MB.
Total: 31.481000 ms (FindLiveObjects: 1.140400 ms CreateObjectMapping: 1.618100 ms MarkObjects: 25.818800 ms  DeleteObjects: 2.901600 ms)

Prepare: number of updated asset objects reloaded= 0
========================================================================
Received Import Request.
  Time since last request: 4.468723 seconds.
  path: Assets/Scripts/NPC/NPCController.cs
  artifactKey: Guid(1d668aa6da7e30f45a5f83bd878f9300) Importer(2089858483,b0f066a214c2f5e87bad3c948f4d605d)
Start importing Assets/Scripts/NPC/NPCController.cs using Guid(1d668aa6da7e30f45a5f83bd878f9300) Importer(2089858483,b0f066a214c2f5e87bad3c948f4d605d) (ScriptedImporter) -> (artifact id: '089b6a67a91e1f681528c8df4b437787') in 0.0103305 seconds
Number of updated asset objects reloaded before import = 0Number of asset objects unloaded after import = 0

========================================================================
Received Prepare
Refreshing native plugins compatible for Editor in 2.16 ms, found 4 plugins.
Preloading 0 native plugins for Editor in 0.00 ms.
Unloading 16 Unused Serialized files (Serialized files now loaded: 0)
Unloading 6926 unused Assets / (4.4 MB). Loaded Objects now: 7943.
Memory consumption went from 160.4 MB to 156.0 MB.
Total: 30.737200 ms (FindLiveObjects: 1.141000 ms CreateObjectMapping: 0.512100 ms MarkObjects: 24.931100 ms  DeleteObjects: 4.151400 ms)

Prepare: number of updated asset objects reloaded= 0
========================================================================
Received Import Request.
  Time since last request: 5.803604 seconds.
  path: Assets/Scripts/NPC/NPCController.cs
  artifactKey: Guid(1d668aa6da7e30f45a5f83bd878f9300) Importer(2089858483,b0f066a214c2f5e87bad3c948f4d605d)
Start importing Assets/Scripts/NPC/NPCController.cs using Guid(1d668aa6da7e30f45a5f83bd878f9300) Importer(2089858483,b0f066a214c2f5e87bad3c948f4d605d) (ScriptedImporter) -> (artifact id: 'a92d9edd268dc6b8719f59736a91f3b7') in 0.0194158 seconds
Number of updated asset objects reloaded before import = 0Number of asset objects unloaded after import = 0

========================================================================
Received Prepare
Refreshing native plugins compatible for Editor in 2.38 ms, found 4 plugins.
Preloading 0 native plugins for Editor in 0.00 ms.
Unloading 16 Unused Serialized files (Serialized files now loaded: 0)
Unloading 6926 unused Assets / (4.7 MB). Loaded Objects now: 7943.
Memory consumption went from 160.4 MB to 155.6 MB.
Total: 31.332500 ms (FindLiveObjects: 1.130900 ms CreateObjectMapping: 0.520700 ms MarkObjects: 25.916000 ms  DeleteObjects: 3.762900 ms)

Prepare: number of updated asset objects reloaded= 0
========================================================================
Received Import Request.
  Time since last request: 15.935547 seconds.
  path: Assets/Scripts/NPC/NPCController.cs
  artifactKey: Guid(1d668aa6da7e30f45a5f83bd878f9300) Importer(2089858483,b0f066a214c2f5e87bad3c948f4d605d)
Start importing Assets/Scripts/NPC/NPCController.cs using Guid(1d668aa6da7e30f45a5f83bd878f9300) Importer(2089858483,b0f066a214c2f5e87bad3c948f4d605d) (ScriptedImporter) -> (artifact id: '51f7cf8b16373817f74e612ae0fb7d56') in 0.0096709 seconds
Number of updated asset objects reloaded before import = 0Number of asset objects unloaded after import = 0

========================================================================
Received Prepare
Refreshing native plugins compatible for Editor in 2.07 ms, found 4 plugins.
Preloading 0 native plugins for Editor in 0.00 ms.
Unloading 16 Unused Serialized files (Serialized files now loaded: 0)
Unloading 6926 unused Assets / (4.6 MB). Loaded Objects now: 7943.
Memory consumption went from 160.4 MB to 155.8 MB.
Total: 28.784000 ms (FindLiveObjects: 1.156900 ms CreateObjectMapping: 0.771400 ms MarkObjects: 24.117400 ms  DeleteObjects: 2.736100 ms)

Prepare: number of updated asset objects reloaded= 0
========================================================================
Received Import Request.
  Time since last request: 9.375031 seconds.
  path: Assets/Scripts/NPC/NPCController.cs
  artifactKey: Guid(1d668aa6da7e30f45a5f83bd878f9300) Importer(2089858483,b0f066a214c2f5e87bad3c948f4d605d)
Start importing Assets/Scripts/NPC/NPCController.cs using Guid(1d668aa6da7e30f45a5f83bd878f9300) Importer(2089858483,b0f066a214c2f5e87bad3c948f4d605d) (ScriptedImporter) -> (artifact id: '8157b608b98bbbc92d5b53cdfceb2a0a') in 0.0103255 seconds
Number of updated asset objects reloaded before import = 0Number of asset objects unloaded after import = 0

========================================================================
Received Prepare
Refreshing native plugins compatible for Editor in 2.14 ms, found 4 plugins.
Preloading 0 native plugins for Editor in 0.00 ms.
Unloading 16 Unused Serialized files (Serialized files now loaded: 0)
Unloading 6926 unused Assets / (4.7 MB). Loaded Objects now: 7943.
Memory consumption went from 160.4 MB to 155.7 MB.
Total: 28.620900 ms (FindLiveObjects: 1.100000 ms CreateObjectMapping: 0.368800 ms MarkObjects: 24.184900 ms  DeleteObjects: 2.965200 ms)

Prepare: number of updated asset objects reloaded= 0
========================================================================
Received Import Request.
  Time since last request: 19.024870 seconds.
  path: Assets/Scripts/Quest/Objectives/NPCActionObjective.cs
  artifactKey: Guid(49912b2245679764f9dfbf7915ee136c) Importer(2089858483,b0f066a214c2f5e87bad3c948f4d605d)
Start importing Assets/Scripts/Quest/Objectives/NPCActionObjective.cs using Guid(49912b2245679764f9dfbf7915ee136c) Importer(2089858483,b0f066a214c2f5e87bad3c948f4d605d) (ScriptedImporter) -> (artifact id: 'a59f62e93432b16e604b05a6ed631ff0') in 0.0092491 seconds
Number of updated asset objects reloaded before import = 0Number of asset objects unloaded after import = 0

========================================================================
Received Prepare
Refreshing native plugins compatible for Editor in 2.03 ms, found 4 plugins.
Preloading 0 native plugins for Editor in 0.00 ms.
Unloading 16 Unused Serialized files (Serialized files now loaded: 0)
Unloading 6926 unused Assets / (4.7 MB). Loaded Objects now: 7943.
Memory consumption went from 160.4 MB to 155.7 MB.
Total: 30.445700 ms (FindLiveObjects: 1.103600 ms CreateObjectMapping: 0.694500 ms MarkObjects: 25.632900 ms  DeleteObjects: 3.012500 ms)

Prepare: number of updated asset objects reloaded= 0
========================================================================
Received Import Request.
  Time since last request: 68.046192 seconds.
  path: Assets/Scripts/Quest/Objectives/NPCActionObjective.cs
  artifactKey: Guid(49912b2245679764f9dfbf7915ee136c) Importer(2089858483,b0f066a214c2f5e87bad3c948f4d605d)
Start importing Assets/Scripts/Quest/Objectives/NPCActionObjective.cs using Guid(49912b2245679764f9dfbf7915ee136c) Importer(2089858483,b0f066a214c2f5e87bad3c948f4d605d) (ScriptedImporter) -> (artifact id: 'cc0de29e359d49aeced2d01959bd124a') in 0.0100672 seconds
Number of updated asset objects reloaded before import = 0Number of asset objects unloaded after import = 0

========================================================================
Received Prepare
Refreshing native plugins compatible for Editor in 2.38 ms, found 4 plugins.
Preloading 0 native plugins for Editor in 0.00 ms.
Unloading 16 Unused Serialized files (Serialized files now loaded: 0)
Unloading 6926 unused Assets / (5.2 MB). Loaded Objects now: 7943.
Memory consumption went from 160.4 MB to 155.2 MB.
Total: 32.325800 ms (FindLiveObjects: 1.179500 ms CreateObjectMapping: 1.078800 ms MarkObjects: 25.968600 ms  DeleteObjects: 4.097000 ms)

Prepare: number of updated asset objects reloaded= 0
========================================================================
Received Import Request.
  Time since last request: 17.864917 seconds.
  path: Assets/Scripts/Quest/Objectives/NPCActionObjective.cs
  artifactKey: Guid(49912b2245679764f9dfbf7915ee136c) Importer(2089858483,b0f066a214c2f5e87bad3c948f4d605d)
Start importing Assets/Scripts/Quest/Objectives/NPCActionObjective.cs using Guid(49912b2245679764f9dfbf7915ee136c) Importer(2089858483,b0f066a214c2f5e87bad3c948f4d605d) (ScriptedImporter) -> (artifact id: '2f87e7ce8362e64b6488bbf1ca0734a1') in 0.0125249 seconds
Number of updated asset objects reloaded before import = 0Number of asset objects unloaded after import = 0

========================================================================
Received Prepare
Refreshing native plugins compatible for Editor in 2.11 ms, found 4 plugins.
Preloading 0 native plugins for Editor in 0.00 ms.
Unloading 16 Unused Serialized files (Serialized files now loaded: 0)
Unloading 6926 unused Assets / (4.1 MB). Loaded Objects now: 7943.
Memory consumption went from 160.4 MB to 156.3 MB.
Total: 30.985600 ms (FindLiveObjects: 1.324100 ms CreateObjectMapping: 0.842200 ms MarkObjects: 26.034000 ms  DeleteObjects: 2.783500 ms)

Prepare: number of updated asset objects reloaded= 0
========================================================================
Received Import Request.
  Time since last request: 7.055549 seconds.
  path: Assets/Scripts/Quest/Objectives/NPCActionObjective.cs
  artifactKey: Guid(49912b2245679764f9dfbf7915ee136c) Importer(2089858483,b0f066a214c2f5e87bad3c948f4d605d)
Start importing Assets/Scripts/Quest/Objectives/NPCActionObjective.cs using Guid(49912b2245679764f9dfbf7915ee136c) Importer(2089858483,b0f066a214c2f5e87bad3c948f4d605d) (ScriptedImporter) -> (artifact id: '7157d0c3ed37bb8ce634252c377314c4') in 0.0096863 seconds
Number of updated asset objects reloaded before import = 0Number of asset objects unloaded after import = 0

========================================================================
Received Prepare
Refreshing native plugins compatible for Editor in 2.18 ms, found 4 plugins.
Preloading 0 native plugins for Editor in 0.00 ms.
Unloading 16 Unused Serialized files (Serialized files now loaded: 0)
Unloading 6926 unused Assets / (4.0 MB). Loaded Objects now: 7943.
Memory consumption went from 160.4 MB to 156.4 MB.
Total: 35.723300 ms (FindLiveObjects: 1.172600 ms CreateObjectMapping: 0.511200 ms MarkObjects: 31.273300 ms  DeleteObjects: 2.764100 ms)

Prepare: number of updated asset objects reloaded= 0
========================================================================
Received Import Request.
  Time since last request: 2.547207 seconds.
  path: Assets/Scripts/Quest/Objectives/NPCActionObjective.cs
  artifactKey: Guid(49912b2245679764f9dfbf7915ee136c) Importer(2089858483,b0f066a214c2f5e87bad3c948f4d605d)
Start importing Assets/Scripts/Quest/Objectives/NPCActionObjective.cs using Guid(49912b2245679764f9dfbf7915ee136c) Importer(2089858483,b0f066a214c2f5e87bad3c948f4d605d) (ScriptedImporter) -> (artifact id: '60b65b72c0d6e26b7df2038a0245e76a') in 0.010786 seconds
Number of updated asset objects reloaded before import = 0Number of asset objects unloaded after import = 0

========================================================================
Received Prepare
Refreshing native plugins compatible for Editor in 2.35 ms, found 4 plugins.
Preloading 0 native plugins for Editor in 0.00 ms.
Unloading 16 Unused Serialized files (Serialized files now loaded: 0)
Unloading 6926 unused Assets / (4.5 MB). Loaded Objects now: 7943.
Memory consumption went from 160.4 MB to 155.9 MB.
Total: 31.624100 ms (FindLiveObjects: 1.161900 ms CreateObjectMapping: 1.031100 ms MarkObjects: 26.005900 ms  DeleteObjects: 3.423200 ms)

Prepare: number of updated asset objects reloaded= 0
========================================================================
Received Prepare
Refreshing native plugins compatible for Editor in 2.27 ms, found 4 plugins.
Preloading 0 native plugins for Editor in 0.00 ms.
Unloading 16 Unused Serialized files (Serialized files now loaded: 0)
Unloading 6926 unused Assets / (4.4 MB). Loaded Objects now: 7943.
Memory consumption went from 160.4 MB to 156.0 MB.
Total: 29.798900 ms (FindLiveObjects: 1.144400 ms CreateObjectMapping: 0.488200 ms MarkObjects: 25.186700 ms  DeleteObjects: 2.978000 ms)

Prepare: number of updated asset objects reloaded= 0
========================================================================
Received Import Request.
  Time since last request: 8.294571 seconds.
  path: Assets/Scripts/Quest/Objectives/NPCActionObjective.cs
  artifactKey: Guid(49912b2245679764f9dfbf7915ee136c) Importer(2089858483,b0f066a214c2f5e87bad3c948f4d605d)
Start importing Assets/Scripts/Quest/Objectives/NPCActionObjective.cs using Guid(49912b2245679764f9dfbf7915ee136c) Importer(2089858483,b0f066a214c2f5e87bad3c948f4d605d) (ScriptedImporter) -> (artifact id: '3931dfc1c22a87aadf6083ba7127dfbb') in 0.0206417 seconds
Number of updated asset objects reloaded before import = 0Number of asset objects unloaded after import = 0

========================================================================
Received Prepare
Refreshing native plugins compatible for Editor in 2.00 ms, found 4 plugins.
Preloading 0 native plugins for Editor in 0.00 ms.
Unloading 16 Unused Serialized files (Serialized files now loaded: 0)
Unloading 6926 unused Assets / (4.3 MB). Loaded Objects now: 7943.
Memory consumption went from 160.4 MB to 156.1 MB.
Total: 29.192700 ms (FindLiveObjects: 1.116700 ms CreateObjectMapping: 0.382700 ms MarkObjects: 24.796900 ms  DeleteObjects: 2.894900 ms)

Prepare: number of updated asset objects reloaded= 0
========================================================================
Received Import Request.
  Time since last request: 21.403456 seconds.
  path: Assets/Scripts/Quest/Objectives/NPCActionObjective.cs
  artifactKey: Guid(49912b2245679764f9dfbf7915ee136c) Importer(2089858483,b0f066a214c2f5e87bad3c948f4d605d)
Start importing Assets/Scripts/Quest/Objectives/NPCActionObjective.cs using Guid(49912b2245679764f9dfbf7915ee136c) Importer(2089858483,b0f066a214c2f5e87bad3c948f4d605d) (ScriptedImporter) -> (artifact id: '9a8211b68f172e9bac53cf0a5776f821') in 0.0100238 seconds
Number of updated asset objects reloaded before import = 0Number of asset objects unloaded after import = 0

========================================================================
Received Prepare
Begin MonoManager ReloadAssembly
[Licensing::Client] Successfully resolved entitlement details
- Loaded All Assemblies, in  1.174 seconds
Refreshing native plugins compatible for Editor in 1.83 ms, found 4 plugins.
Native extension for WindowsStandalone target not found
Native extension for WebGL target not found
[Package Manager] Failed to launch server process. Reason: Unity was launched with the -noUpm command-line argument
[Package Manager] Unable to send message (not connected to server process).
[Package Manager] Cannot connect to Unity Package Manager local server
Mono: successfully reloaded assembly
- Finished resetting the current domain, in  1.673 seconds
Domain Reload Profiling: 2851ms
	BeginReloadAssembly (364ms)
		ExecutionOrderSort (0ms)
		DisableScriptedObjects (39ms)
		BackupInstance (0ms)
		ReleaseScriptingObjects (0ms)
		CreateAndSetChildDomain (103ms)
	RebuildCommonClasses (51ms)
	RebuildNativeTypeToScriptingClass (17ms)
	initialDomainReloadingComplete (36ms)
	LoadAllAssembliesAndSetupDomain (709ms)
		LoadAssemblies (593ms)
		RebuildTransferFunctionScriptingTraits (0ms)
		AnalyzeDomain (273ms)
			TypeCache.Refresh (13ms)
				TypeCache.ScanAssembly (1ms)
			BuildScriptInfoCaches (240ms)
			ResolveRequiredComponents (14ms)
	FinalizeReload (1674ms)
		ReleaseScriptCaches (0ms)
		RebuildScriptCaches (0ms)
		SetupLoadedEditorAssemblies (1485ms)
			LogAssemblyErrors (0ms)
			InitializePlatformSupportModulesInManaged (2ms)
			SetLoadedEditorAssemblies (8ms)
			BeforeProcessingInitializeOnLoad (318ms)
			ProcessInitializeOnLoadAttributes (1014ms)
			ProcessInitializeOnLoadMethodAttributes (140ms)
			AfterProcessingInitializeOnLoad (2ms)
			EditorAssembliesLoaded (0ms)
		ExecutionOrderSort2 (0ms)
		AwakeInstancesAfterBackupRestoration (18ms)
Refreshing native plugins compatible for Editor in 2.33 ms, found 4 plugins.
Preloading 0 native plugins for Editor in 0.00 ms.
Unloading 16 Unused Serialized files (Serialized files now loaded: 0)
Unloading 6936 unused Assets / (4.5 MB). Loaded Objects now: 7875.
Memory consumption went from 162.5 MB to 158.0 MB.
Total: 31.601900 ms (FindLiveObjects: 1.155000 ms CreateObjectMapping: 0.410300 ms MarkObjects: 26.827600 ms  DeleteObjects: 3.206400 ms)

Prepare: number of updated asset objects reloaded= 0
========================================================================
Received Import Request.
  Time since last request: 49.939062 seconds.
  path: Assets/ScriptablesObjects/Quests/00_Test/08_RegisExclamation.asset
  artifactKey: Guid(72b98c646bb27bf44afae16242629191) Importer(815301076,1909f56bfc062723c751e8b465ee728b)
Start importing Assets/ScriptablesObjects/Quests/00_Test/08_RegisExclamation.asset using Guid(72b98c646bb27bf44afae16242629191) Importer(815301076,1909f56bfc062723c751e8b465ee728b) (PreviewImporter) -> (artifact id: 'a1127dfa0f719c7214218739a77cdb5b') in 0.0283443 seconds
Number of updated asset objects reloaded before import = 0Number of asset objects unloaded after import = 1

========================================================================
Received Prepare
Begin MonoManager ReloadAssembly
[Licensing::Client] Successfully resolved entitlement details
- Loaded All Assemblies, in  1.116 seconds
Refreshing native plugins compatible for Editor in 2.16 ms, found 4 plugins.
Native extension for WindowsStandalone target not found
Native extension for WebGL target not found
[Package Manager] Failed to launch server process. Reason: Unity was launched with the -noUpm command-line argument
[Package Manager] Unable to send message (not connected to server process).
[Package Manager] Cannot connect to Unity Package Manager local server
Mono: successfully reloaded assembly
- Finished resetting the current domain, in  1.641 seconds
Domain Reload Profiling: 2761ms
	BeginReloadAssembly (327ms)
		ExecutionOrderSort (0ms)
		DisableScriptedObjects (21ms)
		BackupInstance (0ms)
		ReleaseScriptingObjects (1ms)
		CreateAndSetChildDomain (78ms)
	RebuildCommonClasses (44ms)
	RebuildNativeTypeToScriptingClass (16ms)
	initialDomainReloadingComplete (35ms)
	LoadAllAssembliesAndSetupDomain (698ms)
		LoadAssemblies (603ms)
		RebuildTransferFunctionScriptingTraits (0ms)
		AnalyzeDomain (260ms)
			TypeCache.Refresh (9ms)
				TypeCache.ScanAssembly (0ms)
			BuildScriptInfoCaches (233ms)
			ResolveRequiredComponents (12ms)
	FinalizeReload (1641ms)
		ReleaseScriptCaches (0ms)
		RebuildScriptCaches (0ms)
		SetupLoadedEditorAssemblies (1441ms)
			LogAssemblyErrors (0ms)
			InitializePlatformSupportModulesInManaged (3ms)
			SetLoadedEditorAssemblies (10ms)
			BeforeProcessingInitializeOnLoad (284ms)
			ProcessInitializeOnLoadAttributes (973ms)
			ProcessInitializeOnLoadMethodAttributes (166ms)
			AfterProcessingInitializeOnLoad (4ms)
			EditorAssembliesLoaded (1ms)
		ExecutionOrderSort2 (0ms)
		AwakeInstancesAfterBackupRestoration (19ms)
Refreshing native plugins compatible for Editor in 2.43 ms, found 4 plugins.
Preloading 0 native plugins for Editor in 0.00 ms.
Unloading 16 Unused Serialized files (Serialized files now loaded: 0)
Unloading 6936 unused Assets / (4.2 MB). Loaded Objects now: 7878.
Memory consumption went from 162.4 MB to 158.2 MB.
Total: 30.138000 ms (FindLiveObjects: 1.248000 ms CreateObjectMapping: 0.462000 ms MarkObjects: 25.182000 ms  DeleteObjects: 3.244200 ms)

Prepare: number of updated asset objects reloaded= 0
========================================================================
Received Prepare
Refreshing native plugins compatible for Editor in 2.43 ms, found 4 plugins.
Preloading 0 native plugins for Editor in 0.00 ms.
Unloading 16 Unused Serialized files (Serialized files now loaded: 0)
Unloading 6926 unused Assets / (1.9 MB). Loaded Objects now: 7878.
Memory consumption went from 162.6 MB to 160.7 MB.
Total: 73.103000 ms (FindLiveObjects: 1.250000 ms CreateObjectMapping: 3.431000 ms MarkObjects: 63.358600 ms  DeleteObjects: 5.061400 ms)

Prepare: number of updated asset objects reloaded= 0
========================================================================
Received Prepare
Begin MonoManager ReloadAssembly
[Licensing::Client] Successfully resolved entitlement details
- Loaded All Assemblies, in  1.250 seconds
Refreshing native plugins compatible for Editor in 1.95 ms, found 4 plugins.
Native extension for WindowsStandalone target not found
Native extension for WebGL target not found
[Package Manager] Failed to launch server process. Reason: Unity was launched with the -noUpm command-line argument
[Package Manager] Unable to send message (not connected to server process).
[Package Manager] Cannot connect to Unity Package Manager local server
Mono: successfully reloaded assembly
- Finished resetting the current domain, in  1.870 seconds
Domain Reload Profiling: 3125ms
	BeginReloadAssembly (370ms)
		ExecutionOrderSort (0ms)
		DisableScriptedObjects (18ms)
		BackupInstance (0ms)
		ReleaseScriptingObjects (0ms)
		CreateAndSetChildDomain (86ms)
	RebuildCommonClasses (51ms)
	RebuildNativeTypeToScriptingClass (21ms)
	initialDomainReloadingComplete (38ms)
	LoadAllAssembliesAndSetupDomain (775ms)
		LoadAssemblies (665ms)
		RebuildTransferFunctionScriptingTraits (0ms)
		AnalyzeDomain (300ms)
			TypeCache.Refresh (16ms)
				TypeCache.ScanAssembly (1ms)
			BuildScriptInfoCaches (263ms)
			ResolveRequiredComponents (16ms)
	FinalizeReload (1871ms)
		ReleaseScriptCaches (0ms)
		RebuildScriptCaches (0ms)
		SetupLoadedEditorAssemblies (1623ms)
			LogAssemblyErrors (0ms)
			InitializePlatformSupportModulesInManaged (3ms)
			SetLoadedEditorAssemblies (9ms)
			BeforeProcessingInitializeOnLoad (412ms)
			ProcessInitializeOnLoadAttributes (1046ms)
			ProcessInitializeOnLoadMethodAttributes (149ms)
			AfterProcessingInitializeOnLoad (3ms)
			EditorAssembliesLoaded (0ms)
		ExecutionOrderSort2 (0ms)
		AwakeInstancesAfterBackupRestoration (17ms)
Refreshing native plugins compatible for Editor in 2.11 ms, found 4 plugins.
Preloading 0 native plugins for Editor in 0.00 ms.
Unloading 16 Unused Serialized files (Serialized files now loaded: 0)
Unloading 6936 unused Assets / (4.3 MB). Loaded Objects now: 7881.
Memory consumption went from 162.5 MB to 158.2 MB.
Total: 30.890900 ms (FindLiveObjects: 1.316700 ms CreateObjectMapping: 0.766500 ms MarkObjects: 26.062500 ms  DeleteObjects: 2.743500 ms)

Prepare: number of updated asset objects reloaded= 0
========================================================================
Received Prepare
Refreshing native plugins compatible for Editor in 4.37 ms, found 4 plugins.
Preloading 0 native plugins for Editor in 0.00 ms.
Unloading 16 Unused Serialized files (Serialized files now loaded: 0)
Unloading 6926 unused Assets / (4.0 MB). Loaded Objects now: 7881.
Memory consumption went from 162.6 MB to 158.6 MB.
Total: 47.202200 ms (FindLiveObjects: 1.730200 ms CreateObjectMapping: 0.569800 ms MarkObjects: 41.859200 ms  DeleteObjects: 3.041200 ms)

Prepare: number of updated asset objects reloaded= 0
========================================================================
Received Prepare
Begin MonoManager ReloadAssembly
- Loaded All Assemblies, in  1.205 seconds
Refreshing native plugins compatible for Editor in 2.12 ms, found 4 plugins.
Native extension for WindowsStandalone target not found
Native extension for WebGL target not found
[Package Manager] Failed to launch server process. Reason: Unity was launched with the -noUpm command-line argument
[Package Manager] Unable to send message (not connected to server process).
[Package Manager] Cannot connect to Unity Package Manager local server
Mono: successfully reloaded assembly
- Finished resetting the current domain, in  1.845 seconds
Domain Reload Profiling: 3055ms
	BeginReloadAssembly (337ms)
		ExecutionOrderSort (0ms)
		DisableScriptedObjects (17ms)
		BackupInstance (0ms)
		ReleaseScriptingObjects (0ms)
		CreateAndSetChildDomain (83ms)
	RebuildCommonClasses (50ms)
	RebuildNativeTypeToScriptingClass (23ms)
	initialDomainReloadingComplete (35ms)
	LoadAllAssembliesAndSetupDomain (764ms)
		LoadAssemblies (644ms)
		RebuildTransferFunctionScriptingTraits (0ms)
		AnalyzeDomain (292ms)
			TypeCache.Refresh (15ms)
				TypeCache.ScanAssembly (1ms)
			BuildScriptInfoCaches (256ms)
			ResolveRequiredComponents (15ms)
	FinalizeReload (1846ms)
		ReleaseScriptCaches (0ms)
		RebuildScriptCaches (0ms)
		SetupLoadedEditorAssemblies (1599ms)
			LogAssemblyErrors (0ms)
			InitializePlatformSupportModulesInManaged (3ms)
			SetLoadedEditorAssemblies (11ms)
			BeforeProcessingInitializeOnLoad (343ms)
			ProcessInitializeOnLoadAttributes (1094ms)
			ProcessInitializeOnLoadMethodAttributes (146ms)
			AfterProcessingInitializeOnLoad (3ms)
			EditorAssembliesLoaded (0ms)
		ExecutionOrderSort2 (0ms)
		AwakeInstancesAfterBackupRestoration (18ms)
Refreshing native plugins compatible for Editor in 4.44 ms, found 4 plugins.
Preloading 0 native plugins for Editor in 0.00 ms.
Unloading 16 Unused Serialized files (Serialized files now loaded: 0)
Unloading 6936 unused Assets / (5.6 MB). Loaded Objects now: 7884.
Memory consumption went from 162.5 MB to 157.0 MB.
Total: 34.254500 ms (FindLiveObjects: 1.274900 ms CreateObjectMapping: 0.567600 ms MarkObjects: 26.741300 ms  DeleteObjects: 5.668500 ms)

Prepare: number of updated asset objects reloaded= 0
========================================================================
Received Import Request.
  Time since last request: 430.118167 seconds.
  path: Assets/Instanciables/Maps/Route01.prefab
  artifactKey: Guid(6ab72ea38288b484ca383daabb09d463) Importer(815301076,1909f56bfc062723c751e8b465ee728b)
Start importing Assets/Instanciables/Maps/Route01.prefab using Guid(6ab72ea38288b484ca383daabb09d463) Importer(815301076,1909f56bfc062723c751e8b465ee728b) (PreviewImporter) -> (artifact id: 'bc12f27afbb3f2855255bd2163d95c66') in 0.6274243 seconds
Number of updated asset objects reloaded before import = 0Number of asset objects unloaded after import = 660

========================================================================
Received Prepare
Begin MonoManager ReloadAssembly
[Licensing::Client] Successfully resolved entitlement details
- Loaded All Assemblies, in  1.266 seconds
Refreshing native plugins compatible for Editor in 2.96 ms, found 4 plugins.
Native extension for WindowsStandalone target not found
Native extension for WebGL target not found
[Package Manager] Failed to launch server process. Reason: Unity was launched with the -noUpm command-line argument
[Package Manager] Unable to send message (not connected to server process).
[Package Manager] Cannot connect to Unity Package Manager local server
Mono: successfully reloaded assembly
- Finished resetting the current domain, in  1.839 seconds
Domain Reload Profiling: 3108ms
	BeginReloadAssembly (384ms)
		ExecutionOrderSort (0ms)
		DisableScriptedObjects (41ms)
		BackupInstance (0ms)
		ReleaseScriptingObjects (1ms)
		CreateAndSetChildDomain (108ms)
	RebuildCommonClasses (46ms)
	RebuildNativeTypeToScriptingClass (18ms)
	initialDomainReloadingComplete (42ms)
	LoadAllAssembliesAndSetupDomain (779ms)
		LoadAssemblies (673ms)
		RebuildTransferFunctionScriptingTraits (0ms)
		AnalyzeDomain (280ms)
			TypeCache.Refresh (9ms)
				TypeCache.ScanAssembly (0ms)
			BuildScriptInfoCaches (253ms)
			ResolveRequiredComponents (13ms)
	FinalizeReload (1839ms)
		ReleaseScriptCaches (0ms)
		RebuildScriptCaches (0ms)
		SetupLoadedEditorAssemblies (1621ms)
			LogAssemblyErrors (0ms)
			InitializePlatformSupportModulesInManaged (2ms)
			SetLoadedEditorAssemblies (8ms)
			BeforeProcessingInitializeOnLoad (329ms)
			ProcessInitializeOnLoadAttributes (1103ms)
			ProcessInitializeOnLoadMethodAttributes (175ms)
			AfterProcessingInitializeOnLoad (4ms)
			EditorAssembliesLoaded (1ms)
		ExecutionOrderSort2 (0ms)
		AwakeInstancesAfterBackupRestoration (23ms)
Refreshing native plugins compatible for Editor in 2.24 ms, found 4 plugins.
Preloading 0 native plugins for Editor in 0.00 ms.
Unloading 16 Unused Serialized files (Serialized files now loaded: 0)
Unloading 6936 unused Assets / (4.5 MB). Loaded Objects now: 7907.
Memory consumption went from 162.9 MB to 158.3 MB.
Total: 33.276800 ms (FindLiveObjects: 1.263200 ms CreateObjectMapping: 1.474200 ms MarkObjects: 26.989000 ms  DeleteObjects: 3.548300 ms)

Prepare: number of updated asset objects reloaded= 0
========================================================================
Received Import Request.
  Time since last request: 58.102629 seconds.
  path: Assets/Instanciables/Maps/TestTown/House01.prefab
  artifactKey: Guid(b6fe6f7d6b97e2344ba85e102d5f5e7b) Importer(2089858483,b0f066a214c2f5e87bad3c948f4d605d)
Start importing Assets/Instanciables/Maps/TestTown/House01.prefab using Guid(b6fe6f7d6b97e2344ba85e102d5f5e7b) Importer(2089858483,b0f066a214c2f5e87bad3c948f4d605d) (ScriptedImporter) -> (artifact id: 'fcf478bc1e1f318a239cbc2de2235e68') in 0.1913619 seconds
Number of updated asset objects reloaded before import = 0Number of asset objects unloaded after import = 217

========================================================================
Received Import Request.
  Time since last request: 0.000028 seconds.
  path: Assets/Scripts/World/Map/MapController.cs
  artifactKey: Guid(99c5895bd2c41e34684884f276f1d132) Importer(2089858483,b0f066a214c2f5e87bad3c948f4d605d)
Start importing Assets/Scripts/World/Map/MapController.cs using Guid(99c5895bd2c41e34684884f276f1d132) Importer(2089858483,b0f066a214c2f5e87bad3c948f4d605d) (ScriptedImporter) -> (artifact id: '0abcf5e409883e2968997dae0436df56') in 0.0055774 seconds
Number of updated asset objects reloaded before import = 0Number of asset objects unloaded after import = 0

========================================================================
Received Import Request.
  Time since last request: 0.000062 seconds.
  path: Assets/ScriptablesObjects/Quests/00_Test/00_TestQuest.asset
  artifactKey: Guid(ccad300bf70271740b8b94c7cdfb8ce1) Importer(2089858483,b0f066a214c2f5e87bad3c948f4d605d)
Start importing Assets/ScriptablesObjects/Quests/00_Test/00_TestQuest.asset using Guid(ccad300bf70271740b8b94c7cdfb8ce1) Importer(2089858483,b0f066a214c2f5e87bad3c948f4d605d) (ScriptedImporter) -> (artifact id: 'ae3a47badd477bb541b52e06e76b7b7d') in 0.0153748 seconds
Number of updated asset objects reloaded before import = 0Number of asset objects unloaded after import = 9

========================================================================
Received Import Request.
  Time since last request: 0.000022 seconds.
  path: Assets/ScriptablesObjects/Quests/00_Test/08_RegisExclamation.asset
  artifactKey: Guid(72b98c646bb27bf44afae16242629191) Importer(2089858483,b0f066a214c2f5e87bad3c948f4d605d)
Start importing Assets/ScriptablesObjects/Quests/00_Test/08_RegisExclamation.asset using Guid(72b98c646bb27bf44afae16242629191) Importer(2089858483,b0f066a214c2f5e87bad3c948f4d605d) (ScriptedImporter) -> (artifact id: '4d8cbe021629f175d34df184de4e0f8c') in 0.0164183 seconds
Number of updated asset objects reloaded before import = 0Number of asset objects unloaded after import = 1

========================================================================
Received Prepare
Refreshing native plugins compatible for Editor in 2.71 ms, found 4 plugins.
Preloading 0 native plugins for Editor in 0.00 ms.
Unloading 16 Unused Serialized files (Serialized files now loaded: 0)
Unloading 6927 unused Assets / (4.6 MB). Loaded Objects now: 7908.
Memory consumption went from 163.2 MB to 158.6 MB.
Total: 31.267600 ms (FindLiveObjects: 1.361700 ms CreateObjectMapping: 0.405400 ms MarkObjects: 24.568800 ms  DeleteObjects: 4.929500 ms)

Prepare: number of updated asset objects reloaded= 0
========================================================================
Received Import Request.
  Time since last request: 4.825708 seconds.
  path: Assets/Scripts/Quest/Objectives/WaitObjective.cs
  artifactKey: Guid(26dcecf82fbc50342bc68e616910e2dd) Importer(815301076,1909f56bfc062723c751e8b465ee728b)
Start importing Assets/Scripts/Quest/Objectives/WaitObjective.cs using Guid(26dcecf82fbc50342bc68e616910e2dd) Importer(815301076,1909f56bfc062723c751e8b465ee728b) (PreviewImporter) -> (artifact id: '66d807c4177e7558dced194b5586184a') in 0.0074816 seconds
Number of updated asset objects reloaded before import = 0Number of asset objects unloaded after import = 0

========================================================================
Received Import Request.
  Time since last request: 0.004688 seconds.
  path: Assets/Scripts/Quest/Objectives/WaitObjective.cs
  artifactKey: Guid(26dcecf82fbc50342bc68e616910e2dd) Importer(2089858483,b0f066a214c2f5e87bad3c948f4d605d)
Start importing Assets/Scripts/Quest/Objectives/WaitObjective.cs using Guid(26dcecf82fbc50342bc68e616910e2dd) Importer(2089858483,b0f066a214c2f5e87bad3c948f4d605d) (ScriptedImporter) -> (artifact id: '965dea796a8b795340ede7cc16754f22') in 0.0058476 seconds
Number of updated asset objects reloaded before import = 0Number of asset objects unloaded after import = 0

========================================================================
Received Prepare
Begin MonoManager ReloadAssembly
[Licensing::Client] Successfully resolved entitlement details
- Loaded All Assemblies, in  1.429 seconds
Refreshing native plugins compatible for Editor in 2.03 ms, found 4 plugins.
Native extension for WindowsStandalone target not found
Native extension for WebGL target not found
[Package Manager] Failed to launch server process. Reason: Unity was launched with the -noUpm command-line argument
[Package Manager] Unable to send message (not connected to server process).
[Package Manager] Cannot connect to Unity Package Manager local server
Mono: successfully reloaded assembly
- Finished resetting the current domain, in  2.014 seconds
Domain Reload Profiling: 3447ms
	BeginReloadAssembly (406ms)
		ExecutionOrderSort (0ms)
		DisableScriptedObjects (21ms)
		BackupInstance (0ms)
		ReleaseScriptingObjects (0ms)
		CreateAndSetChildDomain (105ms)
	RebuildCommonClasses (60ms)
	RebuildNativeTypeToScriptingClass (29ms)
	initialDomainReloadingComplete (41ms)
	LoadAllAssembliesAndSetupDomain (896ms)
		LoadAssemblies (766ms)
		RebuildTransferFunctionScriptingTraits (0ms)
		AnalyzeDomain (334ms)
			TypeCache.Refresh (15ms)
				TypeCache.ScanAssembly (1ms)
			BuildScriptInfoCaches (295ms)
			ResolveRequiredComponents (16ms)
	FinalizeReload (2015ms)
		ReleaseScriptCaches (0ms)
		RebuildScriptCaches (0ms)
		SetupLoadedEditorAssemblies (1768ms)
			LogAssemblyErrors (0ms)
			InitializePlatformSupportModulesInManaged (3ms)
			SetLoadedEditorAssemblies (8ms)
			BeforeProcessingInitializeOnLoad (374ms)
			ProcessInitializeOnLoadAttributes (1188ms)
			ProcessInitializeOnLoadMethodAttributes (189ms)
			AfterProcessingInitializeOnLoad (5ms)
			EditorAssembliesLoaded (0ms)
		ExecutionOrderSort2 (0ms)
		AwakeInstancesAfterBackupRestoration (20ms)
Refreshing native plugins compatible for Editor in 2.53 ms, found 4 plugins.
Preloading 0 native plugins for Editor in 0.00 ms.
Unloading 16 Unused Serialized files (Serialized files now loaded: 0)
Unloading 6937 unused Assets / (4.2 MB). Loaded Objects now: 7911.
Memory consumption went from 162.8 MB to 158.6 MB.
Total: 31.721900 ms (FindLiveObjects: 1.528700 ms CreateObjectMapping: 0.717300 ms MarkObjects: 26.691500 ms  DeleteObjects: 2.782500 ms)

Prepare: number of updated asset objects reloaded= 0
========================================================================
Received Prepare
Refreshing native plugins compatible for Editor in 7.25 ms, found 4 plugins.
Preloading 0 native plugins for Editor in 0.00 ms.
Unloading 16 Unused Serialized files (Serialized files now loaded: 0)
Unloading 6927 unused Assets / (4.8 MB). Loaded Objects now: 7911.
Memory consumption went from 162.9 MB to 158.1 MB.
Total: 50.415800 ms (FindLiveObjects: 1.704900 ms CreateObjectMapping: 1.783100 ms MarkObjects: 40.317800 ms  DeleteObjects: 6.607600 ms)

Prepare: number of updated asset objects reloaded= 0
========================================================================
Received Prepare
Begin MonoManager ReloadAssembly
- Loaded All Assemblies, in  1.358 seconds
Refreshing native plugins compatible for Editor in 2.92 ms, found 4 plugins.
Native extension for WindowsStandalone target not found
Native extension for WebGL target not found
[Package Manager] Failed to launch server process. Reason: Unity was launched with the -noUpm command-line argument
[Package Manager] Unable to send message (not connected to server process).
[Package Manager] Cannot connect to Unity Package Manager local server
Mono: successfully reloaded assembly
- Finished resetting the current domain, in  1.965 seconds
Domain Reload Profiling: 3329ms
	BeginReloadAssembly (393ms)
		ExecutionOrderSort (0ms)
		DisableScriptedObjects (17ms)
		BackupInstance (0ms)
		ReleaseScriptingObjects (0ms)
		CreateAndSetChildDomain (95ms)
	RebuildCommonClasses (46ms)
	RebuildNativeTypeToScriptingClass (22ms)
	initialDomainReloadingComplete (38ms)
	LoadAllAssembliesAndSetupDomain (863ms)
		LoadAssemblies (749ms)
		RebuildTransferFunctionScriptingTraits (0ms)
		AnalyzeDomain (326ms)
			TypeCache.Refresh (17ms)
				TypeCache.ScanAssembly (1ms)
			BuildScriptInfoCaches (288ms)
			ResolveRequiredComponents (14ms)
	FinalizeReload (1966ms)
		ReleaseScriptCaches (0ms)
		RebuildScriptCaches (0ms)
		SetupLoadedEditorAssemblies (1721ms)
			LogAssemblyErrors (0ms)
			InitializePlatformSupportModulesInManaged (3ms)
			SetLoadedEditorAssemblies (10ms)
			BeforeProcessingInitializeOnLoad (366ms)
			ProcessInitializeOnLoadAttributes (1140ms)
			ProcessInitializeOnLoadMethodAttributes (200ms)
			AfterProcessingInitializeOnLoad (3ms)
			EditorAssembliesLoaded (0ms)
		ExecutionOrderSort2 (0ms)
		AwakeInstancesAfterBackupRestoration (19ms)
Refreshing native plugins compatible for Editor in 2.19 ms, found 4 plugins.
Preloading 0 native plugins for Editor in 0.00 ms.
Unloading 16 Unused Serialized files (Serialized files now loaded: 0)
Unloading 6937 unused Assets / (5.4 MB). Loaded Objects now: 7914.
Memory consumption went from 162.8 MB to 157.4 MB.
Total: 39.493900 ms (FindLiveObjects: 1.509400 ms CreateObjectMapping: 0.668700 ms MarkObjects: 31.353600 ms  DeleteObjects: 5.960400 ms)

Prepare: number of updated asset objects reloaded= 0
========================================================================
Received Prepare
Refreshing native plugins compatible for Editor in 4.42 ms, found 4 plugins.
Preloading 0 native plugins for Editor in 0.00 ms.
Unloading 16 Unused Serialized files (Serialized files now loaded: 0)
Unloading 6927 unused Assets / (4.4 MB). Loaded Objects now: 7914.
Memory consumption went from 163.0 MB to 158.5 MB.
Total: 55.511900 ms (FindLiveObjects: 1.570700 ms CreateObjectMapping: 0.767400 ms MarkObjects: 48.859900 ms  DeleteObjects: 4.311600 ms)

Prepare: number of updated asset objects reloaded= 0
========================================================================
Received Prepare
Begin MonoManager ReloadAssembly
- Loaded All Assemblies, in  1.242 seconds
Refreshing native plugins compatible for Editor in 1.86 ms, found 4 plugins.
Native extension for WindowsStandalone target not found
Native extension for WebGL target not found
[Package Manager] Failed to launch server process. Reason: Unity was launched with the -noUpm command-line argument
[Package Manager] Unable to send message (not connected to server process).
[Package Manager] Cannot connect to Unity Package Manager local server
Mono: successfully reloaded assembly
- Finished resetting the current domain, in  1.694 seconds
Domain Reload Profiling: 2941ms
	BeginReloadAssembly (378ms)
		ExecutionOrderSort (0ms)
		DisableScriptedObjects (24ms)
		BackupInstance (0ms)
		ReleaseScriptingObjects (0ms)
		CreateAndSetChildDomain (116ms)
	RebuildCommonClasses (55ms)
	RebuildNativeTypeToScriptingClass (17ms)
	initialDomainReloadingComplete (42ms)
	LoadAllAssembliesAndSetupDomain (753ms)
		LoadAssemblies (642ms)
		RebuildTransferFunctionScriptingTraits (0ms)
		AnalyzeDomain (283ms)
			TypeCache.Refresh (17ms)
				TypeCache.ScanAssembly (1ms)
			BuildScriptInfoCaches (245ms)
			ResolveRequiredComponents (15ms)
	FinalizeReload (1695ms)
		ReleaseScriptCaches (0ms)
		RebuildScriptCaches (0ms)
		SetupLoadedEditorAssemblies (1469ms)
			LogAssemblyErrors (0ms)
			InitializePlatformSupportModulesInManaged (4ms)
			SetLoadedEditorAssemblies (11ms)
			BeforeProcessingInitializeOnLoad (315ms)
			ProcessInitializeOnLoadAttributes (972ms)
			ProcessInitializeOnLoadMethodAttributes (165ms)
			AfterProcessingInitializeOnLoad (3ms)
			EditorAssembliesLoaded (0ms)
		ExecutionOrderSort2 (0ms)
		AwakeInstancesAfterBackupRestoration (17ms)
Refreshing native plugins compatible for Editor in 2.09 ms, found 4 plugins.
Preloading 0 native plugins for Editor in 0.00 ms.
Unloading 16 Unused Serialized files (Serialized files now loaded: 0)
Unloading 6937 unused Assets / (4.5 MB). Loaded Objects now: 7917.
Memory consumption went from 162.8 MB to 158.3 MB.
Total: 30.727300 ms (FindLiveObjects: 2.680300 ms CreateObjectMapping: 1.418100 ms MarkObjects: 23.950400 ms  DeleteObjects: 2.676700 ms)

Prepare: number of updated asset objects reloaded= 0
========================================================================
Received Prepare
Refreshing native plugins compatible for Editor in 2.27 ms, found 4 plugins.
Preloading 0 native plugins for Editor in 0.00 ms.
Unloading 16 Unused Serialized files (Serialized files now loaded: 0)
Unloading 6927 unused Assets / (4.5 MB). Loaded Objects now: 7917.
Memory consumption went from 163.0 MB to 158.5 MB.
Total: 31.794900 ms (FindLiveObjects: 1.236400 ms CreateObjectMapping: 0.409300 ms MarkObjects: 26.916100 ms  DeleteObjects: 3.231200 ms)

Prepare: number of updated asset objects reloaded= 0
========================================================================
Received Prepare
Refreshing native plugins compatible for Editor in 2.78 ms, found 4 plugins.
Preloading 0 native plugins for Editor in 0.00 ms.
Unloading 16 Unused Serialized files (Serialized files now loaded: 0)
Unloading 6927 unused Assets / (4.6 MB). Loaded Objects now: 7917.
Memory consumption went from 163.0 MB to 158.4 MB.
Total: 37.053900 ms (FindLiveObjects: 1.215100 ms CreateObjectMapping: 3.466100 ms MarkObjects: 27.572700 ms  DeleteObjects: 4.798300 ms)

Prepare: number of updated asset objects reloaded= 0
========================================================================
Received Prepare
Refreshing native plugins compatible for Editor in 2.64 ms, found 4 plugins.
Preloading 0 native plugins for Editor in 0.00 ms.
Unloading 16 Unused Serialized files (Serialized files now loaded: 0)
Unloading 6927 unused Assets / (4.4 MB). Loaded Objects now: 7917.
Memory consumption went from 163.0 MB to 158.6 MB.
Total: 37.384500 ms (FindLiveObjects: 1.659000 ms CreateObjectMapping: 0.892600 ms MarkObjects: 31.343800 ms  DeleteObjects: 3.487100 ms)

Prepare: number of updated asset objects reloaded= 0
========================================================================
Received Prepare
Begin MonoManager ReloadAssembly
[Licensing::Client] Successfully resolved entitlement details
- Loaded All Assemblies, in  1.293 seconds
Refreshing native plugins compatible for Editor in 2.11 ms, found 4 plugins.
Native extension for WindowsStandalone target not found
Native extension for WebGL target not found
[Package Manager] Failed to launch server process. Reason: Unity was launched with the -noUpm command-line argument
[Package Manager] Unable to send message (not connected to server process).
[Package Manager] Cannot connect to Unity Package Manager local server
Mono: successfully reloaded assembly
- Finished resetting the current domain, in  1.688 seconds
Domain Reload Profiling: 2980ms
	BeginReloadAssembly (358ms)
		ExecutionOrderSort (0ms)
		DisableScriptedObjects (18ms)
		BackupInstance (0ms)
		ReleaseScriptingObjects (0ms)
		CreateAndSetChildDomain (92ms)
	RebuildCommonClasses (64ms)
	RebuildNativeTypeToScriptingClass (17ms)
	initialDomainReloadingComplete (40ms)
	LoadAllAssembliesAndSetupDomain (811ms)
		LoadAssemblies (693ms)
		RebuildTransferFunctionScriptingTraits (0ms)
		AnalyzeDomain (297ms)
			TypeCache.Refresh (17ms)
				TypeCache.ScanAssembly (1ms)
			BuildScriptInfoCaches (261ms)
			ResolveRequiredComponents (13ms)
	FinalizeReload (1688ms)
		ReleaseScriptCaches (0ms)
		RebuildScriptCaches (0ms)
		SetupLoadedEditorAssemblies (1452ms)
			LogAssemblyErrors (0ms)
			InitializePlatformSupportModulesInManaged (3ms)
			SetLoadedEditorAssemblies (7ms)
			BeforeProcessingInitializeOnLoad (314ms)
			ProcessInitializeOnLoadAttributes (976ms)
			ProcessInitializeOnLoadMethodAttributes (146ms)
			AfterProcessingInitializeOnLoad (4ms)
			EditorAssembliesLoaded (1ms)
		ExecutionOrderSort2 (0ms)
		AwakeInstancesAfterBackupRestoration (21ms)
Refreshing native plugins compatible for Editor in 2.21 ms, found 4 plugins.
Preloading 0 native plugins for Editor in 0.00 ms.
Unloading 16 Unused Serialized files (Serialized files now loaded: 0)
Unloading 6937 unused Assets / (4.4 MB). Loaded Objects now: 7920.
Memory consumption went from 162.9 MB to 158.5 MB.
Total: 31.494900 ms (FindLiveObjects: 1.436900 ms CreateObjectMapping: 1.269500 ms MarkObjects: 25.943800 ms  DeleteObjects: 2.842800 ms)

Prepare: number of updated asset objects reloaded= 0
========================================================================
Received Prepare
Refreshing native plugins compatible for Editor in 2.70 ms, found 4 plugins.
Preloading 0 native plugins for Editor in 0.00 ms.
Unloading 16 Unused Serialized files (Serialized files now loaded: 0)
Unloading 6927 unused Assets / (4.6 MB). Loaded Objects now: 7920.
Memory consumption went from 163.0 MB to 158.5 MB.
Total: 42.342700 ms (FindLiveObjects: 2.933600 ms CreateObjectMapping: 1.196600 ms MarkObjects: 31.396500 ms  DeleteObjects: 6.813600 ms)

Prepare: number of updated asset objects reloaded= 0
========================================================================
Received Prepare
Refreshing native plugins compatible for Editor in 2.64 ms, found 4 plugins.
Preloading 0 native plugins for Editor in 0.00 ms.
Unloading 16 Unused Serialized files (Serialized files now loaded: 0)
Unloading 6927 unused Assets / (4.5 MB). Loaded Objects now: 7920.
Memory consumption went from 163.0 MB to 158.5 MB.
Total: 36.912500 ms (FindLiveObjects: 1.391400 ms CreateObjectMapping: 0.444000 ms MarkObjects: 30.641000 ms  DeleteObjects: 4.433400 ms)

Prepare: number of updated asset objects reloaded= 0
========================================================================
Received Prepare
Refreshing native plugins compatible for Editor in 3.43 ms, found 4 plugins.
Preloading 0 native plugins for Editor in 0.00 ms.
Unloading 16 Unused Serialized files (Serialized files now loaded: 0)
Unloading 6927 unused Assets / (3.1 MB). Loaded Objects now: 7920.
Memory consumption went from 163.0 MB to 160.0 MB.
Total: 57.219400 ms (FindLiveObjects: 1.546700 ms CreateObjectMapping: 1.320700 ms MarkObjects: 35.125000 ms  DeleteObjects: 19.224600 ms)

Prepare: number of updated asset objects reloaded= 0
========================================================================
Received Prepare
Refreshing native plugins compatible for Editor in 2.71 ms, found 4 plugins.
Preloading 0 native plugins for Editor in 0.00 ms.
Unloading 16 Unused Serialized files (Serialized files now loaded: 0)
Unloading 6927 unused Assets / (5.3 MB). Loaded Objects now: 7920.
Memory consumption went from 163.0 MB to 157.7 MB.
Total: 34.448800 ms (FindLiveObjects: 1.262000 ms CreateObjectMapping: 0.452600 ms MarkObjects: 27.666100 ms  DeleteObjects: 5.065500 ms)

Prepare: number of updated asset objects reloaded= 0
========================================================================
Received Prepare
Refreshing native plugins compatible for Editor in 2.32 ms, found 4 plugins.
Preloading 0 native plugins for Editor in 0.00 ms.
Unloading 16 Unused Serialized files (Serialized files now loaded: 0)
Unloading 6927 unused Assets / (1.9 MB). Loaded Objects now: 7920.
Memory consumption went from 163.0 MB to 161.1 MB.
Total: 38.104300 ms (FindLiveObjects: 1.321400 ms CreateObjectMapping: 0.492900 ms MarkObjects: 29.466500 ms  DeleteObjects: 6.821400 ms)

Prepare: number of updated asset objects reloaded= 0
========================================================================
Received Prepare
Begin MonoManager ReloadAssembly
[Licensing::Client] Successfully resolved entitlement details
- Loaded All Assemblies, in  1.305 seconds
Refreshing native plugins compatible for Editor in 2.27 ms, found 4 plugins.
Native extension for WindowsStandalone target not found
Native extension for WebGL target not found
[Package Manager] Failed to launch server process. Reason: Unity was launched with the -noUpm command-line argument
[Package Manager] Unable to send message (not connected to server process).
[Package Manager] Cannot connect to Unity Package Manager local server
Mono: successfully reloaded assembly
- Finished resetting the current domain, in  2.126 seconds
Domain Reload Profiling: 3439ms
	BeginReloadAssembly (365ms)
		ExecutionOrderSort (0ms)
		DisableScriptedObjects (21ms)
		BackupInstance (0ms)
		ReleaseScriptingObjects (0ms)
		CreateAndSetChildDomain (89ms)
	RebuildCommonClasses (51ms)
	RebuildNativeTypeToScriptingClass (18ms)
	initialDomainReloadingComplete (36ms)
	LoadAllAssembliesAndSetupDomain (842ms)
		LoadAssemblies (688ms)
		RebuildTransferFunctionScriptingTraits (0ms)
		AnalyzeDomain (331ms)
			TypeCache.Refresh (18ms)
				TypeCache.ScanAssembly (1ms)
			BuildScriptInfoCaches (289ms)
			ResolveRequiredComponents (16ms)
	FinalizeReload (2126ms)
		ReleaseScriptCaches (0ms)
		RebuildScriptCaches (0ms)
		SetupLoadedEditorAssemblies (1892ms)
			LogAssemblyErrors (0ms)
			InitializePlatformSupportModulesInManaged (2ms)
			SetLoadedEditorAssemblies (9ms)
			BeforeProcessingInitializeOnLoad (360ms)
			ProcessInitializeOnLoadAttributes (1314ms)
			ProcessInitializeOnLoadMethodAttributes (202ms)
			AfterProcessingInitializeOnLoad (3ms)
			EditorAssembliesLoaded (1ms)
		ExecutionOrderSort2 (0ms)
		AwakeInstancesAfterBackupRestoration (23ms)
Refreshing native plugins compatible for Editor in 2.45 ms, found 4 plugins.
Preloading 0 native plugins for Editor in 0.00 ms.
Unloading 16 Unused Serialized files (Serialized files now loaded: 0)
Unloading 6937 unused Assets / (3.3 MB). Loaded Objects now: 7923.
Memory consumption went from 162.9 MB to 159.6 MB.
Total: 34.030200 ms (FindLiveObjects: 1.211100 ms CreateObjectMapping: 0.426900 ms MarkObjects: 29.616300 ms  DeleteObjects: 2.774100 ms)

Prepare: number of updated asset objects reloaded= 0
========================================================================
Received Prepare
Refreshing native plugins compatible for Editor in 3.14 ms, found 4 plugins.
Preloading 0 native plugins for Editor in 0.00 ms.
Unloading 16 Unused Serialized files (Serialized files now loaded: 0)
Unloading 6927 unused Assets / (3.8 MB). Loaded Objects now: 7923.
Memory consumption went from 163.1 MB to 159.2 MB.
Total: 35.314300 ms (FindLiveObjects: 1.323400 ms CreateObjectMapping: 0.570700 ms MarkObjects: 30.747600 ms  DeleteObjects: 2.671000 ms)

Prepare: number of updated asset objects reloaded= 0
========================================================================
Received Prepare
Begin MonoManager ReloadAssembly
- Loaded All Assemblies, in  1.230 seconds
Refreshing native plugins compatible for Editor in 4.51 ms, found 4 plugins.
Native extension for WindowsStandalone target not found
Native extension for WebGL target not found
[Package Manager] Failed to launch server process. Reason: Unity was launched with the -noUpm command-line argument
[Package Manager] Unable to send message (not connected to server process).
[Package Manager] Cannot connect to Unity Package Manager local server
Mono: successfully reloaded assembly
- Finished resetting the current domain, in  1.654 seconds
Domain Reload Profiling: 2887ms
	BeginReloadAssembly (353ms)
		ExecutionOrderSort (0ms)
		DisableScriptedObjects (23ms)
		BackupInstance (0ms)
		ReleaseScriptingObjects (0ms)
		CreateAndSetChildDomain (83ms)
	RebuildCommonClasses (49ms)
	RebuildNativeTypeToScriptingClass (20ms)
	initialDomainReloadingComplete (41ms)
	LoadAllAssembliesAndSetupDomain (769ms)
		LoadAssemblies (655ms)
		RebuildTransferFunctionScriptingTraits (0ms)
		AnalyzeDomain (299ms)
			TypeCache.Refresh (15ms)
				TypeCache.ScanAssembly (2ms)
			BuildScriptInfoCaches (259ms)
			ResolveRequiredComponents (16ms)
	FinalizeReload (1655ms)
		ReleaseScriptCaches (0ms)
		RebuildScriptCaches (0ms)
		SetupLoadedEditorAssemblies (1454ms)
			LogAssemblyErrors (0ms)
			InitializePlatformSupportModulesInManaged (3ms)
			SetLoadedEditorAssemblies (7ms)
			BeforeProcessingInitializeOnLoad (294ms)
			ProcessInitializeOnLoadAttributes (1030ms)
			ProcessInitializeOnLoadMethodAttributes (115ms)
			AfterProcessingInitializeOnLoad (3ms)
			EditorAssembliesLoaded (1ms)
		ExecutionOrderSort2 (0ms)
		AwakeInstancesAfterBackupRestoration (18ms)
Refreshing native plugins compatible for Editor in 2.38 ms, found 4 plugins.
Preloading 0 native plugins for Editor in 0.00 ms.
Unloading 16 Unused Serialized files (Serialized files now loaded: 0)
Unloading 6937 unused Assets / (4.4 MB). Loaded Objects now: 7926.
Memory consumption went from 163.0 MB to 158.6 MB.
Total: 33.027800 ms (FindLiveObjects: 1.139300 ms CreateObjectMapping: 0.437200 ms MarkObjects: 28.786000 ms  DeleteObjects: 2.663800 ms)

Prepare: number of updated asset objects reloaded= 0
========================================================================
Received Prepare
Begin MonoManager ReloadAssembly
- Loaded All Assemblies, in  1.186 seconds
Refreshing native plugins compatible for Editor in 2.80 ms, found 4 plugins.
Native extension for WindowsStandalone target not found
Native extension for WebGL target not found
[Package Manager] Failed to launch server process. Reason: Unity was launched with the -noUpm command-line argument
[Package Manager] Unable to send message (not connected to server process).
[Package Manager] Cannot connect to Unity Package Manager local server
Mono: successfully reloaded assembly
- Finished resetting the current domain, in  1.613 seconds
Domain Reload Profiling: 2803ms
	BeginReloadAssembly (341ms)
		ExecutionOrderSort (0ms)
		DisableScriptedObjects (19ms)
		BackupInstance (0ms)
		ReleaseScriptingObjects (1ms)
		CreateAndSetChildDomain (79ms)
	RebuildCommonClasses (48ms)
	RebuildNativeTypeToScriptingClass (16ms)
	initialDomainReloadingComplete (36ms)
	LoadAllAssembliesAndSetupDomain (748ms)
		LoadAssemblies (648ms)
		RebuildTransferFunctionScriptingTraits (0ms)
		AnalyzeDomain (277ms)
			TypeCache.Refresh (15ms)
				TypeCache.ScanAssembly (1ms)
			BuildScriptInfoCaches (239ms)
			ResolveRequiredComponents (15ms)
	FinalizeReload (1613ms)
		ReleaseScriptCaches (0ms)
		RebuildScriptCaches (0ms)
		SetupLoadedEditorAssemblies (1413ms)
			LogAssemblyErrors (0ms)
			InitializePlatformSupportModulesInManaged (3ms)
			SetLoadedEditorAssemblies (8ms)
			BeforeProcessingInitializeOnLoad (305ms)
			ProcessInitializeOnLoadAttributes (941ms)
			ProcessInitializeOnLoadMethodAttributes (152ms)
			AfterProcessingInitializeOnLoad (2ms)
			EditorAssembliesLoaded (0ms)
		ExecutionOrderSort2 (0ms)
		AwakeInstancesAfterBackupRestoration (17ms)
Refreshing native plugins compatible for Editor in 3.84 ms, found 4 plugins.
Preloading 0 native plugins for Editor in 0.00 ms.
Unloading 16 Unused Serialized files (Serialized files now loaded: 0)
Unloading 6937 unused Assets / (4.6 MB). Loaded Objects now: 7929.
Memory consumption went from 163.0 MB to 158.4 MB.
Total: 31.068100 ms (FindLiveObjects: 1.244200 ms CreateObjectMapping: 0.431100 ms MarkObjects: 25.287100 ms  DeleteObjects: 4.104000 ms)

Prepare: number of updated asset objects reloaded= 0
========================================================================
Received Import Request.
  Time since last request: 315.697425 seconds.
  path: Assets/Scripts/Quest/Objectives/WaitObjective.cs
  artifactKey: Guid(26dcecf82fbc50342bc68e616910e2dd) Importer(815301076,1909f56bfc062723c751e8b465ee728b)
Start importing Assets/Scripts/Quest/Objectives/WaitObjective.cs using Guid(26dcecf82fbc50342bc68e616910e2dd) Importer(815301076,1909f56bfc062723c751e8b465ee728b) (PreviewImporter) -> (artifact id: 'f516fd7cedb6790b27038430c51af272') in 0.144323 seconds
Number of updated asset objects reloaded before import = 0Number of asset objects unloaded after import = 0

========================================================================
Received Import Request.
  Time since last request: 43.529009 seconds.
  path: Assets/Scripts/Quest/Objectives/WaitObjective.cs
  artifactKey: Guid(26dcecf82fbc50342bc68e616910e2dd) Importer(2089858483,b0f066a214c2f5e87bad3c948f4d605d)
Start importing Assets/Scripts/Quest/Objectives/WaitObjective.cs using Guid(26dcecf82fbc50342bc68e616910e2dd) Importer(2089858483,b0f066a214c2f5e87bad3c948f4d605d) (ScriptedImporter) -> (artifact id: '3dad3b91d043ee9c99f286234052d653') in 0.0774558 seconds
Number of updated asset objects reloaded before import = 0Number of asset objects unloaded after import = 0

========================================================================
Received Import Request.
  Time since last request: 4.260426 seconds.
  path: Assets/ScriptablesObjects/Quests/00_Test/09_Wait.asset
  artifactKey: Guid(5bff294f2f7059b4f953b4de00b94d2b) Importer(815301076,1909f56bfc062723c751e8b465ee728b)
Start importing Assets/ScriptablesObjects/Quests/00_Test/09_Wait.asset using Guid(5bff294f2f7059b4f953b4de00b94d2b) Importer(815301076,1909f56bfc062723c751e8b465ee728b) (PreviewImporter) -> (artifact id: 'ea96c155c26da685254705716e192b59') in 0.0194574 seconds
Number of updated asset objects reloaded before import = 0Number of asset objects unloaded after import = 1

========================================================================
Received Import Request.
  Time since last request: 0.912711 seconds.
  path: Assets/ScriptablesObjects/Quests/00_Test/09_Wait.asset
  artifactKey: Guid(5bff294f2f7059b4f953b4de00b94d2b) Importer(2089858483,b0f066a214c2f5e87bad3c948f4d605d)
Start importing Assets/ScriptablesObjects/Quests/00_Test/09_Wait.asset using Guid(5bff294f2f7059b4f953b4de00b94d2b) Importer(2089858483,b0f066a214c2f5e87bad3c948f4d605d) (ScriptedImporter) -> (artifact id: 'ecebd5c71adb1a8b60ac446beb0185a5') in 0.0227868 seconds
Number of updated asset objects reloaded before import = 0Number of asset objects unloaded after import = 1

========================================================================
Received Import Request.
  Time since last request: 7.977229 seconds.
  path: Assets/ScriptablesObjects/Quests/00_Test/09_RegisExclamation.asset
  artifactKey: Guid(72b98c646bb27bf44afae16242629191) Importer(815301076,1909f56bfc062723c751e8b465ee728b)
Start importing Assets/ScriptablesObjects/Quests/00_Test/09_RegisExclamation.asset using Guid(72b98c646bb27bf44afae16242629191) Importer(815301076,1909f56bfc062723c751e8b465ee728b) (PreviewImporter) -> (artifact id: '57f330f8f12fa0de2b9933aeae58a478') in 0.0024867 seconds
Number of updated asset objects reloaded before import = 0Number of asset objects unloaded after import = 1

========================================================================
Received Import Request.
  Time since last request: 0.875305 seconds.
  path: Assets/ScriptablesObjects/Quests/00_Test/09_RegisExclamation.asset
  artifactKey: Guid(72b98c646bb27bf44afae16242629191) Importer(2089858483,b0f066a214c2f5e87bad3c948f4d605d)
Start importing Assets/ScriptablesObjects/Quests/00_Test/09_RegisExclamation.asset using Guid(72b98c646bb27bf44afae16242629191) Importer(2089858483,b0f066a214c2f5e87bad3c948f4d605d) (ScriptedImporter) -> (artifact id: '2b63e97f5b481de6f812f01650679e10') in 0.0238447 seconds
Number of updated asset objects reloaded before import = 0Number of asset objects unloaded after import = 1

========================================================================
Received Import Request.
  Time since last request: 1.640219 seconds.
  path: Assets/ScriptablesObjects/Quests/00_Test/08_Wait.asset
  artifactKey: Guid(5bff294f2f7059b4f953b4de00b94d2b) Importer(815301076,1909f56bfc062723c751e8b465ee728b)
Start importing Assets/ScriptablesObjects/Quests/00_Test/08_Wait.asset using Guid(5bff294f2f7059b4f953b4de00b94d2b) Importer(815301076,1909f56bfc062723c751e8b465ee728b) (PreviewImporter) -> (artifact id: 'bb02a7376e5242099c3d7e9c7c6d43e8') in 0.001827 seconds
Number of updated asset objects reloaded before import = 0Number of asset objects unloaded after import = 1

========================================================================
Received Import Request.
  Time since last request: 0.876526 seconds.
  path: Assets/ScriptablesObjects/Quests/00_Test/08_Wait.asset
  artifactKey: Guid(5bff294f2f7059b4f953b4de00b94d2b) Importer(2089858483,b0f066a214c2f5e87bad3c948f4d605d)
Start importing Assets/ScriptablesObjects/Quests/00_Test/08_Wait.asset using Guid(5bff294f2f7059b4f953b4de00b94d2b) Importer(2089858483,b0f066a214c2f5e87bad3c948f4d605d) (ScriptedImporter) -> (artifact id: '40beecabd13106321f7cb4bed613730a') in 0.0064837 seconds
Number of updated asset objects reloaded before import = 0Number of asset objects unloaded after import = 1

========================================================================
Received Import Request.
  Time since last request: 6.069377 seconds.
  path: Assets/ScriptablesObjects/Quests/00_Test/08_Wait.asset
  artifactKey: Guid(5bff294f2f7059b4f953b4de00b94d2b) Importer(815301076,1909f56bfc062723c751e8b465ee728b)
Start importing Assets/ScriptablesObjects/Quests/00_Test/08_Wait.asset using Guid(5bff294f2f7059b4f953b4de00b94d2b) Importer(815301076,1909f56bfc062723c751e8b465ee728b) (PreviewImporter) -> (artifact id: 'e1edd0bb24f6e460c0592916274a563f') in 0.0012903 seconds
Number of updated asset objects reloaded before import = 0Number of asset objects unloaded after import = 1

========================================================================
Received Import Request.
  Time since last request: 0.886399 seconds.
  path: Assets/ScriptablesObjects/Quests/00_Test/08_Wait.asset
  artifactKey: Guid(5bff294f2f7059b4f953b4de00b94d2b) Importer(2089858483,b0f066a214c2f5e87bad3c948f4d605d)
Start importing Assets/ScriptablesObjects/Quests/00_Test/08_Wait.asset using Guid(5bff294f2f7059b4f953b4de00b94d2b) Importer(2089858483,b0f066a214c2f5e87bad3c948f4d605d) (ScriptedImporter) -> (artifact id: '06a43885061db9267759238a590c0da5') in 0.0067806 seconds
Number of updated asset objects reloaded before import = 0Number of asset objects unloaded after import = 1

========================================================================
Received Import Request.
  Time since last request: 3.718791 seconds.
  path: Assets/ScriptablesObjects/Quests/00_Test/00_TestQuest.asset
  artifactKey: Guid(ccad300bf70271740b8b94c7cdfb8ce1) Importer(815301076,1909f56bfc062723c751e8b465ee728b)
Start importing Assets/ScriptablesObjects/Quests/00_Test/00_TestQuest.asset using Guid(ccad300bf70271740b8b94c7cdfb8ce1) Importer(815301076,1909f56bfc062723c751e8b465ee728b) (PreviewImporter) -> (artifact id: 'a07482182fa0add69cdec7580c2a9486') in 0.0036425 seconds
Number of updated asset objects reloaded before import = 0Number of asset objects unloaded after import = 9

========================================================================
Received Import Request.
  Time since last request: 7.325965 seconds.
  path: Assets/ScriptablesObjects/Quests/00_Test/00_TestQuest.asset
  artifactKey: Guid(ccad300bf70271740b8b94c7cdfb8ce1) Importer(815301076,1909f56bfc062723c751e8b465ee728b)
Start importing Assets/ScriptablesObjects/Quests/00_Test/00_TestQuest.asset using Guid(ccad300bf70271740b8b94c7cdfb8ce1) Importer(815301076,1909f56bfc062723c751e8b465ee728b) (PreviewImporter) -> (artifact id: '3d34ac7adc318e7fedfdc9052717d323') in 0.0031259 seconds
Number of updated asset objects reloaded before import = 0Number of asset objects unloaded after import = 10

========================================================================
Received Import Request.
  Time since last request: 0.888608 seconds.
  path: Assets/ScriptablesObjects/Quests/00_Test/00_TestQuest.asset
  artifactKey: Guid(ccad300bf70271740b8b94c7cdfb8ce1) Importer(2089858483,b0f066a214c2f5e87bad3c948f4d605d)
Start importing Assets/ScriptablesObjects/Quests/00_Test/00_TestQuest.asset using Guid(ccad300bf70271740b8b94c7cdfb8ce1) Importer(2089858483,b0f066a214c2f5e87bad3c948f4d605d) (ScriptedImporter) -> (artifact id: '740ef4c99a8d7d7758cc96a9c46c7198') in 0.0121749 seconds
Number of updated asset objects reloaded before import = 0Number of asset objects unloaded after import = 10

========================================================================
Received Import Request.
  Time since last request: 2.095272 seconds.
  path: Assets/ScriptablesObjects/Quests/00_Test/00_TestQuest.asset
  artifactKey: Guid(ccad300bf70271740b8b94c7cdfb8ce1) Importer(815301076,1909f56bfc062723c751e8b465ee728b)
Start importing Assets/ScriptablesObjects/Quests/00_Test/00_TestQuest.asset using Guid(ccad300bf70271740b8b94c7cdfb8ce1) Importer(815301076,1909f56bfc062723c751e8b465ee728b) (PreviewImporter) -> (artifact id: '3aff525c9ffed4babf26ea3650b27dbb') in 0.0031681 seconds
Number of updated asset objects reloaded before import = 0Number of asset objects unloaded after import = 10

========================================================================
Received Import Request.
  Time since last request: 0.933558 seconds.
  path: Assets/ScriptablesObjects/Quests/00_Test/00_TestQuest.asset
  artifactKey: Guid(ccad300bf70271740b8b94c7cdfb8ce1) Importer(2089858483,b0f066a214c2f5e87bad3c948f4d605d)
Start importing Assets/ScriptablesObjects/Quests/00_Test/00_TestQuest.asset using Guid(ccad300bf70271740b8b94c7cdfb8ce1) Importer(2089858483,b0f066a214c2f5e87bad3c948f4d605d) (ScriptedImporter) -> (artifact id: '07ef2bb48d88b6b8f1be49ac48488c7c') in 0.0098489 seconds
Number of updated asset objects reloaded before import = 0Number of asset objects unloaded after import = 10

========================================================================
Received Import Request.
  Time since last request: 23.578013 seconds.
  path: Assets/ScriptablesObjects/Quests/00_Test/03_MoveRegis 1.asset
  artifactKey: Guid(970ebee82ef981c4eb4912b543626259) Importer(815301076,1909f56bfc062723c751e8b465ee728b)
Start importing Assets/ScriptablesObjects/Quests/00_Test/03_MoveRegis 1.asset using Guid(970ebee82ef981c4eb4912b543626259) Importer(815301076,1909f56bfc062723c751e8b465ee728b) (PreviewImporter) -> (artifact id: 'cc8d29892898b0790c46ff51ecfa9a62') in 0.0021896 seconds
Number of updated asset objects reloaded before import = 0Number of asset objects unloaded after import = 1

========================================================================
Received Import Request.
  Time since last request: 0.859873 seconds.
  path: Assets/ScriptablesObjects/Quests/00_Test/03_MoveRegis 1.asset
  artifactKey: Guid(970ebee82ef981c4eb4912b543626259) Importer(2089858483,b0f066a214c2f5e87bad3c948f4d605d)
Start importing Assets/ScriptablesObjects/Quests/00_Test/03_MoveRegis 1.asset using Guid(970ebee82ef981c4eb4912b543626259) Importer(2089858483,b0f066a214c2f5e87bad3c948f4d605d) (ScriptedImporter) -> (artifact id: '3f2263f36a83052e226802b95cbf0e5b') in 0.0125818 seconds
Number of updated asset objects reloaded before import = 0Number of asset objects unloaded after import = 1

========================================================================
Received Import Request.
  Time since last request: 4.769707 seconds.
  path: Assets/ScriptablesObjects/Quests/00_Test/10_MoveRegis.asset
  artifactKey: Guid(970ebee82ef981c4eb4912b543626259) Importer(815301076,1909f56bfc062723c751e8b465ee728b)
Start importing Assets/ScriptablesObjects/Quests/00_Test/10_MoveRegis.asset using Guid(970ebee82ef981c4eb4912b543626259) Importer(815301076,1909f56bfc062723c751e8b465ee728b) (PreviewImporter) -> (artifact id: 'cf123cf95e6fff81163f1075d1864ae0') in 0.0016111 seconds
Number of updated asset objects reloaded before import = 0Number of asset objects unloaded after import = 1

========================================================================
Received Import Request.
  Time since last request: 0.880586 seconds.
  path: Assets/ScriptablesObjects/Quests/00_Test/10_MoveRegis.asset
  artifactKey: Guid(970ebee82ef981c4eb4912b543626259) Importer(2089858483,b0f066a214c2f5e87bad3c948f4d605d)
Start importing Assets/ScriptablesObjects/Quests/00_Test/10_MoveRegis.asset using Guid(970ebee82ef981c4eb4912b543626259) Importer(2089858483,b0f066a214c2f5e87bad3c948f4d605d) (ScriptedImporter) -> (artifact id: '085a4023f699f54822dcbd08d2edca9d') in 0.0081093 seconds
Number of updated asset objects reloaded before import = 0Number of asset objects unloaded after import = 1

========================================================================
Received Import Request.
  Time since last request: 9.928404 seconds.
  path: Assets/Instanciables/Maps/TestTown/House01.prefab
  artifactKey: Guid(b6fe6f7d6b97e2344ba85e102d5f5e7b) Importer(815301076,1909f56bfc062723c751e8b465ee728b)
Start importing Assets/Instanciables/Maps/TestTown/House01.prefab using Guid(b6fe6f7d6b97e2344ba85e102d5f5e7b) Importer(815301076,1909f56bfc062723c751e8b465ee728b) (PreviewImporter) -> (artifact id: '721f8b2602d81b7e89fb82fe267171b9') in 0.5155301 seconds
Number of updated asset objects reloaded before import = 0Number of asset objects unloaded after import = 372

========================================================================
Received Import Request.
  Time since last request: 51.329951 seconds.
  path: Assets/ScriptablesObjects/Quests/00_Test/02_Dialogue 1.asset
  artifactKey: Guid(6c471a1f89bd6f840b29bbdd96b5605d) Importer(815301076,1909f56bfc062723c751e8b465ee728b)
Start importing Assets/ScriptablesObjects/Quests/00_Test/02_Dialogue 1.asset using Guid(6c471a1f89bd6f840b29bbdd96b5605d) Importer(815301076,1909f56bfc062723c751e8b465ee728b) (PreviewImporter) -> (artifact id: 'ed228f34e85ffe2edec8fe48cd863c83') in 0.0017547 seconds
Number of updated asset objects reloaded before import = 0Number of asset objects unloaded after import = 1

========================================================================
Received Import Request.
  Time since last request: 0.854705 seconds.
  path: Assets/ScriptablesObjects/Quests/00_Test/10_MoveRegis.asset
  artifactKey: Guid(970ebee82ef981c4eb4912b543626259) Importer(2089858483,b0f066a214c2f5e87bad3c948f4d605d)
Start importing Assets/ScriptablesObjects/Quests/00_Test/10_MoveRegis.asset using Guid(970ebee82ef981c4eb4912b543626259) Importer(2089858483,b0f066a214c2f5e87bad3c948f4d605d) (ScriptedImporter) -> (artifact id: '7e306cd187a090119d88753bdf1bdcc3') in 0.0093938 seconds
Number of updated asset objects reloaded before import = 0Number of asset objects unloaded after import = 1

========================================================================
Received Import Request.
  Time since last request: 5.473180 seconds.
  path: Assets/ScriptablesObjects/Quests/00_Test/11_DialogueRegis.asset
  artifactKey: Guid(6c471a1f89bd6f840b29bbdd96b5605d) Importer(815301076,1909f56bfc062723c751e8b465ee728b)
Start importing Assets/ScriptablesObjects/Quests/00_Test/11_DialogueRegis.asset using Guid(6c471a1f89bd6f840b29bbdd96b5605d) Importer(815301076,1909f56bfc062723c751e8b465ee728b) (PreviewImporter) -> (artifact id: 'ddd82909a8f70e222cbd9ccc821babee') in 0.0014967 seconds
Number of updated asset objects reloaded before import = 0Number of asset objects unloaded after import = 1

========================================================================
Received Import Request.
  Time since last request: 0.851057 seconds.
  path: Assets/ScriptablesObjects/Quests/00_Test/11_DialogueRegis.asset
  artifactKey: Guid(6c471a1f89bd6f840b29bbdd96b5605d) Importer(2089858483,b0f066a214c2f5e87bad3c948f4d605d)
Start importing Assets/ScriptablesObjects/Quests/00_Test/11_DialogueRegis.asset using Guid(6c471a1f89bd6f840b29bbdd96b5605d) Importer(2089858483,b0f066a214c2f5e87bad3c948f4d605d) (ScriptedImporter) -> (artifact id: '0ca5a4596cc3f0012e8ed2cfc4d19631') in 0.0073998 seconds
Number of updated asset objects reloaded before import = 0Number of asset objects unloaded after import = 1

========================================================================
Received Import Request.
  Time since last request: 4.066546 seconds.
  path: Assets/ScriptablesObjects/Quests/00_Test/11_DialogueRegis.asset
  artifactKey: Guid(6c471a1f89bd6f840b29bbdd96b5605d) Importer(815301076,1909f56bfc062723c751e8b465ee728b)
Start importing Assets/ScriptablesObjects/Quests/00_Test/11_DialogueRegis.asset using Guid(6c471a1f89bd6f840b29bbdd96b5605d) Importer(815301076,1909f56bfc062723c751e8b465ee728b) (PreviewImporter) -> (artifact id: 'd96b7130bafbc1b01be85d2e9dcffa0a') in 0.0013183 seconds
Number of updated asset objects reloaded before import = 0Number of asset objects unloaded after import = 1

========================================================================
Received Import Request.
  Time since last request: 0.879924 seconds.
  path: Assets/ScriptablesObjects/Quests/00_Test/11_DialogueRegis.asset
  artifactKey: Guid(6c471a1f89bd6f840b29bbdd96b5605d) Importer(2089858483,b0f066a214c2f5e87bad3c948f4d605d)
Start importing Assets/ScriptablesObjects/Quests/00_Test/11_DialogueRegis.asset using Guid(6c471a1f89bd6f840b29bbdd96b5605d) Importer(2089858483,b0f066a214c2f5e87bad3c948f4d605d) (ScriptedImporter) -> (artifact id: '68ced9dd57262864f602e3ae57016ff2') in 0.0053731 seconds
Number of updated asset objects reloaded before import = 0Number of asset objects unloaded after import = 1

========================================================================
Received Import Request.
  Time since last request: 43.148807 seconds.
  path: Assets/ScriptablesObjects/Dialogues/TestDialogue 1.asset
  artifactKey: Guid(cc53c81c25845264ebcef42f869e989e) Importer(2089858483,b0f066a214c2f5e87bad3c948f4d605d)
Start importing Assets/ScriptablesObjects/Dialogues/TestDialogue 1.asset using Guid(cc53c81c25845264ebcef42f869e989e) Importer(2089858483,b0f066a214c2f5e87bad3c948f4d605d) (ScriptedImporter) -> (artifact id: 'cd723c8da8c7c66b921525a684891d53') in 0.0079179 seconds
Number of updated asset objects reloaded before import = 0Number of asset objects unloaded after import = 1

========================================================================
Received Import Request.
  Time since last request: 0.000028 seconds.
  path: Assets/ScriptablesObjects/Dialogues/TestDialogue 1.asset
  artifactKey: Guid(cc53c81c25845264ebcef42f869e989e) Importer(815301076,1909f56bfc062723c751e8b465ee728b)
Start importing Assets/ScriptablesObjects/Dialogues/TestDialogue 1.asset using Guid(cc53c81c25845264ebcef42f869e989e) Importer(815301076,1909f56bfc062723c751e8b465ee728b) (PreviewImporter) -> (artifact id: '529abf7f87d3e9bf79548ea85c1eb027') in 0.0014426 seconds
Number of updated asset objects reloaded before import = 0Number of asset objects unloaded after import = 1

========================================================================
Received Import Request.
  Time since last request: 10.147073 seconds.
  path: Assets/ScriptablesObjects/Dialogues/TestDialogue 2.asset
  artifactKey: Guid(cc53c81c25845264ebcef42f869e989e) Importer(815301076,1909f56bfc062723c751e8b465ee728b)
Start importing Assets/ScriptablesObjects/Dialogues/TestDialogue 2.asset using Guid(cc53c81c25845264ebcef42f869e989e) Importer(815301076,1909f56bfc062723c751e8b465ee728b) (PreviewImporter) -> (artifact id: 'f96f1fcea138f88ff86ed9e264931b23') in 0.0024748 seconds
Number of updated asset objects reloaded before import = 0Number of asset objects unloaded after import = 1

========================================================================
Received Import Request.
  Time since last request: 0.871113 seconds.
  path: Assets/ScriptablesObjects/Dialogues/TestDialogue 2.asset
  artifactKey: Guid(cc53c81c25845264ebcef42f869e989e) Importer(2089858483,b0f066a214c2f5e87bad3c948f4d605d)
Start importing Assets/ScriptablesObjects/Dialogues/TestDialogue 2.asset using Guid(cc53c81c25845264ebcef42f869e989e) Importer(2089858483,b0f066a214c2f5e87bad3c948f4d605d) (ScriptedImporter) -> (artifact id: 'bb8325609e57a3215f836b48f338e41f') in 0.005055 seconds
Number of updated asset objects reloaded before import = 0Number of asset objects unloaded after import = 1

========================================================================
Received Import Request.
  Time since last request: 61.954239 seconds.
  path: Assets/ScriptablesObjects/Dialogues/TestDialogue 2.asset
  artifactKey: Guid(cc53c81c25845264ebcef42f869e989e) Importer(815301076,1909f56bfc062723c751e8b465ee728b)
Start importing Assets/ScriptablesObjects/Dialogues/TestDialogue 2.asset using Guid(cc53c81c25845264ebcef42f869e989e) Importer(815301076,1909f56bfc062723c751e8b465ee728b) (PreviewImporter) -> (artifact id: '201c315f5d61348b64fe10142a3be099') in 0.0014656 seconds
Number of updated asset objects reloaded before import = 0Number of asset objects unloaded after import = 1

========================================================================
Received Import Request.
  Time since last request: 0.690259 seconds.
  path: Assets/ScriptablesObjects/Dialogues/TestDialogue 3.asset
  artifactKey: Guid(910a6c7bcf5845647aaae671201360eb) Importer(815301076,1909f56bfc062723c751e8b465ee728b)
Start importing Assets/ScriptablesObjects/Dialogues/TestDialogue 3.asset using Guid(910a6c7bcf5845647aaae671201360eb) Importer(815301076,1909f56bfc062723c751e8b465ee728b) (PreviewImporter) -> (artifact id: '9ed554cf7b12aa7d86984b2fd1cd99df') in 0.0015894 seconds
Number of updated asset objects reloaded before import = 0Number of asset objects unloaded after import = 1

========================================================================
Received Import Request.
  Time since last request: 0.122575 seconds.
  path: Assets/ScriptablesObjects/Dialogues/TestDialogue 2.asset
  artifactKey: Guid(cc53c81c25845264ebcef42f869e989e) Importer(2089858483,b0f066a214c2f5e87bad3c948f4d605d)
Start importing Assets/ScriptablesObjects/Dialogues/TestDialogue 2.asset using Guid(cc53c81c25845264ebcef42f869e989e) Importer(2089858483,b0f066a214c2f5e87bad3c948f4d605d) (ScriptedImporter) -> (artifact id: 'ccc8ecd3332c177fc0e41317353d5da0') in 0.0058821 seconds
Number of updated asset objects reloaded before import = 0Number of asset objects unloaded after import = 1

========================================================================
Received Import Request.
  Time since last request: 56.165354 seconds.
  path: Assets/ScriptablesObjects/Dialogues/TestDialogue 3.asset
  artifactKey: Guid(910a6c7bcf5845647aaae671201360eb) Importer(815301076,1909f56bfc062723c751e8b465ee728b)
Start importing Assets/ScriptablesObjects/Dialogues/TestDialogue 3.asset using Guid(910a6c7bcf5845647aaae671201360eb) Importer(815301076,1909f56bfc062723c751e8b465ee728b) (PreviewImporter) -> (artifact id: '2b329e75b070a6b3515fddc1b4466bf2') in 0.0013902 seconds
Number of updated asset objects reloaded before import = 0Number of asset objects unloaded after import = 1

========================================================================
Received Import Request.
  Time since last request: 0.886974 seconds.
  path: Assets/ScriptablesObjects/Dialogues/TestDialogue 3.asset
  artifactKey: Guid(910a6c7bcf5845647aaae671201360eb) Importer(2089858483,b0f066a214c2f5e87bad3c948f4d605d)
Start importing Assets/ScriptablesObjects/Dialogues/TestDialogue 3.asset using Guid(910a6c7bcf5845647aaae671201360eb) Importer(2089858483,b0f066a214c2f5e87bad3c948f4d605d) (ScriptedImporter) -> (artifact id: 'df292fceea427ca0b33f0d95fc98e947') in 0.005047 seconds
Number of updated asset objects reloaded before import = 0Number of asset objects unloaded after import = 1

========================================================================
Received Import Request.
  Time since last request: 1.452381 seconds.
  path: Assets/ScriptablesObjects/Dialogues/TestDialogue 4.asset
  artifactKey: Guid(e601d55f3d4e31f41ac170338146ecd7) Importer(815301076,1909f56bfc062723c751e8b465ee728b)
Start importing Assets/ScriptablesObjects/Dialogues/TestDialogue 4.asset using Guid(e601d55f3d4e31f41ac170338146ecd7) Importer(815301076,1909f56bfc062723c751e8b465ee728b) (PreviewImporter) -> (artifact id: 'ecf2c7a53f928698fe030176ea95408e') in 0.0013179 seconds
Number of updated asset objects reloaded before import = 0Number of asset objects unloaded after import = 1

========================================================================
Received Import Request.
  Time since last request: 0.096174 seconds.
  path: Assets/ScriptablesObjects/Dialogues/TestDialogue 4.asset
  artifactKey: Guid(e601d55f3d4e31f41ac170338146ecd7) Importer(2089858483,b0f066a214c2f5e87bad3c948f4d605d)
Start importing Assets/ScriptablesObjects/Dialogues/TestDialogue 4.asset using Guid(e601d55f3d4e31f41ac170338146ecd7) Importer(2089858483,b0f066a214c2f5e87bad3c948f4d605d) (ScriptedImporter) -> (artifact id: 'caae771684d6f4165e54ade3b36e07f9') in 0.0053149 seconds
Number of updated asset objects reloaded before import = 0Number of asset objects unloaded after import = 1

========================================================================
Received Import Request.
  Time since last request: 10.419102 seconds.
  path: Assets/ScriptablesObjects/Dialogues/TestDialogue 4.asset
  artifactKey: Guid(e601d55f3d4e31f41ac170338146ecd7) Importer(815301076,1909f56bfc062723c751e8b465ee728b)
Start importing Assets/ScriptablesObjects/Dialogues/TestDialogue 4.asset using Guid(e601d55f3d4e31f41ac170338146ecd7) Importer(815301076,1909f56bfc062723c751e8b465ee728b) (PreviewImporter) -> (artifact id: '04b07d4f23cf561b0f4f629a8f045e51') in 0.0013521 seconds
Number of updated asset objects reloaded before import = 0Number of asset objects unloaded after import = 1

========================================================================
Received Import Request.
  Time since last request: 0.868636 seconds.
  path: Assets/ScriptablesObjects/Dialogues/TestDialogue 4.asset
  artifactKey: Guid(e601d55f3d4e31f41ac170338146ecd7) Importer(2089858483,b0f066a214c2f5e87bad3c948f4d605d)
Start importing Assets/ScriptablesObjects/Dialogues/TestDialogue 4.asset using Guid(e601d55f3d4e31f41ac170338146ecd7) Importer(2089858483,b0f066a214c2f5e87bad3c948f4d605d) (ScriptedImporter) -> (artifact id: 'a9a9fff8e9256d3291274743006aaf9e') in 0.0056738 seconds
Number of updated asset objects reloaded before import = 0Number of asset objects unloaded after import = 1

========================================================================
Received Import Request.
  Time since last request: 0.101840 seconds.
  path: Assets/ScriptablesObjects/Dialogues/TestDialogue 5.asset
  artifactKey: Guid(1e7544e4d6102e54998da5b985d4c49a) Importer(815301076,1909f56bfc062723c751e8b465ee728b)
Start importing Assets/ScriptablesObjects/Dialogues/TestDialogue 5.asset using Guid(1e7544e4d6102e54998da5b985d4c49a) Importer(815301076,1909f56bfc062723c751e8b465ee728b) (PreviewImporter) -> (artifact id: 'b3987d59af40d12190eec89c828af3c4') in 0.0013133 seconds
Number of updated asset objects reloaded before import = 0Number of asset objects unloaded after import = 1

========================================================================
Received Import Request.
  Time since last request: 8.679858 seconds.
  path: Assets/ScriptablesObjects/Dialogues/TestDialogue 5.asset
  artifactKey: Guid(1e7544e4d6102e54998da5b985d4c49a) Importer(815301076,1909f56bfc062723c751e8b465ee728b)
Start importing Assets/ScriptablesObjects/Dialogues/TestDialogue 5.asset using Guid(1e7544e4d6102e54998da5b985d4c49a) Importer(815301076,1909f56bfc062723c751e8b465ee728b) (PreviewImporter) -> (artifact id: '0df59c3136f7cdfbc1c7d8ffa8f97e68') in 0.0016554 seconds
Number of updated asset objects reloaded before import = 0Number of asset objects unloaded after import = 1

========================================================================
Received Import Request.
  Time since last request: 0.897046 seconds.
  path: Assets/ScriptablesObjects/Dialogues/TestDialogue 5.asset
  artifactKey: Guid(1e7544e4d6102e54998da5b985d4c49a) Importer(2089858483,b0f066a214c2f5e87bad3c948f4d605d)
Start importing Assets/ScriptablesObjects/Dialogues/TestDialogue 5.asset using Guid(1e7544e4d6102e54998da5b985d4c49a) Importer(2089858483,b0f066a214c2f5e87bad3c948f4d605d) (ScriptedImporter) -> (artifact id: '17283a2b6eb34db3320c8bb94acdd532') in 0.0083125 seconds
Number of updated asset objects reloaded before import = 0Number of asset objects unloaded after import = 1

========================================================================
Received Import Request.
  Time since last request: 30.319171 seconds.
  path: Assets/Scenes/WorldMap.unity
  artifactKey: Guid(2681affb3195443468e923037e41ca4b) Importer(2089858483,b0f066a214c2f5e87bad3c948f4d605d)
Start importing Assets/Scenes/WorldMap.unity using Guid(2681affb3195443468e923037e41ca4b) Importer(2089858483,b0f066a214c2f5e87bad3c948f4d605d) (ScriptedImporter) -> (artifact id: '71de74e915451185a9b214e3ea388e65') in 0.01456 seconds
Number of updated asset objects reloaded before import = 0Number of asset objects unloaded after import = 1

========================================================================
Received Prepare
Begin MonoManager ReloadAssembly
[Licensing::Client] Successfully resolved entitlement details
- Loaded All Assemblies, in  1.323 seconds
Refreshing native plugins compatible for Editor in 2.70 ms, found 4 plugins.
Native extension for WindowsStandalone target not found
Native extension for WebGL target not found
[Package Manager] Failed to launch server process. Reason: Unity was launched with the -noUpm command-line argument
[Package Manager] Unable to send message (not connected to server process).
[Package Manager] Cannot connect to Unity Package Manager local server
Mono: successfully reloaded assembly
- Finished resetting the current domain, in  1.696 seconds
Domain Reload Profiling: 3024ms
	BeginReloadAssembly (399ms)
		ExecutionOrderSort (0ms)
		DisableScriptedObjects (34ms)
		BackupInstance (0ms)
		ReleaseScriptingObjects (1ms)
		CreateAndSetChildDomain (108ms)
	RebuildCommonClasses (55ms)
	RebuildNativeTypeToScriptingClass (18ms)
	initialDomainReloadingComplete (39ms)
	LoadAllAssembliesAndSetupDomain (815ms)
		LoadAssemblies (698ms)
		RebuildTransferFunctionScriptingTraits (0ms)
		AnalyzeDomain (310ms)
			TypeCache.Refresh (10ms)
				TypeCache.ScanAssembly (0ms)
			BuildScriptInfoCaches (282ms)
			ResolveRequiredComponents (13ms)
	FinalizeReload (1697ms)
		ReleaseScriptCaches (0ms)
		RebuildScriptCaches (0ms)
		SetupLoadedEditorAssemblies (1507ms)
			LogAssemblyErrors (0ms)
			InitializePlatformSupportModulesInManaged (2ms)
			SetLoadedEditorAssemblies (7ms)
			BeforeProcessingInitializeOnLoad (307ms)
			ProcessInitializeOnLoadAttributes (1016ms)
			ProcessInitializeOnLoadMethodAttributes (171ms)
			AfterProcessingInitializeOnLoad (3ms)
			EditorAssembliesLoaded (0ms)
		ExecutionOrderSort2 (0ms)
		AwakeInstancesAfterBackupRestoration (18ms)
Refreshing native plugins compatible for Editor in 2.52 ms, found 4 plugins.
Preloading 0 native plugins for Editor in 0.00 ms.
Unloading 16 Unused Serialized files (Serialized files now loaded: 0)
Unloading 6937 unused Assets / (4.3 MB). Loaded Objects now: 7952.
Memory consumption went from 163.2 MB to 158.9 MB.
Total: 32.396500 ms (FindLiveObjects: 1.181900 ms CreateObjectMapping: 0.379300 ms MarkObjects: 27.757700 ms  DeleteObjects: 3.075300 ms)

Prepare: number of updated asset objects reloaded= 0
========================================================================
Received Import Request.
  Time since last request: 58.309240 seconds.
  path: Assets/ScriptablesObjects/Quests/00_Test/00_TestQuest.asset
  artifactKey: Guid(ccad300bf70271740b8b94c7cdfb8ce1) Importer(815301076,1909f56bfc062723c751e8b465ee728b)
Start importing Assets/ScriptablesObjects/Quests/00_Test/00_TestQuest.asset using Guid(ccad300bf70271740b8b94c7cdfb8ce1) Importer(815301076,1909f56bfc062723c751e8b465ee728b) (PreviewImporter) -> (artifact id: 'db88bfd6e3f5f58e809461387513f18b') in 0.0315321 seconds
Number of updated asset objects reloaded before import = 0Number of asset objects unloaded after import = 12

========================================================================
Received Prepare
Begin MonoManager ReloadAssembly
- Loaded All Assemblies, in  1.163 seconds
Refreshing native plugins compatible for Editor in 2.06 ms, found 4 plugins.
Native extension for WindowsStandalone target not found
Native extension for WebGL target not found
[Package Manager] Failed to launch server process. Reason: Unity was launched with the -noUpm command-line argument
[Package Manager] Unable to send message (not connected to server process).
[Package Manager] Cannot connect to Unity Package Manager local server
Mono: successfully reloaded assembly
- Finished resetting the current domain, in  1.683 seconds
Domain Reload Profiling: 2849ms
	BeginReloadAssembly (348ms)
		ExecutionOrderSort (0ms)
		DisableScriptedObjects (18ms)
		BackupInstance (0ms)
		ReleaseScriptingObjects (1ms)
		CreateAndSetChildDomain (93ms)
	RebuildCommonClasses (49ms)
	RebuildNativeTypeToScriptingClass (21ms)
	initialDomainReloadingComplete (35ms)
	LoadAllAssembliesAndSetupDomain (713ms)
		LoadAssemblies (632ms)
		RebuildTransferFunctionScriptingTraits (0ms)
		AnalyzeDomain (257ms)
			TypeCache.Refresh (9ms)
				TypeCache.ScanAssembly (0ms)
			BuildScriptInfoCaches (230ms)
			ResolveRequiredComponents (12ms)
	FinalizeReload (1683ms)
		ReleaseScriptCaches (0ms)
		RebuildScriptCaches (0ms)
		SetupLoadedEditorAssemblies (1478ms)
			LogAssemblyErrors (0ms)
			InitializePlatformSupportModulesInManaged (2ms)
			SetLoadedEditorAssemblies (7ms)
			BeforeProcessingInitializeOnLoad (306ms)
			ProcessInitializeOnLoadAttributes (989ms)
			ProcessInitializeOnLoadMethodAttributes (170ms)
			AfterProcessingInitializeOnLoad (3ms)
			EditorAssembliesLoaded (0ms)
		ExecutionOrderSort2 (0ms)
		AwakeInstancesAfterBackupRestoration (23ms)
Refreshing native plugins compatible for Editor in 2.12 ms, found 4 plugins.
Preloading 0 native plugins for Editor in 0.00 ms.
Unloading 16 Unused Serialized files (Serialized files now loaded: 0)
Unloading 6937 unused Assets / (4.3 MB). Loaded Objects now: 7955.
Memory consumption went from 163.2 MB to 158.8 MB.
Total: 35.464100 ms (FindLiveObjects: 1.229200 ms CreateObjectMapping: 0.526400 ms MarkObjects: 30.486000 ms  DeleteObjects: 3.220800 ms)

Prepare: number of updated asset objects reloaded= 0
========================================================================
Received Import Request.
  Time since last request: 59.340126 seconds.
  path: Assets/ScriptablesObjects/Quests/00_Test/10_MoveRegis.asset
  artifactKey: Guid(970ebee82ef981c4eb4912b543626259) Importer(815301076,1909f56bfc062723c751e8b465ee728b)
Start importing Assets/ScriptablesObjects/Quests/00_Test/10_MoveRegis.asset using Guid(970ebee82ef981c4eb4912b543626259) Importer(815301076,1909f56bfc062723c751e8b465ee728b) (PreviewImporter) -> (artifact id: '0110ec293888e476173633798731bf0c') in 0.0271646 seconds
Number of updated asset objects reloaded before import = 0Number of asset objects unloaded after import = 1

========================================================================
Received Prepare
Begin MonoManager ReloadAssembly
[Licensing::Client] Successfully resolved entitlement details
- Loaded All Assemblies, in  1.181 seconds
Refreshing native plugins compatible for Editor in 2.02 ms, found 4 plugins.
Native extension for WindowsStandalone target not found
Native extension for WebGL target not found
[Package Manager] Failed to launch server process. Reason: Unity was launched with the -noUpm command-line argument
[Package Manager] Unable to send message (not connected to server process).
[Package Manager] Cannot connect to Unity Package Manager local server
Mono: successfully reloaded assembly
- Finished resetting the current domain, in  1.718 seconds
Domain Reload Profiling: 2902ms
	BeginReloadAssembly (342ms)
		ExecutionOrderSort (0ms)
		DisableScriptedObjects (20ms)
		BackupInstance (0ms)
		ReleaseScriptingObjects (1ms)
		CreateAndSetChildDomain (84ms)
	RebuildCommonClasses (42ms)
	RebuildNativeTypeToScriptingClass (20ms)
	initialDomainReloadingComplete (37ms)
	LoadAllAssembliesAndSetupDomain (742ms)
		LoadAssemblies (638ms)
		RebuildTransferFunctionScriptingTraits (0ms)
		AnalyzeDomain (274ms)
			TypeCache.Refresh (9ms)
				TypeCache.ScanAssembly (0ms)
			BuildScriptInfoCaches (243ms)
			ResolveRequiredComponents (16ms)
	FinalizeReload (1719ms)
		ReleaseScriptCaches (0ms)
		RebuildScriptCaches (0ms)
		SetupLoadedEditorAssemblies (1516ms)
			LogAssemblyErrors (0ms)
			InitializePlatformSupportModulesInManaged (2ms)
			SetLoadedEditorAssemblies (7ms)
			BeforeProcessingInitializeOnLoad (302ms)
			ProcessInitializeOnLoadAttributes (1028ms)
			ProcessInitializeOnLoadMethodAttributes (173ms)
			AfterProcessingInitializeOnLoad (3ms)
			EditorAssembliesLoaded (0ms)
		ExecutionOrderSort2 (0ms)
		AwakeInstancesAfterBackupRestoration (21ms)
Refreshing native plugins compatible for Editor in 2.74 ms, found 4 plugins.
Preloading 0 native plugins for Editor in 0.00 ms.
Unloading 16 Unused Serialized files (Serialized files now loaded: 0)
Unloading 6937 unused Assets / (4.2 MB). Loaded Objects now: 7958.
Memory consumption went from 163.2 MB to 159.0 MB.
Total: 30.758100 ms (FindLiveObjects: 1.221200 ms CreateObjectMapping: 1.004100 ms MarkObjects: 25.549300 ms  DeleteObjects: 2.982000 ms)

Prepare: number of updated asset objects reloaded= 0
========================================================================
Received Import Request.
  Time since last request: 49.271533 seconds.
  path: Assets/ScriptablesObjects/Quests/00_Test/10_MoveRegis.asset
  artifactKey: Guid(970ebee82ef981c4eb4912b543626259) Importer(815301076,1909f56bfc062723c751e8b465ee728b)
Start importing Assets/ScriptablesObjects/Quests/00_Test/10_MoveRegis.asset using Guid(970ebee82ef981c4eb4912b543626259) Importer(815301076,1909f56bfc062723c751e8b465ee728b) (PreviewImporter) -> (artifact id: '3190a613b19193d0a96c1834166d06bd') in 0.0259431 seconds
Number of updated asset objects reloaded before import = 0Number of asset objects unloaded after import = 1

========================================================================
Received Import Request.
  Time since last request: 7.833702 seconds.
  path: Assets/ScriptablesObjects/Quests/00_Test/10_MoveRegis.asset
  artifactKey: Guid(970ebee82ef981c4eb4912b543626259) Importer(815301076,1909f56bfc062723c751e8b465ee728b)
Start importing Assets/ScriptablesObjects/Quests/00_Test/10_MoveRegis.asset using Guid(970ebee82ef981c4eb4912b543626259) Importer(815301076,1909f56bfc062723c751e8b465ee728b) (PreviewImporter) -> (artifact id: 'dab81502967d23166fc357f9cec010a1') in 0.001348 seconds
Number of updated asset objects reloaded before import = 0Number of asset objects unloaded after import = 1

========================================================================
Received Import Request.
  Time since last request: 838.334791 seconds.
  path: Assets/ScriptablesObjects/Quests/00_Test/00_TestQuest.asset
  artifactKey: Guid(ccad300bf70271740b8b94c7cdfb8ce1) Importer(2089858483,b0f066a214c2f5e87bad3c948f4d605d)
Start importing Assets/ScriptablesObjects/Quests/00_Test/00_TestQuest.asset using Guid(ccad300bf70271740b8b94c7cdfb8ce1) Importer(2089858483,b0f066a214c2f5e87bad3c948f4d605d) (ScriptedImporter) -> (artifact id: 'ba040113d43bbfe686425d3d399e24d7') in 0.0842293 seconds
Number of updated asset objects reloaded before import = 0Number of asset objects unloaded after import = 12

========================================================================
Received Prepare
Refreshing native plugins compatible for Editor in 2.02 ms, found 4 plugins.
Preloading 0 native plugins for Editor in 0.00 ms.
Unloading 16 Unused Serialized files (Serialized files now loaded: 0)
Unloading 6928 unused Assets / (4.3 MB). Loaded Objects now: 7959.
Memory consumption went from 163.4 MB to 159.1 MB.
Total: 35.269500 ms (FindLiveObjects: 1.098400 ms CreateObjectMapping: 0.372000 ms MarkObjects: 30.955100 ms  DeleteObjects: 2.842300 ms)

Prepare: number of updated asset objects reloaded= 0
========================================================================
Received Import Request.
  Time since last request: 7.713231 seconds.
  path: Assets/Scripts/Quest/Objectives/FollowNPCObjective.cs
  artifactKey: Guid(741dc2a5327cf3c45b300c99a01fb192) Importer(2089858483,b0f066a214c2f5e87bad3c948f4d605d)
Start importing Assets/Scripts/Quest/Objectives/FollowNPCObjective.cs using Guid(741dc2a5327cf3c45b300c99a01fb192) Importer(2089858483,b0f066a214c2f5e87bad3c948f4d605d) (ScriptedImporter) -> (artifact id: '932adc15c00c188625c8684a3a216989') in 0.1111613 seconds
Number of updated asset objects reloaded before import = 0Number of asset objects unloaded after import = 0

========================================================================
Received Import Request.
  Time since last request: 0.000047 seconds.
  path: Assets/Scripts/Quest/Objectives/FollowNPCObjective.cs
  artifactKey: Guid(741dc2a5327cf3c45b300c99a01fb192) Importer(815301076,1909f56bfc062723c751e8b465ee728b)
Start importing Assets/Scripts/Quest/Objectives/FollowNPCObjective.cs using Guid(741dc2a5327cf3c45b300c99a01fb192) Importer(815301076,1909f56bfc062723c751e8b465ee728b) (PreviewImporter) -> (artifact id: 'e630091f309ba7d4d3029638a076aaf3') in 0.0007891 seconds
Number of updated asset objects reloaded before import = 0Number of asset objects unloaded after import = 0

========================================================================
Received Prepare
Begin MonoManager ReloadAssembly
[Licensing::Client] Successfully resolved entitlement details
- Loaded All Assemblies, in  1.271 seconds
Refreshing native plugins compatible for Editor in 4.29 ms, found 4 plugins.
Native extension for WindowsStandalone target not found
Native extension for WebGL target not found
[Package Manager] Failed to launch server process. Reason: Unity was launched with the -noUpm command-line argument
[Package Manager] Unable to send message (not connected to server process).
[Package Manager] Cannot connect to Unity Package Manager local server
Mono: successfully reloaded assembly
- Finished resetting the current domain, in  1.954 seconds
Domain Reload Profiling: 3229ms
	BeginReloadAssembly (369ms)
		ExecutionOrderSort (0ms)
		DisableScriptedObjects (21ms)
		BackupInstance (0ms)
		ReleaseScriptingObjects (0ms)
		CreateAndSetChildDomain (96ms)
	RebuildCommonClasses (49ms)
	RebuildNativeTypeToScriptingClass (17ms)
	initialDomainReloadingComplete (37ms)
	LoadAllAssembliesAndSetupDomain (802ms)
		LoadAssemblies (665ms)
		RebuildTransferFunctionScriptingTraits (0ms)
		AnalyzeDomain (316ms)
			TypeCache.Refresh (14ms)
				TypeCache.ScanAssembly (1ms)
			BuildScriptInfoCaches (280ms)
			ResolveRequiredComponents (16ms)
	FinalizeReload (1955ms)
		ReleaseScriptCaches (0ms)
		RebuildScriptCaches (0ms)
		SetupLoadedEditorAssemblies (1734ms)
			LogAssemblyErrors (0ms)
			InitializePlatformSupportModulesInManaged (3ms)
			SetLoadedEditorAssemblies (8ms)
			BeforeProcessingInitializeOnLoad (355ms)
			ProcessInitializeOnLoadAttributes (1177ms)
			ProcessInitializeOnLoadMethodAttributes (189ms)
			AfterProcessingInitializeOnLoad (2ms)
			EditorAssembliesLoaded (0ms)
		ExecutionOrderSort2 (0ms)
		AwakeInstancesAfterBackupRestoration (22ms)
Refreshing native plugins compatible for Editor in 3.17 ms, found 4 plugins.
Preloading 0 native plugins for Editor in 0.00 ms.
Unloading 16 Unused Serialized files (Serialized files now loaded: 0)
Unloading 6938 unused Assets / (4.0 MB). Loaded Objects now: 7962.
Memory consumption went from 163.3 MB to 159.3 MB.
Total: 44.224200 ms (FindLiveObjects: 6.605300 ms CreateObjectMapping: 1.738400 ms MarkObjects: 32.597500 ms  DeleteObjects: 3.280400 ms)

Prepare: number of updated asset objects reloaded= 0
========================================================================
Received Prepare
Refreshing native plugins compatible for Editor in 2.54 ms, found 4 plugins.
Preloading 0 native plugins for Editor in 0.00 ms.
Unloading 16 Unused Serialized files (Serialized files now loaded: 0)
Unloading 6928 unused Assets / (4.7 MB). Loaded Objects now: 7962.
Memory consumption went from 163.4 MB to 158.7 MB.
Total: 48.977600 ms (FindLiveObjects: 5.794300 ms CreateObjectMapping: 1.573400 ms MarkObjects: 35.776400 ms  DeleteObjects: 5.831500 ms)

Prepare: number of updated asset objects reloaded= 0
========================================================================
Received Prepare
Begin MonoManager ReloadAssembly
- Loaded All Assemblies, in  1.428 seconds
Refreshing native plugins compatible for Editor in 1.88 ms, found 4 plugins.
Native extension for WindowsStandalone target not found
Native extension for WebGL target not found
[Package Manager] Failed to launch server process. Reason: Unity was launched with the -noUpm command-line argument
[Package Manager] Unable to send message (not connected to server process).
[Package Manager] Cannot connect to Unity Package Manager local server
Mono: successfully reloaded assembly
- Finished resetting the current domain, in  2.387 seconds
Domain Reload Profiling: 3819ms
	BeginReloadAssembly (416ms)
		ExecutionOrderSort (0ms)
		DisableScriptedObjects (23ms)
		BackupInstance (0ms)
		ReleaseScriptingObjects (0ms)
		CreateAndSetChildDomain (116ms)
	RebuildCommonClasses (52ms)
	RebuildNativeTypeToScriptingClass (24ms)
	initialDomainReloadingComplete (41ms)
	LoadAllAssembliesAndSetupDomain (899ms)
		LoadAssemblies (780ms)
		RebuildTransferFunctionScriptingTraits (0ms)
		AnalyzeDomain (316ms)
			TypeCache.Refresh (16ms)
				TypeCache.ScanAssembly (1ms)
			BuildScriptInfoCaches (278ms)
			ResolveRequiredComponents (16ms)
	FinalizeReload (2388ms)
		ReleaseScriptCaches (0ms)
		RebuildScriptCaches (0ms)
		SetupLoadedEditorAssemblies (2088ms)
			LogAssemblyErrors (0ms)
			InitializePlatformSupportModulesInManaged (2ms)
			SetLoadedEditorAssemblies (13ms)
			BeforeProcessingInitializeOnLoad (484ms)
			ProcessInitializeOnLoadAttributes (1411ms)
			ProcessInitializeOnLoadMethodAttributes (171ms)
			AfterProcessingInitializeOnLoad (5ms)
			EditorAssembliesLoaded (1ms)
		ExecutionOrderSort2 (0ms)
		AwakeInstancesAfterBackupRestoration (48ms)
Refreshing native plugins compatible for Editor in 2.72 ms, found 4 plugins.
Preloading 0 native plugins for Editor in 0.00 ms.
Unloading 16 Unused Serialized files (Serialized files now loaded: 0)
Unloading 6938 unused Assets / (4.2 MB). Loaded Objects now: 7965.
Memory consumption went from 163.3 MB to 159.1 MB.
Total: 32.803000 ms (FindLiveObjects: 1.103500 ms CreateObjectMapping: 0.369400 ms MarkObjects: 28.608400 ms  DeleteObjects: 2.720000 ms)

Prepare: number of updated asset objects reloaded= 0
========================================================================
Received Prepare
Refreshing native plugins compatible for Editor in 2.04 ms, found 4 plugins.
Preloading 0 native plugins for Editor in 0.00 ms.
Unloading 16 Unused Serialized files (Serialized files now loaded: 0)
Unloading 6928 unused Assets / (4.1 MB). Loaded Objects now: 7965.
Memory consumption went from 163.5 MB to 159.3 MB.
Total: 29.421400 ms (FindLiveObjects: 1.117500 ms CreateObjectMapping: 0.405200 ms MarkObjects: 25.175600 ms  DeleteObjects: 2.720800 ms)

Prepare: number of updated asset objects reloaded= 0
========================================================================
Received Prepare
Begin MonoManager ReloadAssembly
- Loaded All Assemblies, in  1.304 seconds
Refreshing native plugins compatible for Editor in 2.37 ms, found 4 plugins.
Native extension for WindowsStandalone target not found
Native extension for WebGL target not found
[Package Manager] Failed to launch server process. Reason: Unity was launched with the -noUpm command-line argument
[Package Manager] Unable to send message (not connected to server process).
[Package Manager] Cannot connect to Unity Package Manager local server
Mono: successfully reloaded assembly
- Finished resetting the current domain, in  2.534 seconds
Domain Reload Profiling: 3841ms
	BeginReloadAssembly (353ms)
		ExecutionOrderSort (0ms)
		DisableScriptedObjects (20ms)
		BackupInstance (0ms)
		ReleaseScriptingObjects (0ms)
		CreateAndSetChildDomain (83ms)
	RebuildCommonClasses (47ms)
	RebuildNativeTypeToScriptingClass (17ms)
	initialDomainReloadingComplete (38ms)
	LoadAllAssembliesAndSetupDomain (851ms)
		LoadAssemblies (680ms)
		RebuildTransferFunctionScriptingTraits (0ms)
		AnalyzeDomain (355ms)
			TypeCache.Refresh (14ms)
				TypeCache.ScanAssembly (1ms)
			BuildScriptInfoCaches (317ms)
			ResolveRequiredComponents (16ms)
	FinalizeReload (2534ms)
		ReleaseScriptCaches (0ms)
		RebuildScriptCaches (0ms)
		SetupLoadedEditorAssemblies (2263ms)
			LogAssemblyErrors (0ms)
			InitializePlatformSupportModulesInManaged (2ms)
			SetLoadedEditorAssemblies (8ms)
			BeforeProcessingInitializeOnLoad (371ms)
			ProcessInitializeOnLoadAttributes (1697ms)
			ProcessInitializeOnLoadMethodAttributes (182ms)
			AfterProcessingInitializeOnLoad (3ms)
			EditorAssembliesLoaded (0ms)
		ExecutionOrderSort2 (0ms)
		AwakeInstancesAfterBackupRestoration (18ms)
Refreshing native plugins compatible for Editor in 2.42 ms, found 4 plugins.
Preloading 0 native plugins for Editor in 0.00 ms.
Unloading 16 Unused Serialized files (Serialized files now loaded: 0)
Unloading 6938 unused Assets / (3.6 MB). Loaded Objects now: 7968.
Memory consumption went from 163.3 MB to 159.8 MB.
Total: 30.491000 ms (FindLiveObjects: 1.171800 ms CreateObjectMapping: 0.417700 ms MarkObjects: 24.834100 ms  DeleteObjects: 4.065300 ms)

Prepare: number of updated asset objects reloaded= 0
========================================================================
Received Prepare
Refreshing native plugins compatible for Editor in 2.38 ms, found 4 plugins.
Preloading 0 native plugins for Editor in 0.00 ms.
Unloading 16 Unused Serialized files (Serialized files now loaded: 0)
Unloading 6928 unused Assets / (4.5 MB). Loaded Objects now: 7968.
Memory consumption went from 163.5 MB to 159.0 MB.
Total: 33.667600 ms (FindLiveObjects: 1.261100 ms CreateObjectMapping: 0.489300 ms MarkObjects: 27.574600 ms  DeleteObjects: 4.339900 ms)

Prepare: number of updated asset objects reloaded= 0
========================================================================
Received Prepare
Refreshing native plugins compatible for Editor in 2.67 ms, found 4 plugins.
Preloading 0 native plugins for Editor in 0.00 ms.
Unloading 16 Unused Serialized files (Serialized files now loaded: 0)
Unloading 6928 unused Assets / (4.3 MB). Loaded Objects now: 7968.
Memory consumption went from 163.5 MB to 159.2 MB.
Total: 44.681500 ms (FindLiveObjects: 1.156000 ms CreateObjectMapping: 0.414800 ms MarkObjects: 40.346000 ms  DeleteObjects: 2.762500 ms)

Prepare: number of updated asset objects reloaded= 0
========================================================================
Received Import Request.
  Time since last request: 118.553466 seconds.
  path: Assets/Scripts/Quest/Objectives/FollowNPCObjective.cs
  artifactKey: Guid(741dc2a5327cf3c45b300c99a01fb192) Importer(815301076,1909f56bfc062723c751e8b465ee728b)
Start importing Assets/Scripts/Quest/Objectives/FollowNPCObjective.cs using Guid(741dc2a5327cf3c45b300c99a01fb192) Importer(815301076,1909f56bfc062723c751e8b465ee728b) (PreviewImporter) -> (artifact id: '94623d409c68873e5bd26e2d43c2764e') in 0.0477807 seconds
Number of updated asset objects reloaded before import = 0Number of asset objects unloaded after import = 0

========================================================================
Received Prepare
Begin MonoManager ReloadAssembly
[Licensing::Client] Successfully resolved entitlement details
- Loaded All Assemblies, in  1.273 seconds
Refreshing native plugins compatible for Editor in 2.19 ms, found 4 plugins.
Native extension for WindowsStandalone target not found
Native extension for WebGL target not found
[Package Manager] Failed to launch server process. Reason: Unity was launched with the -noUpm command-line argument
[Package Manager] Unable to send message (not connected to server process).
[Package Manager] Cannot connect to Unity Package Manager local server
Mono: successfully reloaded assembly
- Finished resetting the current domain, in  1.585 seconds
Domain Reload Profiling: 2862ms
	BeginReloadAssembly (386ms)
		ExecutionOrderSort (0ms)
		DisableScriptedObjects (18ms)
		BackupInstance (0ms)
		ReleaseScriptingObjects (0ms)
		CreateAndSetChildDomain (109ms)
	RebuildCommonClasses (46ms)
	RebuildNativeTypeToScriptingClass (17ms)
	initialDomainReloadingComplete (39ms)
	LoadAllAssembliesAndSetupDomain (788ms)
		LoadAssemblies (685ms)
		RebuildTransferFunctionScriptingTraits (0ms)
		AnalyzeDomain (289ms)
			TypeCache.Refresh (15ms)
				TypeCache.ScanAssembly (1ms)
			BuildScriptInfoCaches (256ms)
			ResolveRequiredComponents (13ms)
	FinalizeReload (1586ms)
		ReleaseScriptCaches (0ms)
		RebuildScriptCaches (0ms)
		SetupLoadedEditorAssemblies (1375ms)
			LogAssemblyErrors (0ms)
			InitializePlatformSupportModulesInManaged (2ms)
			SetLoadedEditorAssemblies (8ms)
			BeforeProcessingInitializeOnLoad (293ms)
			ProcessInitializeOnLoadAttributes (926ms)
			ProcessInitializeOnLoadMethodAttributes (141ms)
			AfterProcessingInitializeOnLoad (3ms)
			EditorAssembliesLoaded (0ms)
		ExecutionOrderSort2 (0ms)
		AwakeInstancesAfterBackupRestoration (17ms)
Refreshing native plugins compatible for Editor in 2.28 ms, found 4 plugins.
Preloading 0 native plugins for Editor in 0.00 ms.
Unloading 16 Unused Serialized files (Serialized files now loaded: 0)
Unloading 6938 unused Assets / (4.2 MB). Loaded Objects now: 7971.
Memory consumption went from 163.4 MB to 159.2 MB.
Total: 30.658900 ms (FindLiveObjects: 1.116300 ms CreateObjectMapping: 0.403700 ms MarkObjects: 25.620800 ms  DeleteObjects: 3.516300 ms)

Prepare: number of updated asset objects reloaded= 0
========================================================================
Received Prepare
Refreshing native plugins compatible for Editor in 2.27 ms, found 4 plugins.
Preloading 0 native plugins for Editor in 0.00 ms.
Unloading 16 Unused Serialized files (Serialized files now loaded: 0)
Unloading 6928 unused Assets / (4.4 MB). Loaded Objects now: 7971.
Memory consumption went from 163.5 MB to 159.2 MB.
Total: 38.652700 ms (FindLiveObjects: 1.202800 ms CreateObjectMapping: 0.459100 ms MarkObjects: 33.453500 ms  DeleteObjects: 3.535000 ms)

Prepare: number of updated asset objects reloaded= 0
========================================================================
Received Prepare
Begin MonoManager ReloadAssembly
- Loaded All Assemblies, in  1.259 seconds
Refreshing native plugins compatible for Editor in 1.91 ms, found 4 plugins.
Native extension for WindowsStandalone target not found
Native extension for WebGL target not found
[Package Manager] Failed to launch server process. Reason: Unity was launched with the -noUpm command-line argument
[Package Manager] Unable to send message (not connected to server process).
[Package Manager] Cannot connect to Unity Package Manager local server
Mono: successfully reloaded assembly
- Finished resetting the current domain, in  1.615 seconds
Domain Reload Profiling: 2879ms
	BeginReloadAssembly (357ms)
		ExecutionOrderSort (0ms)
		DisableScriptedObjects (16ms)
		BackupInstance (0ms)
		ReleaseScriptingObjects (0ms)
		CreateAndSetChildDomain (87ms)
	RebuildCommonClasses (58ms)
	RebuildNativeTypeToScriptingClass (16ms)
	initialDomainReloadingComplete (38ms)
	LoadAllAssembliesAndSetupDomain (794ms)
		LoadAssemblies (686ms)
		RebuildTransferFunctionScriptingTraits (0ms)
		AnalyzeDomain (298ms)
			TypeCache.Refresh (19ms)
				TypeCache.ScanAssembly (1ms)
			BuildScriptInfoCaches (260ms)
			ResolveRequiredComponents (13ms)
	FinalizeReload (1616ms)
		ReleaseScriptCaches (0ms)
		RebuildScriptCaches (0ms)
		SetupLoadedEditorAssemblies (1404ms)
			LogAssemblyErrors (0ms)
			InitializePlatformSupportModulesInManaged (2ms)
			SetLoadedEditorAssemblies (9ms)
			BeforeProcessingInitializeOnLoad (301ms)
			ProcessInitializeOnLoadAttributes (939ms)
			ProcessInitializeOnLoadMethodAttributes (149ms)
			AfterProcessingInitializeOnLoad (4ms)
			EditorAssembliesLoaded (1ms)
		ExecutionOrderSort2 (0ms)
		AwakeInstancesAfterBackupRestoration (18ms)
Refreshing native plugins compatible for Editor in 2.60 ms, found 4 plugins.
Preloading 0 native plugins for Editor in 0.00 ms.
Unloading 16 Unused Serialized files (Serialized files now loaded: 0)
Unloading 6938 unused Assets / (4.4 MB). Loaded Objects now: 7974.
Memory consumption went from 163.4 MB to 159.0 MB.
Total: 30.056800 ms (FindLiveObjects: 1.166600 ms CreateObjectMapping: 0.457900 ms MarkObjects: 24.961900 ms  DeleteObjects: 3.468400 ms)

Prepare: number of updated asset objects reloaded= 0
========================================================================
Received Prepare
Refreshing native plugins compatible for Editor in 5.18 ms, found 4 plugins.
Preloading 0 native plugins for Editor in 0.00 ms.
Unloading 16 Unused Serialized files (Serialized files now loaded: 0)
Unloading 6928 unused Assets / (2.3 MB). Loaded Objects now: 7974.
Memory consumption went from 163.6 MB to 161.3 MB.
Total: 52.031800 ms (FindLiveObjects: 1.341000 ms CreateObjectMapping: 1.490400 ms MarkObjects: 36.228100 ms  DeleteObjects: 12.969700 ms)

Prepare: number of updated asset objects reloaded= 0
========================================================================
Received Prepare
Refreshing native plugins compatible for Editor in 2.51 ms, found 4 plugins.
Preloading 0 native plugins for Editor in 0.00 ms.
Unloading 16 Unused Serialized files (Serialized files now loaded: 0)
Unloading 6928 unused Assets / (4.1 MB). Loaded Objects now: 7974.
Memory consumption went from 163.6 MB to 159.5 MB.
Total: 46.754500 ms (FindLiveObjects: 2.502200 ms CreateObjectMapping: 1.046500 ms MarkObjects: 39.740100 ms  DeleteObjects: 3.463200 ms)

Prepare: number of updated asset objects reloaded= 0
========================================================================
Received Import Request.
  Time since last request: 203.821501 seconds.
  path: Assets/Scripts/Quest/Objectives/FollowNPCObjective.cs
  artifactKey: Guid(741dc2a5327cf3c45b300c99a01fb192) Importer(815301076,1909f56bfc062723c751e8b465ee728b)
Start importing Assets/Scripts/Quest/Objectives/FollowNPCObjective.cs using Guid(741dc2a5327cf3c45b300c99a01fb192) Importer(815301076,1909f56bfc062723c751e8b465ee728b) (PreviewImporter) -> (artifact id: 'bd8dca7a54dea5e0857cc056dad9cd42') in 0.0366253 seconds
Number of updated asset objects reloaded before import = 0Number of asset objects unloaded after import = 0

========================================================================
Received Prepare
Refreshing native plugins compatible for Editor in 3.12 ms, found 4 plugins.
Preloading 0 native plugins for Editor in 0.00 ms.
Unloading 16 Unused Serialized files (Serialized files now loaded: 0)
Unloading 6928 unused Assets / (5.3 MB). Loaded Objects now: 7974.
Memory consumption went from 163.6 MB to 158.3 MB.
Total: 46.471200 ms (FindLiveObjects: 1.731500 ms CreateObjectMapping: 1.106900 ms MarkObjects: 34.813800 ms  DeleteObjects: 8.816600 ms)

Prepare: number of updated asset objects reloaded= 0
========================================================================
Received Prepare
Refreshing native plugins compatible for Editor in 2.51 ms, found 4 plugins.
Preloading 0 native plugins for Editor in 0.00 ms.
Unloading 16 Unused Serialized files (Serialized files now loaded: 0)
Unloading 6928 unused Assets / (4.5 MB). Loaded Objects now: 7974.
Memory consumption went from 163.6 MB to 159.1 MB.
Total: 47.549700 ms (FindLiveObjects: 1.465900 ms CreateObjectMapping: 1.088500 ms MarkObjects: 40.867700 ms  DeleteObjects: 4.125500 ms)

Prepare: number of updated asset objects reloaded= 0
========================================================================
Received Prepare
Refreshing native plugins compatible for Editor in 7.85 ms, found 4 plugins.
Preloading 0 native plugins for Editor in 0.00 ms.
Unloading 16 Unused Serialized files (Serialized files now loaded: 0)
Unloading 6928 unused Assets / (4.7 MB). Loaded Objects now: 7974.
Memory consumption went from 163.6 MB to 158.9 MB.
Total: 48.595500 ms (FindLiveObjects: 9.659500 ms CreateObjectMapping: 1.342800 ms MarkObjects: 33.180500 ms  DeleteObjects: 4.410700 ms)

Prepare: number of updated asset objects reloaded= 0
========================================================================
Received Prepare
Refreshing native plugins compatible for Editor in 6.32 ms, found 4 plugins.
Preloading 0 native plugins for Editor in 0.00 ms.
Unloading 16 Unused Serialized files (Serialized files now loaded: 0)
Unloading 6928 unused Assets / (4.3 MB). Loaded Objects now: 7974.
Memory consumption went from 163.6 MB to 159.3 MB.
Total: 43.572800 ms (FindLiveObjects: 1.470900 ms CreateObjectMapping: 1.523800 ms MarkObjects: 37.601700 ms  DeleteObjects: 2.974300 ms)

Prepare: number of updated asset objects reloaded= 0
========================================================================
Received Prepare
Refreshing native plugins compatible for Editor in 2.17 ms, found 4 plugins.
Preloading 0 native plugins for Editor in 0.00 ms.
Unloading 16 Unused Serialized files (Serialized files now loaded: 0)
Unloading 6928 unused Assets / (4.0 MB). Loaded Objects now: 7974.
Memory consumption went from 163.6 MB to 159.5 MB.
Total: 40.143100 ms (FindLiveObjects: 1.215700 ms CreateObjectMapping: 0.702200 ms MarkObjects: 32.900600 ms  DeleteObjects: 5.322700 ms)

Prepare: number of updated asset objects reloaded= 0
========================================================================
Received Prepare
Refreshing native plugins compatible for Editor in 2.48 ms, found 4 plugins.
Preloading 0 native plugins for Editor in 0.00 ms.
Unloading 16 Unused Serialized files (Serialized files now loaded: 0)
Unloading 6928 unused Assets / (4.3 MB). Loaded Objects now: 7974.
Memory consumption went from 163.6 MB to 159.3 MB.
Total: 37.529000 ms (FindLiveObjects: 1.532900 ms CreateObjectMapping: 0.665000 ms MarkObjects: 32.480600 ms  DeleteObjects: 2.848100 ms)

Prepare: number of updated asset objects reloaded= 0
========================================================================
Received Prepare
Refreshing native plugins compatible for Editor in 2.74 ms, found 4 plugins.
Preloading 0 native plugins for Editor in 0.00 ms.
Unloading 16 Unused Serialized files (Serialized files now loaded: 0)
Unloading 6928 unused Assets / (3.3 MB). Loaded Objects now: 7974.
Memory consumption went from 163.6 MB to 160.3 MB.
Total: 37.029100 ms (FindLiveObjects: 1.327800 ms CreateObjectMapping: 0.380200 ms MarkObjects: 27.247100 ms  DeleteObjects: 8.070600 ms)

Prepare: number of updated asset objects reloaded= 0
========================================================================
Received Prepare
Refreshing native plugins compatible for Editor in 2.08 ms, found 4 plugins.
Preloading 0 native plugins for Editor in 0.00 ms.
Unloading 16 Unused Serialized files (Serialized files now loaded: 0)
Unloading 6928 unused Assets / (5.2 MB). Loaded Objects now: 7974.
Memory consumption went from 163.6 MB to 158.3 MB.
Total: 42.524300 ms (FindLiveObjects: 1.323900 ms CreateObjectMapping: 1.833600 ms MarkObjects: 31.370700 ms  DeleteObjects: 7.993600 ms)

Prepare: number of updated asset objects reloaded= 0
========================================================================
Received Prepare
Refreshing native plugins compatible for Editor in 2.70 ms, found 4 plugins.
Preloading 0 native plugins for Editor in 0.00 ms.
Unloading 16 Unused Serialized files (Serialized files now loaded: 0)
Unloading 6928 unused Assets / (4.5 MB). Loaded Objects now: 7974.
Memory consumption went from 163.6 MB to 159.1 MB.
Total: 40.691100 ms (FindLiveObjects: 1.619200 ms CreateObjectMapping: 1.797300 ms MarkObjects: 33.754800 ms  DeleteObjects: 3.517800 ms)

Prepare: number of updated asset objects reloaded= 0
========================================================================
Received Prepare
Refreshing native plugins compatible for Editor in 4.28 ms, found 4 plugins.
Preloading 0 native plugins for Editor in 0.00 ms.
Unloading 16 Unused Serialized files (Serialized files now loaded: 0)
Unloading 6928 unused Assets / (3.5 MB). Loaded Objects now: 7974.
Memory consumption went from 163.6 MB to 160.1 MB.
Total: 32.681500 ms (FindLiveObjects: 1.174900 ms CreateObjectMapping: 0.377700 ms MarkObjects: 26.545400 ms  DeleteObjects: 4.581600 ms)

Prepare: number of updated asset objects reloaded= 0
========================================================================
Received Prepare
Refreshing native plugins compatible for Editor in 2.11 ms, found 4 plugins.
Preloading 0 native plugins for Editor in 0.00 ms.
Unloading 16 Unused Serialized files (Serialized files now loaded: 0)
Unloading 6928 unused Assets / (4.2 MB). Loaded Objects now: 7974.
Memory consumption went from 163.6 MB to 159.3 MB.
Total: 32.907000 ms (FindLiveObjects: 1.156500 ms CreateObjectMapping: 0.384300 ms MarkObjects: 28.323400 ms  DeleteObjects: 3.041200 ms)

Prepare: number of updated asset objects reloaded= 0
========================================================================
Received Import Request.
  Time since last request: 195.269552 seconds.
  path: Assets/Scripts/Quest/Objectives/FollowNPCObjective.cs
  artifactKey: Guid(741dc2a5327cf3c45b300c99a01fb192) Importer(2089858483,b0f066a214c2f5e87bad3c948f4d605d)
Start importing Assets/Scripts/Quest/Objectives/FollowNPCObjective.cs using Guid(741dc2a5327cf3c45b300c99a01fb192) Importer(2089858483,b0f066a214c2f5e87bad3c948f4d605d) (ScriptedImporter) -> (artifact id: 'c827a2a0cead756613de57f734961d82') in 0.1555902 seconds
Number of updated asset objects reloaded before import = 0Number of asset objects unloaded after import = 0

========================================================================
Received Prepare
Refreshing native plugins compatible for Editor in 1.97 ms, found 4 plugins.
Preloading 0 native plugins for Editor in 0.00 ms.
Unloading 16 Unused Serialized files (Serialized files now loaded: 0)
Unloading 6928 unused Assets / (4.3 MB). Loaded Objects now: 7974.
Memory consumption went from 163.6 MB to 159.3 MB.
Total: 38.544000 ms (FindLiveObjects: 1.810400 ms CreateObjectMapping: 1.505500 ms MarkObjects: 32.010100 ms  DeleteObjects: 3.215700 ms)

Prepare: number of updated asset objects reloaded= 0
========================================================================
Received Import Request.
  Time since last request: 47.583848 seconds.
  path: Assets/Scripts/Player/PlayerMovement.cs
  artifactKey: Guid(f42cf5cfdccdda24d9f3377901e3d2f2) Importer(2089858483,b0f066a214c2f5e87bad3c948f4d605d)
Start importing Assets/Scripts/Player/PlayerMovement.cs using Guid(f42cf5cfdccdda24d9f3377901e3d2f2) Importer(2089858483,b0f066a214c2f5e87bad3c948f4d605d) (ScriptedImporter) -> (artifact id: '9d27621b38cdcc6c17b6f0256b36e842') in 0.0140517 seconds
Number of updated asset objects reloaded before import = 0Number of asset objects unloaded after import = 0

========================================================================
Received Prepare
Refreshing native plugins compatible for Editor in 1.98 ms, found 4 plugins.
Preloading 0 native plugins for Editor in 0.00 ms.
Unloading 16 Unused Serialized files (Serialized files now loaded: 0)
Unloading 6928 unused Assets / (4.3 MB). Loaded Objects now: 7974.
Memory consumption went from 163.6 MB to 159.3 MB.
Total: 30.509200 ms (FindLiveObjects: 2.333800 ms CreateObjectMapping: 1.297500 ms MarkObjects: 24.270400 ms  DeleteObjects: 2.605400 ms)

Prepare: number of updated asset objects reloaded= 0
========================================================================
Received Import Request.
  Time since last request: 21.351557 seconds.
  path: Assets/Scripts/Player/PlayerMovement.cs
  artifactKey: Guid(f42cf5cfdccdda24d9f3377901e3d2f2) Importer(2089858483,b0f066a214c2f5e87bad3c948f4d605d)
Start importing Assets/Scripts/Player/PlayerMovement.cs using Guid(f42cf5cfdccdda24d9f3377901e3d2f2) Importer(2089858483,b0f066a214c2f5e87bad3c948f4d605d) (ScriptedImporter) -> (artifact id: '59e8f23324d6db675a0d37003d7794c7') in 0.0107068 seconds
Number of updated asset objects reloaded before import = 0Number of asset objects unloaded after import = 0

========================================================================
Received Prepare
Refreshing native plugins compatible for Editor in 1.99 ms, found 4 plugins.
Preloading 0 native plugins for Editor in 0.00 ms.
Unloading 16 Unused Serialized files (Serialized files now loaded: 0)
Unloading 6928 unused Assets / (4.1 MB). Loaded Objects now: 7974.
Memory consumption went from 163.6 MB to 159.5 MB.
Total: 31.937300 ms (FindLiveObjects: 1.129400 ms CreateObjectMapping: 0.368300 ms MarkObjects: 27.549300 ms  DeleteObjects: 2.888800 ms)

Prepare: number of updated asset objects reloaded= 0
========================================================================
Received Import Request.
  Time since last request: 13.026087 seconds.
  path: Assets/Scripts/Player/PlayerMovement.cs
  artifactKey: Guid(f42cf5cfdccdda24d9f3377901e3d2f2) Importer(2089858483,b0f066a214c2f5e87bad3c948f4d605d)
Start importing Assets/Scripts/Player/PlayerMovement.cs using Guid(f42cf5cfdccdda24d9f3377901e3d2f2) Importer(2089858483,b0f066a214c2f5e87bad3c948f4d605d) (ScriptedImporter) -> (artifact id: 'ff31265281c1a8998fbc7efc5c274325') in 0.0098859 seconds
Number of updated asset objects reloaded before import = 0Number of asset objects unloaded after import = 0

========================================================================
Received Prepare
Refreshing native plugins compatible for Editor in 2.13 ms, found 4 plugins.
Preloading 0 native plugins for Editor in 0.00 ms.
Unloading 16 Unused Serialized files (Serialized files now loaded: 0)
Unloading 6928 unused Assets / (4.3 MB). Loaded Objects now: 7974.
Memory consumption went from 163.6 MB to 159.3 MB.
Total: 33.983100 ms (FindLiveObjects: 1.124900 ms CreateObjectMapping: 0.428500 ms MarkObjects: 29.245400 ms  DeleteObjects: 3.182500 ms)

Prepare: number of updated asset objects reloaded= 0
========================================================================
Received Import Request.
  Time since last request: 45.708666 seconds.
  path: Assets/Scripts/Player/PlayerMovement.cs
  artifactKey: Guid(f42cf5cfdccdda24d9f3377901e3d2f2) Importer(2089858483,b0f066a214c2f5e87bad3c948f4d605d)
Start importing Assets/Scripts/Player/PlayerMovement.cs using Guid(f42cf5cfdccdda24d9f3377901e3d2f2) Importer(2089858483,b0f066a214c2f5e87bad3c948f4d605d) (ScriptedImporter) -> (artifact id: 'e914c08db98eba124235f34488979e78') in 0.0107544 seconds
Number of updated asset objects reloaded before import = 0Number of asset objects unloaded after import = 0

========================================================================
Received Prepare
Refreshing native plugins compatible for Editor in 2.31 ms, found 4 plugins.
Preloading 0 native plugins for Editor in 0.00 ms.
Unloading 16 Unused Serialized files (Serialized files now loaded: 0)
Unloading 6928 unused Assets / (4.3 MB). Loaded Objects now: 7974.
Memory consumption went from 163.6 MB to 159.3 MB.
Total: 31.051900 ms (FindLiveObjects: 1.404100 ms CreateObjectMapping: 0.654600 ms MarkObjects: 25.950600 ms  DeleteObjects: 3.040400 ms)

Prepare: number of updated asset objects reloaded= 0
========================================================================
Received Import Request.
  Time since last request: 19.455448 seconds.
  path: Assets/Scripts/Player/PlayerMovement.cs
  artifactKey: Guid(f42cf5cfdccdda24d9f3377901e3d2f2) Importer(2089858483,b0f066a214c2f5e87bad3c948f4d605d)
Start importing Assets/Scripts/Player/PlayerMovement.cs using Guid(f42cf5cfdccdda24d9f3377901e3d2f2) Importer(2089858483,b0f066a214c2f5e87bad3c948f4d605d) (ScriptedImporter) -> (artifact id: 'e27c00699aec9f38d93364d4453464e6') in 0.010263 seconds
Number of updated asset objects reloaded before import = 0Number of asset objects unloaded after import = 0

========================================================================
Received Prepare
Refreshing native plugins compatible for Editor in 2.52 ms, found 4 plugins.
Preloading 0 native plugins for Editor in 0.00 ms.
Unloading 16 Unused Serialized files (Serialized files now loaded: 0)
Unloading 6928 unused Assets / (5.5 MB). Loaded Objects now: 7974.
Memory consumption went from 163.6 MB to 158.1 MB.
Total: 38.490400 ms (FindLiveObjects: 1.411100 ms CreateObjectMapping: 2.460400 ms MarkObjects: 29.851000 ms  DeleteObjects: 4.766300 ms)

Prepare: number of updated asset objects reloaded= 0
========================================================================
Received Import Request.
  Time since last request: 5.983057 seconds.
  path: Assets/Scripts/Player/PlayerMovement.cs
  artifactKey: Guid(f42cf5cfdccdda24d9f3377901e3d2f2) Importer(2089858483,b0f066a214c2f5e87bad3c948f4d605d)
Start importing Assets/Scripts/Player/PlayerMovement.cs using Guid(f42cf5cfdccdda24d9f3377901e3d2f2) Importer(2089858483,b0f066a214c2f5e87bad3c948f4d605d) (ScriptedImporter) -> (artifact id: '8ec06513f6940f9f1ed8ffffc286ef14') in 0.0100359 seconds
Number of updated asset objects reloaded before import = 0Number of asset objects unloaded after import = 0

========================================================================
Received Prepare
Refreshing native plugins compatible for Editor in 2.14 ms, found 4 plugins.
Preloading 0 native plugins for Editor in 0.00 ms.
Unloading 16 Unused Serialized files (Serialized files now loaded: 0)
Unloading 6928 unused Assets / (4.2 MB). Loaded Objects now: 7974.
Memory consumption went from 163.6 MB to 159.4 MB.
Total: 35.135600 ms (FindLiveObjects: 1.145900 ms CreateObjectMapping: 0.495100 ms MarkObjects: 30.585200 ms  DeleteObjects: 2.907600 ms)

Prepare: number of updated asset objects reloaded= 0
========================================================================
Received Import Request.
  Time since last request: 9.756864 seconds.
  path: Assets/Scripts/Player/PlayerMovement.cs
  artifactKey: Guid(f42cf5cfdccdda24d9f3377901e3d2f2) Importer(2089858483,b0f066a214c2f5e87bad3c948f4d605d)
Start importing Assets/Scripts/Player/PlayerMovement.cs using Guid(f42cf5cfdccdda24d9f3377901e3d2f2) Importer(2089858483,b0f066a214c2f5e87bad3c948f4d605d) (ScriptedImporter) -> (artifact id: '16062ac4a86844ab45e200cc05f57efa') in 0.0099518 seconds
Number of updated asset objects reloaded before import = 0Number of asset objects unloaded after import = 0

========================================================================
Received Prepare
Refreshing native plugins compatible for Editor in 2.01 ms, found 4 plugins.
Preloading 0 native plugins for Editor in 0.00 ms.
Unloading 16 Unused Serialized files (Serialized files now loaded: 0)
Unloading 6928 unused Assets / (4.2 MB). Loaded Objects now: 7974.
Memory consumption went from 163.6 MB to 159.4 MB.
Total: 28.456400 ms (FindLiveObjects: 1.130400 ms CreateObjectMapping: 0.440800 ms MarkObjects: 23.809800 ms  DeleteObjects: 3.073700 ms)

Prepare: number of updated asset objects reloaded= 0
========================================================================
Received Import Request.
  Time since last request: 92.202280 seconds.
  path: Assets/Scripts/Player/PlayerMovement.cs
  artifactKey: Guid(f42cf5cfdccdda24d9f3377901e3d2f2) Importer(2089858483,b0f066a214c2f5e87bad3c948f4d605d)
Start importing Assets/Scripts/Player/PlayerMovement.cs using Guid(f42cf5cfdccdda24d9f3377901e3d2f2) Importer(2089858483,b0f066a214c2f5e87bad3c948f4d605d) (ScriptedImporter) -> (artifact id: '96c8358da64f29710d72964ff0689567') in 0.0100121 seconds
Number of updated asset objects reloaded before import = 0Number of asset objects unloaded after import = 0

========================================================================
Received Prepare
Refreshing native plugins compatible for Editor in 2.10 ms, found 4 plugins.
Preloading 0 native plugins for Editor in 0.00 ms.
Unloading 16 Unused Serialized files (Serialized files now loaded: 0)
Unloading 6928 unused Assets / (4.2 MB). Loaded Objects now: 7974.
Memory consumption went from 163.6 MB to 159.4 MB.
Total: 31.840800 ms (FindLiveObjects: 1.698900 ms CreateObjectMapping: 1.742000 ms MarkObjects: 25.536300 ms  DeleteObjects: 2.862000 ms)

Prepare: number of updated asset objects reloaded= 0
========================================================================
Received Import Request.
  Time since last request: 15.160016 seconds.
  path: Assets/Scripts/Player/PlayerMovement.cs
  artifactKey: Guid(f42cf5cfdccdda24d9f3377901e3d2f2) Importer(2089858483,b0f066a214c2f5e87bad3c948f4d605d)
Start importing Assets/Scripts/Player/PlayerMovement.cs using Guid(f42cf5cfdccdda24d9f3377901e3d2f2) Importer(2089858483,b0f066a214c2f5e87bad3c948f4d605d) (ScriptedImporter) -> (artifact id: '9035f717abdeeb9b125c3877e770a06b') in 0.0100045 seconds
Number of updated asset objects reloaded before import = 0Number of asset objects unloaded after import = 0

========================================================================
Received Prepare
Refreshing native plugins compatible for Editor in 2.05 ms, found 4 plugins.
Preloading 0 native plugins for Editor in 0.00 ms.
Unloading 16 Unused Serialized files (Serialized files now loaded: 0)
Unloading 6928 unused Assets / (4.4 MB). Loaded Objects now: 7974.
Memory consumption went from 163.6 MB to 159.2 MB.
Total: 30.988600 ms (FindLiveObjects: 1.139600 ms CreateObjectMapping: 0.617200 ms MarkObjects: 26.581500 ms  DeleteObjects: 2.648100 ms)

Prepare: number of updated asset objects reloaded= 0
========================================================================
Received Import Request.
  Time since last request: 3.416268 seconds.
  path: Assets/Scripts/Player/PlayerMovement.cs
  artifactKey: Guid(f42cf5cfdccdda24d9f3377901e3d2f2) Importer(2089858483,b0f066a214c2f5e87bad3c948f4d605d)
Start importing Assets/Scripts/Player/PlayerMovement.cs using Guid(f42cf5cfdccdda24d9f3377901e3d2f2) Importer(2089858483,b0f066a214c2f5e87bad3c948f4d605d) (ScriptedImporter) -> (artifact id: 'e5286e8800eb8c4ee1728c0252baae3d') in 0.0089733 seconds
Number of updated asset objects reloaded before import = 0Number of asset objects unloaded after import = 0

========================================================================
Received Prepare
Refreshing native plugins compatible for Editor in 2.43 ms, found 4 plugins.
Preloading 0 native plugins for Editor in 0.00 ms.
Unloading 16 Unused Serialized files (Serialized files now loaded: 0)
Unloading 6928 unused Assets / (4.6 MB). Loaded Objects now: 7974.
Memory consumption went from 163.6 MB to 159.0 MB.
Total: 36.113100 ms (FindLiveObjects: 1.220700 ms CreateObjectMapping: 1.069000 ms MarkObjects: 30.390700 ms  DeleteObjects: 3.431000 ms)

Prepare: number of updated asset objects reloaded= 0
========================================================================
Received Import Request.
  Time since last request: 4.963838 seconds.
  path: Assets/Scripts/Player/PlayerMovement.cs
  artifactKey: Guid(f42cf5cfdccdda24d9f3377901e3d2f2) Importer(2089858483,b0f066a214c2f5e87bad3c948f4d605d)
Start importing Assets/Scripts/Player/PlayerMovement.cs using Guid(f42cf5cfdccdda24d9f3377901e3d2f2) Importer(2089858483,b0f066a214c2f5e87bad3c948f4d605d) (ScriptedImporter) -> (artifact id: 'caed1b0dbaaf82cce1af6b0b0e1025f1') in 0.0143548 seconds
Number of updated asset objects reloaded before import = 0Number of asset objects unloaded after import = 0

========================================================================
Received Prepare
Refreshing native plugins compatible for Editor in 2.41 ms, found 4 plugins.
Preloading 0 native plugins for Editor in 0.00 ms.
Unloading 16 Unused Serialized files (Serialized files now loaded: 0)
Unloading 6928 unused Assets / (4.6 MB). Loaded Objects now: 7974.
Memory consumption went from 163.6 MB to 159.1 MB.
Total: 30.546300 ms (FindLiveObjects: 1.097400 ms CreateObjectMapping: 0.448200 ms MarkObjects: 25.109400 ms  DeleteObjects: 3.889500 ms)

Prepare: number of updated asset objects reloaded= 0
========================================================================
Received Import Request.
  Time since last request: 6.238729 seconds.
  path: Assets/Scripts/Player/PlayerMovement.cs
  artifactKey: Guid(f42cf5cfdccdda24d9f3377901e3d2f2) Importer(2089858483,b0f066a214c2f5e87bad3c948f4d605d)
Start importing Assets/Scripts/Player/PlayerMovement.cs using Guid(f42cf5cfdccdda24d9f3377901e3d2f2) Importer(2089858483,b0f066a214c2f5e87bad3c948f4d605d) (ScriptedImporter) -> (artifact id: '2ca0afa93f0f7f7dbc4890c439b9067e') in 0.0102868 seconds
Number of updated asset objects reloaded before import = 0Number of asset objects unloaded after import = 0

========================================================================
Received Prepare
Refreshing native plugins compatible for Editor in 2.39 ms, found 4 plugins.
Preloading 0 native plugins for Editor in 0.00 ms.
Unloading 16 Unused Serialized files (Serialized files now loaded: 0)
Unloading 6928 unused Assets / (4.3 MB). Loaded Objects now: 7974.
Memory consumption went from 163.6 MB to 159.3 MB.
Total: 30.725000 ms (FindLiveObjects: 1.112100 ms CreateObjectMapping: 0.369100 ms MarkObjects: 26.630300 ms  DeleteObjects: 2.612100 ms)

Prepare: number of updated asset objects reloaded= 0
========================================================================
Received Import Request.
  Time since last request: 11.051561 seconds.
  path: Assets/Scripts/Player/PlayerMovement.cs
  artifactKey: Guid(f42cf5cfdccdda24d9f3377901e3d2f2) Importer(2089858483,b0f066a214c2f5e87bad3c948f4d605d)
Start importing Assets/Scripts/Player/PlayerMovement.cs using Guid(f42cf5cfdccdda24d9f3377901e3d2f2) Importer(2089858483,b0f066a214c2f5e87bad3c948f4d605d) (ScriptedImporter) -> (artifact id: 'dc4f4d5455f9b8f8042f931820cc386d') in 0.0103634 seconds
Number of updated asset objects reloaded before import = 0Number of asset objects unloaded after import = 0

========================================================================
Received Prepare
Refreshing native plugins compatible for Editor in 2.00 ms, found 4 plugins.
Preloading 0 native plugins for Editor in 0.00 ms.
Unloading 16 Unused Serialized files (Serialized files now loaded: 0)
Unloading 6928 unused Assets / (4.4 MB). Loaded Objects now: 7974.
Memory consumption went from 163.6 MB to 159.3 MB.
Total: 31.302800 ms (FindLiveObjects: 1.119800 ms CreateObjectMapping: 0.369500 ms MarkObjects: 26.778500 ms  DeleteObjects: 3.033100 ms)

Prepare: number of updated asset objects reloaded= 0
========================================================================
Received Import Request.
  Time since last request: 6.428538 seconds.
  path: Assets/Scripts/Player/PlayerMovement.cs
  artifactKey: Guid(f42cf5cfdccdda24d9f3377901e3d2f2) Importer(2089858483,b0f066a214c2f5e87bad3c948f4d605d)
Start importing Assets/Scripts/Player/PlayerMovement.cs using Guid(f42cf5cfdccdda24d9f3377901e3d2f2) Importer(2089858483,b0f066a214c2f5e87bad3c948f4d605d) (ScriptedImporter) -> (artifact id: 'cb0603dc057517fc17ddd66af2229ce7') in 0.0110149 seconds
Number of updated asset objects reloaded before import = 0Number of asset objects unloaded after import = 0

========================================================================
Received Prepare
Refreshing native plugins compatible for Editor in 2.46 ms, found 4 plugins.
Preloading 0 native plugins for Editor in 0.00 ms.
Unloading 16 Unused Serialized files (Serialized files now loaded: 0)
Unloading 6928 unused Assets / (4.3 MB). Loaded Objects now: 7974.
Memory consumption went from 163.7 MB to 159.4 MB.
Total: 33.190500 ms (FindLiveObjects: 1.126200 ms CreateObjectMapping: 0.457800 ms MarkObjects: 28.682400 ms  DeleteObjects: 2.922400 ms)

Prepare: number of updated asset objects reloaded= 0
========================================================================
Received Import Request.
  Time since last request: 47.561862 seconds.
  path: Assets/Scripts/Managers/GameManager.cs
  artifactKey: Guid(c33f4cf212c2e4c43a09693596c773c1) Importer(2089858483,b0f066a214c2f5e87bad3c948f4d605d)
Start importing Assets/Scripts/Managers/GameManager.cs using Guid(c33f4cf212c2e4c43a09693596c773c1) Importer(2089858483,b0f066a214c2f5e87bad3c948f4d605d) (ScriptedImporter) -> (artifact id: '603910bd139b37ab965380b527bb997a') in 0.0142116 seconds
Number of updated asset objects reloaded before import = 0Number of asset objects unloaded after import = 0

========================================================================
Received Prepare
Refreshing native plugins compatible for Editor in 2.21 ms, found 4 plugins.
Preloading 0 native plugins for Editor in 0.00 ms.
Unloading 16 Unused Serialized files (Serialized files now loaded: 0)
Unloading 6928 unused Assets / (4.7 MB). Loaded Objects now: 7974.
Memory consumption went from 163.6 MB to 158.9 MB.
Total: 32.004700 ms (FindLiveObjects: 1.164600 ms CreateObjectMapping: 0.404600 ms MarkObjects: 23.986800 ms  DeleteObjects: 6.446900 ms)

Prepare: number of updated asset objects reloaded= 0
========================================================================
Received Import Request.
  Time since last request: 16.889113 seconds.
  path: Assets/Scripts/Managers/GameManager.cs
  artifactKey: Guid(c33f4cf212c2e4c43a09693596c773c1) Importer(2089858483,b0f066a214c2f5e87bad3c948f4d605d)
Start importing Assets/Scripts/Managers/GameManager.cs using Guid(c33f4cf212c2e4c43a09693596c773c1) Importer(2089858483,b0f066a214c2f5e87bad3c948f4d605d) (ScriptedImporter) -> (artifact id: '733532b2ca8adf2d4d27253e6704647a') in 0.0110418 seconds
Number of updated asset objects reloaded before import = 0Number of asset objects unloaded after import = 0

========================================================================
Received Prepare
Refreshing native plugins compatible for Editor in 2.23 ms, found 4 plugins.
Preloading 0 native plugins for Editor in 0.00 ms.
Unloading 16 Unused Serialized files (Serialized files now loaded: 0)
Unloading 6928 unused Assets / (4.2 MB). Loaded Objects now: 7974.
Memory consumption went from 163.6 MB to 159.4 MB.
Total: 28.635000 ms (FindLiveObjects: 1.469200 ms CreateObjectMapping: 0.418100 ms MarkObjects: 24.214100 ms  DeleteObjects: 2.529800 ms)

Prepare: number of updated asset objects reloaded= 0
========================================================================
Received Import Request.
  Time since last request: 30.468740 seconds.
  path: Assets/Scripts/Player/PlayerController.cs
  artifactKey: Guid(8baa4128d3d17a84f85a759a9fe5e455) Importer(2089858483,b0f066a214c2f5e87bad3c948f4d605d)
Start importing Assets/Scripts/Player/PlayerController.cs using Guid(8baa4128d3d17a84f85a759a9fe5e455) Importer(2089858483,b0f066a214c2f5e87bad3c948f4d605d) (ScriptedImporter) -> (artifact id: '4c0d3e939f9735255e7bbc2c69c959e4') in 0.0098294 seconds
Number of updated asset objects reloaded before import = 0Number of asset objects unloaded after import = 0

========================================================================
Received Prepare
Refreshing native plugins compatible for Editor in 2.33 ms, found 4 plugins.
Preloading 0 native plugins for Editor in 0.00 ms.
Unloading 16 Unused Serialized files (Serialized files now loaded: 0)
Unloading 6928 unused Assets / (4.4 MB). Loaded Objects now: 7974.
Memory consumption went from 163.6 MB to 159.3 MB.
Total: 33.204400 ms (FindLiveObjects: 1.473700 ms CreateObjectMapping: 0.585900 ms MarkObjects: 27.949200 ms  DeleteObjects: 3.193800 ms)

Prepare: number of updated asset objects reloaded= 0
========================================================================
Received Import Request.
  Time since last request: 5.974540 seconds.
  path: Assets/Scripts/Player/PlayerController.cs
  artifactKey: Guid(8baa4128d3d17a84f85a759a9fe5e455) Importer(2089858483,b0f066a214c2f5e87bad3c948f4d605d)
Start importing Assets/Scripts/Player/PlayerController.cs using Guid(8baa4128d3d17a84f85a759a9fe5e455) Importer(2089858483,b0f066a214c2f5e87bad3c948f4d605d) (ScriptedImporter) -> (artifact id: '86193acbe0e275e5c973ad4748e827b2') in 0.0102942 seconds
Number of updated asset objects reloaded before import = 0Number of asset objects unloaded after import = 0

========================================================================
Received Prepare
Refreshing native plugins compatible for Editor in 2.05 ms, found 4 plugins.
Preloading 0 native plugins for Editor in 0.00 ms.
Unloading 16 Unused Serialized files (Serialized files now loaded: 0)
Unloading 6928 unused Assets / (4.5 MB). Loaded Objects now: 7974.
Memory consumption went from 163.6 MB to 159.2 MB.
Total: 33.774300 ms (FindLiveObjects: 1.522600 ms CreateObjectMapping: 0.546000 ms MarkObjects: 27.425200 ms  DeleteObjects: 4.277800 ms)

Prepare: number of updated asset objects reloaded= 0
========================================================================
Received Import Request.
  Time since last request: 31.638556 seconds.
  path: Assets/Scripts/Quest/Objectives/FollowNPCObjective.cs
  artifactKey: Guid(741dc2a5327cf3c45b300c99a01fb192) Importer(2089858483,b0f066a214c2f5e87bad3c948f4d605d)
Start importing Assets/Scripts/Quest/Objectives/FollowNPCObjective.cs using Guid(741dc2a5327cf3c45b300c99a01fb192) Importer(2089858483,b0f066a214c2f5e87bad3c948f4d605d) (ScriptedImporter) -> (artifact id: '5cbbeff8ed8240d155d65b791928c232') in 0.0126481 seconds
Number of updated asset objects reloaded before import = 0Number of asset objects unloaded after import = 0

========================================================================
Received Prepare
Refreshing native plugins compatible for Editor in 2.08 ms, found 4 plugins.
Preloading 0 native plugins for Editor in 0.00 ms.
Unloading 16 Unused Serialized files (Serialized files now loaded: 0)
Unloading 6928 unused Assets / (4.3 MB). Loaded Objects now: 7974.
Memory consumption went from 163.6 MB to 159.3 MB.
Total: 28.260000 ms (FindLiveObjects: 1.098800 ms CreateObjectMapping: 0.371800 ms MarkObjects: 24.069000 ms  DeleteObjects: 2.719100 ms)

Prepare: number of updated asset objects reloaded= 0
========================================================================
Received Import Request.
  Time since last request: 5.639272 seconds.
  path: Assets/Scripts/Quest/Objectives/FollowNPCObjective.cs
  artifactKey: Guid(741dc2a5327cf3c45b300c99a01fb192) Importer(2089858483,b0f066a214c2f5e87bad3c948f4d605d)
Start importing Assets/Scripts/Quest/Objectives/FollowNPCObjective.cs using Guid(741dc2a5327cf3c45b300c99a01fb192) Importer(2089858483,b0f066a214c2f5e87bad3c948f4d605d) (ScriptedImporter) -> (artifact id: 'c8ab5a27fb5d6729025b65d3bfa9596d') in 0.0102152 seconds
Number of updated asset objects reloaded before import = 0Number of asset objects unloaded after import = 0

========================================================================
Received Prepare
Refreshing native plugins compatible for Editor in 1.91 ms, found 4 plugins.
Preloading 0 native plugins for Editor in 0.00 ms.
Unloading 16 Unused Serialized files (Serialized files now loaded: 0)
Unloading 6928 unused Assets / (4.6 MB). Loaded Objects now: 7974.
Memory consumption went from 163.6 MB to 159.1 MB.
Total: 35.398400 ms (FindLiveObjects: 1.129400 ms CreateObjectMapping: 0.566500 ms MarkObjects: 30.649600 ms  DeleteObjects: 3.051000 ms)

Prepare: number of updated asset objects reloaded= 0
========================================================================
Received Import Request.
  Time since last request: 7.770995 seconds.
  path: Assets/Scripts/Quest/Objectives/FollowNPCObjective.cs
  artifactKey: Guid(741dc2a5327cf3c45b300c99a01fb192) Importer(2089858483,b0f066a214c2f5e87bad3c948f4d605d)
Start importing Assets/Scripts/Quest/Objectives/FollowNPCObjective.cs using Guid(741dc2a5327cf3c45b300c99a01fb192) Importer(2089858483,b0f066a214c2f5e87bad3c948f4d605d) (ScriptedImporter) -> (artifact id: 'ab54fc5da3a593e202dcf4f3108995c5') in 0.0120447 seconds
Number of updated asset objects reloaded before import = 0Number of asset objects unloaded after import = 0

========================================================================
Received Prepare
Refreshing native plugins compatible for Editor in 2.09 ms, found 4 plugins.
Preloading 0 native plugins for Editor in 0.00 ms.
Unloading 16 Unused Serialized files (Serialized files now loaded: 0)
Unloading 6928 unused Assets / (4.1 MB). Loaded Objects now: 7974.
Memory consumption went from 163.6 MB to 159.5 MB.
Total: 32.901000 ms (FindLiveObjects: 3.097500 ms CreateObjectMapping: 1.000000 ms MarkObjects: 26.221400 ms  DeleteObjects: 2.578500 ms)

Prepare: number of updated asset objects reloaded= 0
========================================================================
Received Import Request.
  Time since last request: 25.696225 seconds.
  path: Assets/Scripts/Quest/Objectives/FollowNPCObjective.cs
  artifactKey: Guid(741dc2a5327cf3c45b300c99a01fb192) Importer(2089858483,b0f066a214c2f5e87bad3c948f4d605d)
Start importing Assets/Scripts/Quest/Objectives/FollowNPCObjective.cs using Guid(741dc2a5327cf3c45b300c99a01fb192) Importer(2089858483,b0f066a214c2f5e87bad3c948f4d605d) (ScriptedImporter) -> (artifact id: '881155b5e125c01773daf1a8bf7aa1f8') in 0.0094874 seconds
Number of updated asset objects reloaded before import = 0Number of asset objects unloaded after import = 0

========================================================================
Received Prepare
Begin MonoManager ReloadAssembly
[Licensing::Client] Successfully resolved entitlement details
- Loaded All Assemblies, in  1.435 seconds
Refreshing native plugins compatible for Editor in 3.54 ms, found 4 plugins.
Native extension for WindowsStandalone target not found
Native extension for WebGL target not found
[Package Manager] Failed to launch server process. Reason: Unity was launched with the -noUpm command-line argument
[Package Manager] Unable to send message (not connected to server process).
[Package Manager] Cannot connect to Unity Package Manager local server
Mono: successfully reloaded assembly
- Finished resetting the current domain, in  1.833 seconds
Domain Reload Profiling: 3272ms
	BeginReloadAssembly (387ms)
		ExecutionOrderSort (0ms)
		DisableScriptedObjects (21ms)
		BackupInstance (0ms)
		ReleaseScriptingObjects (0ms)
		CreateAndSetChildDomain (112ms)
	RebuildCommonClasses (50ms)
	RebuildNativeTypeToScriptingClass (18ms)
	initialDomainReloadingComplete (36ms)
	LoadAllAssembliesAndSetupDomain (947ms)
		LoadAssemblies (776ms)
		RebuildTransferFunctionScriptingTraits (0ms)
		AnalyzeDomain (360ms)
			TypeCache.Refresh (31ms)
				TypeCache.ScanAssembly (2ms)
			BuildScriptInfoCaches (311ms)
			ResolveRequiredComponents (14ms)
	FinalizeReload (1833ms)
		ReleaseScriptCaches (0ms)
		RebuildScriptCaches (0ms)
		SetupLoadedEditorAssemblies (1588ms)
			LogAssemblyErrors (0ms)
			InitializePlatformSupportModulesInManaged (3ms)
			SetLoadedEditorAssemblies (8ms)
			BeforeProcessingInitializeOnLoad (348ms)
			ProcessInitializeOnLoadAttributes (1052ms)
			ProcessInitializeOnLoadMethodAttributes (171ms)
			AfterProcessingInitializeOnLoad (4ms)
			EditorAssembliesLoaded (1ms)
		ExecutionOrderSort2 (0ms)
		AwakeInstancesAfterBackupRestoration (27ms)
Refreshing native plugins compatible for Editor in 4.53 ms, found 4 plugins.
Preloading 0 native plugins for Editor in 0.00 ms.
Unloading 16 Unused Serialized files (Serialized files now loaded: 0)
Unloading 6938 unused Assets / (4.4 MB). Loaded Objects now: 7977.
Memory consumption went from 163.5 MB to 159.1 MB.
Total: 30.559200 ms (FindLiveObjects: 1.381900 ms CreateObjectMapping: 0.655200 ms MarkObjects: 24.399300 ms  DeleteObjects: 4.120800 ms)

Prepare: number of updated asset objects reloaded= 0
========================================================================
Received Import Request.
  Time since last request: 333.398550 seconds.
  path: Assets/ScriptablesObjects/Quests/00_Test/12_FollowToTable.asset
  artifactKey: Guid(b5727b0859f0fde4c834e9967dcdbb32) Importer(815301076,1909f56bfc062723c751e8b465ee728b)
Start importing Assets/ScriptablesObjects/Quests/00_Test/12_FollowToTable.asset using Guid(b5727b0859f0fde4c834e9967dcdbb32) Importer(815301076,1909f56bfc062723c751e8b465ee728b) (PreviewImporter) -> (artifact id: 'badb6dd25ed66381cb8ebc21c4042c71') in 0.0307358 seconds
Number of updated asset objects reloaded before import = 0Number of asset objects unloaded after import = 1

========================================================================
Received Import Request.
  Time since last request: 0.916411 seconds.
  path: Assets/ScriptablesObjects/Quests/00_Test/12_FollowToTable.asset
  artifactKey: Guid(b5727b0859f0fde4c834e9967dcdbb32) Importer(2089858483,b0f066a214c2f5e87bad3c948f4d605d)
Start importing Assets/ScriptablesObjects/Quests/00_Test/12_FollowToTable.asset using Guid(b5727b0859f0fde4c834e9967dcdbb32) Importer(2089858483,b0f066a214c2f5e87bad3c948f4d605d) (ScriptedImporter) -> (artifact id: 'b4aff8474ef0ef70bd7d1e40b42409cb') in 0.0721615 seconds
Number of updated asset objects reloaded before import = 0Number of asset objects unloaded after import = 1

========================================================================
Received Import Request.
  Time since last request: 1084.640281 seconds.
  path: Assets/Instanciables/Maps/TestTown/House01.prefab
  artifactKey: Guid(b6fe6f7d6b97e2344ba85e102d5f5e7b) Importer(815301076,1909f56bfc062723c751e8b465ee728b)
Start importing Assets/Instanciables/Maps/TestTown/House01.prefab using Guid(b6fe6f7d6b97e2344ba85e102d5f5e7b) Importer(815301076,1909f56bfc062723c751e8b465ee728b) (PreviewImporter) -> (artifact id: 'feb79fa4f3fd6cc5b17af3bd71fcb030') in 0.5085386 seconds
Number of updated asset objects reloaded before import = 0Number of asset objects unloaded after import = 374

========================================================================
Received Import Request.
  Time since last request: 90.151677 seconds.
  path: Assets/ScriptablesObjects/Quests/00_Test/12_FollowToTable.asset
  artifactKey: Guid(b5727b0859f0fde4c834e9967dcdbb32) Importer(815301076,1909f56bfc062723c751e8b465ee728b)
Start importing Assets/ScriptablesObjects/Quests/00_Test/12_FollowToTable.asset using Guid(b5727b0859f0fde4c834e9967dcdbb32) Importer(815301076,1909f56bfc062723c751e8b465ee728b) (PreviewImporter) -> (artifact id: '59165c7013bd8a9ce6aefae05355f04b') in 0.0018516 seconds
Number of updated asset objects reloaded before import = 0Number of asset objects unloaded after import = 1

========================================================================
Received Import Request.
  Time since last request: 0.858608 seconds.
  path: Assets/ScriptablesObjects/Quests/00_Test/12_FollowToTable.asset
  artifactKey: Guid(b5727b0859f0fde4c834e9967dcdbb32) Importer(2089858483,b0f066a214c2f5e87bad3c948f4d605d)
Start importing Assets/ScriptablesObjects/Quests/00_Test/12_FollowToTable.asset using Guid(b5727b0859f0fde4c834e9967dcdbb32) Importer(2089858483,b0f066a214c2f5e87bad3c948f4d605d) (ScriptedImporter) -> (artifact id: 'bb3d63e5c06d2b2f0ece9bdd84a427b8') in 0.0093994 seconds
Number of updated asset objects reloaded before import = 0Number of asset objects unloaded after import = 1

========================================================================
Received Import Request.
  Time since last request: 7.417588 seconds.
  path: Assets/ScriptablesObjects/Quests/00_Test/12_FollowToTable.asset
  artifactKey: Guid(b5727b0859f0fde4c834e9967dcdbb32) Importer(815301076,1909f56bfc062723c751e8b465ee728b)
Start importing Assets/ScriptablesObjects/Quests/00_Test/12_FollowToTable.asset using Guid(b5727b0859f0fde4c834e9967dcdbb32) Importer(815301076,1909f56bfc062723c751e8b465ee728b) (PreviewImporter) -> (artifact id: '7c6eed99d8c37cbfe8ae9ef1f674f564') in 0.0013727 seconds
Number of updated asset objects reloaded before import = 0Number of asset objects unloaded after import = 1

========================================================================
Received Import Request.
  Time since last request: 0.868394 seconds.
  path: Assets/ScriptablesObjects/Quests/00_Test/12_FollowToTable.asset
  artifactKey: Guid(b5727b0859f0fde4c834e9967dcdbb32) Importer(2089858483,b0f066a214c2f5e87bad3c948f4d605d)
Start importing Assets/ScriptablesObjects/Quests/00_Test/12_FollowToTable.asset using Guid(b5727b0859f0fde4c834e9967dcdbb32) Importer(2089858483,b0f066a214c2f5e87bad3c948f4d605d) (ScriptedImporter) -> (artifact id: 'b02847a6978812d292420af1f9d3a004') in 0.0056439 seconds
Number of updated asset objects reloaded before import = 0Number of asset objects unloaded after import = 1

========================================================================
Received Import Request.
  Time since last request: 16.443440 seconds.
  path: Assets/ScriptablesObjects/Quests/00_Test/11_DialogueRegis 1.asset
  artifactKey: Guid(a4b6b1862c81012479aa45c658b07ba4) Importer(815301076,1909f56bfc062723c751e8b465ee728b)
Start importing Assets/ScriptablesObjects/Quests/00_Test/11_DialogueRegis 1.asset using Guid(a4b6b1862c81012479aa45c658b07ba4) Importer(815301076,1909f56bfc062723c751e8b465ee728b) (PreviewImporter) -> (artifact id: 'ad38d815e672e241e294a037fae7e0d3') in 0.003209 seconds
Number of updated asset objects reloaded before import = 0Number of asset objects unloaded after import = 1

========================================================================
Received Import Request.
  Time since last request: 0.856852 seconds.
  path: Assets/ScriptablesObjects/Quests/00_Test/11_DialogueRegis 1.asset
  artifactKey: Guid(a4b6b1862c81012479aa45c658b07ba4) Importer(2089858483,b0f066a214c2f5e87bad3c948f4d605d)
Start importing Assets/ScriptablesObjects/Quests/00_Test/11_DialogueRegis 1.asset using Guid(a4b6b1862c81012479aa45c658b07ba4) Importer(2089858483,b0f066a214c2f5e87bad3c948f4d605d) (ScriptedImporter) -> (artifact id: 'f32b6521c497b866c45680821d30fc77') in 0.0058759 seconds
Number of updated asset objects reloaded before import = 0Number of asset objects unloaded after import = 1

========================================================================
Received Import Request.
  Time since last request: 9.753468 seconds.
  path: Assets/ScriptablesObjects/Quests/00_Test/13_DialogueRegisPrePokeball.asset
  artifactKey: Guid(a4b6b1862c81012479aa45c658b07ba4) Importer(815301076,1909f56bfc062723c751e8b465ee728b)
Start importing Assets/ScriptablesObjects/Quests/00_Test/13_DialogueRegisPrePokeball.asset using Guid(a4b6b1862c81012479aa45c658b07ba4) Importer(815301076,1909f56bfc062723c751e8b465ee728b) (PreviewImporter) -> (artifact id: '4552b54e0c3acb4dc092b32d2d7409dd') in 0.0017575 seconds
Number of updated asset objects reloaded before import = 0Number of asset objects unloaded after import = 1

========================================================================
Received Import Request.
  Time since last request: 0.872053 seconds.
  path: Assets/ScriptablesObjects/Quests/00_Test/13_DialogueRegisPrePokeball.asset
  artifactKey: Guid(a4b6b1862c81012479aa45c658b07ba4) Importer(2089858483,b0f066a214c2f5e87bad3c948f4d605d)
Start importing Assets/ScriptablesObjects/Quests/00_Test/13_DialogueRegisPrePokeball.asset using Guid(a4b6b1862c81012479aa45c658b07ba4) Importer(2089858483,b0f066a214c2f5e87bad3c948f4d605d) (ScriptedImporter) -> (artifact id: '66367c0b0e78853038917e82ceadc847') in 0.0056911 seconds
Number of updated asset objects reloaded before import = 0Number of asset objects unloaded after import = 1

========================================================================
Received Import Request.
  Time since last request: 5.387772 seconds.
  path: Assets/ScriptablesObjects/Quests/00_Test/13_DialogueRegisPrePokeball.asset
  artifactKey: Guid(a4b6b1862c81012479aa45c658b07ba4) Importer(815301076,1909f56bfc062723c751e8b465ee728b)
Start importing Assets/ScriptablesObjects/Quests/00_Test/13_DialogueRegisPrePokeball.asset using Guid(a4b6b1862c81012479aa45c658b07ba4) Importer(815301076,1909f56bfc062723c751e8b465ee728b) (PreviewImporter) -> (artifact id: '68fb4ee58b294304209c5fb8633c9dd4') in 0.001332 seconds
Number of updated asset objects reloaded before import = 0Number of asset objects unloaded after import = 1

========================================================================
Received Import Request.
  Time since last request: 0.886052 seconds.
  path: Assets/ScriptablesObjects/Quests/00_Test/13_DialogueRegisPrePokeball.asset
  artifactKey: Guid(a4b6b1862c81012479aa45c658b07ba4) Importer(2089858483,b0f066a214c2f5e87bad3c948f4d605d)
Start importing Assets/ScriptablesObjects/Quests/00_Test/13_DialogueRegisPrePokeball.asset using Guid(a4b6b1862c81012479aa45c658b07ba4) Importer(2089858483,b0f066a214c2f5e87bad3c948f4d605d) (ScriptedImporter) -> (artifact id: '3a0c7cdc6de148747e7859a09417e01f') in 0.0069184 seconds
Number of updated asset objects reloaded before import = 0Number of asset objects unloaded after import = 1

========================================================================
Received Prepare
Begin MonoManager ReloadAssembly
[Licensing::Client] Successfully resolved entitlement details
- Loaded All Assemblies, in  1.269 seconds
Refreshing native plugins compatible for Editor in 2.36 ms, found 4 plugins.
Native extension for WindowsStandalone target not found
Native extension for WebGL target not found
[Package Manager] Failed to launch server process. Reason: Unity was launched with the -noUpm command-line argument
[Package Manager] Unable to send message (not connected to server process).
[Package Manager] Cannot connect to Unity Package Manager local server
Mono: successfully reloaded assembly
- Finished resetting the current domain, in  1.815 seconds
Domain Reload Profiling: 3089ms
	BeginReloadAssembly (386ms)
		ExecutionOrderSort (0ms)
		DisableScriptedObjects (41ms)
		BackupInstance (0ms)
		ReleaseScriptingObjects (1ms)
		CreateAndSetChildDomain (104ms)
	RebuildCommonClasses (57ms)
	RebuildNativeTypeToScriptingClass (16ms)
	initialDomainReloadingComplete (36ms)
	LoadAllAssembliesAndSetupDomain (778ms)
		LoadAssemblies (670ms)
		RebuildTransferFunctionScriptingTraits (0ms)
		AnalyzeDomain (282ms)
			TypeCache.Refresh (10ms)
				TypeCache.ScanAssembly (0ms)
			BuildScriptInfoCaches (249ms)
			ResolveRequiredComponents (17ms)
	FinalizeReload (1816ms)
		ReleaseScriptCaches (0ms)
		RebuildScriptCaches (0ms)
		SetupLoadedEditorAssemblies (1592ms)
			LogAssemblyErrors (0ms)
			InitializePlatformSupportModulesInManaged (3ms)
			SetLoadedEditorAssemblies (10ms)
			BeforeProcessingInitializeOnLoad (306ms)
			ProcessInitializeOnLoadAttributes (1092ms)
			ProcessInitializeOnLoadMethodAttributes (178ms)
			AfterProcessingInitializeOnLoad (3ms)
			EditorAssembliesLoaded (0ms)
		ExecutionOrderSort2 (0ms)
		AwakeInstancesAfterBackupRestoration (27ms)
Refreshing native plugins compatible for Editor in 2.15 ms, found 4 plugins.
Preloading 0 native plugins for Editor in 0.00 ms.
Unloading 16 Unused Serialized files (Serialized files now loaded: 0)
Unloading 6938 unused Assets / (4.2 MB). Loaded Objects now: 8000.
Memory consumption went from 163.7 MB to 159.5 MB.
Total: 33.369200 ms (FindLiveObjects: 1.210900 ms CreateObjectMapping: 0.998000 ms MarkObjects: 28.116000 ms  DeleteObjects: 3.042600 ms)

Prepare: number of updated asset objects reloaded= 0
========================================================================
Received Import Request.
  Time since last request: 71.250300 seconds.
  path: Assets/ScriptablesObjects/Quests/00_Test/08_Wait.asset
  artifactKey: Guid(5bff294f2f7059b4f953b4de00b94d2b) Importer(815301076,1909f56bfc062723c751e8b465ee728b)
Start importing Assets/ScriptablesObjects/Quests/00_Test/08_Wait.asset using Guid(5bff294f2f7059b4f953b4de00b94d2b) Importer(815301076,1909f56bfc062723c751e8b465ee728b) (PreviewImporter) -> (artifact id: 'd066e26741d7151e57b50c4658e2b213') in 0.0357416 seconds
Number of updated asset objects reloaded before import = 0Number of asset objects unloaded after import = 1

========================================================================
Received Prepare
Refreshing native plugins compatible for Editor in 2.27 ms, found 4 plugins.
Preloading 0 native plugins for Editor in 0.00 ms.
Unloading 16 Unused Serialized files (Serialized files now loaded: 0)
Unloading 6928 unused Assets / (4.5 MB). Loaded Objects now: 8000.
Memory consumption went from 163.7 MB to 159.3 MB.
Total: 44.522400 ms (FindLiveObjects: 2.241300 ms CreateObjectMapping: 1.929800 ms MarkObjects: 35.905200 ms  DeleteObjects: 4.444300 ms)

Prepare: number of updated asset objects reloaded= 0
========================================================================
Received Prepare
Begin MonoManager ReloadAssembly
[Licensing::Client] Successfully resolved entitlement details
- Loaded All Assemblies, in  1.136 seconds
Refreshing native plugins compatible for Editor in 2.07 ms, found 4 plugins.
Native extension for WindowsStandalone target not found
Native extension for WebGL target not found
[Package Manager] Failed to launch server process. Reason: Unity was launched with the -noUpm command-line argument
[Package Manager] Unable to send message (not connected to server process).
[Package Manager] Cannot connect to Unity Package Manager local server
Mono: successfully reloaded assembly
- Finished resetting the current domain, in  2.279 seconds
Domain Reload Profiling: 3421ms
	BeginReloadAssembly (334ms)
		ExecutionOrderSort (0ms)
		DisableScriptedObjects (17ms)
		BackupInstance (0ms)
		ReleaseScriptingObjects (0ms)
		CreateAndSetChildDomain (93ms)
	RebuildCommonClasses (45ms)
	RebuildNativeTypeToScriptingClass (16ms)
	initialDomainReloadingComplete (33ms)
	LoadAllAssembliesAndSetupDomain (712ms)
		LoadAssemblies (580ms)
		RebuildTransferFunctionScriptingTraits (0ms)
		AnalyzeDomain (287ms)
			TypeCache.Refresh (13ms)
				TypeCache.ScanAssembly (1ms)
			BuildScriptInfoCaches (252ms)
			ResolveRequiredComponents (16ms)
	FinalizeReload (2280ms)
		ReleaseScriptCaches (0ms)
		RebuildScriptCaches (0ms)
		SetupLoadedEditorAssemblies (2033ms)
			LogAssemblyErrors (0ms)
			InitializePlatformSupportModulesInManaged (3ms)
			SetLoadedEditorAssemblies (9ms)
			BeforeProcessingInitializeOnLoad (464ms)
			ProcessInitializeOnLoadAttributes (1341ms)
			ProcessInitializeOnLoadMethodAttributes (212ms)
			AfterProcessingInitializeOnLoad (4ms)
			EditorAssembliesLoaded (1ms)
		ExecutionOrderSort2 (0ms)
		AwakeInstancesAfterBackupRestoration (24ms)
Refreshing native plugins compatible for Editor in 2.33 ms, found 4 plugins.
Preloading 0 native plugins for Editor in 0.00 ms.
Unloading 16 Unused Serialized files (Serialized files now loaded: 0)
Unloading 6938 unused Assets / (4.3 MB). Loaded Objects now: 8003.
Memory consumption went from 163.6 MB to 159.2 MB.
Total: 33.304400 ms (FindLiveObjects: 1.400100 ms CreateObjectMapping: 0.923000 ms MarkObjects: 27.872200 ms  DeleteObjects: 3.106400 ms)

Prepare: number of updated asset objects reloaded= 0
========================================================================
Received Prepare
Begin MonoManager ReloadAssembly
- Loaded All Assemblies, in  1.365 seconds
Refreshing native plugins compatible for Editor in 2.61 ms, found 4 plugins.
Native extension for WindowsStandalone target not found
Native extension for WebGL target not found
[Package Manager] Failed to launch server process. Reason: Unity was launched with the -noUpm command-line argument
[Package Manager] Unable to send message (not connected to server process).
[Package Manager] Cannot connect to Unity Package Manager local server
Mono: successfully reloaded assembly
- Finished resetting the current domain, in  1.696 seconds
Domain Reload Profiling: 3063ms
	BeginReloadAssembly (425ms)
		ExecutionOrderSort (0ms)
		DisableScriptedObjects (22ms)
		BackupInstance (0ms)
		ReleaseScriptingObjects (1ms)
		CreateAndSetChildDomain (106ms)
	RebuildCommonClasses (56ms)
	RebuildNativeTypeToScriptingClass (25ms)
	initialDomainReloadingComplete (43ms)
	LoadAllAssembliesAndSetupDomain (818ms)
		LoadAssemblies (742ms)
		RebuildTransferFunctionScriptingTraits (0ms)
		AnalyzeDomain (299ms)
			TypeCache.Refresh (14ms)
				TypeCache.ScanAssembly (1ms)
			BuildScriptInfoCaches (259ms)
			ResolveRequiredComponents (18ms)
	FinalizeReload (1696ms)
		ReleaseScriptCaches (0ms)
		RebuildScriptCaches (0ms)
		SetupLoadedEditorAssemblies (1482ms)
			LogAssemblyErrors (0ms)
			InitializePlatformSupportModulesInManaged (2ms)
			SetLoadedEditorAssemblies (8ms)
			BeforeProcessingInitializeOnLoad (330ms)
			ProcessInitializeOnLoadAttributes (977ms)
			ProcessInitializeOnLoadMethodAttributes (161ms)
			AfterProcessingInitializeOnLoad (4ms)
			EditorAssembliesLoaded (1ms)
		ExecutionOrderSort2 (0ms)
		AwakeInstancesAfterBackupRestoration (22ms)
Refreshing native plugins compatible for Editor in 3.43 ms, found 4 plugins.
Preloading 0 native plugins for Editor in 0.00 ms.
Unloading 16 Unused Serialized files (Serialized files now loaded: 0)
Unloading 6938 unused Assets / (4.5 MB). Loaded Objects now: 8006.
Memory consumption went from 163.6 MB to 159.1 MB.
Total: 28.816200 ms (FindLiveObjects: 1.183800 ms CreateObjectMapping: 0.873600 ms MarkObjects: 23.469700 ms  DeleteObjects: 3.286000 ms)

Prepare: number of updated asset objects reloaded= 0
========================================================================
Received Prepare
Begin MonoManager ReloadAssembly
- Loaded All Assemblies, in  1.233 seconds
Refreshing native plugins compatible for Editor in 2.57 ms, found 4 plugins.
Native extension for WindowsStandalone target not found
Native extension for WebGL target not found
[Package Manager] Failed to launch server process. Reason: Unity was launched with the -noUpm command-line argument
[Package Manager] Unable to send message (not connected to server process).
[Package Manager] Cannot connect to Unity Package Manager local server
Mono: successfully reloaded assembly
- Finished resetting the current domain, in  1.851 seconds
Domain Reload Profiling: 3090ms
	BeginReloadAssembly (334ms)
		ExecutionOrderSort (0ms)
		DisableScriptedObjects (18ms)
		BackupInstance (0ms)
		ReleaseScriptingObjects (1ms)
		CreateAndSetChildDomain (82ms)
	RebuildCommonClasses (53ms)
	RebuildNativeTypeToScriptingClass (17ms)
	initialDomainReloadingComplete (37ms)
	LoadAllAssembliesAndSetupDomain (796ms)
		LoadAssemblies (661ms)
		RebuildTransferFunctionScriptingTraits (0ms)
		AnalyzeDomain (305ms)
			TypeCache.Refresh (12ms)
				TypeCache.ScanAssembly (0ms)
			BuildScriptInfoCaches (270ms)
			ResolveRequiredComponents (17ms)
	FinalizeReload (1852ms)
		ReleaseScriptCaches (0ms)
		RebuildScriptCaches (0ms)
		SetupLoadedEditorAssemblies (1617ms)
			LogAssemblyErrors (0ms)
			InitializePlatformSupportModulesInManaged (3ms)
			SetLoadedEditorAssemblies (8ms)
			BeforeProcessingInitializeOnLoad (312ms)
			ProcessInitializeOnLoadAttributes (1064ms)
			ProcessInitializeOnLoadMethodAttributes (227ms)
			AfterProcessingInitializeOnLoad (3ms)
			EditorAssembliesLoaded (1ms)
		ExecutionOrderSort2 (0ms)
		AwakeInstancesAfterBackupRestoration (25ms)
Refreshing native plugins compatible for Editor in 2.38 ms, found 4 plugins.
Preloading 0 native plugins for Editor in 0.00 ms.
Unloading 16 Unused Serialized files (Serialized files now loaded: 0)
Unloading 6938 unused Assets / (4.5 MB). Loaded Objects now: 8009.
Memory consumption went from 163.7 MB to 159.2 MB.
Total: 38.143200 ms (FindLiveObjects: 1.323700 ms CreateObjectMapping: 0.381600 ms MarkObjects: 32.199900 ms  DeleteObjects: 4.235100 ms)

Prepare: number of updated asset objects reloaded= 0
========================================================================
Received Prepare
Refreshing native plugins compatible for Editor in 3.19 ms, found 4 plugins.
Preloading 0 native plugins for Editor in 0.00 ms.
Unloading 16 Unused Serialized files (Serialized files now loaded: 0)
Unloading 6928 unused Assets / (5.1 MB). Loaded Objects now: 8009.
Memory consumption went from 163.8 MB to 158.7 MB.
Total: 62.969700 ms (FindLiveObjects: 4.091500 ms CreateObjectMapping: 2.265600 ms MarkObjects: 50.199200 ms  DeleteObjects: 6.410800 ms)

Prepare: number of updated asset objects reloaded= 0
========================================================================
Received Prepare
Begin MonoManager ReloadAssembly
[Licensing::Client] Successfully resolved entitlement details
- Loaded All Assemblies, in  1.329 seconds
Refreshing native plugins compatible for Editor in 2.37 ms, found 4 plugins.
Native extension for WindowsStandalone target not found
Native extension for WebGL target not found
[Package Manager] Failed to launch server process. Reason: Unity was launched with the -noUpm command-line argument
[Package Manager] Unable to send message (not connected to server process).
[Package Manager] Cannot connect to Unity Package Manager local server
Mono: successfully reloaded assembly
- Finished resetting the current domain, in  1.738 seconds
Domain Reload Profiling: 3072ms
	BeginReloadAssembly (370ms)
		ExecutionOrderSort (0ms)
		DisableScriptedObjects (21ms)
		BackupInstance (0ms)
		ReleaseScriptingObjects (0ms)
		CreateAndSetChildDomain (96ms)
	RebuildCommonClasses (54ms)
	RebuildNativeTypeToScriptingClass (18ms)
	initialDomainReloadingComplete (41ms)
	LoadAllAssembliesAndSetupDomain (850ms)
		LoadAssemblies (694ms)
		RebuildTransferFunctionScriptingTraits (0ms)
		AnalyzeDomain (327ms)
			TypeCache.Refresh (15ms)
				TypeCache.ScanAssembly (1ms)
			BuildScriptInfoCaches (291ms)
			ResolveRequiredComponents (16ms)
	FinalizeReload (1738ms)
		ReleaseScriptCaches (0ms)
		RebuildScriptCaches (0ms)
		SetupLoadedEditorAssemblies (1515ms)
			LogAssemblyErrors (0ms)
			InitializePlatformSupportModulesInManaged (2ms)
			SetLoadedEditorAssemblies (11ms)
			BeforeProcessingInitializeOnLoad (319ms)
			ProcessInitializeOnLoadAttributes (1009ms)
			ProcessInitializeOnLoadMethodAttributes (171ms)
			AfterProcessingInitializeOnLoad (3ms)
			EditorAssembliesLoaded (0ms)
		ExecutionOrderSort2 (0ms)
		AwakeInstancesAfterBackupRestoration (26ms)
Refreshing native plugins compatible for Editor in 2.00 ms, found 4 plugins.
Preloading 0 native plugins for Editor in 0.00 ms.
Unloading 16 Unused Serialized files (Serialized files now loaded: 0)
Unloading 6938 unused Assets / (4.4 MB). Loaded Objects now: 8012.
Memory consumption went from 163.7 MB to 159.4 MB.
Total: 31.345800 ms (FindLiveObjects: 1.662300 ms CreateObjectMapping: 1.235900 ms MarkObjects: 25.617800 ms  DeleteObjects: 2.827900 ms)

Prepare: number of updated asset objects reloaded= 0
========================================================================
Received Prepare
Begin MonoManager ReloadAssembly
- Loaded All Assemblies, in  1.263 seconds
Refreshing native plugins compatible for Editor in 2.99 ms, found 4 plugins.
Native extension for WindowsStandalone target not found
Native extension for WebGL target not found
[Package Manager] Failed to launch server process. Reason: Unity was launched with the -noUpm command-line argument
[Package Manager] Unable to send message (not connected to server process).
[Package Manager] Cannot connect to Unity Package Manager local server
Mono: successfully reloaded assembly
- Finished resetting the current domain, in  1.922 seconds
Domain Reload Profiling: 3188ms
	BeginReloadAssembly (352ms)
		ExecutionOrderSort (0ms)
		DisableScriptedObjects (23ms)
		BackupInstance (0ms)
		ReleaseScriptingObjects (1ms)
		CreateAndSetChildDomain (86ms)
	RebuildCommonClasses (50ms)
	RebuildNativeTypeToScriptingClass (16ms)
	initialDomainReloadingComplete (36ms)
	LoadAllAssembliesAndSetupDomain (812ms)
		LoadAssemblies (664ms)
		RebuildTransferFunctionScriptingTraits (0ms)
		AnalyzeDomain (321ms)
			TypeCache.Refresh (16ms)
				TypeCache.ScanAssembly (1ms)
			BuildScriptInfoCaches (264ms)
			ResolveRequiredComponents (27ms)
	FinalizeReload (1922ms)
		ReleaseScriptCaches (0ms)
		RebuildScriptCaches (0ms)
		SetupLoadedEditorAssemblies (1705ms)
			LogAssemblyErrors (0ms)
			InitializePlatformSupportModulesInManaged (2ms)
			SetLoadedEditorAssemblies (9ms)
			BeforeProcessingInitializeOnLoad (359ms)
			ProcessInitializeOnLoadAttributes (1097ms)
			ProcessInitializeOnLoadMethodAttributes (235ms)
			AfterProcessingInitializeOnLoad (3ms)
			EditorAssembliesLoaded (1ms)
		ExecutionOrderSort2 (0ms)
		AwakeInstancesAfterBackupRestoration (19ms)
Refreshing native plugins compatible for Editor in 4.57 ms, found 4 plugins.
Preloading 0 native plugins for Editor in 0.00 ms.
Unloading 16 Unused Serialized files (Serialized files now loaded: 0)
Unloading 6938 unused Assets / (4.4 MB). Loaded Objects now: 8015.
Memory consumption went from 163.8 MB to 159.4 MB.
Total: 30.244200 ms (FindLiveObjects: 1.278400 ms CreateObjectMapping: 0.496400 ms MarkObjects: 24.658700 ms  DeleteObjects: 3.808900 ms)

Prepare: number of updated asset objects reloaded= 0
========================================================================
Received Prepare
Refreshing native plugins compatible for Editor in 3.26 ms, found 4 plugins.
Preloading 0 native plugins for Editor in 0.00 ms.
Unloading 16 Unused Serialized files (Serialized files now loaded: 0)
Unloading 6928 unused Assets / (3.7 MB). Loaded Objects now: 8015.
Memory consumption went from 163.9 MB to 160.2 MB.
Total: 60.540700 ms (FindLiveObjects: 1.479100 ms CreateObjectMapping: 1.130600 ms MarkObjects: 46.442200 ms  DeleteObjects: 11.486100 ms)

Prepare: number of updated asset objects reloaded= 0
========================================================================
Received Prepare
Begin MonoManager ReloadAssembly
- Loaded All Assemblies, in  1.272 seconds
Refreshing native plugins compatible for Editor in 1.88 ms, found 4 plugins.
Native extension for WindowsStandalone target not found
Native extension for WebGL target not found
[Package Manager] Failed to launch server process. Reason: Unity was launched with the -noUpm command-line argument
[Package Manager] Unable to send message (not connected to server process).
[Package Manager] Cannot connect to Unity Package Manager local server
Mono: successfully reloaded assembly
- Finished resetting the current domain, in  2.091 seconds
Domain Reload Profiling: 3367ms
	BeginReloadAssembly (351ms)
		ExecutionOrderSort (0ms)
		DisableScriptedObjects (19ms)
		BackupInstance (0ms)
		ReleaseScriptingObjects (0ms)
		CreateAndSetChildDomain (84ms)
	RebuildCommonClasses (53ms)
	RebuildNativeTypeToScriptingClass (20ms)
	initialDomainReloadingComplete (42ms)
	LoadAllAssembliesAndSetupDomain (810ms)
		LoadAssemblies (690ms)
		RebuildTransferFunctionScriptingTraits (0ms)
		AnalyzeDomain (298ms)
			TypeCache.Refresh (15ms)
				TypeCache.ScanAssembly (1ms)
			BuildScriptInfoCaches (257ms)
			ResolveRequiredComponents (17ms)
	FinalizeReload (2092ms)
		ReleaseScriptCaches (0ms)
		RebuildScriptCaches (0ms)
		SetupLoadedEditorAssemblies (1874ms)
			LogAssemblyErrors (0ms)
			InitializePlatformSupportModulesInManaged (4ms)
			SetLoadedEditorAssemblies (7ms)
			BeforeProcessingInitializeOnLoad (337ms)
			ProcessInitializeOnLoadAttributes (1349ms)
			ProcessInitializeOnLoadMethodAttributes (174ms)
			AfterProcessingInitializeOnLoad (3ms)
			EditorAssembliesLoaded (0ms)
		ExecutionOrderSort2 (0ms)
		AwakeInstancesAfterBackupRestoration (20ms)
Refreshing native plugins compatible for Editor in 2.00 ms, found 4 plugins.
Preloading 0 native plugins for Editor in 0.00 ms.
Unloading 16 Unused Serialized files (Serialized files now loaded: 0)
Unloading 6938 unused Assets / (4.3 MB). Loaded Objects now: 8018.
Memory consumption went from 163.8 MB to 159.5 MB.
Total: 33.235400 ms (FindLiveObjects: 1.585500 ms CreateObjectMapping: 1.947800 ms MarkObjects: 26.742600 ms  DeleteObjects: 2.957600 ms)

Prepare: number of updated asset objects reloaded= 0
========================================================================
Received Prepare
Refreshing native plugins compatible for Editor in 2.12 ms, found 4 plugins.
Preloading 0 native plugins for Editor in 0.00 ms.
Unloading 16 Unused Serialized files (Serialized files now loaded: 0)
Unloading 6928 unused Assets / (4.3 MB). Loaded Objects now: 8018.
Memory consumption went from 164.0 MB to 159.7 MB.
Total: 31.262900 ms (FindLiveObjects: 1.161800 ms CreateObjectMapping: 0.423200 ms MarkObjects: 26.759900 ms  DeleteObjects: 2.915500 ms)

Prepare: number of updated asset objects reloaded= 0
========================================================================
Received Prepare
Begin MonoManager ReloadAssembly
- Loaded All Assemblies, in  1.244 seconds
Refreshing native plugins compatible for Editor in 2.17 ms, found 4 plugins.
Native extension for WindowsStandalone target not found
Native extension for WebGL target not found
[Package Manager] Failed to launch server process. Reason: Unity was launched with the -noUpm command-line argument
[Package Manager] Unable to send message (not connected to server process).
[Package Manager] Cannot connect to Unity Package Manager local server
Mono: successfully reloaded assembly
- Finished resetting the current domain, in  1.739 seconds
Domain Reload Profiling: 2989ms
	BeginReloadAssembly (347ms)
		ExecutionOrderSort (0ms)
		DisableScriptedObjects (19ms)
		BackupInstance (0ms)
		ReleaseScriptingObjects (1ms)
		CreateAndSetChildDomain (83ms)
	RebuildCommonClasses (50ms)
	RebuildNativeTypeToScriptingClass (17ms)
	initialDomainReloadingComplete (38ms)
	LoadAllAssembliesAndSetupDomain (796ms)
		LoadAssemblies (666ms)
		RebuildTransferFunctionScriptingTraits (0ms)
		AnalyzeDomain (307ms)
			TypeCache.Refresh (17ms)
				TypeCache.ScanAssembly (1ms)
			BuildScriptInfoCaches (265ms)
			ResolveRequiredComponents (19ms)
	FinalizeReload (1740ms)
		ReleaseScriptCaches (0ms)
		RebuildScriptCaches (0ms)
		SetupLoadedEditorAssemblies (1522ms)
			LogAssemblyErrors (0ms)
			InitializePlatformSupportModulesInManaged (3ms)
			SetLoadedEditorAssemblies (14ms)
			BeforeProcessingInitializeOnLoad (325ms)
			ProcessInitializeOnLoadAttributes (1015ms)
			ProcessInitializeOnLoadMethodAttributes (162ms)
			AfterProcessingInitializeOnLoad (3ms)
			EditorAssembliesLoaded (0ms)
		ExecutionOrderSort2 (0ms)
		AwakeInstancesAfterBackupRestoration (18ms)
Refreshing native plugins compatible for Editor in 2.13 ms, found 4 plugins.
Preloading 0 native plugins for Editor in 0.00 ms.
Unloading 16 Unused Serialized files (Serialized files now loaded: 0)
Unloading 6938 unused Assets / (4.3 MB). Loaded Objects now: 8021.
Memory consumption went from 163.9 MB to 159.6 MB.
Total: 33.420100 ms (FindLiveObjects: 1.119300 ms CreateObjectMapping: 1.015200 ms MarkObjects: 28.324300 ms  DeleteObjects: 2.959500 ms)

Prepare: number of updated asset objects reloaded= 0
========================================================================
Received Prepare
Begin MonoManager ReloadAssembly
[Licensing::Client] Successfully resolved entitlement details
- Loaded All Assemblies, in  1.371 seconds
Refreshing native plugins compatible for Editor in 1.96 ms, found 4 plugins.
Native extension for WindowsStandalone target not found
Native extension for WebGL target not found
[Package Manager] Failed to launch server process. Reason: Unity was launched with the -noUpm command-line argument
[Package Manager] Unable to send message (not connected to server process).
[Package Manager] Cannot connect to Unity Package Manager local server
Mono: successfully reloaded assembly
- Finished resetting the current domain, in  1.816 seconds
Domain Reload Profiling: 3193ms
	BeginReloadAssembly (346ms)
		ExecutionOrderSort (0ms)
		DisableScriptedObjects (18ms)
		BackupInstance (0ms)
		ReleaseScriptingObjects (1ms)
		CreateAndSetChildDomain (86ms)
	RebuildCommonClasses (49ms)
	RebuildNativeTypeToScriptingClass (20ms)
	initialDomainReloadingComplete (44ms)
	LoadAllAssembliesAndSetupDomain (916ms)
		LoadAssemblies (756ms)
		RebuildTransferFunctionScriptingTraits (0ms)
		AnalyzeDomain (336ms)
			TypeCache.Refresh (13ms)
				TypeCache.ScanAssembly (0ms)
			BuildScriptInfoCaches (301ms)
			ResolveRequiredComponents (17ms)
	FinalizeReload (1817ms)
		ReleaseScriptCaches (0ms)
		RebuildScriptCaches (0ms)
		SetupLoadedEditorAssemblies (1601ms)
			LogAssemblyErrors (0ms)
			InitializePlatformSupportModulesInManaged (5ms)
			SetLoadedEditorAssemblies (7ms)
			BeforeProcessingInitializeOnLoad (318ms)
			ProcessInitializeOnLoadAttributes (1091ms)
			ProcessInitializeOnLoadMethodAttributes (175ms)
			AfterProcessingInitializeOnLoad (3ms)
			EditorAssembliesLoaded (0ms)
		ExecutionOrderSort2 (0ms)
		AwakeInstancesAfterBackupRestoration (20ms)
Refreshing native plugins compatible for Editor in 2.86 ms, found 4 plugins.
Preloading 0 native plugins for Editor in 0.00 ms.
Unloading 16 Unused Serialized files (Serialized files now loaded: 0)
Unloading 6938 unused Assets / (4.6 MB). Loaded Objects now: 8024.
Memory consumption went from 163.9 MB to 159.3 MB.
Total: 36.801300 ms (FindLiveObjects: 1.282100 ms CreateObjectMapping: 1.038400 ms MarkObjects: 27.219500 ms  DeleteObjects: 7.259300 ms)

Prepare: number of updated asset objects reloaded= 0
========================================================================
Received Import Request.
  Time since last request: 284.619531 seconds.
  path: Assets/ScriptablesObjects/Quests/00_Test/12_FollowToTable.asset
  artifactKey: Guid(b5727b0859f0fde4c834e9967dcdbb32) Importer(815301076,1909f56bfc062723c751e8b465ee728b)
Start importing Assets/ScriptablesObjects/Quests/00_Test/12_FollowToTable.asset using Guid(b5727b0859f0fde4c834e9967dcdbb32) Importer(815301076,1909f56bfc062723c751e8b465ee728b) (PreviewImporter) -> (artifact id: '419d7f550ab3829030ec73773cc5e261') in 0.1154455 seconds
Number of updated asset objects reloaded before import = 0Number of asset objects unloaded after import = 1

========================================================================
Received Prepare
Begin MonoManager ReloadAssembly
[Licensing::Client] Successfully resolved entitlement details
- Loaded All Assemblies, in  1.297 seconds
Refreshing native plugins compatible for Editor in 1.88 ms, found 4 plugins.
Native extension for WindowsStandalone target not found
Native extension for WebGL target not found
[Package Manager] Failed to launch server process. Reason: Unity was launched with the -noUpm command-line argument
[Package Manager] Unable to send message (not connected to server process).
[Package Manager] Cannot connect to Unity Package Manager local server
Mono: successfully reloaded assembly
- Finished resetting the current domain, in  1.786 seconds
Domain Reload Profiling: 3087ms
	BeginReloadAssembly (398ms)
		ExecutionOrderSort (0ms)
		DisableScriptedObjects (20ms)
		BackupInstance (0ms)
		ReleaseScriptingObjects (1ms)
		CreateAndSetChildDomain (126ms)
	RebuildCommonClasses (53ms)
	RebuildNativeTypeToScriptingClass (20ms)
	initialDomainReloadingComplete (43ms)
	LoadAllAssembliesAndSetupDomain (787ms)
		LoadAssemblies (668ms)
		RebuildTransferFunctionScriptingTraits (0ms)
		AnalyzeDomain (298ms)
			TypeCache.Refresh (12ms)
				TypeCache.ScanAssembly (0ms)
			BuildScriptInfoCaches (262ms)
			ResolveRequiredComponents (17ms)
	FinalizeReload (1787ms)
		ReleaseScriptCaches (0ms)
		RebuildScriptCaches (0ms)
		SetupLoadedEditorAssemblies (1571ms)
			LogAssemblyErrors (0ms)
			InitializePlatformSupportModulesInManaged (2ms)
			SetLoadedEditorAssemblies (9ms)
			BeforeProcessingInitializeOnLoad (326ms)
			ProcessInitializeOnLoadAttributes (1053ms)
			ProcessInitializeOnLoadMethodAttributes (177ms)
			AfterProcessingInitializeOnLoad (3ms)
			EditorAssembliesLoaded (0ms)
		ExecutionOrderSort2 (0ms)
		AwakeInstancesAfterBackupRestoration (23ms)
Refreshing native plugins compatible for Editor in 2.22 ms, found 4 plugins.
Preloading 0 native plugins for Editor in 0.00 ms.
Unloading 16 Unused Serialized files (Serialized files now loaded: 0)
Unloading 6938 unused Assets / (4.2 MB). Loaded Objects now: 8027.
Memory consumption went from 164.0 MB to 159.8 MB.
Total: 38.771200 ms (FindLiveObjects: 4.989700 ms CreateObjectMapping: 1.201800 ms MarkObjects: 28.706800 ms  DeleteObjects: 3.870400 ms)

Prepare: number of updated asset objects reloaded= 0
========================================================================
Received Prepare
Begin MonoManager ReloadAssembly
- Loaded All Assemblies, in  1.298 seconds
Refreshing native plugins compatible for Editor in 2.14 ms, found 4 plugins.
Native extension for WindowsStandalone target not found
Native extension for WebGL target not found
[Package Manager] Failed to launch server process. Reason: Unity was launched with the -noUpm command-line argument
[Package Manager] Unable to send message (not connected to server process).
[Package Manager] Cannot connect to Unity Package Manager local server
Mono: successfully reloaded assembly
- Finished resetting the current domain, in  2.111 seconds
Domain Reload Profiling: 3416ms
	BeginReloadAssembly (374ms)
		ExecutionOrderSort (0ms)
		DisableScriptedObjects (18ms)
		BackupInstance (0ms)
		ReleaseScriptingObjects (1ms)
		CreateAndSetChildDomain (91ms)
	RebuildCommonClasses (49ms)
	RebuildNativeTypeToScriptingClass (22ms)
	initialDomainReloadingComplete (41ms)
	LoadAllAssembliesAndSetupDomain (816ms)
		LoadAssemblies (718ms)
		RebuildTransferFunctionScriptingTraits (0ms)
		AnalyzeDomain (295ms)
			TypeCache.Refresh (11ms)
				TypeCache.ScanAssembly (0ms)
			BuildScriptInfoCaches (262ms)
			ResolveRequiredComponents (15ms)
	FinalizeReload (2114ms)
		ReleaseScriptCaches (0ms)
		RebuildScriptCaches (0ms)
		SetupLoadedEditorAssemblies (1865ms)
			LogAssemblyErrors (0ms)
			InitializePlatformSupportModulesInManaged (2ms)
			SetLoadedEditorAssemblies (8ms)
			BeforeProcessingInitializeOnLoad (334ms)
			ProcessInitializeOnLoadAttributes (1271ms)
			ProcessInitializeOnLoadMethodAttributes (242ms)
			AfterProcessingInitializeOnLoad (6ms)
			EditorAssembliesLoaded (1ms)
		ExecutionOrderSort2 (0ms)
		AwakeInstancesAfterBackupRestoration (39ms)
Refreshing native plugins compatible for Editor in 2.17 ms, found 4 plugins.
Preloading 0 native plugins for Editor in 0.00 ms.
Unloading 16 Unused Serialized files (Serialized files now loaded: 0)
Unloading 6938 unused Assets / (4.6 MB). Loaded Objects now: 8030.
Memory consumption went from 164.0 MB to 159.4 MB.
Total: 41.660100 ms (FindLiveObjects: 1.296200 ms CreateObjectMapping: 1.466300 ms MarkObjects: 33.891300 ms  DeleteObjects: 5.004000 ms)

Prepare: number of updated asset objects reloaded= 0
========================================================================
Received Import Request.
  Time since last request: 112.265506 seconds.
  path: Assets/ScriptablesObjects/Quests/00_Test/04_UnFreeze 1.asset
  artifactKey: Guid(343f13cfb00b8c24d8918ee1e038b55b) Importer(815301076,1909f56bfc062723c751e8b465ee728b)
Start importing Assets/ScriptablesObjects/Quests/00_Test/04_UnFreeze 1.asset using Guid(343f13cfb00b8c24d8918ee1e038b55b) Importer(815301076,1909f56bfc062723c751e8b465ee728b) (PreviewImporter) -> (artifact id: '5aef333f11cd7822e197bb95bc701ca7') in 0.047088 seconds
Number of updated asset objects reloaded before import = 0Number of asset objects unloaded after import = 1

========================================================================
Received Import Request.
  Time since last request: 7.426617 seconds.
  path: Assets/ScriptablesObjects/Quests/00_Test/14_UnFreeze.asset
  artifactKey: Guid(343f13cfb00b8c24d8918ee1e038b55b) Importer(815301076,1909f56bfc062723c751e8b465ee728b)
Start importing Assets/ScriptablesObjects/Quests/00_Test/14_UnFreeze.asset using Guid(343f13cfb00b8c24d8918ee1e038b55b) Importer(815301076,1909f56bfc062723c751e8b465ee728b) (PreviewImporter) -> (artifact id: 'a7d1c8a82a37eb72b35271abbb8ce814') in 0.0013848 seconds
Number of updated asset objects reloaded before import = 0Number of asset objects unloaded after import = 1

========================================================================
Received Import Request.
  Time since last request: 2.788542 seconds.
  path: Assets/ScriptablesObjects/Quests/00_Test/00_TestQuest.asset
  artifactKey: Guid(ccad300bf70271740b8b94c7cdfb8ce1) Importer(815301076,1909f56bfc062723c751e8b465ee728b)
Start importing Assets/ScriptablesObjects/Quests/00_Test/00_TestQuest.asset using Guid(ccad300bf70271740b8b94c7cdfb8ce1) Importer(815301076,1909f56bfc062723c751e8b465ee728b) (PreviewImporter) -> (artifact id: '9736f926454c32670832e4343c9ddfba') in 0.0049883 seconds
Number of updated asset objects reloaded before import = 0Number of asset objects unloaded after import = 14

========================================================================
Received Import Request.
  Time since last request: 3.625599 seconds.
  path: Assets/ScriptablesObjects/Quests/00_Test/00_TestQuest.asset
  artifactKey: Guid(ccad300bf70271740b8b94c7cdfb8ce1) Importer(815301076,1909f56bfc062723c751e8b465ee728b)
Start importing Assets/ScriptablesObjects/Quests/00_Test/00_TestQuest.asset using Guid(ccad300bf70271740b8b94c7cdfb8ce1) Importer(815301076,1909f56bfc062723c751e8b465ee728b) (PreviewImporter) -> (artifact id: '02fe97ebbab88be753975cee713fc414') in 0.0040835 seconds
Number of updated asset objects reloaded before import = 0Number of asset objects unloaded after import = 15

========================================================================
Received Prepare
Begin MonoManager ReloadAssembly
[Licensing::Client] Successfully resolved entitlement details
- Loaded All Assemblies, in  1.251 seconds
Refreshing native plugins compatible for Editor in 2.74 ms, found 4 plugins.
Native extension for WindowsStandalone target not found
Native extension for WebGL target not found
[Package Manager] Failed to launch server process. Reason: Unity was launched with the -noUpm command-line argument
[Package Manager] Unable to send message (not connected to server process).
[Package Manager] Cannot connect to Unity Package Manager local server
Mono: successfully reloaded assembly
- Finished resetting the current domain, in  1.766 seconds
Domain Reload Profiling: 3022ms
	BeginReloadAssembly (350ms)
		ExecutionOrderSort (0ms)
		DisableScriptedObjects (22ms)
		BackupInstance (0ms)
		ReleaseScriptingObjects (1ms)
		CreateAndSetChildDomain (90ms)
	RebuildCommonClasses (51ms)
	RebuildNativeTypeToScriptingClass (23ms)
	initialDomainReloadingComplete (40ms)
	LoadAllAssembliesAndSetupDomain (791ms)
		LoadAssemblies (667ms)
		RebuildTransferFunctionScriptingTraits (0ms)
		AnalyzeDomain (293ms)
			TypeCache.Refresh (8ms)
				TypeCache.ScanAssembly (0ms)
			BuildScriptInfoCaches (264ms)
			ResolveRequiredComponents (14ms)
	FinalizeReload (1766ms)
		ReleaseScriptCaches (0ms)
		RebuildScriptCaches (0ms)
		SetupLoadedEditorAssemblies (1548ms)
			LogAssemblyErrors (0ms)
			InitializePlatformSupportModulesInManaged (5ms)
			SetLoadedEditorAssemblies (7ms)
			BeforeProcessingInitializeOnLoad (309ms)
			ProcessInitializeOnLoadAttributes (1033ms)
			ProcessInitializeOnLoadMethodAttributes (190ms)
			AfterProcessingInitializeOnLoad (3ms)
			EditorAssembliesLoaded (0ms)
		ExecutionOrderSort2 (0ms)
		AwakeInstancesAfterBackupRestoration (21ms)
Refreshing native plugins compatible for Editor in 2.44 ms, found 4 plugins.
Preloading 0 native plugins for Editor in 0.00 ms.
Unloading 16 Unused Serialized files (Serialized files now loaded: 0)
Unloading 6938 unused Assets / (4.2 MB). Loaded Objects now: 8033.
Memory consumption went from 164.0 MB to 159.8 MB.
Total: 33.436800 ms (FindLiveObjects: 1.332700 ms CreateObjectMapping: 1.660800 ms MarkObjects: 27.059500 ms  DeleteObjects: 3.382400 ms)

Prepare: number of updated asset objects reloaded= 0
========================================================================
Received Import Request.
  Time since last request: 75.300765 seconds.
  path: Assets/ScriptablesObjects/Quests/00_Test/13_DialogueRegisPrePokeball 1.asset
  artifactKey: Guid(65ea8807d78753f4c94d12a68467b6d6) Importer(815301076,1909f56bfc062723c751e8b465ee728b)
Start importing Assets/ScriptablesObjects/Quests/00_Test/13_DialogueRegisPrePokeball 1.asset using Guid(65ea8807d78753f4c94d12a68467b6d6) Importer(815301076,1909f56bfc062723c751e8b465ee728b) (PreviewImporter) -> (artifact id: 'ec67f95b541d95aa7bccc244dc5e49c1') in 0.0369445 seconds
Number of updated asset objects reloaded before import = 0Number of asset objects unloaded after import = 1

========================================================================
Received Import Request.
  Time since last request: 12.266691 seconds.
  path: Assets/ScriptablesObjects/Quests/00_Test/14_DialogueRegisPrePokeball2.asset
  artifactKey: Guid(65ea8807d78753f4c94d12a68467b6d6) Importer(815301076,1909f56bfc062723c751e8b465ee728b)
Start importing Assets/ScriptablesObjects/Quests/00_Test/14_DialogueRegisPrePokeball2.asset using Guid(65ea8807d78753f4c94d12a68467b6d6) Importer(815301076,1909f56bfc062723c751e8b465ee728b) (PreviewImporter) -> (artifact id: '76d316a2e9493355d6b91367d34a4a0b') in 0.0017574 seconds
Number of updated asset objects reloaded before import = 0Number of asset objects unloaded after import = 1

========================================================================
Received Import Request.
  Time since last request: 5.936913 seconds.
  path: Assets/ScriptablesObjects/Quests/00_Test/15_UnFreeze.asset
  artifactKey: Guid(343f13cfb00b8c24d8918ee1e038b55b) Importer(815301076,1909f56bfc062723c751e8b465ee728b)
Start importing Assets/ScriptablesObjects/Quests/00_Test/15_UnFreeze.asset using Guid(343f13cfb00b8c24d8918ee1e038b55b) Importer(815301076,1909f56bfc062723c751e8b465ee728b) (PreviewImporter) -> (artifact id: 'a4d22a24bae30029ffe66863e255aa2d') in 0.0015734 seconds
Number of updated asset objects reloaded before import = 0Number of asset objects unloaded after import = 1

========================================================================
Received Import Request.
  Time since last request: 9.875216 seconds.
  path: Assets/ScriptablesObjects/Quests/00_Test/00_TestQuest.asset
  artifactKey: Guid(ccad300bf70271740b8b94c7cdfb8ce1) Importer(815301076,1909f56bfc062723c751e8b465ee728b)
Start importing Assets/ScriptablesObjects/Quests/00_Test/00_TestQuest.asset using Guid(ccad300bf70271740b8b94c7cdfb8ce1) Importer(815301076,1909f56bfc062723c751e8b465ee728b) (PreviewImporter) -> (artifact id: 'a145770540f78b18ae8b51b7865a7c15') in 0.0056373 seconds
Number of updated asset objects reloaded before import = 0Number of asset objects unloaded after import = 16

========================================================================
Received Prepare
Refreshing native plugins compatible for Editor in 2.44 ms, found 4 plugins.
Preloading 0 native plugins for Editor in 0.00 ms.
Unloading 16 Unused Serialized files (Serialized files now loaded: 0)
Unloading 6928 unused Assets / (4.5 MB). Loaded Objects now: 8033.
Memory consumption went from 164.2 MB to 159.8 MB.
Total: 31.091500 ms (FindLiveObjects: 1.126900 ms CreateObjectMapping: 0.370800 ms MarkObjects: 26.869700 ms  DeleteObjects: 2.722400 ms)

Prepare: number of updated asset objects reloaded= 0
========================================================================
Received Prepare
Refreshing native plugins compatible for Editor in 2.07 ms, found 4 plugins.
Preloading 0 native plugins for Editor in 0.00 ms.
Unloading 16 Unused Serialized files (Serialized files now loaded: 0)
Unloading 6928 unused Assets / (4.3 MB). Loaded Objects now: 8033.
Memory consumption went from 164.2 MB to 159.9 MB.
Total: 32.374000 ms (FindLiveObjects: 1.387700 ms CreateObjectMapping: 0.718300 ms MarkObjects: 26.644100 ms  DeleteObjects: 3.620800 ms)

Prepare: number of updated asset objects reloaded= 0
========================================================================
Received Prepare
Refreshing native plugins compatible for Editor in 2.29 ms, found 4 plugins.
Preloading 0 native plugins for Editor in 0.00 ms.
Unloading 16 Unused Serialized files (Serialized files now loaded: 0)
Unloading 6928 unused Assets / (4.2 MB). Loaded Objects now: 8033.
Memory consumption went from 164.2 MB to 160.1 MB.
Total: 29.771600 ms (FindLiveObjects: 1.454100 ms CreateObjectMapping: 0.377400 ms MarkObjects: 25.207900 ms  DeleteObjects: 2.729700 ms)

Prepare: number of updated asset objects reloaded= 0
========================================================================
Received Prepare
Refreshing native plugins compatible for Editor in 2.42 ms, found 4 plugins.
Preloading 0 native plugins for Editor in 0.00 ms.
Unloading 16 Unused Serialized files (Serialized files now loaded: 0)
Unloading 6928 unused Assets / (4.5 MB). Loaded Objects now: 8033.
Memory consumption went from 164.2 MB to 159.8 MB.
Total: 32.218000 ms (FindLiveObjects: 1.177300 ms CreateObjectMapping: 0.411300 ms MarkObjects: 27.752800 ms  DeleteObjects: 2.874700 ms)

Prepare: number of updated asset objects reloaded= 0
========================================================================
Received Prepare
Refreshing native plugins compatible for Editor in 2.01 ms, found 4 plugins.
Preloading 0 native plugins for Editor in 0.00 ms.
Unloading 16 Unused Serialized files (Serialized files now loaded: 0)
Unloading 6928 unused Assets / (4.4 MB). Loaded Objects now: 8033.
Memory consumption went from 164.2 MB to 159.9 MB.
Total: 29.610200 ms (FindLiveObjects: 1.536000 ms CreateObjectMapping: 1.073800 ms MarkObjects: 24.405800 ms  DeleteObjects: 2.592500 ms)

Prepare: number of updated asset objects reloaded= 0
========================================================================
Received Prepare
Refreshing native plugins compatible for Editor in 2.33 ms, found 4 plugins.
Preloading 0 native plugins for Editor in 0.00 ms.
Unloading 16 Unused Serialized files (Serialized files now loaded: 0)
Unloading 6928 unused Assets / (4.2 MB). Loaded Objects now: 8033.
Memory consumption went from 164.2 MB to 160.0 MB.
Total: 27.570100 ms (FindLiveObjects: 1.398900 ms CreateObjectMapping: 0.475700 ms MarkObjects: 23.072000 ms  DeleteObjects: 2.621700 ms)

Prepare: number of updated asset objects reloaded= 0
========================================================================
Received Prepare
Refreshing native plugins compatible for Editor in 2.06 ms, found 4 plugins.
Preloading 0 native plugins for Editor in 0.00 ms.
Unloading 16 Unused Serialized files (Serialized files now loaded: 0)
Unloading 6928 unused Assets / (4.1 MB). Loaded Objects now: 8033.
Memory consumption went from 164.2 MB to 160.1 MB.
Total: 29.998100 ms (FindLiveObjects: 1.165800 ms CreateObjectMapping: 0.403200 ms MarkObjects: 25.732600 ms  DeleteObjects: 2.694600 ms)

Prepare: number of updated asset objects reloaded= 0
========================================================================
Received Prepare
Refreshing native plugins compatible for Editor in 2.12 ms, found 4 plugins.
Preloading 0 native plugins for Editor in 0.00 ms.
Unloading 16 Unused Serialized files (Serialized files now loaded: 0)
Unloading 6928 unused Assets / (4.6 MB). Loaded Objects now: 8033.
Memory consumption went from 164.2 MB to 159.7 MB.
Total: 27.938400 ms (FindLiveObjects: 1.226700 ms CreateObjectMapping: 0.387300 ms MarkObjects: 23.656200 ms  DeleteObjects: 2.666700 ms)

Prepare: number of updated asset objects reloaded= 0
========================================================================
Received Prepare
Refreshing native plugins compatible for Editor in 2.43 ms, found 4 plugins.
Preloading 0 native plugins for Editor in 0.00 ms.
Unloading 16 Unused Serialized files (Serialized files now loaded: 0)
Unloading 6928 unused Assets / (4.4 MB). Loaded Objects now: 8033.
Memory consumption went from 164.2 MB to 159.8 MB.
Total: 44.433100 ms (FindLiveObjects: 1.628500 ms CreateObjectMapping: 1.391900 ms MarkObjects: 37.225600 ms  DeleteObjects: 4.184200 ms)

Prepare: number of updated asset objects reloaded= 0
========================================================================
Received Prepare
Refreshing native plugins compatible for Editor in 2.69 ms, found 4 plugins.
Preloading 0 native plugins for Editor in 0.00 ms.
Unloading 16 Unused Serialized files (Serialized files now loaded: 0)
Unloading 6928 unused Assets / (4.4 MB). Loaded Objects now: 8033.
Memory consumption went from 164.2 MB to 159.9 MB.
Total: 29.742200 ms (FindLiveObjects: 1.123200 ms CreateObjectMapping: 0.392000 ms MarkObjects: 25.477200 ms  DeleteObjects: 2.747900 ms)

Prepare: number of updated asset objects reloaded= 0
========================================================================
Received Prepare
Refreshing native plugins compatible for Editor in 2.66 ms, found 4 plugins.
Preloading 0 native plugins for Editor in 0.00 ms.
Unloading 16 Unused Serialized files (Serialized files now loaded: 0)
Unloading 6928 unused Assets / (4.3 MB). Loaded Objects now: 8033.
Memory consumption went from 164.2 MB to 159.9 MB.
Total: 33.833900 ms (FindLiveObjects: 2.409700 ms CreateObjectMapping: 0.922100 ms MarkObjects: 27.414800 ms  DeleteObjects: 3.085400 ms)

Prepare: number of updated asset objects reloaded= 0
========================================================================
Received Prepare
Refreshing native plugins compatible for Editor in 2.27 ms, found 4 plugins.
Preloading 0 native plugins for Editor in 0.00 ms.
Unloading 16 Unused Serialized files (Serialized files now loaded: 0)
Unloading 6928 unused Assets / (4.3 MB). Loaded Objects now: 8033.
Memory consumption went from 164.2 MB to 159.9 MB.
Total: 29.995100 ms (FindLiveObjects: 1.147100 ms CreateObjectMapping: 0.383100 ms MarkObjects: 25.194900 ms  DeleteObjects: 3.267500 ms)

Prepare: number of updated asset objects reloaded= 0
========================================================================
Received Prepare
Refreshing native plugins compatible for Editor in 1.99 ms, found 4 plugins.
Preloading 0 native plugins for Editor in 0.00 ms.
Unloading 16 Unused Serialized files (Serialized files now loaded: 0)
Unloading 6928 unused Assets / (4.4 MB). Loaded Objects now: 8033.
Memory consumption went from 164.2 MB to 159.9 MB.
Total: 28.269400 ms (FindLiveObjects: 1.120900 ms CreateObjectMapping: 0.427000 ms MarkObjects: 24.050800 ms  DeleteObjects: 2.668800 ms)

Prepare: number of updated asset objects reloaded= 0
========================================================================
Received Prepare
Refreshing native plugins compatible for Editor in 2.10 ms, found 4 plugins.
Preloading 0 native plugins for Editor in 0.00 ms.
Unloading 16 Unused Serialized files (Serialized files now loaded: 0)
Unloading 6928 unused Assets / (4.4 MB). Loaded Objects now: 8033.
Memory consumption went from 164.2 MB to 159.9 MB.
Total: 29.165600 ms (FindLiveObjects: 1.329600 ms CreateObjectMapping: 0.840200 ms MarkObjects: 24.448100 ms  DeleteObjects: 2.546100 ms)

Prepare: number of updated asset objects reloaded= 0
========================================================================
Received Import Request.
  Time since last request: 951.749677 seconds.
  path: Assets/ScriptablesObjects/Quests/00_Test/08_Wait.asset
  artifactKey: Guid(5bff294f2f7059b4f953b4de00b94d2b) Importer(2089858483,b0f066a214c2f5e87bad3c948f4d605d)
Start importing Assets/ScriptablesObjects/Quests/00_Test/08_Wait.asset using Guid(5bff294f2f7059b4f953b4de00b94d2b) Importer(2089858483,b0f066a214c2f5e87bad3c948f4d605d) (ScriptedImporter) -> (artifact id: '8ffd7a0149dcb9765d08d3e55f912407') in 0.1810817 seconds
Number of updated asset objects reloaded before import = 0Number of asset objects unloaded after import = 1

========================================================================
Received Import Request.
  Time since last request: 0.000022 seconds.
  path: Assets/ScriptablesObjects/Quests/00_Test/15_UnFreeze.asset
  artifactKey: Guid(343f13cfb00b8c24d8918ee1e038b55b) Importer(2089858483,b0f066a214c2f5e87bad3c948f4d605d)
Start importing Assets/ScriptablesObjects/Quests/00_Test/15_UnFreeze.asset using Guid(343f13cfb00b8c24d8918ee1e038b55b) Importer(2089858483,b0f066a214c2f5e87bad3c948f4d605d) (ScriptedImporter) -> (artifact id: 'af8eaaa4202cc1450c4d5b8d71f3f61d') in 0.0183102 seconds
Number of updated asset objects reloaded before import = 0Number of asset objects unloaded after import = 1

========================================================================
Received Import Request.
  Time since last request: 0.000035 seconds.
  path: Assets/Scripts/Managers/DialogueManager.cs
  artifactKey: Guid(e8963e3b4d3c71a4989ff7053157179d) Importer(2089858483,b0f066a214c2f5e87bad3c948f4d605d)
Start importing Assets/Scripts/Managers/DialogueManager.cs using Guid(e8963e3b4d3c71a4989ff7053157179d) Importer(2089858483,b0f066a214c2f5e87bad3c948f4d605d) (ScriptedImporter) -> (artifact id: '4cba5b3410552bc5fc7cd73b6f04fe18') in 0.015684 seconds
Number of updated asset objects reloaded before import = 0Number of asset objects unloaded after import = 0

========================================================================
Received Import Request.
  Time since last request: 0.000020 seconds.
  path: Assets/Scripts/NPC/NPCController.cs
  artifactKey: Guid(1d668aa6da7e30f45a5f83bd878f9300) Importer(2089858483,b0f066a214c2f5e87bad3c948f4d605d)
Start importing Assets/Scripts/NPC/NPCController.cs using Guid(1d668aa6da7e30f45a5f83bd878f9300) Importer(2089858483,b0f066a214c2f5e87bad3c948f4d605d) (ScriptedImporter) -> (artifact id: '8689cc17b19ef777a9622c6dd855a0fe') in 0.0059791 seconds
Number of updated asset objects reloaded before import = 0Number of asset objects unloaded after import = 0

========================================================================
Received Import Request.
  Time since last request: 0.000023 seconds.
  path: Assets/ScriptablesObjects/Quests/00_Test/12_FollowToTable.asset
  artifactKey: Guid(b5727b0859f0fde4c834e9967dcdbb32) Importer(2089858483,b0f066a214c2f5e87bad3c948f4d605d)
Start importing Assets/ScriptablesObjects/Quests/00_Test/12_FollowToTable.asset using Guid(b5727b0859f0fde4c834e9967dcdbb32) Importer(2089858483,b0f066a214c2f5e87bad3c948f4d605d) (ScriptedImporter) -> (artifact id: '87675ae22844c5eec321d86bd84ebba6') in 0.0090241 seconds
Number of updated asset objects reloaded before import = 0Number of asset objects unloaded after import = 1

========================================================================
Received Import Request.
  Time since last request: 0.000030 seconds.
  path: Assets/Scripts/UI/DialogueUIController.cs
  artifactKey: Guid(dc11a698ffbb2c546bf6ee972f0c50ec) Importer(2089858483,b0f066a214c2f5e87bad3c948f4d605d)
Start importing Assets/Scripts/UI/DialogueUIController.cs using Guid(dc11a698ffbb2c546bf6ee972f0c50ec) Importer(2089858483,b0f066a214c2f5e87bad3c948f4d605d) (ScriptedImporter) -> (artifact id: '1b7f3d0052ef919ecba978b983a1ce91') in 0.0078513 seconds
Number of updated asset objects reloaded before import = 0Number of asset objects unloaded after import = 0

========================================================================
Received Import Request.
  Time since last request: 0.000032 seconds.
  path: Assets/ScriptablesObjects/Quests/00_Test/14_DialogueRegisPrePokeball2.asset
  artifactKey: Guid(65ea8807d78753f4c94d12a68467b6d6) Importer(2089858483,b0f066a214c2f5e87bad3c948f4d605d)
Start importing Assets/ScriptablesObjects/Quests/00_Test/14_DialogueRegisPrePokeball2.asset using Guid(65ea8807d78753f4c94d12a68467b6d6) Importer(2089858483,b0f066a214c2f5e87bad3c948f4d605d) (ScriptedImporter) -> (artifact id: '3ff157d49a5be00b75bd7bff24e27b40') in 0.0086872 seconds
Number of updated asset objects reloaded before import = 0Number of asset objects unloaded after import = 1

========================================================================
Received Prepare
Refreshing native plugins compatible for Editor in 2.28 ms, found 4 plugins.
Preloading 0 native plugins for Editor in 0.00 ms.
Unloading 16 Unused Serialized files (Serialized files now loaded: 0)
Unloading 6929 unused Assets / (4.2 MB). Loaded Objects now: 8034.
Memory consumption went from 164.3 MB to 160.1 MB.
Total: 31.490500 ms (FindLiveObjects: 1.171500 ms CreateObjectMapping: 0.372000 ms MarkObjects: 26.475000 ms  DeleteObjects: 3.470500 ms)

Prepare: number of updated asset objects reloaded= 0
========================================================================
Received Import Request.
  Time since last request: 7.622638 seconds.
  path: Assets/Scripts/UI/DialogueButton.cs
  artifactKey: Guid(e675af4f4017e93429bbaf97533ed206) Importer(815301076,1909f56bfc062723c751e8b465ee728b)
Start importing Assets/Scripts/UI/DialogueButton.cs using Guid(e675af4f4017e93429bbaf97533ed206) Importer(815301076,1909f56bfc062723c751e8b465ee728b) (PreviewImporter) -> (artifact id: '807d000272f1e1a903cb06df05886cdf') in 0.0068404 seconds
Number of updated asset objects reloaded before import = 0Number of asset objects unloaded after import = 0

========================================================================
Received Import Request.
  Time since last request: 0.000020 seconds.
  path: Assets/Scripts/UI/DialogueButton.cs
  artifactKey: Guid(e675af4f4017e93429bbaf97533ed206) Importer(2089858483,b0f066a214c2f5e87bad3c948f4d605d)
Start importing Assets/Scripts/UI/DialogueButton.cs using Guid(e675af4f4017e93429bbaf97533ed206) Importer(2089858483,b0f066a214c2f5e87bad3c948f4d605d) (ScriptedImporter) -> (artifact id: '28775dc21b849996589c2292a94b622e') in 0.0068187 seconds
Number of updated asset objects reloaded before import = 0Number of asset objects unloaded after import = 0

========================================================================
Received Prepare
Refreshing native plugins compatible for Editor in 1.97 ms, found 4 plugins.
Preloading 0 native plugins for Editor in 0.00 ms.
Unloading 16 Unused Serialized files (Serialized files now loaded: 0)
Unloading 6929 unused Assets / (5.1 MB). Loaded Objects now: 8034.
Memory consumption went from 164.3 MB to 159.1 MB.
Total: 33.577200 ms (FindLiveObjects: 1.189700 ms CreateObjectMapping: 0.650000 ms MarkObjects: 27.650000 ms  DeleteObjects: 4.085600 ms)

Prepare: number of updated asset objects reloaded= 0
========================================================================
Received Import Request.
  Time since last request: 1.596960 seconds.
  path: Assets/Scripts/UI/DialogueUIController.cs
  artifactKey: Guid(dc11a698ffbb2c546bf6ee972f0c50ec) Importer(2089858483,b0f066a214c2f5e87bad3c948f4d605d)
Start importing Assets/Scripts/UI/DialogueUIController.cs using Guid(dc11a698ffbb2c546bf6ee972f0c50ec) Importer(2089858483,b0f066a214c2f5e87bad3c948f4d605d) (ScriptedImporter) -> (artifact id: 'ccd076df060d30a6da13b251801c4b1c') in 0.0109405 seconds
Number of updated asset objects reloaded before import = 0Number of asset objects unloaded after import = 0

========================================================================
Received Prepare
Refreshing native plugins compatible for Editor in 2.70 ms, found 4 plugins.
Preloading 0 native plugins for Editor in 0.00 ms.
Unloading 16 Unused Serialized files (Serialized files now loaded: 0)
Unloading 6929 unused Assets / (5.0 MB). Loaded Objects now: 8034.
Memory consumption went from 164.3 MB to 159.3 MB.
Total: 38.856400 ms (FindLiveObjects: 1.469300 ms CreateObjectMapping: 0.501000 ms MarkObjects: 31.198500 ms  DeleteObjects: 5.684500 ms)

Prepare: number of updated asset objects reloaded= 0
========================================================================
Received Import Request.
  Time since last request: 32.574004 seconds.
  path: Assets/Scripts/UI/DialogueButton.cs
  artifactKey: Guid(e675af4f4017e93429bbaf97533ed206) Importer(815301076,1909f56bfc062723c751e8b465ee728b)
Start importing Assets/Scripts/UI/DialogueButton.cs using Guid(e675af4f4017e93429bbaf97533ed206) Importer(815301076,1909f56bfc062723c751e8b465ee728b) (PreviewImporter) -> (artifact id: '00000000000000000000000000000000') in 0.0056272 seconds
Import Error Code:(4)
Message: Build asset version error: assets/scripts/ui/dialoguebutton.cs in SourceAssetDB has modification time of '2026-01-18T15:58:55.0942425Z' while content on disk has modification time of '2026-01-18T15:58:55.6983515Z'
  ERROR: Build asset version error: assets/scripts/ui/dialoguebutton.cs in SourceAssetDB has modification time of '2026-01-18T15:58:55.0942425Z' while content on disk has modification time of '2026-01-18T15:58:55.6983515Z'
Number of updated asset objects reloaded before import = 0Number of asset objects unloaded after import = 0

========================================================================
Received Prepare
Refreshing native plugins compatible for Editor in 2.93 ms, found 4 plugins.
Preloading 0 native plugins for Editor in 0.00 ms.
Unloading 16 Unused Serialized files (Serialized files now loaded: 0)
Unloading 6929 unused Assets / (4.7 MB). Loaded Objects now: 8034.
Memory consumption went from 164.3 MB to 159.6 MB.
Total: 43.106300 ms (FindLiveObjects: 1.531700 ms CreateObjectMapping: 0.555400 ms MarkObjects: 37.321400 ms  DeleteObjects: 3.695600 ms)

Prepare: number of updated asset objects reloaded= 0
========================================================================
Received Import Request.
  Time since last request: 1.083004 seconds.
  path: Assets/Scripts/UI/DialogueButton.cs
  artifactKey: Guid(e675af4f4017e93429bbaf97533ed206) Importer(2089858483,b0f066a214c2f5e87bad3c948f4d605d)
Start importing Assets/Scripts/UI/DialogueButton.cs using Guid(e675af4f4017e93429bbaf97533ed206) Importer(2089858483,b0f066a214c2f5e87bad3c948f4d605d) (ScriptedImporter) -> (artifact id: 'e64d54e12047e932f7cc8d4c7ab24298') in 0.010475 seconds
Number of updated asset objects reloaded before import = 0Number of asset objects unloaded after import = 0

========================================================================
Received Prepare
Refreshing native plugins compatible for Editor in 3.14 ms, found 4 plugins.
Preloading 0 native plugins for Editor in 0.00 ms.
Unloading 16 Unused Serialized files (Serialized files now loaded: 0)
Unloading 6929 unused Assets / (4.3 MB). Loaded Objects now: 8034.
Memory consumption went from 164.3 MB to 160.0 MB.
Total: 42.913200 ms (FindLiveObjects: 1.654100 ms CreateObjectMapping: 1.064000 ms MarkObjects: 35.944800 ms  DeleteObjects: 4.248000 ms)

Prepare: number of updated asset objects reloaded= 0
========================================================================
Received Import Request.
  Time since last request: 20.490115 seconds.
  path: Assets/Scripts/UI/DialogueButton.cs
  artifactKey: Guid(e675af4f4017e93429bbaf97533ed206) Importer(2089858483,b0f066a214c2f5e87bad3c948f4d605d)
Start importing Assets/Scripts/UI/DialogueButton.cs using Guid(e675af4f4017e93429bbaf97533ed206) Importer(2089858483,b0f066a214c2f5e87bad3c948f4d605d) (ScriptedImporter) -> (artifact id: '77fb1b1b60badf299bbc8c45b89459a6') in 0.0138167 seconds
Number of updated asset objects reloaded before import = 0Number of asset objects unloaded after import = 0

========================================================================
Received Prepare
Refreshing native plugins compatible for Editor in 2.54 ms, found 4 plugins.
Preloading 0 native plugins for Editor in 0.00 ms.
Unloading 16 Unused Serialized files (Serialized files now loaded: 0)
Unloading 6929 unused Assets / (5.3 MB). Loaded Objects now: 8034.
Memory consumption went from 164.3 MB to 159.0 MB.
Total: 42.794100 ms (FindLiveObjects: 1.610900 ms CreateObjectMapping: 0.592400 ms MarkObjects: 35.016300 ms  DeleteObjects: 5.572600 ms)

Prepare: number of updated asset objects reloaded= 0
========================================================================
Received Import Request.
  Time since last request: 8.965102 seconds.
  path: Assets/Scripts/UI/DialogueButton.cs
  artifactKey: Guid(e675af4f4017e93429bbaf97533ed206) Importer(2089858483,b0f066a214c2f5e87bad3c948f4d605d)
Start importing Assets/Scripts/UI/DialogueButton.cs using Guid(e675af4f4017e93429bbaf97533ed206) Importer(2089858483,b0f066a214c2f5e87bad3c948f4d605d) (ScriptedImporter) -> (artifact id: '0b1ed627ab41dbd79e82f42e0998376e') in 0.0144924 seconds
Number of updated asset objects reloaded before import = 0Number of asset objects unloaded after import = 0

========================================================================
Received Prepare
Refreshing native plugins compatible for Editor in 2.78 ms, found 4 plugins.
Preloading 0 native plugins for Editor in 0.00 ms.
Unloading 16 Unused Serialized files (Serialized files now loaded: 0)
Unloading 6929 unused Assets / (3.9 MB). Loaded Objects now: 8034.
Memory consumption went from 164.3 MB to 160.4 MB.
Total: 44.923100 ms (FindLiveObjects: 1.704900 ms CreateObjectMapping: 0.962300 ms MarkObjects: 36.252100 ms  DeleteObjects: 6.000800 ms)

Prepare: number of updated asset objects reloaded= 0
========================================================================
Received Import Request.
  Time since last request: 8.537377 seconds.
  path: Assets/Scripts/UI/DialogueButton.cs
  artifactKey: Guid(e675af4f4017e93429bbaf97533ed206) Importer(2089858483,b0f066a214c2f5e87bad3c948f4d605d)
Start importing Assets/Scripts/UI/DialogueButton.cs using Guid(e675af4f4017e93429bbaf97533ed206) Importer(2089858483,b0f066a214c2f5e87bad3c948f4d605d) (ScriptedImporter) -> (artifact id: 'f28a652f704efc5cb1696ba169cf2a1b') in 0.0147224 seconds
Number of updated asset objects reloaded before import = 0Number of asset objects unloaded after import = 0

========================================================================
Received Prepare
Refreshing native plugins compatible for Editor in 3.11 ms, found 4 plugins.
Preloading 0 native plugins for Editor in 0.00 ms.
Unloading 16 Unused Serialized files (Serialized files now loaded: 0)
Unloading 6929 unused Assets / (4.8 MB). Loaded Objects now: 8034.
Memory consumption went from 164.3 MB to 159.5 MB.
Total: 55.751500 ms (FindLiveObjects: 1.592800 ms CreateObjectMapping: 0.876700 ms MarkObjects: 48.723300 ms  DeleteObjects: 4.556000 ms)

Prepare: number of updated asset objects reloaded= 0
========================================================================
Received Import Request.
  Time since last request: 25.427877 seconds.
  path: Assets/Scripts/UI/DialogueButton.cs
  artifactKey: Guid(e675af4f4017e93429bbaf97533ed206) Importer(2089858483,b0f066a214c2f5e87bad3c948f4d605d)
Start importing Assets/Scripts/UI/DialogueButton.cs using Guid(e675af4f4017e93429bbaf97533ed206) Importer(2089858483,b0f066a214c2f5e87bad3c948f4d605d) (ScriptedImporter) -> (artifact id: 'a9296922036460c03dd9a718b830a540') in 0.0127257 seconds
Number of updated asset objects reloaded before import = 0Number of asset objects unloaded after import = 0

========================================================================
Received Prepare
Refreshing native plugins compatible for Editor in 2.06 ms, found 4 plugins.
Preloading 0 native plugins for Editor in 0.00 ms.
Unloading 16 Unused Serialized files (Serialized files now loaded: 0)
Unloading 6929 unused Assets / (3.9 MB). Loaded Objects now: 8034.
Memory consumption went from 164.3 MB to 160.4 MB.
Total: 49.252100 ms (FindLiveObjects: 1.241100 ms CreateObjectMapping: 0.401500 ms MarkObjects: 43.825200 ms  DeleteObjects: 3.782400 ms)

Prepare: number of updated asset objects reloaded= 0
========================================================================
Received Import Request.
  Time since last request: 7.293161 seconds.
  path: Assets/Scripts/UI/DialogueButton.cs
  artifactKey: Guid(e675af4f4017e93429bbaf97533ed206) Importer(2089858483,b0f066a214c2f5e87bad3c948f4d605d)
Start importing Assets/Scripts/UI/DialogueButton.cs using Guid(e675af4f4017e93429bbaf97533ed206) Importer(2089858483,b0f066a214c2f5e87bad3c948f4d605d) (ScriptedImporter) -> (artifact id: '7a93982ebabda6a49172c73265cb5825') in 0.0134253 seconds
Number of updated asset objects reloaded before import = 0Number of asset objects unloaded after import = 0

========================================================================
Received Prepare
Refreshing native plugins compatible for Editor in 2.77 ms, found 4 plugins.
Preloading 0 native plugins for Editor in 0.00 ms.
Unloading 16 Unused Serialized files (Serialized files now loaded: 0)
Unloading 6929 unused Assets / (4.6 MB). Loaded Objects now: 8034.
Memory consumption went from 164.3 MB to 159.7 MB.
Total: 40.611900 ms (FindLiveObjects: 1.381000 ms CreateObjectMapping: 0.500700 ms MarkObjects: 34.168700 ms  DeleteObjects: 4.558900 ms)

Prepare: number of updated asset objects reloaded= 0
========================================================================
Received Import Request.
  Time since last request: 39.781487 seconds.
  path: Assets/Scripts/UI/DialogueButton.cs
  artifactKey: Guid(e675af4f4017e93429bbaf97533ed206) Importer(2089858483,b0f066a214c2f5e87bad3c948f4d605d)
Start importing Assets/Scripts/UI/DialogueButton.cs using Guid(e675af4f4017e93429bbaf97533ed206) Importer(2089858483,b0f066a214c2f5e87bad3c948f4d605d) (ScriptedImporter) -> (artifact id: '6b1d224b7b800a09f9108da27c05fbdf') in 0.019968 seconds
Number of updated asset objects reloaded before import = 0Number of asset objects unloaded after import = 0

========================================================================
Received Prepare
Refreshing native plugins compatible for Editor in 2.69 ms, found 4 plugins.
Preloading 0 native plugins for Editor in 0.00 ms.
Unloading 16 Unused Serialized files (Serialized files now loaded: 0)
Unloading 6929 unused Assets / (5.3 MB). Loaded Objects now: 8034.
Memory consumption went from 164.3 MB to 159.0 MB.
Total: 35.909800 ms (FindLiveObjects: 1.157800 ms CreateObjectMapping: 0.390400 ms MarkObjects: 29.303200 ms  DeleteObjects: 5.056700 ms)

Prepare: number of updated asset objects reloaded= 0
========================================================================
Received Import Request.
  Time since last request: 15.744723 seconds.
  path: Assets/Scripts/UI/DialogueButton.cs
  artifactKey: Guid(e675af4f4017e93429bbaf97533ed206) Importer(2089858483,b0f066a214c2f5e87bad3c948f4d605d)
Start importing Assets/Scripts/UI/DialogueButton.cs using Guid(e675af4f4017e93429bbaf97533ed206) Importer(2089858483,b0f066a214c2f5e87bad3c948f4d605d) (ScriptedImporter) -> (artifact id: 'a33d3e3f2d436df521b354efaf42a0d1') in 0.0118136 seconds
Number of updated asset objects reloaded before import = 0Number of asset objects unloaded after import = 0

========================================================================
Received Prepare
Refreshing native plugins compatible for Editor in 4.85 ms, found 4 plugins.
Preloading 0 native plugins for Editor in 0.00 ms.
Unloading 16 Unused Serialized files (Serialized files now loaded: 0)
Unloading 6929 unused Assets / (4.8 MB). Loaded Objects now: 8034.
Memory consumption went from 164.3 MB to 159.5 MB.
Total: 62.454700 ms (FindLiveObjects: 4.642000 ms CreateObjectMapping: 3.004800 ms MarkObjects: 50.624100 ms  DeleteObjects: 4.181400 ms)

Prepare: number of updated asset objects reloaded= 0
========================================================================
Received Import Request.
  Time since last request: 2.063462 seconds.
  path: Assets/Scripts/UI/DialogueButton.cs
  artifactKey: Guid(e675af4f4017e93429bbaf97533ed206) Importer(815301076,1909f56bfc062723c751e8b465ee728b)
Start importing Assets/Scripts/UI/DialogueButton.cs using Guid(e675af4f4017e93429bbaf97533ed206) Importer(815301076,1909f56bfc062723c751e8b465ee728b) (PreviewImporter) -> (artifact id: '00000000000000000000000000000000') in 0.0058084 seconds
Import Error Code:(4)
Message: Build asset version error: assets/scripts/ui/dialoguebutton.cs in SourceAssetDB has modification time of '2026-01-18T16:01:05.4081434Z' while content on disk has modification time of '2026-01-18T16:01:05.7388097Z'
  ERROR: Build asset version error: assets/scripts/ui/dialoguebutton.cs in SourceAssetDB has modification time of '2026-01-18T16:01:05.4081434Z' while content on disk has modification time of '2026-01-18T16:01:05.7388097Z'
Number of updated asset objects reloaded before import = 0Number of asset objects unloaded after import = 0

========================================================================
Received Import Request.
  Time since last request: 0.013444 seconds.
  path: Assets/Scripts/UI/DialogueButton.cs
  artifactKey: Guid(e675af4f4017e93429bbaf97533ed206) Importer(815301076,1909f56bfc062723c751e8b465ee728b)
Start importing Assets/Scripts/UI/DialogueButton.cs using Guid(e675af4f4017e93429bbaf97533ed206) Importer(815301076,1909f56bfc062723c751e8b465ee728b) (PreviewImporter) -> (artifact id: '633179384f4d9ce3f691026475b7e90e') in 0.0007476 seconds
Number of updated asset objects reloaded before import = 0Number of asset objects unloaded after import = 0

========================================================================
Received Import Request.
  Time since last request: 0.022782 seconds.
  path: Assets/Scripts/UI/DialogueButton.cs
  artifactKey: Guid(e675af4f4017e93429bbaf97533ed206) Importer(2089858483,b0f066a214c2f5e87bad3c948f4d605d)
Start importing Assets/Scripts/UI/DialogueButton.cs using Guid(e675af4f4017e93429bbaf97533ed206) Importer(2089858483,b0f066a214c2f5e87bad3c948f4d605d) (ScriptedImporter) -> (artifact id: 'a3a14530f645f7a695a69e8cb25c1bab') in 0.0073597 seconds
Number of updated asset objects reloaded before import = 0Number of asset objects unloaded after import = 0

========================================================================
Received Prepare
Refreshing native plugins compatible for Editor in 3.32 ms, found 4 plugins.
Preloading 0 native plugins for Editor in 0.00 ms.
Unloading 16 Unused Serialized files (Serialized files now loaded: 0)
Unloading 6929 unused Assets / (4.0 MB). Loaded Objects now: 8034.
Memory consumption went from 164.3 MB to 160.3 MB.
Total: 35.068800 ms (FindLiveObjects: 1.238800 ms CreateObjectMapping: 0.481500 ms MarkObjects: 30.507300 ms  DeleteObjects: 2.839500 ms)

Prepare: number of updated asset objects reloaded= 0
========================================================================
Received Import Request.
  Time since last request: 93.746021 seconds.
  path: Assets/Scripts/UI/DialogueUIController.cs
  artifactKey: Guid(dc11a698ffbb2c546bf6ee972f0c50ec) Importer(2089858483,b0f066a214c2f5e87bad3c948f4d605d)
Start importing Assets/Scripts/UI/DialogueUIController.cs using Guid(dc11a698ffbb2c546bf6ee972f0c50ec) Importer(2089858483,b0f066a214c2f5e87bad3c948f4d605d) (ScriptedImporter) -> (artifact id: 'bda0ca0857f76c631ab3f27d8d6401d5') in 0.0156269 seconds
Number of updated asset objects reloaded before import = 0Number of asset objects unloaded after import = 0

========================================================================
Received Prepare
Refreshing native plugins compatible for Editor in 2.87 ms, found 4 plugins.
Preloading 0 native plugins for Editor in 0.00 ms.
Unloading 16 Unused Serialized files (Serialized files now loaded: 0)
Unloading 6929 unused Assets / (4.8 MB). Loaded Objects now: 8034.
Memory consumption went from 164.3 MB to 159.5 MB.
Total: 31.101300 ms (FindLiveObjects: 1.207700 ms CreateObjectMapping: 0.655900 ms MarkObjects: 25.741700 ms  DeleteObjects: 3.494300 ms)

Prepare: number of updated asset objects reloaded= 0
========================================================================
Received Import Request.
  Time since last request: 26.589626 seconds.
  path: Assets/Scripts/UI/DialogueUIController.cs
  artifactKey: Guid(dc11a698ffbb2c546bf6ee972f0c50ec) Importer(2089858483,b0f066a214c2f5e87bad3c948f4d605d)
Start importing Assets/Scripts/UI/DialogueUIController.cs using Guid(dc11a698ffbb2c546bf6ee972f0c50ec) Importer(2089858483,b0f066a214c2f5e87bad3c948f4d605d) (ScriptedImporter) -> (artifact id: 'e05421f2c83ec5bf62ddd9de4bc92a10') in 0.0096395 seconds
Number of updated asset objects reloaded before import = 0Number of asset objects unloaded after import = 0

========================================================================
Received Prepare
Refreshing native plugins compatible for Editor in 3.26 ms, found 4 plugins.
Preloading 0 native plugins for Editor in 0.00 ms.
Unloading 16 Unused Serialized files (Serialized files now loaded: 0)
Unloading 6929 unused Assets / (4.3 MB). Loaded Objects now: 8034.
Memory consumption went from 164.3 MB to 160.0 MB.
Total: 36.768800 ms (FindLiveObjects: 1.527800 ms CreateObjectMapping: 0.610200 ms MarkObjects: 31.253500 ms  DeleteObjects: 3.375300 ms)

Prepare: number of updated asset objects reloaded= 0
========================================================================
Received Import Request.
  Time since last request: 32.020954 seconds.
  path: Assets/Scripts/UI/DialogueUIController.cs
  artifactKey: Guid(dc11a698ffbb2c546bf6ee972f0c50ec) Importer(2089858483,b0f066a214c2f5e87bad3c948f4d605d)
Start importing Assets/Scripts/UI/DialogueUIController.cs using Guid(dc11a698ffbb2c546bf6ee972f0c50ec) Importer(2089858483,b0f066a214c2f5e87bad3c948f4d605d) (ScriptedImporter) -> (artifact id: '65e2ec85659126434248b1fff4f8be98') in 0.0519735 seconds
Number of updated asset objects reloaded before import = 0Number of asset objects unloaded after import = 0

========================================================================
Received Prepare
Refreshing native plugins compatible for Editor in 4.07 ms, found 4 plugins.
Preloading 0 native plugins for Editor in 0.00 ms.
Unloading 16 Unused Serialized files (Serialized files now loaded: 0)
Unloading 6929 unused Assets / (4.2 MB). Loaded Objects now: 8034.
Memory consumption went from 164.3 MB to 160.1 MB.
Total: 35.009200 ms (FindLiveObjects: 2.467100 ms CreateObjectMapping: 1.337100 ms MarkObjects: 26.386900 ms  DeleteObjects: 4.816100 ms)

Prepare: number of updated asset objects reloaded= 0
========================================================================
Received Import Request.
  Time since last request: 58.329433 seconds.
  path: Assets/Scripts/UI/DialogueUIController.cs
  artifactKey: Guid(dc11a698ffbb2c546bf6ee972f0c50ec) Importer(2089858483,b0f066a214c2f5e87bad3c948f4d605d)
Start importing Assets/Scripts/UI/DialogueUIController.cs using Guid(dc11a698ffbb2c546bf6ee972f0c50ec) Importer(2089858483,b0f066a214c2f5e87bad3c948f4d605d) (ScriptedImporter) -> (artifact id: '65bb5c5ddba99770206fbb65e8a62428') in 0.013521 seconds
Number of updated asset objects reloaded before import = 0Number of asset objects unloaded after import = 0

========================================================================
Received Prepare
Refreshing native plugins compatible for Editor in 2.48 ms, found 4 plugins.
Preloading 0 native plugins for Editor in 0.00 ms.
Unloading 16 Unused Serialized files (Serialized files now loaded: 0)
Unloading 6929 unused Assets / (4.2 MB). Loaded Objects now: 8034.
Memory consumption went from 164.3 MB to 160.1 MB.
Total: 44.542700 ms (FindLiveObjects: 1.193800 ms CreateObjectMapping: 0.395500 ms MarkObjects: 39.940600 ms  DeleteObjects: 3.010900 ms)

Prepare: number of updated asset objects reloaded= 0
========================================================================
Received Import Request.
  Time since last request: 4.501269 seconds.
  path: Assets/Scripts/UI/DialogueUIController.cs
  artifactKey: Guid(dc11a698ffbb2c546bf6ee972f0c50ec) Importer(2089858483,b0f066a214c2f5e87bad3c948f4d605d)
Start importing Assets/Scripts/UI/DialogueUIController.cs using Guid(dc11a698ffbb2c546bf6ee972f0c50ec) Importer(2089858483,b0f066a214c2f5e87bad3c948f4d605d) (ScriptedImporter) -> (artifact id: 'c5bb2666c944dd0048e3d0f6976e18bf') in 0.0191392 seconds
Number of updated asset objects reloaded before import = 0Number of asset objects unloaded after import = 0

========================================================================
Received Prepare
Refreshing native plugins compatible for Editor in 5.76 ms, found 4 plugins.
Preloading 0 native plugins for Editor in 0.00 ms.
Unloading 16 Unused Serialized files (Serialized files now loaded: 0)
Unloading 6929 unused Assets / (4.1 MB). Loaded Objects now: 8034.
Memory consumption went from 164.3 MB to 160.2 MB.
Total: 49.220400 ms (FindLiveObjects: 2.674100 ms CreateObjectMapping: 3.310900 ms MarkObjects: 40.464700 ms  DeleteObjects: 2.768000 ms)

Prepare: number of updated asset objects reloaded= 0
========================================================================
Received Import Request.
  Time since last request: 28.213990 seconds.
  path: Assets/Scripts/UI/DialogueUIController.cs
  artifactKey: Guid(dc11a698ffbb2c546bf6ee972f0c50ec) Importer(2089858483,b0f066a214c2f5e87bad3c948f4d605d)
Start importing Assets/Scripts/UI/DialogueUIController.cs using Guid(dc11a698ffbb2c546bf6ee972f0c50ec) Importer(2089858483,b0f066a214c2f5e87bad3c948f4d605d) (ScriptedImporter) -> (artifact id: 'c96ed08d530ee26f906220585968190d') in 0.0352001 seconds
Number of updated asset objects reloaded before import = 0Number of asset objects unloaded after import = 0

========================================================================
Received Prepare
Refreshing native plugins compatible for Editor in 2.63 ms, found 4 plugins.
Preloading 0 native plugins for Editor in 0.00 ms.
Unloading 16 Unused Serialized files (Serialized files now loaded: 0)
Unloading 6929 unused Assets / (4.2 MB). Loaded Objects now: 8034.
Memory consumption went from 164.3 MB to 160.1 MB.
Total: 34.414800 ms (FindLiveObjects: 1.187500 ms CreateObjectMapping: 0.364800 ms MarkObjects: 29.490800 ms  DeleteObjects: 3.369000 ms)

Prepare: number of updated asset objects reloaded= 0
========================================================================
Received Import Request.
  Time since last request: 6.777342 seconds.
  path: Assets/Scripts/UI/DialogueUIController.cs
  artifactKey: Guid(dc11a698ffbb2c546bf6ee972f0c50ec) Importer(2089858483,b0f066a214c2f5e87bad3c948f4d605d)
Start importing Assets/Scripts/UI/DialogueUIController.cs using Guid(dc11a698ffbb2c546bf6ee972f0c50ec) Importer(2089858483,b0f066a214c2f5e87bad3c948f4d605d) (ScriptedImporter) -> (artifact id: '7ce01e4c041b0f6675eb548123593387') in 0.0129224 seconds
Number of updated asset objects reloaded before import = 0Number of asset objects unloaded after import = 0

========================================================================
Received Prepare
Refreshing native plugins compatible for Editor in 4.88 ms, found 4 plugins.
Preloading 0 native plugins for Editor in 0.00 ms.
Unloading 16 Unused Serialized files (Serialized files now loaded: 0)
Unloading 6929 unused Assets / (3.9 MB). Loaded Objects now: 8034.
Memory consumption went from 164.3 MB to 160.4 MB.
Total: 38.427600 ms (FindLiveObjects: 1.574900 ms CreateObjectMapping: 0.826000 ms MarkObjects: 32.892900 ms  DeleteObjects: 3.131600 ms)

Prepare: number of updated asset objects reloaded= 0
========================================================================
Received Import Request.
  Time since last request: 14.814833 seconds.
  path: Assets/Scripts/UI/DialogueUIController.cs
  artifactKey: Guid(dc11a698ffbb2c546bf6ee972f0c50ec) Importer(2089858483,b0f066a214c2f5e87bad3c948f4d605d)
Start importing Assets/Scripts/UI/DialogueUIController.cs using Guid(dc11a698ffbb2c546bf6ee972f0c50ec) Importer(2089858483,b0f066a214c2f5e87bad3c948f4d605d) (ScriptedImporter) -> (artifact id: 'a1c7d623dcc3d5a807521c90fd36c165') in 0.022858 seconds
Number of updated asset objects reloaded before import = 0Number of asset objects unloaded after import = 0

========================================================================
Received Prepare
Refreshing native plugins compatible for Editor in 3.07 ms, found 4 plugins.
Preloading 0 native plugins for Editor in 0.00 ms.
Unloading 16 Unused Serialized files (Serialized files now loaded: 0)
Unloading 6929 unused Assets / (4.3 MB). Loaded Objects now: 8034.
Memory consumption went from 164.3 MB to 160.0 MB.
Total: 40.044900 ms (FindLiveObjects: 2.144400 ms CreateObjectMapping: 1.850200 ms MarkObjects: 32.602100 ms  DeleteObjects: 3.445700 ms)

Prepare: number of updated asset objects reloaded= 0
========================================================================
Received Import Request.
  Time since last request: 21.244780 seconds.
  path: Assets/Scripts/UI/DialogueUIController.cs
  artifactKey: Guid(dc11a698ffbb2c546bf6ee972f0c50ec) Importer(2089858483,b0f066a214c2f5e87bad3c948f4d605d)
Start importing Assets/Scripts/UI/DialogueUIController.cs using Guid(dc11a698ffbb2c546bf6ee972f0c50ec) Importer(2089858483,b0f066a214c2f5e87bad3c948f4d605d) (ScriptedImporter) -> (artifact id: '87300e118d86b6de9d1e8ad6ea539d34') in 0.0170557 seconds
Number of updated asset objects reloaded before import = 0Number of asset objects unloaded after import = 0

========================================================================
Received Prepare
Refreshing native plugins compatible for Editor in 2.22 ms, found 4 plugins.
Preloading 0 native plugins for Editor in 0.00 ms.
Unloading 16 Unused Serialized files (Serialized files now loaded: 0)
Unloading 6929 unused Assets / (4.4 MB). Loaded Objects now: 8034.
Memory consumption went from 164.3 MB to 159.9 MB.
Total: 34.079600 ms (FindLiveObjects: 1.133300 ms CreateObjectMapping: 0.405600 ms MarkObjects: 28.789500 ms  DeleteObjects: 3.749500 ms)

Prepare: number of updated asset objects reloaded= 0
========================================================================
Received Import Request.
  Time since last request: 5.807488 seconds.
  path: Assets/Scripts/UI/DialogueUIController.cs
  artifactKey: Guid(dc11a698ffbb2c546bf6ee972f0c50ec) Importer(2089858483,b0f066a214c2f5e87bad3c948f4d605d)
Start importing Assets/Scripts/UI/DialogueUIController.cs using Guid(dc11a698ffbb2c546bf6ee972f0c50ec) Importer(2089858483,b0f066a214c2f5e87bad3c948f4d605d) (ScriptedImporter) -> (artifact id: 'c30ea7ae6deb9bd5dc75d188b2df8254') in 0.0164095 seconds
Number of updated asset objects reloaded before import = 0Number of asset objects unloaded after import = 0

========================================================================
Received Prepare
Refreshing native plugins compatible for Editor in 3.57 ms, found 4 plugins.
Preloading 0 native plugins for Editor in 0.00 ms.
Unloading 16 Unused Serialized files (Serialized files now loaded: 0)
Unloading 6929 unused Assets / (4.4 MB). Loaded Objects now: 8034.
Memory consumption went from 164.3 MB to 159.9 MB.
Total: 41.380300 ms (FindLiveObjects: 1.349800 ms CreateObjectMapping: 0.634800 ms MarkObjects: 35.198100 ms  DeleteObjects: 4.195400 ms)

Prepare: number of updated asset objects reloaded= 0
========================================================================
Received Import Request.
  Time since last request: 4.465457 seconds.
  path: Assets/Scripts/UI/DialogueUIController.cs
  artifactKey: Guid(dc11a698ffbb2c546bf6ee972f0c50ec) Importer(2089858483,b0f066a214c2f5e87bad3c948f4d605d)
Start importing Assets/Scripts/UI/DialogueUIController.cs using Guid(dc11a698ffbb2c546bf6ee972f0c50ec) Importer(2089858483,b0f066a214c2f5e87bad3c948f4d605d) (ScriptedImporter) -> (artifact id: '4444c105fa40d065d37d3f2a59259ec4') in 0.0148546 seconds
Number of updated asset objects reloaded before import = 0Number of asset objects unloaded after import = 0

========================================================================
Received Prepare
Refreshing native plugins compatible for Editor in 2.77 ms, found 4 plugins.
Preloading 0 native plugins for Editor in 0.00 ms.
Unloading 16 Unused Serialized files (Serialized files now loaded: 0)
Unloading 6929 unused Assets / (4.1 MB). Loaded Objects now: 8034.
Memory consumption went from 164.3 MB to 160.2 MB.
Total: 38.748200 ms (FindLiveObjects: 1.387100 ms CreateObjectMapping: 0.518100 ms MarkObjects: 33.616500 ms  DeleteObjects: 3.224900 ms)

Prepare: number of updated asset objects reloaded= 0
========================================================================
Received Import Request.
  Time since last request: 8.722670 seconds.
  path: Assets/Scripts/UI/DialogueUIController.cs
  artifactKey: Guid(dc11a698ffbb2c546bf6ee972f0c50ec) Importer(2089858483,b0f066a214c2f5e87bad3c948f4d605d)
Start importing Assets/Scripts/UI/DialogueUIController.cs using Guid(dc11a698ffbb2c546bf6ee972f0c50ec) Importer(2089858483,b0f066a214c2f5e87bad3c948f4d605d) (ScriptedImporter) -> (artifact id: '42406d1019ddee6e5c1441c544db9c5a') in 0.0139833 seconds
Number of updated asset objects reloaded before import = 0Number of asset objects unloaded after import = 0

========================================================================
Received Prepare
Refreshing native plugins compatible for Editor in 2.41 ms, found 4 plugins.
Preloading 0 native plugins for Editor in 0.00 ms.
Unloading 16 Unused Serialized files (Serialized files now loaded: 0)
Unloading 6929 unused Assets / (4.1 MB). Loaded Objects now: 8034.
Memory consumption went from 164.3 MB to 160.2 MB.
Total: 34.056700 ms (FindLiveObjects: 1.261000 ms CreateObjectMapping: 0.927600 ms MarkObjects: 29.009700 ms  DeleteObjects: 2.856300 ms)

Prepare: number of updated asset objects reloaded= 0
========================================================================
Received Import Request.
  Time since last request: 10.121142 seconds.
  path: Assets/Scripts/UI/DialogueUIController.cs
  artifactKey: Guid(dc11a698ffbb2c546bf6ee972f0c50ec) Importer(2089858483,b0f066a214c2f5e87bad3c948f4d605d)
Start importing Assets/Scripts/UI/DialogueUIController.cs using Guid(dc11a698ffbb2c546bf6ee972f0c50ec) Importer(2089858483,b0f066a214c2f5e87bad3c948f4d605d) (ScriptedImporter) -> (artifact id: '37fbe3988b685ad3bf1f7be1fe2f0e1d') in 0.0144875 seconds
Number of updated asset objects reloaded before import = 0Number of asset objects unloaded after import = 0

========================================================================
Received Prepare
Refreshing native plugins compatible for Editor in 3.56 ms, found 4 plugins.
Preloading 0 native plugins for Editor in 0.00 ms.
Unloading 16 Unused Serialized files (Serialized files now loaded: 0)
Unloading 6929 unused Assets / (4.0 MB). Loaded Objects now: 8034.
Memory consumption went from 164.3 MB to 160.3 MB.
Total: 40.650500 ms (FindLiveObjects: 2.451400 ms CreateObjectMapping: 1.899800 ms MarkObjects: 32.522500 ms  DeleteObjects: 3.774700 ms)

Prepare: number of updated asset objects reloaded= 0
========================================================================
Received Import Request.
  Time since last request: 9.344169 seconds.
  path: Assets/Scripts/UI/DialogueUIController.cs
  artifactKey: Guid(dc11a698ffbb2c546bf6ee972f0c50ec) Importer(2089858483,b0f066a214c2f5e87bad3c948f4d605d)
Start importing Assets/Scripts/UI/DialogueUIController.cs using Guid(dc11a698ffbb2c546bf6ee972f0c50ec) Importer(2089858483,b0f066a214c2f5e87bad3c948f4d605d) (ScriptedImporter) -> (artifact id: '16a44f9d6a157883f1721c108b3fa019') in 0.0127557 seconds
Number of updated asset objects reloaded before import = 0Number of asset objects unloaded after import = 0

========================================================================
Received Prepare
Refreshing native plugins compatible for Editor in 10.07 ms, found 4 plugins.
Preloading 0 native plugins for Editor in 0.00 ms.
Unloading 16 Unused Serialized files (Serialized files now loaded: 0)
Unloading 6929 unused Assets / (4.1 MB). Loaded Objects now: 8034.
Memory consumption went from 164.3 MB to 160.2 MB.
Total: 34.438800 ms (FindLiveObjects: 1.374800 ms CreateObjectMapping: 0.397200 ms MarkObjects: 30.008700 ms  DeleteObjects: 2.655800 ms)

Prepare: number of updated asset objects reloaded= 0
========================================================================
Received Import Request.
  Time since last request: 3.373427 seconds.
  path: Assets/Scripts/UI/DialogueUIController.cs
  artifactKey: Guid(dc11a698ffbb2c546bf6ee972f0c50ec) Importer(2089858483,b0f066a214c2f5e87bad3c948f4d605d)
Start importing Assets/Scripts/UI/DialogueUIController.cs using Guid(dc11a698ffbb2c546bf6ee972f0c50ec) Importer(2089858483,b0f066a214c2f5e87bad3c948f4d605d) (ScriptedImporter) -> (artifact id: 'dd29b6b4fef7eecee831d28ebed56522') in 0.0170472 seconds
Number of updated asset objects reloaded before import = 0Number of asset objects unloaded after import = 0

========================================================================
Received Prepare
Refreshing native plugins compatible for Editor in 5.63 ms, found 4 plugins.
Preloading 0 native plugins for Editor in 0.00 ms.
Unloading 16 Unused Serialized files (Serialized files now loaded: 0)
Unloading 6929 unused Assets / (4.2 MB). Loaded Objects now: 8034.
Memory consumption went from 164.3 MB to 160.1 MB.
Total: 43.183300 ms (FindLiveObjects: 2.175600 ms CreateObjectMapping: 2.356700 ms MarkObjects: 34.146700 ms  DeleteObjects: 4.501800 ms)

Prepare: number of updated asset objects reloaded= 0
========================================================================
Received Import Request.
  Time since last request: 21.889368 seconds.
  path: Assets/Scripts/UI/DialogueUIController.cs
  artifactKey: Guid(dc11a698ffbb2c546bf6ee972f0c50ec) Importer(2089858483,b0f066a214c2f5e87bad3c948f4d605d)
Start importing Assets/Scripts/UI/DialogueUIController.cs using Guid(dc11a698ffbb2c546bf6ee972f0c50ec) Importer(2089858483,b0f066a214c2f5e87bad3c948f4d605d) (ScriptedImporter) -> (artifact id: '0c1a7f49650a7831c68f0a8dc3c510a2') in 0.011509 seconds
Number of updated asset objects reloaded before import = 0Number of asset objects unloaded after import = 0

========================================================================
Received Prepare
Refreshing native plugins compatible for Editor in 2.61 ms, found 4 plugins.
Preloading 0 native plugins for Editor in 0.00 ms.
Unloading 16 Unused Serialized files (Serialized files now loaded: 0)
Unloading 6929 unused Assets / (4.6 MB). Loaded Objects now: 8034.
Memory consumption went from 164.3 MB to 159.8 MB.
Total: 30.287400 ms (FindLiveObjects: 1.226600 ms CreateObjectMapping: 0.762800 ms MarkObjects: 24.254400 ms  DeleteObjects: 4.041200 ms)

Prepare: number of updated asset objects reloaded= 0
========================================================================
Received Import Request.
  Time since last request: 14.899006 seconds.
  path: Assets/Scripts/UI/DialogueUIController.cs
  artifactKey: Guid(dc11a698ffbb2c546bf6ee972f0c50ec) Importer(2089858483,b0f066a214c2f5e87bad3c948f4d605d)
Start importing Assets/Scripts/UI/DialogueUIController.cs using Guid(dc11a698ffbb2c546bf6ee972f0c50ec) Importer(2089858483,b0f066a214c2f5e87bad3c948f4d605d) (ScriptedImporter) -> (artifact id: '8870c073567c39428f34494dd6837cef') in 0.0366553 seconds
Number of updated asset objects reloaded before import = 0Number of asset objects unloaded after import = 0

========================================================================
Received Prepare
Refreshing native plugins compatible for Editor in 2.14 ms, found 4 plugins.
Preloading 0 native plugins for Editor in 0.00 ms.
Unloading 16 Unused Serialized files (Serialized files now loaded: 0)
Unloading 6929 unused Assets / (4.9 MB). Loaded Objects now: 8034.
Memory consumption went from 164.3 MB to 159.4 MB.
Total: 42.581800 ms (FindLiveObjects: 1.392000 ms CreateObjectMapping: 0.742900 ms MarkObjects: 34.882300 ms  DeleteObjects: 5.561800 ms)

Prepare: number of updated asset objects reloaded= 0
========================================================================
Received Import Request.
  Time since last request: 20.928061 seconds.
  path: Assets/Scripts/UI/DialogueUIController.cs
  artifactKey: Guid(dc11a698ffbb2c546bf6ee972f0c50ec) Importer(2089858483,b0f066a214c2f5e87bad3c948f4d605d)
Start importing Assets/Scripts/UI/DialogueUIController.cs using Guid(dc11a698ffbb2c546bf6ee972f0c50ec) Importer(2089858483,b0f066a214c2f5e87bad3c948f4d605d) (ScriptedImporter) -> (artifact id: 'a6899588b5ead3b0c44e76e3c88a84d4') in 0.012807 seconds
Number of updated asset objects reloaded before import = 0Number of asset objects unloaded after import = 0

========================================================================
Received Prepare
Refreshing native plugins compatible for Editor in 3.59 ms, found 4 plugins.
Preloading 0 native plugins for Editor in 0.00 ms.
Unloading 16 Unused Serialized files (Serialized files now loaded: 0)
Unloading 6929 unused Assets / (4.1 MB). Loaded Objects now: 8034.
Memory consumption went from 164.3 MB to 160.2 MB.
Total: 38.584800 ms (FindLiveObjects: 1.545200 ms CreateObjectMapping: 1.618500 ms MarkObjects: 31.713700 ms  DeleteObjects: 3.705400 ms)

Prepare: number of updated asset objects reloaded= 0
========================================================================
Received Import Request.
  Time since last request: 171.772207 seconds.
  path: Assets/Scripts/Managers/DialogueManager.cs
  artifactKey: Guid(e8963e3b4d3c71a4989ff7053157179d) Importer(2089858483,b0f066a214c2f5e87bad3c948f4d605d)
Start importing Assets/Scripts/Managers/DialogueManager.cs using Guid(e8963e3b4d3c71a4989ff7053157179d) Importer(2089858483,b0f066a214c2f5e87bad3c948f4d605d) (ScriptedImporter) -> (artifact id: '3db1bd654ae8d984008eca8cc85aa68c') in 0.0205327 seconds
Number of updated asset objects reloaded before import = 0Number of asset objects unloaded after import = 0

========================================================================
Received Prepare
Refreshing native plugins compatible for Editor in 2.83 ms, found 4 plugins.
Preloading 0 native plugins for Editor in 0.00 ms.
Unloading 16 Unused Serialized files (Serialized files now loaded: 0)
Unloading 6929 unused Assets / (1.9 MB). Loaded Objects now: 8034.
Memory consumption went from 164.3 MB to 162.4 MB.
Total: 50.935800 ms (FindLiveObjects: 1.397700 ms CreateObjectMapping: 0.653200 ms MarkObjects: 44.303800 ms  DeleteObjects: 4.578900 ms)

Prepare: number of updated asset objects reloaded= 0
========================================================================
Received Import Request.
  Time since last request: 5.008189 seconds.
  path: Assets/Scripts/Managers/DialogueManager.cs
  artifactKey: Guid(e8963e3b4d3c71a4989ff7053157179d) Importer(2089858483,b0f066a214c2f5e87bad3c948f4d605d)
Start importing Assets/Scripts/Managers/DialogueManager.cs using Guid(e8963e3b4d3c71a4989ff7053157179d) Importer(2089858483,b0f066a214c2f5e87bad3c948f4d605d) (ScriptedImporter) -> (artifact id: '85a2c8e43e48d95920f6666a70b27de9') in 0.0151293 seconds
Number of updated asset objects reloaded before import = 0Number of asset objects unloaded after import = 0

========================================================================
Received Prepare
Refreshing native plugins compatible for Editor in 3.04 ms, found 4 plugins.
Preloading 0 native plugins for Editor in 0.00 ms.
Unloading 16 Unused Serialized files (Serialized files now loaded: 0)
Unloading 6929 unused Assets / (4.7 MB). Loaded Objects now: 8034.
Memory consumption went from 164.3 MB to 159.6 MB.
Total: 46.442800 ms (FindLiveObjects: 1.585300 ms CreateObjectMapping: 1.054700 ms MarkObjects: 38.467900 ms  DeleteObjects: 5.331400 ms)

Prepare: number of updated asset objects reloaded= 0
========================================================================
Received Import Request.
  Time since last request: 43.609296 seconds.
  path: Assets/Scripts/Quest/Objectives/DialogueObjective.cs
  artifactKey: Guid(96995463946da2d44b4b8d39af329990) Importer(2089858483,b0f066a214c2f5e87bad3c948f4d605d)
Start importing Assets/Scripts/Quest/Objectives/DialogueObjective.cs using Guid(96995463946da2d44b4b8d39af329990) Importer(2089858483,b0f066a214c2f5e87bad3c948f4d605d) (ScriptedImporter) -> (artifact id: '1235d3d8584a82d557aa056e4fb75cb7') in 0.020652 seconds
Number of updated asset objects reloaded before import = 0Number of asset objects unloaded after import = 0

========================================================================
Received Prepare
Refreshing native plugins compatible for Editor in 2.16 ms, found 4 plugins.
Preloading 0 native plugins for Editor in 0.00 ms.
Unloading 16 Unused Serialized files (Serialized files now loaded: 0)
Unloading 6929 unused Assets / (4.1 MB). Loaded Objects now: 8034.
Memory consumption went from 164.3 MB to 160.2 MB.
Total: 35.885800 ms (FindLiveObjects: 1.335900 ms CreateObjectMapping: 0.654500 ms MarkObjects: 30.244300 ms  DeleteObjects: 3.649400 ms)

Prepare: number of updated asset objects reloaded= 0
========================================================================
Received Import Request.
  Time since last request: 3.425211 seconds.
  path: Assets/Scripts/Quest/Objectives/DialogueObjective.cs
  artifactKey: Guid(96995463946da2d44b4b8d39af329990) Importer(2089858483,b0f066a214c2f5e87bad3c948f4d605d)
Start importing Assets/Scripts/Quest/Objectives/DialogueObjective.cs using Guid(96995463946da2d44b4b8d39af329990) Importer(2089858483,b0f066a214c2f5e87bad3c948f4d605d) (ScriptedImporter) -> (artifact id: 'bfd3126b2dd40c29b08de1b4698bc06e') in 0.0169299 seconds
Number of updated asset objects reloaded before import = 0Number of asset objects unloaded after import = 0

========================================================================
Received Prepare
Refreshing native plugins compatible for Editor in 3.56 ms, found 4 plugins.
Preloading 0 native plugins for Editor in 0.00 ms.
Unloading 16 Unused Serialized files (Serialized files now loaded: 0)
Unloading 6929 unused Assets / (4.1 MB). Loaded Objects now: 8034.
Memory consumption went from 164.3 MB to 160.1 MB.
Total: 59.365900 ms (FindLiveObjects: 1.854000 ms CreateObjectMapping: 2.012600 ms MarkObjects: 52.232000 ms  DeleteObjects: 3.264800 ms)

Prepare: number of updated asset objects reloaded= 0
========================================================================
Received Import Request.
  Time since last request: 146.112221 seconds.
  path: Assets/Scripts/Quest/Objectives/DialogueObjective.cs
  artifactKey: Guid(96995463946da2d44b4b8d39af329990) Importer(2089858483,b0f066a214c2f5e87bad3c948f4d605d)
Start importing Assets/Scripts/Quest/Objectives/DialogueObjective.cs using Guid(96995463946da2d44b4b8d39af329990) Importer(2089858483,b0f066a214c2f5e87bad3c948f4d605d) (ScriptedImporter) -> (artifact id: '503735dd61167f06bec222268f34adc3') in 0.0167554 seconds
Number of updated asset objects reloaded before import = 0Number of asset objects unloaded after import = 0

========================================================================
Received Prepare
Refreshing native plugins compatible for Editor in 3.50 ms, found 4 plugins.
Preloading 0 native plugins for Editor in 0.00 ms.
Unloading 16 Unused Serialized files (Serialized files now loaded: 0)
Unloading 6929 unused Assets / (4.0 MB). Loaded Objects now: 8034.
Memory consumption went from 164.3 MB to 160.3 MB.
Total: 37.460200 ms (FindLiveObjects: 1.391900 ms CreateObjectMapping: 0.530800 ms MarkObjects: 32.277500 ms  DeleteObjects: 3.258200 ms)

Prepare: number of updated asset objects reloaded= 0
========================================================================
Received Import Request.
  Time since last request: 4.596365 seconds.
  path: Assets/Scripts/Quest/Objectives/DialogueObjective.cs
  artifactKey: Guid(96995463946da2d44b4b8d39af329990) Importer(2089858483,b0f066a214c2f5e87bad3c948f4d605d)
Start importing Assets/Scripts/Quest/Objectives/DialogueObjective.cs using Guid(96995463946da2d44b4b8d39af329990) Importer(2089858483,b0f066a214c2f5e87bad3c948f4d605d) (ScriptedImporter) -> (artifact id: 'f242b51d05c828328a4cf21d3ba245a0') in 0.01349 seconds
Number of updated asset objects reloaded before import = 0Number of asset objects unloaded after import = 0

========================================================================
Received Prepare
Refreshing native plugins compatible for Editor in 2.60 ms, found 4 plugins.
Preloading 0 native plugins for Editor in 0.00 ms.
Unloading 16 Unused Serialized files (Serialized files now loaded: 0)
Unloading 6929 unused Assets / (4.9 MB). Loaded Objects now: 8034.
Memory consumption went from 164.3 MB to 159.4 MB.
Total: 36.761600 ms (FindLiveObjects: 1.481900 ms CreateObjectMapping: 0.830900 ms MarkObjects: 29.479000 ms  DeleteObjects: 4.967800 ms)

Prepare: number of updated asset objects reloaded= 0
========================================================================
Received Import Request.
  Time since last request: 14.947048 seconds.
  path: Assets/Scripts/Quest/Objectives/DialogueObjective.cs
  artifactKey: Guid(96995463946da2d44b4b8d39af329990) Importer(2089858483,b0f066a214c2f5e87bad3c948f4d605d)
Start importing Assets/Scripts/Quest/Objectives/DialogueObjective.cs using Guid(96995463946da2d44b4b8d39af329990) Importer(2089858483,b0f066a214c2f5e87bad3c948f4d605d) (ScriptedImporter) -> (artifact id: '4f05a9b7583b9f2b831dad7e9c3aea3f') in 0.0205781 seconds
Number of updated asset objects reloaded before import = 0Number of asset objects unloaded after import = 0

========================================================================
Received Prepare
Refreshing native plugins compatible for Editor in 3.15 ms, found 4 plugins.
Preloading 0 native plugins for Editor in 0.00 ms.
Unloading 16 Unused Serialized files (Serialized files now loaded: 0)
Unloading 6929 unused Assets / (4.8 MB). Loaded Objects now: 8034.
Memory consumption went from 164.3 MB to 159.5 MB.
Total: 31.303300 ms (FindLiveObjects: 1.264000 ms CreateObjectMapping: 1.075800 ms MarkObjects: 24.884400 ms  DeleteObjects: 4.077600 ms)

Prepare: number of updated asset objects reloaded= 0
========================================================================
Received Import Request.
  Time since last request: 8.551166 seconds.
  path: Assets/Scripts/Quest/Objectives/DialogueObjective.cs
  artifactKey: Guid(96995463946da2d44b4b8d39af329990) Importer(2089858483,b0f066a214c2f5e87bad3c948f4d605d)
Start importing Assets/Scripts/Quest/Objectives/DialogueObjective.cs using Guid(96995463946da2d44b4b8d39af329990) Importer(2089858483,b0f066a214c2f5e87bad3c948f4d605d) (ScriptedImporter) -> (artifact id: '00000000000000000000000000000000') in 0.0233974 seconds
Import Error Code:(4)
Message: Build asset version error: assets/scripts/quest/objectives/dialogueobjective.cs in SourceAssetDB has modification time of '2026-01-18T16:14:12.294136Z' while content on disk has modification time of '2026-01-18T16:14:13.6326212Z'
  ERROR: Build asset version error: assets/scripts/quest/objectives/dialogueobjective.cs in SourceAssetDB has modification time of '2026-01-18T16:14:12.294136Z' while content on disk has modification time of '2026-01-18T16:14:13.6326212Z'
Number of updated asset objects reloaded before import = 0Number of asset objects unloaded after import = 0

========================================================================
Received Prepare
Refreshing native plugins compatible for Editor in 2.54 ms, found 4 plugins.
Preloading 0 native plugins for Editor in 0.00 ms.
Unloading 16 Unused Serialized files (Serialized files now loaded: 0)
Unloading 6929 unused Assets / (4.5 MB). Loaded Objects now: 8034.
Memory consumption went from 164.3 MB to 159.9 MB.
Total: 32.769100 ms (FindLiveObjects: 1.645200 ms CreateObjectMapping: 1.161700 ms MarkObjects: 26.224500 ms  DeleteObjects: 3.735300 ms)

Prepare: number of updated asset objects reloaded= 0
========================================================================
Received Import Request.
  Time since last request: 9.941159 seconds.
  path: Assets/Scripts/Quest/Objectives/DialogueObjective.cs
  artifactKey: Guid(96995463946da2d44b4b8d39af329990) Importer(2089858483,b0f066a214c2f5e87bad3c948f4d605d)
Start importing Assets/Scripts/Quest/Objectives/DialogueObjective.cs using Guid(96995463946da2d44b4b8d39af329990) Importer(2089858483,b0f066a214c2f5e87bad3c948f4d605d) (ScriptedImporter) -> (artifact id: '6be8c861e543bfeb140c3e0acf5a87f3') in 0.010379 seconds
Number of updated asset objects reloaded before import = 0Number of asset objects unloaded after import = 0

========================================================================
Received Prepare
Refreshing native plugins compatible for Editor in 2.64 ms, found 4 plugins.
Preloading 0 native plugins for Editor in 0.00 ms.
Unloading 16 Unused Serialized files (Serialized files now loaded: 0)
Unloading 6929 unused Assets / (4.7 MB). Loaded Objects now: 8034.
Memory consumption went from 164.3 MB to 159.6 MB.
Total: 50.745800 ms (FindLiveObjects: 1.358100 ms CreateObjectMapping: 1.687700 ms MarkObjects: 43.463700 ms  DeleteObjects: 4.233800 ms)

Prepare: number of updated asset objects reloaded= 0
========================================================================
Received Import Request.
  Time since last request: 25.682414 seconds.
  path: Assets/Scripts/Quest/Objectives/DialogueObjective.cs
  artifactKey: Guid(96995463946da2d44b4b8d39af329990) Importer(2089858483,b0f066a214c2f5e87bad3c948f4d605d)
Start importing Assets/Scripts/Quest/Objectives/DialogueObjective.cs using Guid(96995463946da2d44b4b8d39af329990) Importer(2089858483,b0f066a214c2f5e87bad3c948f4d605d) (ScriptedImporter) -> (artifact id: 'c043d4ae97e5bddbcebc03a2951de0ae') in 0.0374458 seconds
Number of updated asset objects reloaded before import = 0Number of asset objects unloaded after import = 0

========================================================================
Received Prepare
Refreshing native plugins compatible for Editor in 3.95 ms, found 4 plugins.
Preloading 0 native plugins for Editor in 0.00 ms.
Unloading 16 Unused Serialized files (Serialized files now loaded: 0)
Unloading 6929 unused Assets / (4.4 MB). Loaded Objects now: 8034.
Memory consumption went from 164.3 MB to 159.9 MB.
Total: 44.247400 ms (FindLiveObjects: 1.720100 ms CreateObjectMapping: 1.948200 ms MarkObjects: 35.419100 ms  DeleteObjects: 5.158000 ms)

Prepare: number of updated asset objects reloaded= 0
========================================================================
Received Import Request.
  Time since last request: 3.393740 seconds.
  path: Assets/Scripts/Quest/Objectives/DialogueObjective.cs
  artifactKey: Guid(96995463946da2d44b4b8d39af329990) Importer(2089858483,b0f066a214c2f5e87bad3c948f4d605d)
Start importing Assets/Scripts/Quest/Objectives/DialogueObjective.cs using Guid(96995463946da2d44b4b8d39af329990) Importer(2089858483,b0f066a214c2f5e87bad3c948f4d605d) (ScriptedImporter) -> (artifact id: '58d5b482e41c2e1dcb2dac58cec94d8f') in 0.0767292 seconds
Number of updated asset objects reloaded before import = 0Number of asset objects unloaded after import = 0

========================================================================
Received Prepare
Refreshing native plugins compatible for Editor in 2.32 ms, found 4 plugins.
Preloading 0 native plugins for Editor in 0.00 ms.
Unloading 16 Unused Serialized files (Serialized files now loaded: 0)
Unloading 6929 unused Assets / (4.3 MB). Loaded Objects now: 8034.
Memory consumption went from 164.3 MB to 160.0 MB.
Total: 30.985500 ms (FindLiveObjects: 1.153400 ms CreateObjectMapping: 0.425100 ms MarkObjects: 24.918200 ms  DeleteObjects: 4.486900 ms)

Prepare: number of updated asset objects reloaded= 0
========================================================================
Received Import Request.
  Time since last request: 14.712373 seconds.
  path: Assets/Scripts/Quest/Objectives/DialogueObjective.cs
  artifactKey: Guid(96995463946da2d44b4b8d39af329990) Importer(2089858483,b0f066a214c2f5e87bad3c948f4d605d)
Start importing Assets/Scripts/Quest/Objectives/DialogueObjective.cs using Guid(96995463946da2d44b4b8d39af329990) Importer(2089858483,b0f066a214c2f5e87bad3c948f4d605d) (ScriptedImporter) -> (artifact id: '06b4c65529af5ff5b9cb549f5ba6ab1a') in 0.0132222 seconds
Number of updated asset objects reloaded before import = 0Number of asset objects unloaded after import = 0

========================================================================
Received Prepare
Refreshing native plugins compatible for Editor in 2.95 ms, found 4 plugins.
Preloading 0 native plugins for Editor in 0.00 ms.
Unloading 16 Unused Serialized files (Serialized files now loaded: 0)
Unloading 6929 unused Assets / (2.2 MB). Loaded Objects now: 8034.
Memory consumption went from 164.3 MB to 162.1 MB.
Total: 93.793300 ms (FindLiveObjects: 1.308700 ms CreateObjectMapping: 0.400500 ms MarkObjects: 87.585700 ms  DeleteObjects: 4.496000 ms)

Prepare: number of updated asset objects reloaded= 0
========================================================================
Received Import Request.
  Time since last request: 78.822697 seconds.
  path: Assets/Scripts/Quest/Objectives/DialogueObjective.cs
  artifactKey: Guid(96995463946da2d44b4b8d39af329990) Importer(2089858483,b0f066a214c2f5e87bad3c948f4d605d)
Start importing Assets/Scripts/Quest/Objectives/DialogueObjective.cs using Guid(96995463946da2d44b4b8d39af329990) Importer(2089858483,b0f066a214c2f5e87bad3c948f4d605d) (ScriptedImporter) -> (artifact id: '6f94b0dd8b0a928fb9e8b25a0fb78a44') in 0.0143108 seconds
Number of updated asset objects reloaded before import = 0Number of asset objects unloaded after import = 0

========================================================================
Received Prepare
Refreshing native plugins compatible for Editor in 2.34 ms, found 4 plugins.
Preloading 0 native plugins for Editor in 0.00 ms.
Unloading 16 Unused Serialized files (Serialized files now loaded: 0)
Unloading 6929 unused Assets / (4.1 MB). Loaded Objects now: 8034.
Memory consumption went from 164.3 MB to 160.3 MB.
Total: 34.202900 ms (FindLiveObjects: 1.358000 ms CreateObjectMapping: 0.584200 ms MarkObjects: 29.128300 ms  DeleteObjects: 3.129800 ms)

Prepare: number of updated asset objects reloaded= 0
========================================================================
Received Import Request.
  Time since last request: 2.975103 seconds.
  path: Assets/Scripts/Quest/Objectives/DialogueObjective.cs
  artifactKey: Guid(96995463946da2d44b4b8d39af329990) Importer(2089858483,b0f066a214c2f5e87bad3c948f4d605d)
Start importing Assets/Scripts/Quest/Objectives/DialogueObjective.cs using Guid(96995463946da2d44b4b8d39af329990) Importer(2089858483,b0f066a214c2f5e87bad3c948f4d605d) (ScriptedImporter) -> (artifact id: '1485b8ef389e6256de08a2c8d2829de2') in 0.1757025 seconds
Number of updated asset objects reloaded before import = 0Number of asset objects unloaded after import = 0

========================================================================
Received Prepare
Refreshing native plugins compatible for Editor in 2.76 ms, found 4 plugins.
Preloading 0 native plugins for Editor in 0.00 ms.
Unloading 16 Unused Serialized files (Serialized files now loaded: 0)
Unloading 6929 unused Assets / (4.0 MB). Loaded Objects now: 8034.
Memory consumption went from 164.3 MB to 160.3 MB.
Total: 31.086100 ms (FindLiveObjects: 1.442600 ms CreateObjectMapping: 0.649300 ms MarkObjects: 26.424600 ms  DeleteObjects: 2.567800 ms)

Prepare: number of updated asset objects reloaded= 0
========================================================================
Received Import Request.
  Time since last request: 37.636577 seconds.
  path: Assets/Scripts/Quest/Objectives/TalkToObjective.cs
  artifactKey: Guid(6a42a43e98772934b843740790cf125d) Importer(2089858483,b0f066a214c2f5e87bad3c948f4d605d)
Start importing Assets/Scripts/Quest/Objectives/TalkToObjective.cs using Guid(6a42a43e98772934b843740790cf125d) Importer(2089858483,b0f066a214c2f5e87bad3c948f4d605d) (ScriptedImporter) -> (artifact id: '295b7e91fc46f5bf1d8d21cb3f04ebbd') in 0.0095633 seconds
Number of updated asset objects reloaded before import = 0Number of asset objects unloaded after import = 0

========================================================================
Received Prepare
Begin MonoManager ReloadAssembly
[Licensing::Client] Successfully resolved entitlement details
- Loaded All Assemblies, in  1.328 seconds
Refreshing native plugins compatible for Editor in 1.93 ms, found 4 plugins.
Native extension for WindowsStandalone target not found
Native extension for WebGL target not found
[Package Manager] Failed to launch server process. Reason: Unity was launched with the -noUpm command-line argument
[Package Manager] Unable to send message (not connected to server process).
[Package Manager] Cannot connect to Unity Package Manager local server
Mono: successfully reloaded assembly
- Finished resetting the current domain, in  1.769 seconds
Domain Reload Profiling: 3102ms
	BeginReloadAssembly (462ms)
		ExecutionOrderSort (0ms)
		DisableScriptedObjects (25ms)
		BackupInstance (0ms)
		ReleaseScriptingObjects (0ms)
		CreateAndSetChildDomain (151ms)
	RebuildCommonClasses (51ms)
	RebuildNativeTypeToScriptingClass (16ms)
	initialDomainReloadingComplete (40ms)
	LoadAllAssembliesAndSetupDomain (763ms)
		LoadAssemblies (672ms)
		RebuildTransferFunctionScriptingTraits (0ms)
		AnalyzeDomain (280ms)
			TypeCache.Refresh (14ms)
				TypeCache.ScanAssembly (1ms)
			BuildScriptInfoCaches (246ms)
			ResolveRequiredComponents (15ms)
	FinalizeReload (1770ms)
		ReleaseScriptCaches (0ms)
		RebuildScriptCaches (0ms)
		SetupLoadedEditorAssemblies (1559ms)
			LogAssemblyErrors (0ms)
			InitializePlatformSupportModulesInManaged (3ms)
			SetLoadedEditorAssemblies (9ms)
			BeforeProcessingInitializeOnLoad (369ms)
			ProcessInitializeOnLoadAttributes (1027ms)
			ProcessInitializeOnLoadMethodAttributes (149ms)
			AfterProcessingInitializeOnLoad (3ms)
			EditorAssembliesLoaded (1ms)
		ExecutionOrderSort2 (0ms)
		AwakeInstancesAfterBackupRestoration (22ms)
Refreshing native plugins compatible for Editor in 6.19 ms, found 4 plugins.
Preloading 0 native plugins for Editor in 0.00 ms.
Unloading 16 Unused Serialized files (Serialized files now loaded: 0)
Unloading 6939 unused Assets / (4.1 MB). Loaded Objects now: 8037.
Memory consumption went from 164.1 MB to 160.0 MB.
Total: 47.882700 ms (FindLiveObjects: 6.051100 ms CreateObjectMapping: 2.922500 ms MarkObjects: 34.971600 ms  DeleteObjects: 3.935100 ms)

Prepare: number of updated asset objects reloaded= 0
========================================================================
Received Import Request.
  Time since last request: 73.745036 seconds.
  path: Assets/ScriptablesObjects/Dialogues/TestDialogue 3.asset
  artifactKey: Guid(910a6c7bcf5845647aaae671201360eb) Importer(815301076,1909f56bfc062723c751e8b465ee728b)
Start importing Assets/ScriptablesObjects/Dialogues/TestDialogue 3.asset using Guid(910a6c7bcf5845647aaae671201360eb) Importer(815301076,1909f56bfc062723c751e8b465ee728b) (PreviewImporter) -> (artifact id: '261f716058a089665d3170ae001e68a7') in 0.0340235 seconds
Number of updated asset objects reloaded before import = 0Number of asset objects unloaded after import = 1

========================================================================
Received Prepare
Refreshing native plugins compatible for Editor in 1.94 ms, found 4 plugins.
Preloading 0 native plugins for Editor in 0.00 ms.
Unloading 16 Unused Serialized files (Serialized files now loaded: 0)
Unloading 6929 unused Assets / (4.4 MB). Loaded Objects now: 8037.
Memory consumption went from 164.3 MB to 159.8 MB.
Total: 30.204100 ms (FindLiveObjects: 1.203300 ms CreateObjectMapping: 1.148000 ms MarkObjects: 25.176600 ms  DeleteObjects: 2.674400 ms)

Prepare: number of updated asset objects reloaded= 0
========================================================================
Received Prepare
Refreshing native plugins compatible for Editor in 2.73 ms, found 4 plugins.
Preloading 0 native plugins for Editor in 0.00 ms.
Unloading 16 Unused Serialized files (Serialized files now loaded: 0)
Unloading 6929 unused Assets / (4.4 MB). Loaded Objects now: 8037.
Memory consumption went from 164.3 MB to 159.9 MB.
Total: 27.971600 ms (FindLiveObjects: 1.262500 ms CreateObjectMapping: 0.520700 ms MarkObjects: 23.515800 ms  DeleteObjects: 2.670000 ms)

Prepare: number of updated asset objects reloaded= 0
========================================================================
Received Prepare
Refreshing native plugins compatible for Editor in 2.00 ms, found 4 plugins.
Preloading 0 native plugins for Editor in 0.00 ms.
Unloading 16 Unused Serialized files (Serialized files now loaded: 0)
Unloading 6929 unused Assets / (4.5 MB). Loaded Objects now: 8037.
Memory consumption went from 164.3 MB to 159.8 MB.
Total: 28.987800 ms (FindLiveObjects: 1.130500 ms CreateObjectMapping: 0.373100 ms MarkObjects: 24.709600 ms  DeleteObjects: 2.772800 ms)

Prepare: number of updated asset objects reloaded= 0
========================================================================
Received Prepare
Refreshing native plugins compatible for Editor in 2.45 ms, found 4 plugins.
Preloading 0 native plugins for Editor in 0.00 ms.
Unloading 16 Unused Serialized files (Serialized files now loaded: 0)
Unloading 6929 unused Assets / (4.3 MB). Loaded Objects now: 8037.
Memory consumption went from 164.3 MB to 160.0 MB.
Total: 26.722100 ms (FindLiveObjects: 1.242100 ms CreateObjectMapping: 0.410900 ms MarkObjects: 22.416000 ms  DeleteObjects: 2.651600 ms)

Prepare: number of updated asset objects reloaded= 0
========================================================================
Received Prepare
Refreshing native plugins compatible for Editor in 1.93 ms, found 4 plugins.
Preloading 0 native plugins for Editor in 0.00 ms.
Unloading 16 Unused Serialized files (Serialized files now loaded: 0)
Unloading 6929 unused Assets / (4.6 MB). Loaded Objects now: 8037.
Memory consumption went from 164.3 MB to 159.7 MB.
Total: 31.424600 ms (FindLiveObjects: 1.155600 ms CreateObjectMapping: 0.459500 ms MarkObjects: 24.880600 ms  DeleteObjects: 4.927500 ms)

Prepare: number of updated asset objects reloaded= 0
========================================================================
Received Prepare
Refreshing native plugins compatible for Editor in 2.20 ms, found 4 plugins.
Preloading 0 native plugins for Editor in 0.00 ms.
Unloading 16 Unused Serialized files (Serialized files now loaded: 0)
Unloading 6929 unused Assets / (4.3 MB). Loaded Objects now: 8037.
Memory consumption went from 164.3 MB to 160.0 MB.
Total: 27.940300 ms (FindLiveObjects: 1.202100 ms CreateObjectMapping: 0.879700 ms MarkObjects: 23.289800 ms  DeleteObjects: 2.566300 ms)

Prepare: number of updated asset objects reloaded= 0
========================================================================
Received Prepare
Begin MonoManager ReloadAssembly
[Licensing::Client] Successfully resolved entitlement details
- Loaded All Assemblies, in  1.232 seconds
Refreshing native plugins compatible for Editor in 2.09 ms, found 4 plugins.
Native extension for WindowsStandalone target not found
Native extension for WebGL target not found
[Package Manager] Failed to launch server process. Reason: Unity was launched with the -noUpm command-line argument
[Package Manager] Unable to send message (not connected to server process).
[Package Manager] Cannot connect to Unity Package Manager local server
Mono: successfully reloaded assembly
- Finished resetting the current domain, in  1.602 seconds
Domain Reload Profiling: 2836ms
	BeginReloadAssembly (331ms)
		ExecutionOrderSort (0ms)
		DisableScriptedObjects (17ms)
		BackupInstance (0ms)
		ReleaseScriptingObjects (0ms)
		CreateAndSetChildDomain (85ms)
	RebuildCommonClasses (55ms)
	RebuildNativeTypeToScriptingClass (19ms)
	initialDomainReloadingComplete (43ms)
	LoadAllAssembliesAndSetupDomain (785ms)
		LoadAssemblies (678ms)
		RebuildTransferFunctionScriptingTraits (0ms)
		AnalyzeDomain (274ms)
			TypeCache.Refresh (13ms)
				TypeCache.ScanAssembly (1ms)
			BuildScriptInfoCaches (241ms)
			ResolveRequiredComponents (13ms)
	FinalizeReload (1602ms)
		ReleaseScriptCaches (0ms)
		RebuildScriptCaches (0ms)
		SetupLoadedEditorAssemblies (1406ms)
			LogAssemblyErrors (0ms)
			InitializePlatformSupportModulesInManaged (2ms)
			SetLoadedEditorAssemblies (7ms)
			BeforeProcessingInitializeOnLoad (287ms)
			ProcessInitializeOnLoadAttributes (959ms)
			ProcessInitializeOnLoadMethodAttributes (148ms)
			AfterProcessingInitializeOnLoad (3ms)
			EditorAssembliesLoaded (0ms)
		ExecutionOrderSort2 (0ms)
		AwakeInstancesAfterBackupRestoration (17ms)
Refreshing native plugins compatible for Editor in 2.57 ms, found 4 plugins.
Preloading 0 native plugins for Editor in 0.00 ms.
Unloading 16 Unused Serialized files (Serialized files now loaded: 0)
Unloading 6939 unused Assets / (5.0 MB). Loaded Objects now: 8040.
Memory consumption went from 164.2 MB to 159.2 MB.
Total: 31.352500 ms (FindLiveObjects: 1.226300 ms CreateObjectMapping: 0.511200 ms MarkObjects: 25.385200 ms  DeleteObjects: 4.227000 ms)

Prepare: number of updated asset objects reloaded= 0
========================================================================
Received Prepare
Refreshing native plugins compatible for Editor in 2.94 ms, found 4 plugins.
Preloading 0 native plugins for Editor in 0.00 ms.
Unloading 16 Unused Serialized files (Serialized files now loaded: 0)
Unloading 6929 unused Assets / (4.6 MB). Loaded Objects now: 8040.
Memory consumption went from 164.3 MB to 159.8 MB.
Total: 29.295800 ms (FindLiveObjects: 1.159300 ms CreateObjectMapping: 0.416600 ms MarkObjects: 24.090500 ms  DeleteObjects: 3.627400 ms)

Prepare: number of updated asset objects reloaded= 0
========================================================================
Received Prepare
Begin MonoManager ReloadAssembly
- Loaded All Assemblies, in  1.157 seconds
Refreshing native plugins compatible for Editor in 2.61 ms, found 4 plugins.
Native extension for WindowsStandalone target not found
Native extension for WebGL target not found
[Package Manager] Failed to launch server process. Reason: Unity was launched with the -noUpm command-line argument
[Package Manager] Unable to send message (not connected to server process).
[Package Manager] Cannot connect to Unity Package Manager local server
Mono: successfully reloaded assembly
- Finished resetting the current domain, in  1.722 seconds
Domain Reload Profiling: 2882ms
	BeginReloadAssembly (337ms)
		ExecutionOrderSort (0ms)
		DisableScriptedObjects (20ms)
		BackupInstance (0ms)
		ReleaseScriptingObjects (0ms)
		CreateAndSetChildDomain (82ms)
	RebuildCommonClasses (47ms)
	RebuildNativeTypeToScriptingClass (16ms)
	initialDomainReloadingComplete (37ms)
	LoadAllAssembliesAndSetupDomain (722ms)
		LoadAssemblies (618ms)
		RebuildTransferFunctionScriptingTraits (0ms)
		AnalyzeDomain (275ms)
			TypeCache.Refresh (13ms)
				TypeCache.ScanAssembly (1ms)
			BuildScriptInfoCaches (239ms)
			ResolveRequiredComponents (17ms)
	FinalizeReload (1723ms)
		ReleaseScriptCaches (0ms)
		RebuildScriptCaches (0ms)
		SetupLoadedEditorAssemblies (1481ms)
			LogAssemblyErrors (0ms)
			InitializePlatformSupportModulesInManaged (3ms)
			SetLoadedEditorAssemblies (12ms)
			BeforeProcessingInitializeOnLoad (309ms)
			ProcessInitializeOnLoadAttributes (977ms)
			ProcessInitializeOnLoadMethodAttributes (176ms)
			AfterProcessingInitializeOnLoad (4ms)
			EditorAssembliesLoaded (1ms)
		ExecutionOrderSort2 (0ms)
		AwakeInstancesAfterBackupRestoration (21ms)
Refreshing native plugins compatible for Editor in 2.16 ms, found 4 plugins.
Preloading 0 native plugins for Editor in 0.00 ms.
Unloading 16 Unused Serialized files (Serialized files now loaded: 0)
Unloading 6939 unused Assets / (4.4 MB). Loaded Objects now: 8043.
Memory consumption went from 164.2 MB to 159.9 MB.
Total: 29.471900 ms (FindLiveObjects: 1.206600 ms CreateObjectMapping: 0.579000 ms MarkObjects: 24.784500 ms  DeleteObjects: 2.900000 ms)

Prepare: number of updated asset objects reloaded= 0
========================================================================
Received Prepare
Begin MonoManager ReloadAssembly
- Loaded All Assemblies, in  1.149 seconds
Refreshing native plugins compatible for Editor in 1.91 ms, found 4 plugins.
Native extension for WindowsStandalone target not found
Native extension for WebGL target not found
[Package Manager] Failed to launch server process. Reason: Unity was launched with the -noUpm command-line argument
[Package Manager] Unable to send message (not connected to server process).
[Package Manager] Cannot connect to Unity Package Manager local server
Mono: successfully reloaded assembly
- Finished resetting the current domain, in  1.614 seconds
Domain Reload Profiling: 2766ms
	BeginReloadAssembly (322ms)
		ExecutionOrderSort (0ms)
		DisableScriptedObjects (17ms)
		BackupInstance (0ms)
		ReleaseScriptingObjects (1ms)
		CreateAndSetChildDomain (77ms)
	RebuildCommonClasses (46ms)
	RebuildNativeTypeToScriptingClass (16ms)
	initialDomainReloadingComplete (36ms)
	LoadAllAssembliesAndSetupDomain (732ms)
		LoadAssemblies (616ms)
		RebuildTransferFunctionScriptingTraits (0ms)
		AnalyzeDomain (282ms)
			TypeCache.Refresh (9ms)
				TypeCache.ScanAssembly (0ms)
			BuildScriptInfoCaches (255ms)
			ResolveRequiredComponents (13ms)
	FinalizeReload (1614ms)
		ReleaseScriptCaches (0ms)
		RebuildScriptCaches (0ms)
		SetupLoadedEditorAssemblies (1422ms)
			LogAssemblyErrors (0ms)
			InitializePlatformSupportModulesInManaged (3ms)
			SetLoadedEditorAssemblies (8ms)
			BeforeProcessingInitializeOnLoad (331ms)
			ProcessInitializeOnLoadAttributes (905ms)
			ProcessInitializeOnLoadMethodAttributes (171ms)
			AfterProcessingInitializeOnLoad (3ms)
			EditorAssembliesLoaded (0ms)
		ExecutionOrderSort2 (0ms)
		AwakeInstancesAfterBackupRestoration (19ms)
Refreshing native plugins compatible for Editor in 2.44 ms, found 4 plugins.
Preloading 0 native plugins for Editor in 0.00 ms.
Unloading 16 Unused Serialized files (Serialized files now loaded: 0)
Unloading 6939 unused Assets / (3.9 MB). Loaded Objects now: 8046.
Memory consumption went from 164.3 MB to 160.4 MB.
Total: 30.865200 ms (FindLiveObjects: 1.486700 ms CreateObjectMapping: 1.135800 ms MarkObjects: 25.371400 ms  DeleteObjects: 2.869400 ms)

Prepare: number of updated asset objects reloaded= 0
========================================================================
Received Prepare
Refreshing native plugins compatible for Editor in 2.68 ms, found 4 plugins.
Preloading 0 native plugins for Editor in 0.00 ms.
Unloading 16 Unused Serialized files (Serialized files now loaded: 0)
Unloading 6929 unused Assets / (3.9 MB). Loaded Objects now: 8046.
Memory consumption went from 164.4 MB to 160.6 MB.
Total: 54.459100 ms (FindLiveObjects: 1.465300 ms CreateObjectMapping: 0.706600 ms MarkObjects: 49.440400 ms  DeleteObjects: 2.844600 ms)

Prepare: number of updated asset objects reloaded= 0
========================================================================
Received Prepare
Begin MonoManager ReloadAssembly
[Licensing::Client] Successfully resolved entitlement details
- Loaded All Assemblies, in  1.413 seconds
Refreshing native plugins compatible for Editor in 2.70 ms, found 4 plugins.
Native extension for WindowsStandalone target not found
Native extension for WebGL target not found
[Package Manager] Failed to launch server process. Reason: Unity was launched with the -noUpm command-line argument
[Package Manager] Unable to send message (not connected to server process).
[Package Manager] Cannot connect to Unity Package Manager local server
Mono: successfully reloaded assembly
- Finished resetting the current domain, in  1.760 seconds
Domain Reload Profiling: 3175ms
	BeginReloadAssembly (449ms)
		ExecutionOrderSort (0ms)
		DisableScriptedObjects (23ms)
		BackupInstance (0ms)
		ReleaseScriptingObjects (0ms)
		CreateAndSetChildDomain (104ms)
	RebuildCommonClasses (51ms)
	RebuildNativeTypeToScriptingClass (19ms)
	initialDomainReloadingComplete (83ms)
	LoadAllAssembliesAndSetupDomain (812ms)
		LoadAssemblies (725ms)
		RebuildTransferFunctionScriptingTraits (0ms)
		AnalyzeDomain (316ms)
			TypeCache.Refresh (20ms)
				TypeCache.ScanAssembly (1ms)
			BuildScriptInfoCaches (278ms)
			ResolveRequiredComponents (13ms)
	FinalizeReload (1761ms)
		ReleaseScriptCaches (0ms)
		RebuildScriptCaches (0ms)
		SetupLoadedEditorAssemblies (1540ms)
			LogAssemblyErrors (0ms)
			InitializePlatformSupportModulesInManaged (3ms)
			SetLoadedEditorAssemblies (9ms)
			BeforeProcessingInitializeOnLoad (395ms)
			ProcessInitializeOnLoadAttributes (971ms)
			ProcessInitializeOnLoadMethodAttributes (158ms)
			AfterProcessingInitializeOnLoad (3ms)
			EditorAssembliesLoaded (0ms)
		ExecutionOrderSort2 (0ms)
		AwakeInstancesAfterBackupRestoration (18ms)
Refreshing native plugins compatible for Editor in 2.02 ms, found 4 plugins.
Preloading 0 native plugins for Editor in 0.00 ms.
Unloading 16 Unused Serialized files (Serialized files now loaded: 0)
Unloading 6939 unused Assets / (4.2 MB). Loaded Objects now: 8049.
Memory consumption went from 164.3 MB to 160.1 MB.
Total: 32.031600 ms (FindLiveObjects: 1.211200 ms CreateObjectMapping: 1.513800 ms MarkObjects: 26.354700 ms  DeleteObjects: 2.949600 ms)

Prepare: number of updated asset objects reloaded= 0
========================================================================
Received Prepare
Refreshing native plugins compatible for Editor in 2.58 ms, found 4 plugins.
Preloading 0 native plugins for Editor in 0.00 ms.
Unloading 16 Unused Serialized files (Serialized files now loaded: 0)
Unloading 6929 unused Assets / (4.1 MB). Loaded Objects now: 8049.
Memory consumption went from 164.5 MB to 160.3 MB.
Total: 32.384700 ms (FindLiveObjects: 1.579200 ms CreateObjectMapping: 0.739700 ms MarkObjects: 26.558000 ms  DeleteObjects: 3.506000 ms)

Prepare: number of updated asset objects reloaded= 0
========================================================================
Received Prepare
Begin MonoManager ReloadAssembly
[Licensing::Client] Successfully resolved entitlement details
- Loaded All Assemblies, in  1.181 seconds
Refreshing native plugins compatible for Editor in 2.31 ms, found 4 plugins.
Native extension for WindowsStandalone target not found
Native extension for WebGL target not found
[Package Manager] Failed to launch server process. Reason: Unity was launched with the -noUpm command-line argument
[Package Manager] Unable to send message (not connected to server process).
[Package Manager] Cannot connect to Unity Package Manager local server
Mono: successfully reloaded assembly
- Finished resetting the current domain, in  1.567 seconds
Domain Reload Profiling: 2752ms
	BeginReloadAssembly (375ms)
		ExecutionOrderSort (0ms)
		DisableScriptedObjects (22ms)
		BackupInstance (0ms)
		ReleaseScriptingObjects (0ms)
		CreateAndSetChildDomain (82ms)
	RebuildCommonClasses (45ms)
	RebuildNativeTypeToScriptingClass (16ms)
	initialDomainReloadingComplete (34ms)
	LoadAllAssembliesAndSetupDomain (714ms)
		LoadAssemblies (655ms)
		RebuildTransferFunctionScriptingTraits (0ms)
		AnalyzeDomain (264ms)
			TypeCache.Refresh (14ms)
				TypeCache.ScanAssembly (1ms)
			BuildScriptInfoCaches (232ms)
			ResolveRequiredComponents (13ms)
	FinalizeReload (1568ms)
		ReleaseScriptCaches (0ms)
		RebuildScriptCaches (0ms)
		SetupLoadedEditorAssemblies (1369ms)
			LogAssemblyErrors (0ms)
			InitializePlatformSupportModulesInManaged (2ms)
			SetLoadedEditorAssemblies (7ms)
			BeforeProcessingInitializeOnLoad (276ms)
			ProcessInitializeOnLoadAttributes (911ms)
			ProcessInitializeOnLoadMethodAttributes (168ms)
			AfterProcessingInitializeOnLoad (4ms)
			EditorAssembliesLoaded (1ms)
		ExecutionOrderSort2 (0ms)
		AwakeInstancesAfterBackupRestoration (24ms)
Refreshing native plugins compatible for Editor in 2.11 ms, found 4 plugins.
Preloading 0 native plugins for Editor in 0.00 ms.
Unloading 16 Unused Serialized files (Serialized files now loaded: 0)
Unloading 6939 unused Assets / (4.1 MB). Loaded Objects now: 8052.
Memory consumption went from 164.4 MB to 160.2 MB.
Total: 27.993600 ms (FindLiveObjects: 1.183800 ms CreateObjectMapping: 1.026600 ms MarkObjects: 23.259400 ms  DeleteObjects: 2.521300 ms)

Prepare: number of updated asset objects reloaded= 0
========================================================================
Received Prepare
Refreshing native plugins compatible for Editor in 2.42 ms, found 4 plugins.
Preloading 0 native plugins for Editor in 0.00 ms.
Unloading 16 Unused Serialized files (Serialized files now loaded: 0)
Unloading 6929 unused Assets / (2.1 MB). Loaded Objects now: 8052.
Memory consumption went from 164.5 MB to 162.4 MB.
Total: 39.627800 ms (FindLiveObjects: 1.160600 ms CreateObjectMapping: 0.392900 ms MarkObjects: 33.419600 ms  DeleteObjects: 4.652300 ms)

Prepare: number of updated asset objects reloaded= 0
========================================================================
Received Prepare
Begin MonoManager ReloadAssembly
- Loaded All Assemblies, in  1.259 seconds
Refreshing native plugins compatible for Editor in 2.43 ms, found 4 plugins.
Native extension for WindowsStandalone target not found
Native extension for WebGL target not found
[Package Manager] Failed to launch server process. Reason: Unity was launched with the -noUpm command-line argument
[Package Manager] Unable to send message (not connected to server process).
[Package Manager] Cannot connect to Unity Package Manager local server
Mono: successfully reloaded assembly
- Finished resetting the current domain, in  1.516 seconds
Domain Reload Profiling: 2779ms
	BeginReloadAssembly (354ms)
		ExecutionOrderSort (0ms)
		DisableScriptedObjects (16ms)
		BackupInstance (0ms)
		ReleaseScriptingObjects (0ms)
		CreateAndSetChildDomain (76ms)
	RebuildCommonClasses (44ms)
	RebuildNativeTypeToScriptingClass (17ms)
	initialDomainReloadingComplete (34ms)
	LoadAllAssembliesAndSetupDomain (815ms)
		LoadAssemblies (725ms)
		RebuildTransferFunctionScriptingTraits (0ms)
		AnalyzeDomain (288ms)
			TypeCache.Refresh (14ms)
				TypeCache.ScanAssembly (1ms)
			BuildScriptInfoCaches (249ms)
			ResolveRequiredComponents (17ms)
	FinalizeReload (1516ms)
		ReleaseScriptCaches (0ms)
		RebuildScriptCaches (0ms)
		SetupLoadedEditorAssemblies (1320ms)
			LogAssemblyErrors (0ms)
			InitializePlatformSupportModulesInManaged (3ms)
			SetLoadedEditorAssemblies (7ms)
			BeforeProcessingInitializeOnLoad (280ms)
			ProcessInitializeOnLoadAttributes (888ms)
			ProcessInitializeOnLoadMethodAttributes (140ms)
			AfterProcessingInitializeOnLoad (3ms)
			EditorAssembliesLoaded (0ms)
		ExecutionOrderSort2 (0ms)
		AwakeInstancesAfterBackupRestoration (18ms)
Refreshing native plugins compatible for Editor in 2.17 ms, found 4 plugins.
Preloading 0 native plugins for Editor in 0.00 ms.
Unloading 16 Unused Serialized files (Serialized files now loaded: 0)
Unloading 6939 unused Assets / (4.3 MB). Loaded Objects now: 8055.
Memory consumption went from 164.4 MB to 160.1 MB.
Total: 28.206800 ms (FindLiveObjects: 1.152400 ms CreateObjectMapping: 0.493900 ms MarkObjects: 23.561500 ms  DeleteObjects: 2.997100 ms)

Prepare: number of updated asset objects reloaded= 0
========================================================================
Received Prepare
Refreshing native plugins compatible for Editor in 1.98 ms, found 4 plugins.
Preloading 0 native plugins for Editor in 0.00 ms.
Unloading 16 Unused Serialized files (Serialized files now loaded: 0)
Unloading 6929 unused Assets / (4.7 MB). Loaded Objects now: 8055.
Memory consumption went from 164.6 MB to 159.9 MB.
Total: 27.550800 ms (FindLiveObjects: 1.136900 ms CreateObjectMapping: 0.372000 ms MarkObjects: 23.168500 ms  DeleteObjects: 2.871800 ms)

Prepare: number of updated asset objects reloaded= 0
========================================================================
Received Prepare
Begin MonoManager ReloadAssembly
- Loaded All Assemblies, in  1.127 seconds
Refreshing native plugins compatible for Editor in 1.94 ms, found 4 plugins.
Native extension for WindowsStandalone target not found
Native extension for WebGL target not found
[Package Manager] Failed to launch server process. Reason: Unity was launched with the -noUpm command-line argument
[Package Manager] Unable to send message (not connected to server process).
[Package Manager] Cannot connect to Unity Package Manager local server
Mono: successfully reloaded assembly
- Finished resetting the current domain, in  1.623 seconds
Domain Reload Profiling: 2754ms
	BeginReloadAssembly (324ms)
		ExecutionOrderSort (0ms)
		DisableScriptedObjects (16ms)
		BackupInstance (0ms)
		ReleaseScriptingObjects (0ms)
		CreateAndSetChildDomain (80ms)
	RebuildCommonClasses (45ms)
	RebuildNativeTypeToScriptingClass (17ms)
	initialDomainReloadingComplete (35ms)
	LoadAllAssembliesAndSetupDomain (710ms)
		LoadAssemblies (613ms)
		RebuildTransferFunctionScriptingTraits (0ms)
		AnalyzeDomain (265ms)
			TypeCache.Refresh (13ms)
				TypeCache.ScanAssembly (1ms)
			BuildScriptInfoCaches (233ms)
			ResolveRequiredComponents (13ms)
	FinalizeReload (1623ms)
		ReleaseScriptCaches (0ms)
		RebuildScriptCaches (0ms)
		SetupLoadedEditorAssemblies (1434ms)
			LogAssemblyErrors (0ms)
			InitializePlatformSupportModulesInManaged (2ms)
			SetLoadedEditorAssemblies (10ms)
			BeforeProcessingInitializeOnLoad (328ms)
			ProcessInitializeOnLoadAttributes (945ms)
			ProcessInitializeOnLoadMethodAttributes (146ms)
			AfterProcessingInitializeOnLoad (3ms)
			EditorAssembliesLoaded (0ms)
		ExecutionOrderSort2 (0ms)
		AwakeInstancesAfterBackupRestoration (18ms)
Refreshing native plugins compatible for Editor in 2.57 ms, found 4 plugins.
Preloading 0 native plugins for Editor in 0.00 ms.
Unloading 16 Unused Serialized files (Serialized files now loaded: 0)
Unloading 6939 unused Assets / (4.4 MB). Loaded Objects now: 8058.
Memory consumption went from 164.4 MB to 160.0 MB.
Total: 34.663000 ms (FindLiveObjects: 1.277600 ms CreateObjectMapping: 1.063800 ms MarkObjects: 28.552000 ms  DeleteObjects: 3.767900 ms)

Prepare: number of updated asset objects reloaded= 0
========================================================================
Received Prepare
Refreshing native plugins compatible for Editor in 2.27 ms, found 4 plugins.
Preloading 0 native plugins for Editor in 0.00 ms.
Unloading 16 Unused Serialized files (Serialized files now loaded: 0)
Unloading 6929 unused Assets / (4.3 MB). Loaded Objects now: 8058.
Memory consumption went from 164.6 MB to 160.3 MB.
Total: 28.361400 ms (FindLiveObjects: 1.255400 ms CreateObjectMapping: 0.448600 ms MarkObjects: 23.753200 ms  DeleteObjects: 2.902600 ms)

Prepare: number of updated asset objects reloaded= 0
========================================================================
Received Prepare
Begin MonoManager ReloadAssembly
- Loaded All Assemblies, in  1.172 seconds
Refreshing native plugins compatible for Editor in 3.49 ms, found 4 plugins.
Native extension for WindowsStandalone target not found
Native extension for WebGL target not found
[Package Manager] Failed to launch server process. Reason: Unity was launched with the -noUpm command-line argument
[Package Manager] Unable to send message (not connected to server process).
[Package Manager] Cannot connect to Unity Package Manager local server
Mono: successfully reloaded assembly
- Finished resetting the current domain, in  2.278 seconds
Domain Reload Profiling: 3457ms
	BeginReloadAssembly (326ms)
		ExecutionOrderSort (0ms)
		DisableScriptedObjects (16ms)
		BackupInstance (0ms)
		ReleaseScriptingObjects (0ms)
		CreateAndSetChildDomain (80ms)
	RebuildCommonClasses (48ms)
	RebuildNativeTypeToScriptingClass (18ms)
	initialDomainReloadingComplete (35ms)
	LoadAllAssembliesAndSetupDomain (752ms)
		LoadAssemblies (647ms)
		RebuildTransferFunctionScriptingTraits (0ms)
		AnalyzeDomain (273ms)
			TypeCache.Refresh (14ms)
				TypeCache.ScanAssembly (1ms)
			BuildScriptInfoCaches (237ms)
			ResolveRequiredComponents (15ms)
	FinalizeReload (2279ms)
		ReleaseScriptCaches (0ms)
		RebuildScriptCaches (0ms)
		SetupLoadedEditorAssemblies (1994ms)
			LogAssemblyErrors (0ms)
			InitializePlatformSupportModulesInManaged (3ms)
			SetLoadedEditorAssemblies (9ms)
			BeforeProcessingInitializeOnLoad (411ms)
			ProcessInitializeOnLoadAttributes (1272ms)
			ProcessInitializeOnLoadMethodAttributes (294ms)
			AfterProcessingInitializeOnLoad (4ms)
			EditorAssembliesLoaded (1ms)
		ExecutionOrderSort2 (0ms)
		AwakeInstancesAfterBackupRestoration (24ms)
Refreshing native plugins compatible for Editor in 2.38 ms, found 4 plugins.
Preloading 0 native plugins for Editor in 0.00 ms.
Unloading 16 Unused Serialized files (Serialized files now loaded: 0)
Unloading 6939 unused Assets / (4.5 MB). Loaded Objects now: 8061.
Memory consumption went from 164.5 MB to 159.9 MB.
Total: 28.171100 ms (FindLiveObjects: 1.119600 ms CreateObjectMapping: 0.368900 ms MarkObjects: 23.639000 ms  DeleteObjects: 3.042200 ms)

Prepare: number of updated asset objects reloaded= 0
========================================================================
Received Prepare
Begin MonoManager ReloadAssembly
[Licensing::Client] Successfully resolved entitlement details
- Loaded All Assemblies, in  1.339 seconds
Refreshing native plugins compatible for Editor in 1.87 ms, found 4 plugins.
Native extension for WindowsStandalone target not found
Native extension for WebGL target not found
[Package Manager] Failed to launch server process. Reason: Unity was launched with the -noUpm command-line argument
[Package Manager] Unable to send message (not connected to server process).
[Package Manager] Cannot connect to Unity Package Manager local server
Mono: successfully reloaded assembly
- Finished resetting the current domain, in  1.619 seconds
Domain Reload Profiling: 2963ms
	BeginReloadAssembly (362ms)
		ExecutionOrderSort (0ms)
		DisableScriptedObjects (17ms)
		BackupInstance (0ms)
		ReleaseScriptingObjects (1ms)
		CreateAndSetChildDomain (92ms)
	RebuildCommonClasses (51ms)
	RebuildNativeTypeToScriptingClass (17ms)
	initialDomainReloadingComplete (37ms)
	LoadAllAssembliesAndSetupDomain (877ms)
		LoadAssemblies (773ms)
		RebuildTransferFunctionScriptingTraits (0ms)
		AnalyzeDomain (289ms)
			TypeCache.Refresh (13ms)
				TypeCache.ScanAssembly (1ms)
			BuildScriptInfoCaches (250ms)
			ResolveRequiredComponents (18ms)
	FinalizeReload (1619ms)
		ReleaseScriptCaches (0ms)
		RebuildScriptCaches (0ms)
		SetupLoadedEditorAssemblies (1415ms)
			LogAssemblyErrors (0ms)
			InitializePlatformSupportModulesInManaged (2ms)
			SetLoadedEditorAssemblies (8ms)
			BeforeProcessingInitializeOnLoad (303ms)
			ProcessInitializeOnLoadAttributes (954ms)
			ProcessInitializeOnLoadMethodAttributes (144ms)
			AfterProcessingInitializeOnLoad (3ms)
			EditorAssembliesLoaded (0ms)
		ExecutionOrderSort2 (0ms)
		AwakeInstancesAfterBackupRestoration (18ms)
Refreshing native plugins compatible for Editor in 2.05 ms, found 4 plugins.
Preloading 0 native plugins for Editor in 0.00 ms.
Unloading 16 Unused Serialized files (Serialized files now loaded: 0)
Unloading 6939 unused Assets / (4.4 MB). Loaded Objects now: 8064.
Memory consumption went from 164.5 MB to 160.2 MB.
Total: 29.771600 ms (FindLiveObjects: 1.252400 ms CreateObjectMapping: 0.964700 ms MarkObjects: 24.496800 ms  DeleteObjects: 3.055800 ms)

Prepare: number of updated asset objects reloaded= 0
========================================================================
Received Import Request.
  Time since last request: 605.953812 seconds.
  path: Assets/Instanciables/Maps/TestTown.prefab
  artifactKey: Guid(81818ef8e51832043b368589e1c14e36) Importer(815301076,1909f56bfc062723c751e8b465ee728b)
Start importing Assets/Instanciables/Maps/TestTown.prefab using Guid(81818ef8e51832043b368589e1c14e36) Importer(815301076,1909f56bfc062723c751e8b465ee728b) (PreviewImporter) -> (artifact id: '0f33cf7bb8077b9d077666f8469ab1b2') in 0.7101948 seconds
Number of updated asset objects reloaded before import = 0Number of asset objects unloaded after import = 275

========================================================================
Received Prepare
Begin MonoManager ReloadAssembly
- Loaded All Assemblies, in  1.193 seconds
Refreshing native plugins compatible for Editor in 2.46 ms, found 4 plugins.
Native extension for WindowsStandalone target not found
Native extension for WebGL target not found
[Package Manager] Failed to launch server process. Reason: Unity was launched with the -noUpm command-line argument
[Package Manager] Unable to send message (not connected to server process).
[Package Manager] Cannot connect to Unity Package Manager local server
Mono: successfully reloaded assembly
- Finished resetting the current domain, in  1.813 seconds
Domain Reload Profiling: 3009ms
	BeginReloadAssembly (370ms)
		ExecutionOrderSort (0ms)
		DisableScriptedObjects (39ms)
		BackupInstance (0ms)
		ReleaseScriptingObjects (1ms)
		CreateAndSetChildDomain (108ms)
	RebuildCommonClasses (49ms)
	RebuildNativeTypeToScriptingClass (17ms)
	initialDomainReloadingComplete (39ms)
	LoadAllAssembliesAndSetupDomain (721ms)
		LoadAssemblies (618ms)
		RebuildTransferFunctionScriptingTraits (0ms)
		AnalyzeDomain (263ms)
			TypeCache.Refresh (10ms)
				TypeCache.ScanAssembly (0ms)
			BuildScriptInfoCaches (236ms)
			ResolveRequiredComponents (12ms)
	FinalizeReload (1813ms)
		ReleaseScriptCaches (0ms)
		RebuildScriptCaches (0ms)
		SetupLoadedEditorAssemblies (1612ms)
			LogAssemblyErrors (0ms)
			InitializePlatformSupportModulesInManaged (2ms)
			SetLoadedEditorAssemblies (8ms)
			BeforeProcessingInitializeOnLoad (300ms)
			ProcessInitializeOnLoadAttributes (1106ms)
			ProcessInitializeOnLoadMethodAttributes (188ms)
			AfterProcessingInitializeOnLoad (7ms)
			EditorAssembliesLoaded (1ms)
		ExecutionOrderSort2 (0ms)
		AwakeInstancesAfterBackupRestoration (21ms)
Refreshing native plugins compatible for Editor in 2.92 ms, found 4 plugins.
Preloading 0 native plugins for Editor in 0.00 ms.
Unloading 16 Unused Serialized files (Serialized files now loaded: 0)
Unloading 6939 unused Assets / (4.2 MB). Loaded Objects now: 8087.
Memory consumption went from 164.8 MB to 160.6 MB.
Total: 28.202500 ms (FindLiveObjects: 1.144400 ms CreateObjectMapping: 0.429600 ms MarkObjects: 23.730100 ms  DeleteObjects: 2.896700 ms)

Prepare: number of updated asset objects reloaded= 0
========================================================================
Received Prepare
Refreshing native plugins compatible for Editor in 3.09 ms, found 4 plugins.
Preloading 0 native plugins for Editor in 0.00 ms.
Unloading 16 Unused Serialized files (Serialized files now loaded: 0)
Unloading 6929 unused Assets / (4.3 MB). Loaded Objects now: 8087.
Memory consumption went from 164.8 MB to 160.5 MB.
Total: 46.814100 ms (FindLiveObjects: 1.209300 ms CreateObjectMapping: 0.398100 ms MarkObjects: 42.309600 ms  DeleteObjects: 2.895500 ms)

Prepare: number of updated asset objects reloaded= 0
========================================================================
Received Prepare
Begin MonoManager ReloadAssembly
[Licensing::Client] Successfully resolved entitlement details
- Loaded All Assemblies, in  1.155 seconds
Refreshing native plugins compatible for Editor in 2.74 ms, found 4 plugins.
Native extension for WindowsStandalone target not found
Native extension for WebGL target not found
[Package Manager] Failed to launch server process. Reason: Unity was launched with the -noUpm command-line argument
[Package Manager] Unable to send message (not connected to server process).
[Package Manager] Cannot connect to Unity Package Manager local server
Mono: successfully reloaded assembly
- Finished resetting the current domain, in  1.689 seconds
Domain Reload Profiling: 2848ms
	BeginReloadAssembly (332ms)
		ExecutionOrderSort (0ms)
		DisableScriptedObjects (17ms)
		BackupInstance (0ms)
		ReleaseScriptingObjects (0ms)
		CreateAndSetChildDomain (81ms)
	RebuildCommonClasses (44ms)
	RebuildNativeTypeToScriptingClass (17ms)
	initialDomainReloadingComplete (37ms)
	LoadAllAssembliesAndSetupDomain (729ms)
		LoadAssemblies (614ms)
		RebuildTransferFunctionScriptingTraits (0ms)
		AnalyzeDomain (281ms)
			TypeCache.Refresh (13ms)
				TypeCache.ScanAssembly (1ms)
			BuildScriptInfoCaches (249ms)
			ResolveRequiredComponents (14ms)
	FinalizeReload (1689ms)
		ReleaseScriptCaches (0ms)
		RebuildScriptCaches (0ms)
		SetupLoadedEditorAssemblies (1416ms)
			LogAssemblyErrors (0ms)
			InitializePlatformSupportModulesInManaged (4ms)
			SetLoadedEditorAssemblies (11ms)
			BeforeProcessingInitializeOnLoad (305ms)
			ProcessInitializeOnLoadAttributes (946ms)
			ProcessInitializeOnLoadMethodAttributes (146ms)
			AfterProcessingInitializeOnLoad (3ms)
			EditorAssembliesLoaded (0ms)
		ExecutionOrderSort2 (0ms)
		AwakeInstancesAfterBackupRestoration (18ms)
Refreshing native plugins compatible for Editor in 2.57 ms, found 4 plugins.
Preloading 0 native plugins for Editor in 0.00 ms.
Unloading 16 Unused Serialized files (Serialized files now loaded: 0)
Unloading 6939 unused Assets / (4.4 MB). Loaded Objects now: 8090.
Memory consumption went from 164.7 MB to 160.2 MB.
Total: 32.394800 ms (FindLiveObjects: 1.296900 ms CreateObjectMapping: 1.424100 ms MarkObjects: 27.029100 ms  DeleteObjects: 2.642300 ms)

Prepare: number of updated asset objects reloaded= 0
========================================================================
Received Prepare
Begin MonoManager ReloadAssembly
- Loaded All Assemblies, in  1.163 seconds
Refreshing native plugins compatible for Editor in 2.98 ms, found 4 plugins.
Native extension for WindowsStandalone target not found
Native extension for WebGL target not found
[Package Manager] Failed to launch server process. Reason: Unity was launched with the -noUpm command-line argument
[Package Manager] Unable to send message (not connected to server process).
[Package Manager] Cannot connect to Unity Package Manager local server
Mono: successfully reloaded assembly
- Finished resetting the current domain, in  1.656 seconds
Domain Reload Profiling: 2824ms
	BeginReloadAssembly (359ms)
		ExecutionOrderSort (0ms)
		DisableScriptedObjects (29ms)
		BackupInstance (0ms)
		ReleaseScriptingObjects (1ms)
		CreateAndSetChildDomain (88ms)
	RebuildCommonClasses (45ms)
	RebuildNativeTypeToScriptingClass (16ms)
	initialDomainReloadingComplete (35ms)
	LoadAllAssembliesAndSetupDomain (711ms)
		LoadAssemblies (624ms)
		RebuildTransferFunctionScriptingTraits (0ms)
		AnalyzeDomain (257ms)
			TypeCache.Refresh (9ms)
				TypeCache.ScanAssembly (0ms)
			BuildScriptInfoCaches (230ms)
			ResolveRequiredComponents (13ms)
	FinalizeReload (1657ms)
		ReleaseScriptCaches (0ms)
		RebuildScriptCaches (0ms)
		SetupLoadedEditorAssemblies (1455ms)
			LogAssemblyErrors (0ms)
			InitializePlatformSupportModulesInManaged (3ms)
			SetLoadedEditorAssemblies (8ms)
			BeforeProcessingInitializeOnLoad (343ms)
			ProcessInitializeOnLoadAttributes (928ms)
			ProcessInitializeOnLoadMethodAttributes (170ms)
			AfterProcessingInitializeOnLoad (3ms)
			EditorAssembliesLoaded (1ms)
		ExecutionOrderSort2 (0ms)
		AwakeInstancesAfterBackupRestoration (20ms)
Refreshing native plugins compatible for Editor in 2.84 ms, found 4 plugins.
Preloading 0 native plugins for Editor in 0.00 ms.
Unloading 16 Unused Serialized files (Serialized files now loaded: 0)
Unloading 6939 unused Assets / (4.3 MB). Loaded Objects now: 8093.
Memory consumption went from 164.7 MB to 160.4 MB.
Total: 29.505600 ms (FindLiveObjects: 1.253500 ms CreateObjectMapping: 0.374400 ms MarkObjects: 25.049600 ms  DeleteObjects: 2.825700 ms)

Prepare: number of updated asset objects reloaded= 0
========================================================================
Received Prepare
Refreshing native plugins compatible for Editor in 3.02 ms, found 4 plugins.
Preloading 0 native plugins for Editor in 0.00 ms.
Unloading 16 Unused Serialized files (Serialized files now loaded: 0)
Unloading 6929 unused Assets / (4.2 MB). Loaded Objects now: 8093.
Memory consumption went from 164.9 MB to 160.7 MB.
Total: 57.083900 ms (FindLiveObjects: 2.534900 ms CreateObjectMapping: 0.902500 ms MarkObjects: 49.653100 ms  DeleteObjects: 3.991200 ms)

Prepare: number of updated asset objects reloaded= 0
========================================================================
Received Prepare
Begin MonoManager ReloadAssembly
[Licensing::Client] Successfully resolved entitlement details
- Loaded All Assemblies, in  1.189 seconds
Refreshing native plugins compatible for Editor in 3.77 ms, found 4 plugins.
Native extension for WindowsStandalone target not found
Native extension for WebGL target not found
[Package Manager] Failed to launch server process. Reason: Unity was launched with the -noUpm command-line argument
[Package Manager] Unable to send message (not connected to server process).
[Package Manager] Cannot connect to Unity Package Manager local server
Mono: successfully reloaded assembly
- Finished resetting the current domain, in  1.641 seconds
Domain Reload Profiling: 2833ms
	BeginReloadAssembly (335ms)
		ExecutionOrderSort (0ms)
		DisableScriptedObjects (17ms)
		BackupInstance (0ms)
		ReleaseScriptingObjects (0ms)
		CreateAndSetChildDomain (82ms)
	RebuildCommonClasses (44ms)
	RebuildNativeTypeToScriptingClass (16ms)
	initialDomainReloadingComplete (34ms)
	LoadAllAssembliesAndSetupDomain (763ms)
		LoadAssemblies (622ms)
		RebuildTransferFunctionScriptingTraits (0ms)
		AnalyzeDomain (310ms)
			TypeCache.Refresh (13ms)
				TypeCache.ScanAssembly (1ms)
			BuildScriptInfoCaches (279ms)
			ResolveRequiredComponents (12ms)
	FinalizeReload (1641ms)
		ReleaseScriptCaches (0ms)
		RebuildScriptCaches (0ms)
		SetupLoadedEditorAssemblies (1442ms)
			LogAssemblyErrors (0ms)
			InitializePlatformSupportModulesInManaged (2ms)
			SetLoadedEditorAssemblies (8ms)
			BeforeProcessingInitializeOnLoad (304ms)
			ProcessInitializeOnLoadAttributes (971ms)
			ProcessInitializeOnLoadMethodAttributes (154ms)
			AfterProcessingInitializeOnLoad (3ms)
			EditorAssembliesLoaded (0ms)
		ExecutionOrderSort2 (0ms)
		AwakeInstancesAfterBackupRestoration (19ms)
Refreshing native plugins compatible for Editor in 2.13 ms, found 4 plugins.
Preloading 0 native plugins for Editor in 0.00 ms.
Unloading 16 Unused Serialized files (Serialized files now loaded: 0)
Unloading 6939 unused Assets / (4.5 MB). Loaded Objects now: 8096.
Memory consumption went from 164.8 MB to 160.3 MB.
Total: 31.552000 ms (FindLiveObjects: 1.257000 ms CreateObjectMapping: 0.466000 ms MarkObjects: 26.977000 ms  DeleteObjects: 2.850200 ms)

Prepare: number of updated asset objects reloaded= 0
========================================================================
Received Prepare
Refreshing native plugins compatible for Editor in 2.03 ms, found 4 plugins.
Preloading 0 native plugins for Editor in 0.00 ms.
Unloading 16 Unused Serialized files (Serialized files now loaded: 0)
Unloading 6929 unused Assets / (4.1 MB). Loaded Objects now: 8096.
Memory consumption went from 164.9 MB to 160.8 MB.
Total: 30.751500 ms (FindLiveObjects: 1.436900 ms CreateObjectMapping: 1.082100 ms MarkObjects: 25.518400 ms  DeleteObjects: 2.711800 ms)

Prepare: number of updated asset objects reloaded= 0
========================================================================
Received Prepare
Refreshing native plugins compatible for Editor in 2.53 ms, found 4 plugins.
Preloading 0 native plugins for Editor in 0.00 ms.
Unloading 16 Unused Serialized files (Serialized files now loaded: 0)
Unloading 6929 unused Assets / (4.4 MB). Loaded Objects now: 8096.
Memory consumption went from 164.9 MB to 160.5 MB.
Total: 29.185100 ms (FindLiveObjects: 1.210300 ms CreateObjectMapping: 0.440700 ms MarkObjects: 24.506500 ms  DeleteObjects: 3.025800 ms)

Prepare: number of updated asset objects reloaded= 0
========================================================================
Received Prepare
Refreshing native plugins compatible for Editor in 2.44 ms, found 4 plugins.
Preloading 0 native plugins for Editor in 0.00 ms.
Unloading 16 Unused Serialized files (Serialized files now loaded: 0)
Unloading 6929 unused Assets / (4.4 MB). Loaded Objects now: 8096.
Memory consumption went from 164.9 MB to 160.5 MB.
Total: 27.975800 ms (FindLiveObjects: 1.189200 ms CreateObjectMapping: 1.006300 ms MarkObjects: 23.045400 ms  DeleteObjects: 2.732400 ms)

Prepare: number of updated asset objects reloaded= 0
========================================================================
Received Prepare
Begin MonoManager ReloadAssembly
[Licensing::Client] Successfully resolved entitlement details
- Loaded All Assemblies, in  1.189 seconds
Refreshing native plugins compatible for Editor in 2.66 ms, found 4 plugins.
Native extension for WindowsStandalone target not found
Native extension for WebGL target not found
[Package Manager] Failed to launch server process. Reason: Unity was launched with the -noUpm command-line argument
[Package Manager] Unable to send message (not connected to server process).
[Package Manager] Cannot connect to Unity Package Manager local server
Mono: successfully reloaded assembly
- Finished resetting the current domain, in  1.688 seconds
Domain Reload Profiling: 2881ms
	BeginReloadAssembly (358ms)
		ExecutionOrderSort (0ms)
		DisableScriptedObjects (18ms)
		BackupInstance (0ms)
		ReleaseScriptingObjects (0ms)
		CreateAndSetChildDomain (89ms)
	RebuildCommonClasses (47ms)
	RebuildNativeTypeToScriptingClass (17ms)
	initialDomainReloadingComplete (37ms)
	LoadAllAssembliesAndSetupDomain (733ms)
		LoadAssemblies (624ms)
		RebuildTransferFunctionScriptingTraits (0ms)
		AnalyzeDomain (275ms)
			TypeCache.Refresh (15ms)
				TypeCache.ScanAssembly (1ms)
			BuildScriptInfoCaches (240ms)
			ResolveRequiredComponents (15ms)
	FinalizeReload (1689ms)
		ReleaseScriptCaches (0ms)
		RebuildScriptCaches (0ms)
		SetupLoadedEditorAssemblies (1441ms)
			LogAssemblyErrors (0ms)
			InitializePlatformSupportModulesInManaged (3ms)
			SetLoadedEditorAssemblies (8ms)
			BeforeProcessingInitializeOnLoad (298ms)
			ProcessInitializeOnLoadAttributes (955ms)
			ProcessInitializeOnLoadMethodAttributes (173ms)
			AfterProcessingInitializeOnLoad (3ms)
			EditorAssembliesLoaded (0ms)
		ExecutionOrderSort2 (0ms)
		AwakeInstancesAfterBackupRestoration (25ms)
Refreshing native plugins compatible for Editor in 1.94 ms, found 4 plugins.
Preloading 0 native plugins for Editor in 0.00 ms.
Unloading 16 Unused Serialized files (Serialized files now loaded: 0)
Unloading 6939 unused Assets / (4.2 MB). Loaded Objects now: 8099.
Memory consumption went from 164.8 MB to 160.6 MB.
Total: 32.052900 ms (FindLiveObjects: 1.205400 ms CreateObjectMapping: 0.462300 ms MarkObjects: 27.538200 ms  DeleteObjects: 2.845200 ms)

Prepare: number of updated asset objects reloaded= 0
========================================================================
Received Prepare
Begin MonoManager ReloadAssembly
- Loaded All Assemblies, in  1.174 seconds
Refreshing native plugins compatible for Editor in 2.00 ms, found 4 plugins.
Native extension for WindowsStandalone target not found
Native extension for WebGL target not found
[Package Manager] Failed to launch server process. Reason: Unity was launched with the -noUpm command-line argument
[Package Manager] Unable to send message (not connected to server process).
[Package Manager] Cannot connect to Unity Package Manager local server
Mono: successfully reloaded assembly
- Finished resetting the current domain, in  1.573 seconds
Domain Reload Profiling: 2750ms
	BeginReloadAssembly (326ms)
		ExecutionOrderSort (0ms)
		DisableScriptedObjects (17ms)
		BackupInstance (0ms)
		ReleaseScriptingObjects (1ms)
		CreateAndSetChildDomain (78ms)
	RebuildCommonClasses (44ms)
	RebuildNativeTypeToScriptingClass (18ms)
	initialDomainReloadingComplete (37ms)
	LoadAllAssembliesAndSetupDomain (750ms)
		LoadAssemblies (654ms)
		RebuildTransferFunctionScriptingTraits (0ms)
		AnalyzeDomain (263ms)
			TypeCache.Refresh (11ms)
				TypeCache.ScanAssembly (0ms)
			BuildScriptInfoCaches (235ms)
			ResolveRequiredComponents (12ms)
	FinalizeReload (1574ms)
		ReleaseScriptCaches (0ms)
		RebuildScriptCaches (0ms)
		SetupLoadedEditorAssemblies (1371ms)
			LogAssemblyErrors (0ms)
			InitializePlatformSupportModulesInManaged (3ms)
			SetLoadedEditorAssemblies (8ms)
			BeforeProcessingInitializeOnLoad (301ms)
			ProcessInitializeOnLoadAttributes (914ms)
			ProcessInitializeOnLoadMethodAttributes (141ms)
			AfterProcessingInitializeOnLoad (3ms)
			EditorAssembliesLoaded (1ms)
		ExecutionOrderSort2 (0ms)
		AwakeInstancesAfterBackupRestoration (19ms)
Refreshing native plugins compatible for Editor in 2.70 ms, found 4 plugins.
Preloading 0 native plugins for Editor in 0.00 ms.
Unloading 16 Unused Serialized files (Serialized files now loaded: 0)
Unloading 6939 unused Assets / (4.6 MB). Loaded Objects now: 8102.
Memory consumption went from 164.8 MB to 160.3 MB.
Total: 32.249700 ms (FindLiveObjects: 1.253300 ms CreateObjectMapping: 0.872000 ms MarkObjects: 26.736700 ms  DeleteObjects: 3.386000 ms)

Prepare: number of updated asset objects reloaded= 0
========================================================================
Received Prepare
Refreshing native plugins compatible for Editor in 11.33 ms, found 4 plugins.
Preloading 0 native plugins for Editor in 0.00 ms.
Unloading 16 Unused Serialized files (Serialized files now loaded: 0)
Unloading 6929 unused Assets / (4.6 MB). Loaded Objects now: 8102.
Memory consumption went from 165.0 MB to 160.4 MB.
Total: 34.214200 ms (FindLiveObjects: 1.261000 ms CreateObjectMapping: 0.388800 ms MarkObjects: 28.122300 ms  DeleteObjects: 4.439700 ms)

Prepare: number of updated asset objects reloaded= 0
========================================================================
Received Prepare
Begin MonoManager ReloadAssembly
- Loaded All Assemblies, in  1.170 seconds
Refreshing native plugins compatible for Editor in 2.17 ms, found 4 plugins.
Native extension for WindowsStandalone target not found
Native extension for WebGL target not found
[Package Manager] Failed to launch server process. Reason: Unity was launched with the -noUpm command-line argument
[Package Manager] Unable to send message (not connected to server process).
[Package Manager] Cannot connect to Unity Package Manager local server
Mono: successfully reloaded assembly
- Finished resetting the current domain, in  1.675 seconds
Domain Reload Profiling: 2850ms
	BeginReloadAssembly (317ms)
		ExecutionOrderSort (0ms)
		DisableScriptedObjects (17ms)
		BackupInstance (0ms)
		ReleaseScriptingObjects (0ms)
		CreateAndSetChildDomain (77ms)
	RebuildCommonClasses (44ms)
	RebuildNativeTypeToScriptingClass (16ms)
	initialDomainReloadingComplete (36ms)
	LoadAllAssembliesAndSetupDomain (760ms)
		LoadAssemblies (601ms)
		RebuildTransferFunctionScriptingTraits (0ms)
		AnalyzeDomain (318ms)
			TypeCache.Refresh (13ms)
				TypeCache.ScanAssembly (1ms)
			BuildScriptInfoCaches (284ms)
			ResolveRequiredComponents (13ms)
	FinalizeReload (1676ms)
		ReleaseScriptCaches (0ms)
		RebuildScriptCaches (0ms)
		SetupLoadedEditorAssemblies (1485ms)
			LogAssemblyErrors (0ms)
			InitializePlatformSupportModulesInManaged (2ms)
			SetLoadedEditorAssemblies (7ms)
			BeforeProcessingInitializeOnLoad (283ms)
			ProcessInitializeOnLoadAttributes (1027ms)
			ProcessInitializeOnLoadMethodAttributes (161ms)
			AfterProcessingInitializeOnLoad (3ms)
			EditorAssembliesLoaded (1ms)
		ExecutionOrderSort2 (0ms)
		AwakeInstancesAfterBackupRestoration (18ms)
Refreshing native plugins compatible for Editor in 2.01 ms, found 4 plugins.
Preloading 0 native plugins for Editor in 0.00 ms.
Unloading 16 Unused Serialized files (Serialized files now loaded: 0)
Unloading 6939 unused Assets / (4.2 MB). Loaded Objects now: 8105.
Memory consumption went from 164.9 MB to 160.6 MB.
Total: 28.850900 ms (FindLiveObjects: 1.732500 ms CreateObjectMapping: 1.295100 ms MarkObjects: 22.881100 ms  DeleteObjects: 2.940000 ms)

Prepare: number of updated asset objects reloaded= 0
========================================================================
Received Prepare
Begin MonoManager ReloadAssembly
[Licensing::Client] Successfully resolved entitlement details
- Loaded All Assemblies, in  1.158 seconds
Refreshing native plugins compatible for Editor in 3.35 ms, found 4 plugins.
Native extension for WindowsStandalone target not found
Native extension for WebGL target not found
[Package Manager] Failed to launch server process. Reason: Unity was launched with the -noUpm command-line argument
[Package Manager] Unable to send message (not connected to server process).
[Package Manager] Cannot connect to Unity Package Manager local server
Mono: successfully reloaded assembly
- Finished resetting the current domain, in  1.660 seconds
Domain Reload Profiling: 2823ms
	BeginReloadAssembly (336ms)
		ExecutionOrderSort (0ms)
		DisableScriptedObjects (16ms)
		BackupInstance (0ms)
		ReleaseScriptingObjects (1ms)
		CreateAndSetChildDomain (81ms)
	RebuildCommonClasses (50ms)
	RebuildNativeTypeToScriptingClass (18ms)
	initialDomainReloadingComplete (35ms)
	LoadAllAssembliesAndSetupDomain (723ms)
		LoadAssemblies (643ms)
		RebuildTransferFunctionScriptingTraits (0ms)
		AnalyzeDomain (256ms)
			TypeCache.Refresh (10ms)
				TypeCache.ScanAssembly (0ms)
			BuildScriptInfoCaches (228ms)
			ResolveRequiredComponents (12ms)
	FinalizeReload (1661ms)
		ReleaseScriptCaches (0ms)
		RebuildScriptCaches (0ms)
		SetupLoadedEditorAssemblies (1446ms)
			LogAssemblyErrors (0ms)
			InitializePlatformSupportModulesInManaged (3ms)
			SetLoadedEditorAssemblies (8ms)
			BeforeProcessingInitializeOnLoad (315ms)
			ProcessInitializeOnLoadAttributes (933ms)
			ProcessInitializeOnLoadMethodAttributes (183ms)
			AfterProcessingInitializeOnLoad (3ms)
			EditorAssembliesLoaded (0ms)
		ExecutionOrderSort2 (0ms)
		AwakeInstancesAfterBackupRestoration (20ms)
Refreshing native plugins compatible for Editor in 2.03 ms, found 4 plugins.
Preloading 0 native plugins for Editor in 0.00 ms.
Unloading 16 Unused Serialized files (Serialized files now loaded: 0)
Unloading 6939 unused Assets / (4.4 MB). Loaded Objects now: 8108.
Memory consumption went from 164.9 MB to 160.5 MB.
Total: 30.784100 ms (FindLiveObjects: 1.243900 ms CreateObjectMapping: 0.835400 ms MarkObjects: 25.308100 ms  DeleteObjects: 3.394700 ms)

Prepare: number of updated asset objects reloaded= 0
========================================================================
Received Prepare
Refreshing native plugins compatible for Editor in 2.84 ms, found 4 plugins.
Preloading 0 native plugins for Editor in 0.00 ms.
Unloading 16 Unused Serialized files (Serialized files now loaded: 0)
Unloading 6929 unused Assets / (4.8 MB). Loaded Objects now: 8108.
Memory consumption went from 165.1 MB to 160.3 MB.
Total: 66.912000 ms (FindLiveObjects: 1.447500 ms CreateObjectMapping: 0.915100 ms MarkObjects: 59.522800 ms  DeleteObjects: 5.024700 ms)

Prepare: number of updated asset objects reloaded= 0
========================================================================
Received Prepare
Begin MonoManager ReloadAssembly
[Licensing::Client] Successfully resolved entitlement details
- Loaded All Assemblies, in  1.270 seconds
Refreshing native plugins compatible for Editor in 1.89 ms, found 4 plugins.
Native extension for WindowsStandalone target not found
Native extension for WebGL target not found
[Package Manager] Failed to launch server process. Reason: Unity was launched with the -noUpm command-line argument
[Package Manager] Unable to send message (not connected to server process).
[Package Manager] Cannot connect to Unity Package Manager local server
Mono: successfully reloaded assembly
- Finished resetting the current domain, in  1.700 seconds
Domain Reload Profiling: 2974ms
	BeginReloadAssembly (373ms)
		ExecutionOrderSort (0ms)
		DisableScriptedObjects (20ms)
		BackupInstance (0ms)
		ReleaseScriptingObjects (0ms)
		CreateAndSetChildDomain (87ms)
	RebuildCommonClasses (53ms)
	RebuildNativeTypeToScriptingClass (17ms)
	initialDomainReloadingComplete (37ms)
	LoadAllAssembliesAndSetupDomain (793ms)
		LoadAssemblies (695ms)
		RebuildTransferFunctionScriptingTraits (0ms)
		AnalyzeDomain (296ms)
			TypeCache.Refresh (13ms)
				TypeCache.ScanAssembly (1ms)
			BuildScriptInfoCaches (261ms)
			ResolveRequiredComponents (16ms)
	FinalizeReload (1700ms)
		ReleaseScriptCaches (0ms)
		RebuildScriptCaches (0ms)
		SetupLoadedEditorAssemblies (1498ms)
			LogAssemblyErrors (0ms)
			InitializePlatformSupportModulesInManaged (3ms)
			SetLoadedEditorAssemblies (8ms)
			BeforeProcessingInitializeOnLoad (301ms)
			ProcessInitializeOnLoadAttributes (1010ms)
			ProcessInitializeOnLoadMethodAttributes (173ms)
			AfterProcessingInitializeOnLoad (3ms)
			EditorAssembliesLoaded (1ms)
		ExecutionOrderSort2 (0ms)
		AwakeInstancesAfterBackupRestoration (19ms)
Refreshing native plugins compatible for Editor in 2.18 ms, found 4 plugins.
Preloading 0 native plugins for Editor in 0.00 ms.
Unloading 16 Unused Serialized files (Serialized files now loaded: 0)
Unloading 6939 unused Assets / (4.7 MB). Loaded Objects now: 8111.
Memory consumption went from 165.0 MB to 160.2 MB.
Total: 29.503300 ms (FindLiveObjects: 1.204100 ms CreateObjectMapping: 0.476900 ms MarkObjects: 24.263700 ms  DeleteObjects: 3.556500 ms)

Prepare: number of updated asset objects reloaded= 0
========================================================================
Received Prepare
Begin MonoManager ReloadAssembly
- Loaded All Assemblies, in  1.177 seconds
Refreshing native plugins compatible for Editor in 2.30 ms, found 4 plugins.
Native extension for WindowsStandalone target not found
Native extension for WebGL target not found
[Package Manager] Failed to launch server process. Reason: Unity was launched with the -noUpm command-line argument
[Package Manager] Unable to send message (not connected to server process).
[Package Manager] Cannot connect to Unity Package Manager local server
Mono: successfully reloaded assembly
- Finished resetting the current domain, in  1.699 seconds
Domain Reload Profiling: 2881ms
	BeginReloadAssembly (320ms)
		ExecutionOrderSort (0ms)
		DisableScriptedObjects (17ms)
		BackupInstance (0ms)
		ReleaseScriptingObjects (1ms)
		CreateAndSetChildDomain (79ms)
	RebuildCommonClasses (44ms)
	RebuildNativeTypeToScriptingClass (19ms)
	initialDomainReloadingComplete (37ms)
	LoadAllAssembliesAndSetupDomain (761ms)
		LoadAssemblies (663ms)
		RebuildTransferFunctionScriptingTraits (0ms)
		AnalyzeDomain (258ms)
			TypeCache.Refresh (9ms)
				TypeCache.ScanAssembly (0ms)
			BuildScriptInfoCaches (231ms)
			ResolveRequiredComponents (12ms)
	FinalizeReload (1700ms)
		ReleaseScriptCaches (0ms)
		RebuildScriptCaches (0ms)
		SetupLoadedEditorAssemblies (1504ms)
			LogAssemblyErrors (0ms)
			InitializePlatformSupportModulesInManaged (3ms)
			SetLoadedEditorAssemblies (10ms)
			BeforeProcessingInitializeOnLoad (287ms)
			ProcessInitializeOnLoadAttributes (1049ms)
			ProcessInitializeOnLoadMethodAttributes (151ms)
			AfterProcessingInitializeOnLoad (4ms)
			EditorAssembliesLoaded (0ms)
		ExecutionOrderSort2 (0ms)
		AwakeInstancesAfterBackupRestoration (19ms)
Refreshing native plugins compatible for Editor in 2.12 ms, found 4 plugins.
Preloading 0 native plugins for Editor in 0.00 ms.
Unloading 16 Unused Serialized files (Serialized files now loaded: 0)
Unloading 6939 unused Assets / (4.1 MB). Loaded Objects now: 8114.
Memory consumption went from 165.0 MB to 160.9 MB.
Total: 28.655100 ms (FindLiveObjects: 1.166500 ms CreateObjectMapping: 0.369500 ms MarkObjects: 24.471300 ms  DeleteObjects: 2.644900 ms)

Prepare: number of updated asset objects reloaded= 0
========================================================================
Received Import Request.
  Time since last request: 673.134605 seconds.
  path: Assets/Instanciables/Maps/TestTown.prefab
  artifactKey: Guid(81818ef8e51832043b368589e1c14e36) Importer(815301076,1909f56bfc062723c751e8b465ee728b)
Start importing Assets/Instanciables/Maps/TestTown.prefab using Guid(81818ef8e51832043b368589e1c14e36) Importer(815301076,1909f56bfc062723c751e8b465ee728b) (PreviewImporter) -> (artifact id: '41a893c10ed32b1f4d6005b251cf99ff') in 0.6311731 seconds
Number of updated asset objects reloaded before import = 0Number of asset objects unloaded after import = 275

========================================================================
Received Prepare
Refreshing native plugins compatible for Editor in 6.46 ms, found 4 plugins.
Preloading 0 native plugins for Editor in 0.00 ms.
Unloading 16 Unused Serialized files (Serialized files now loaded: 0)
Unloading 6929 unused Assets / (4.0 MB). Loaded Objects now: 8206.
Memory consumption went from 166.1 MB to 162.0 MB.
Total: 58.034600 ms (FindLiveObjects: 2.262000 ms CreateObjectMapping: 1.099500 ms MarkObjects: 51.041700 ms  DeleteObjects: 3.628900 ms)

Prepare: number of updated asset objects reloaded= 0
========================================================================
Received Prepare
Refreshing native plugins compatible for Editor in 2.01 ms, found 4 plugins.
Preloading 0 native plugins for Editor in 0.00 ms.
Unloading 16 Unused Serialized files (Serialized files now loaded: 0)
Unloading 6929 unused Assets / (4.5 MB). Loaded Objects now: 8206.
Memory consumption went from 166.1 MB to 161.6 MB.
Total: 30.820700 ms (FindLiveObjects: 1.132100 ms CreateObjectMapping: 0.557400 ms MarkObjects: 26.429600 ms  DeleteObjects: 2.700100 ms)

Prepare: number of updated asset objects reloaded= 0
========================================================================
Received Prepare
Begin MonoManager ReloadAssembly
[Licensing::Client] Successfully resolved entitlement details
- Loaded All Assemblies, in  1.369 seconds
Refreshing native plugins compatible for Editor in 1.87 ms, found 4 plugins.
Native extension for WindowsStandalone target not found
Native extension for WebGL target not found
[Package Manager] Failed to launch server process. Reason: Unity was launched with the -noUpm command-line argument
[Package Manager] Unable to send message (not connected to server process).
[Package Manager] Cannot connect to Unity Package Manager local server
Mono: successfully reloaded assembly
- Finished resetting the current domain, in  1.727 seconds
Domain Reload Profiling: 3100ms
	BeginReloadAssembly (392ms)
		ExecutionOrderSort (0ms)
		DisableScriptedObjects (44ms)
		BackupInstance (0ms)
		ReleaseScriptingObjects (0ms)
		CreateAndSetChildDomain (108ms)
	RebuildCommonClasses (49ms)
	RebuildNativeTypeToScriptingClass (16ms)
	initialDomainReloadingComplete (37ms)
	LoadAllAssembliesAndSetupDomain (879ms)
		LoadAssemblies (774ms)
		RebuildTransferFunctionScriptingTraits (0ms)
		AnalyzeDomain (274ms)
			TypeCache.Refresh (15ms)
				TypeCache.ScanAssembly (1ms)
			BuildScriptInfoCaches (240ms)
			ResolveRequiredComponents (13ms)
	FinalizeReload (1727ms)
		ReleaseScriptCaches (0ms)
		RebuildScriptCaches (0ms)
		SetupLoadedEditorAssemblies (1528ms)
			LogAssemblyErrors (0ms)
			InitializePlatformSupportModulesInManaged (2ms)
			SetLoadedEditorAssemblies (8ms)
			BeforeProcessingInitializeOnLoad (294ms)
			ProcessInitializeOnLoadAttributes (1101ms)
			ProcessInitializeOnLoadMethodAttributes (119ms)
			AfterProcessingInitializeOnLoad (3ms)
			EditorAssembliesLoaded (0ms)
		ExecutionOrderSort2 (0ms)
		AwakeInstancesAfterBackupRestoration (20ms)
Refreshing native plugins compatible for Editor in 2.49 ms, found 4 plugins.
Preloading 0 native plugins for Editor in 0.00 ms.
Unloading 16 Unused Serialized files (Serialized files now loaded: 0)
Unloading 6939 unused Assets / (4.4 MB). Loaded Objects now: 8137.
Memory consumption went from 165.3 MB to 160.8 MB.
Total: 27.089600 ms (FindLiveObjects: 1.127300 ms CreateObjectMapping: 0.365900 ms MarkObjects: 22.841800 ms  DeleteObjects: 2.752800 ms)

Prepare: number of updated asset objects reloaded= 0
========================================================================
Received Prepare
Begin MonoManager ReloadAssembly
- Loaded All Assemblies, in  1.132 seconds
Refreshing native plugins compatible for Editor in 1.82 ms, found 4 plugins.
Native extension for WindowsStandalone target not found
Native extension for WebGL target not found
[Package Manager] Failed to launch server process. Reason: Unity was launched with the -noUpm command-line argument
[Package Manager] Unable to send message (not connected to server process).
[Package Manager] Cannot connect to Unity Package Manager local server
Mono: successfully reloaded assembly
- Finished resetting the current domain, in  1.693 seconds
Domain Reload Profiling: 2829ms
	BeginReloadAssembly (336ms)
		ExecutionOrderSort (0ms)
		DisableScriptedObjects (17ms)
		BackupInstance (0ms)
		ReleaseScriptingObjects (1ms)
		CreateAndSetChildDomain (89ms)
	RebuildCommonClasses (47ms)
	RebuildNativeTypeToScriptingClass (17ms)
	initialDomainReloadingComplete (34ms)
	LoadAllAssembliesAndSetupDomain (702ms)
		LoadAssemblies (614ms)
		RebuildTransferFunctionScriptingTraits (0ms)
		AnalyzeDomain (257ms)
			TypeCache.Refresh (9ms)
				TypeCache.ScanAssembly (0ms)
			BuildScriptInfoCaches (230ms)
			ResolveRequiredComponents (12ms)
	FinalizeReload (1694ms)
		ReleaseScriptCaches (0ms)
		RebuildScriptCaches (0ms)
		SetupLoadedEditorAssemblies (1432ms)
			LogAssemblyErrors (0ms)
			InitializePlatformSupportModulesInManaged (3ms)
			SetLoadedEditorAssemblies (9ms)
			BeforeProcessingInitializeOnLoad (302ms)
			ProcessInitializeOnLoadAttributes (959ms)
			ProcessInitializeOnLoadMethodAttributes (156ms)
			AfterProcessingInitializeOnLoad (3ms)
			EditorAssembliesLoaded (0ms)
		ExecutionOrderSort2 (0ms)
		AwakeInstancesAfterBackupRestoration (23ms)
Refreshing native plugins compatible for Editor in 2.71 ms, found 4 plugins.
Preloading 0 native plugins for Editor in 0.00 ms.
Unloading 16 Unused Serialized files (Serialized files now loaded: 0)
Unloading 6939 unused Assets / (4.1 MB). Loaded Objects now: 8140.
Memory consumption went from 165.2 MB to 161.0 MB.
Total: 54.802900 ms (FindLiveObjects: 1.974400 ms CreateObjectMapping: 1.490800 ms MarkObjects: 48.565300 ms  DeleteObjects: 2.770400 ms)

Prepare: number of updated asset objects reloaded= 0
========================================================================
Received Prepare
Refreshing native plugins compatible for Editor in 2.75 ms, found 4 plugins.
Preloading 0 native plugins for Editor in 0.00 ms.
Unloading 16 Unused Serialized files (Serialized files now loaded: 0)
Unloading 6929 unused Assets / (4.8 MB). Loaded Objects now: 8140.
Memory consumption went from 165.3 MB to 160.5 MB.
Total: 51.556600 ms (FindLiveObjects: 1.715000 ms CreateObjectMapping: 1.640400 ms MarkObjects: 43.555200 ms  DeleteObjects: 4.643400 ms)

Prepare: number of updated asset objects reloaded= 0
========================================================================
Received Prepare
Begin MonoManager ReloadAssembly
- Loaded All Assemblies, in  1.249 seconds
Refreshing native plugins compatible for Editor in 1.90 ms, found 4 plugins.
Native extension for WindowsStandalone target not found
Native extension for WebGL target not found
[Package Manager] Failed to launch server process. Reason: Unity was launched with the -noUpm command-line argument
[Package Manager] Unable to send message (not connected to server process).
[Package Manager] Cannot connect to Unity Package Manager local server
Mono: successfully reloaded assembly
- Finished resetting the current domain, in  1.871 seconds
Domain Reload Profiling: 3124ms
	BeginReloadAssembly (342ms)
		ExecutionOrderSort (0ms)
		DisableScriptedObjects (18ms)
		BackupInstance (0ms)
		ReleaseScriptingObjects (0ms)
		CreateAndSetChildDomain (94ms)
	RebuildCommonClasses (95ms)
	RebuildNativeTypeToScriptingClass (23ms)
	initialDomainReloadingComplete (44ms)
	LoadAllAssembliesAndSetupDomain (748ms)
		LoadAssemblies (626ms)
		RebuildTransferFunctionScriptingTraits (0ms)
		AnalyzeDomain (290ms)
			TypeCache.Refresh (12ms)
				TypeCache.ScanAssembly (1ms)
			BuildScriptInfoCaches (253ms)
			ResolveRequiredComponents (18ms)
	FinalizeReload (1872ms)
		ReleaseScriptCaches (0ms)
		RebuildScriptCaches (0ms)
		SetupLoadedEditorAssemblies (1647ms)
			LogAssemblyErrors (0ms)
			InitializePlatformSupportModulesInManaged (2ms)
			SetLoadedEditorAssemblies (7ms)
			BeforeProcessingInitializeOnLoad (300ms)
			ProcessInitializeOnLoadAttributes (1104ms)
			ProcessInitializeOnLoadMethodAttributes (229ms)
			AfterProcessingInitializeOnLoad (3ms)
			EditorAssembliesLoaded (1ms)
		ExecutionOrderSort2 (0ms)
		AwakeInstancesAfterBackupRestoration (34ms)
Refreshing native plugins compatible for Editor in 2.47 ms, found 4 plugins.
Preloading 0 native plugins for Editor in 0.00 ms.
Unloading 16 Unused Serialized files (Serialized files now loaded: 0)
Unloading 6939 unused Assets / (4.4 MB). Loaded Objects now: 8143.
Memory consumption went from 165.2 MB to 160.8 MB.
Total: 37.347900 ms (FindLiveObjects: 1.353300 ms CreateObjectMapping: 1.001300 ms MarkObjects: 30.094800 ms  DeleteObjects: 4.896400 ms)

Prepare: number of updated asset objects reloaded= 0
========================================================================
Received Prepare
Refreshing native plugins compatible for Editor in 2.44 ms, found 4 plugins.
Preloading 0 native plugins for Editor in 0.00 ms.
Unloading 16 Unused Serialized files (Serialized files now loaded: 0)
Unloading 6929 unused Assets / (4.6 MB). Loaded Objects now: 8143.
Memory consumption went from 165.4 MB to 160.8 MB.
Total: 29.447900 ms (FindLiveObjects: 1.308200 ms CreateObjectMapping: 0.793100 ms MarkObjects: 23.894200 ms  DeleteObjects: 3.450300 ms)

Prepare: number of updated asset objects reloaded= 0
========================================================================
Received Prepare
Begin MonoManager ReloadAssembly
[Licensing::Client] Successfully resolved entitlement details
- Loaded All Assemblies, in  1.227 seconds
Refreshing native plugins compatible for Editor in 1.96 ms, found 4 plugins.
Native extension for WindowsStandalone target not found
Native extension for WebGL target not found
[Package Manager] Failed to launch server process. Reason: Unity was launched with the -noUpm command-line argument
[Package Manager] Unable to send message (not connected to server process).
[Package Manager] Cannot connect to Unity Package Manager local server
Mono: successfully reloaded assembly
- Finished resetting the current domain, in  1.625 seconds
Domain Reload Profiling: 2857ms
	BeginReloadAssembly (396ms)
		ExecutionOrderSort (0ms)
		DisableScriptedObjects (20ms)
		BackupInstance (0ms)
		ReleaseScriptingObjects (0ms)
		CreateAndSetChildDomain (96ms)
	RebuildCommonClasses (46ms)
	RebuildNativeTypeToScriptingClass (16ms)
	initialDomainReloadingComplete (34ms)
	LoadAllAssembliesAndSetupDomain (739ms)
		LoadAssemblies (667ms)
		RebuildTransferFunctionScriptingTraits (0ms)
		AnalyzeDomain (281ms)
			TypeCache.Refresh (13ms)
				TypeCache.ScanAssembly (1ms)
			BuildScriptInfoCaches (245ms)
			ResolveRequiredComponents (16ms)
	FinalizeReload (1626ms)
		ReleaseScriptCaches (0ms)
		RebuildScriptCaches (0ms)
		SetupLoadedEditorAssemblies (1417ms)
			LogAssemblyErrors (0ms)
			InitializePlatformSupportModulesInManaged (3ms)
			SetLoadedEditorAssemblies (8ms)
			BeforeProcessingInitializeOnLoad (326ms)
			ProcessInitializeOnLoadAttributes (933ms)
			ProcessInitializeOnLoadMethodAttributes (145ms)
			AfterProcessingInitializeOnLoad (3ms)
			EditorAssembliesLoaded (0ms)
		ExecutionOrderSort2 (0ms)
		AwakeInstancesAfterBackupRestoration (23ms)
Refreshing native plugins compatible for Editor in 2.05 ms, found 4 plugins.
Preloading 0 native plugins for Editor in 0.00 ms.
Unloading 16 Unused Serialized files (Serialized files now loaded: 0)
Unloading 6939 unused Assets / (4.2 MB). Loaded Objects now: 8146.
Memory consumption went from 165.3 MB to 161.1 MB.
Total: 28.290900 ms (FindLiveObjects: 1.326200 ms CreateObjectMapping: 0.583800 ms MarkObjects: 23.516800 ms  DeleteObjects: 2.862400 ms)

Prepare: number of updated asset objects reloaded= 0
========================================================================
Received Prepare
Refreshing native plugins compatible for Editor in 4.05 ms, found 4 plugins.
Preloading 0 native plugins for Editor in 0.00 ms.
Unloading 16 Unused Serialized files (Serialized files now loaded: 0)
Unloading 6929 unused Assets / (4.7 MB). Loaded Objects now: 8146.
Memory consumption went from 165.4 MB to 160.7 MB.
Total: 43.672400 ms (FindLiveObjects: 2.201000 ms CreateObjectMapping: 1.629900 ms MarkObjects: 34.192000 ms  DeleteObjects: 5.647300 ms)

Prepare: number of updated asset objects reloaded= 0
========================================================================
Received Prepare
Begin MonoManager ReloadAssembly
- Loaded All Assemblies, in  1.197 seconds
Refreshing native plugins compatible for Editor in 2.03 ms, found 4 plugins.
Native extension for WindowsStandalone target not found
Native extension for WebGL target not found
[Package Manager] Failed to launch server process. Reason: Unity was launched with the -noUpm command-line argument
[Package Manager] Unable to send message (not connected to server process).
[Package Manager] Cannot connect to Unity Package Manager local server
Mono: successfully reloaded assembly
- Finished resetting the current domain, in  1.653 seconds
Domain Reload Profiling: 2856ms
	BeginReloadAssembly (319ms)
		ExecutionOrderSort (0ms)
		DisableScriptedObjects (18ms)
		BackupInstance (0ms)
		ReleaseScriptingObjects (0ms)
		CreateAndSetChildDomain (80ms)
	RebuildCommonClasses (47ms)
	RebuildNativeTypeToScriptingClass (16ms)
	initialDomainReloadingComplete (34ms)
	LoadAllAssembliesAndSetupDomain (785ms)
		LoadAssemblies (670ms)
		RebuildTransferFunctionScriptingTraits (0ms)
		AnalyzeDomain (275ms)
			TypeCache.Refresh (14ms)
				TypeCache.ScanAssembly (1ms)
			BuildScriptInfoCaches (239ms)
			ResolveRequiredComponents (16ms)
	FinalizeReload (1654ms)
		ReleaseScriptCaches (0ms)
		RebuildScriptCaches (0ms)
		SetupLoadedEditorAssemblies (1457ms)
			LogAssemblyErrors (0ms)
			InitializePlatformSupportModulesInManaged (3ms)
			SetLoadedEditorAssemblies (7ms)
			BeforeProcessingInitializeOnLoad (289ms)
			ProcessInitializeOnLoadAttributes (1004ms)
			ProcessInitializeOnLoadMethodAttributes (151ms)
			AfterProcessingInitializeOnLoad (3ms)
			EditorAssembliesLoaded (0ms)
		ExecutionOrderSort2 (0ms)
		AwakeInstancesAfterBackupRestoration (19ms)
Refreshing native plugins compatible for Editor in 1.97 ms, found 4 plugins.
Preloading 0 native plugins for Editor in 0.00 ms.
Unloading 16 Unused Serialized files (Serialized files now loaded: 0)
Unloading 6939 unused Assets / (4.3 MB). Loaded Objects now: 8149.
Memory consumption went from 165.3 MB to 161.0 MB.
Total: 32.319700 ms (FindLiveObjects: 1.626800 ms CreateObjectMapping: 0.940500 ms MarkObjects: 26.492500 ms  DeleteObjects: 3.257900 ms)

Prepare: number of updated asset objects reloaded= 0
========================================================================
Received Prepare
Begin MonoManager ReloadAssembly
- Loaded All Assemblies, in  1.169 seconds
Refreshing native plugins compatible for Editor in 2.31 ms, found 4 plugins.
Native extension for WindowsStandalone target not found
Native extension for WebGL target not found
[Package Manager] Failed to launch server process. Reason: Unity was launched with the -noUpm command-line argument
[Package Manager] Unable to send message (not connected to server process).
[Package Manager] Cannot connect to Unity Package Manager local server
Mono: successfully reloaded assembly
- Finished resetting the current domain, in  1.698 seconds
Domain Reload Profiling: 2871ms
	BeginReloadAssembly (322ms)
		ExecutionOrderSort (0ms)
		DisableScriptedObjects (17ms)
		BackupInstance (0ms)
		ReleaseScriptingObjects (1ms)
		CreateAndSetChildDomain (82ms)
	RebuildCommonClasses (44ms)
	RebuildNativeTypeToScriptingClass (17ms)
	initialDomainReloadingComplete (38ms)
	LoadAllAssembliesAndSetupDomain (751ms)
		LoadAssemblies (646ms)
		RebuildTransferFunctionScriptingTraits (0ms)
		AnalyzeDomain (267ms)
			TypeCache.Refresh (11ms)
				TypeCache.ScanAssembly (0ms)
			BuildScriptInfoCaches (237ms)
			ResolveRequiredComponents (13ms)
	FinalizeReload (1699ms)
		ReleaseScriptCaches (0ms)
		RebuildScriptCaches (0ms)
		SetupLoadedEditorAssemblies (1496ms)
			LogAssemblyErrors (0ms)
			InitializePlatformSupportModulesInManaged (3ms)
			SetLoadedEditorAssemblies (8ms)
			BeforeProcessingInitializeOnLoad (298ms)
			ProcessInitializeOnLoadAttributes (953ms)
			ProcessInitializeOnLoadMethodAttributes (231ms)
			AfterProcessingInitializeOnLoad (3ms)
			EditorAssembliesLoaded (0ms)
		ExecutionOrderSort2 (0ms)
		AwakeInstancesAfterBackupRestoration (21ms)
Refreshing native plugins compatible for Editor in 2.07 ms, found 4 plugins.
Preloading 0 native plugins for Editor in 0.00 ms.
Unloading 16 Unused Serialized files (Serialized files now loaded: 0)
Unloading 6939 unused Assets / (4.2 MB). Loaded Objects now: 8152.
Memory consumption went from 165.4 MB to 161.2 MB.
Total: 29.195300 ms (FindLiveObjects: 1.199100 ms CreateObjectMapping: 1.453700 ms MarkObjects: 23.798600 ms  DeleteObjects: 2.742500 ms)

Prepare: number of updated asset objects reloaded= 0
========================================================================
Received Prepare
Refreshing native plugins compatible for Editor in 3.63 ms, found 4 plugins.
Preloading 0 native plugins for Editor in 0.00 ms.
Unloading 16 Unused Serialized files (Serialized files now loaded: 0)
Unloading 6929 unused Assets / (4.6 MB). Loaded Objects now: 8152.
Memory consumption went from 165.5 MB to 160.9 MB.
Total: 41.797300 ms (FindLiveObjects: 5.769800 ms CreateObjectMapping: 1.727800 ms MarkObjects: 30.791900 ms  DeleteObjects: 3.504900 ms)

Prepare: number of updated asset objects reloaded= 0
========================================================================
Received Prepare
Begin MonoManager ReloadAssembly
[Licensing::Client] Successfully resolved entitlement details
- Loaded All Assemblies, in  1.175 seconds
Refreshing native plugins compatible for Editor in 2.49 ms, found 4 plugins.
Native extension for WindowsStandalone target not found
Native extension for WebGL target not found
[Package Manager] Failed to launch server process. Reason: Unity was launched with the -noUpm command-line argument
[Package Manager] Unable to send message (not connected to server process).
[Package Manager] Cannot connect to Unity Package Manager local server
Mono: successfully reloaded assembly
- Finished resetting the current domain, in  2.332 seconds
Domain Reload Profiling: 3514ms
	BeginReloadAssembly (335ms)
		ExecutionOrderSort (0ms)
		DisableScriptedObjects (18ms)
		BackupInstance (0ms)
		ReleaseScriptingObjects (0ms)
		CreateAndSetChildDomain (81ms)
	RebuildCommonClasses (47ms)
	RebuildNativeTypeToScriptingClass (18ms)
	initialDomainReloadingComplete (36ms)
	LoadAllAssembliesAndSetupDomain (745ms)
		LoadAssemblies (644ms)
		RebuildTransferFunctionScriptingTraits (0ms)
		AnalyzeDomain (273ms)
			TypeCache.Refresh (14ms)
				TypeCache.ScanAssembly (1ms)
			BuildScriptInfoCaches (239ms)
			ResolveRequiredComponents (13ms)
	FinalizeReload (2333ms)
		ReleaseScriptCaches (0ms)
		RebuildScriptCaches (0ms)
		SetupLoadedEditorAssemblies (2122ms)
			LogAssemblyErrors (0ms)
			InitializePlatformSupportModulesInManaged (3ms)
			SetLoadedEditorAssemblies (9ms)
			BeforeProcessingInitializeOnLoad (336ms)
			ProcessInitializeOnLoadAttributes (1606ms)
			ProcessInitializeOnLoadMethodAttributes (164ms)
			AfterProcessingInitializeOnLoad (3ms)
			EditorAssembliesLoaded (0ms)
		ExecutionOrderSort2 (0ms)
		AwakeInstancesAfterBackupRestoration (20ms)
Refreshing native plugins compatible for Editor in 2.55 ms, found 4 plugins.
Preloading 0 native plugins for Editor in 0.00 ms.
Unloading 16 Unused Serialized files (Serialized files now loaded: 0)
Unloading 6939 unused Assets / (4.6 MB). Loaded Objects now: 8155.
Memory consumption went from 165.4 MB to 160.8 MB.
Total: 37.816100 ms (FindLiveObjects: 1.354900 ms CreateObjectMapping: 0.430900 ms MarkObjects: 31.745900 ms  DeleteObjects: 4.282200 ms)

Prepare: number of updated asset objects reloaded= 0
========================================================================
Received Prepare
Refreshing native plugins compatible for Editor in 3.20 ms, found 4 plugins.
Preloading 0 native plugins for Editor in 0.00 ms.
Unloading 16 Unused Serialized files (Serialized files now loaded: 0)
Unloading 6929 unused Assets / (4.5 MB). Loaded Objects now: 8155.
Memory consumption went from 165.5 MB to 161.0 MB.
Total: 36.871500 ms (FindLiveObjects: 1.242600 ms CreateObjectMapping: 0.661800 ms MarkObjects: 29.385900 ms  DeleteObjects: 5.579300 ms)

Prepare: number of updated asset objects reloaded= 0
========================================================================
Received Prepare
Begin MonoManager ReloadAssembly
- Loaded All Assemblies, in  1.274 seconds
Refreshing native plugins compatible for Editor in 1.98 ms, found 4 plugins.
Native extension for WindowsStandalone target not found
Native extension for WebGL target not found
[Package Manager] Failed to launch server process. Reason: Unity was launched with the -noUpm command-line argument
[Package Manager] Unable to send message (not connected to server process).
[Package Manager] Cannot connect to Unity Package Manager local server
Mono: successfully reloaded assembly
- Finished resetting the current domain, in  2.003 seconds
Domain Reload Profiling: 3281ms
	BeginReloadAssembly (352ms)
		ExecutionOrderSort (0ms)
		DisableScriptedObjects (18ms)
		BackupInstance (0ms)
		ReleaseScriptingObjects (0ms)
		CreateAndSetChildDomain (92ms)
	RebuildCommonClasses (48ms)
	RebuildNativeTypeToScriptingClass (16ms)
	initialDomainReloadingComplete (38ms)
	LoadAllAssembliesAndSetupDomain (823ms)
		LoadAssemblies (718ms)
		RebuildTransferFunctionScriptingTraits (0ms)
		AnalyzeDomain (276ms)
			TypeCache.Refresh (14ms)
				TypeCache.ScanAssembly (1ms)
			BuildScriptInfoCaches (241ms)
			ResolveRequiredComponents (15ms)
	FinalizeReload (2004ms)
		ReleaseScriptCaches (0ms)
		RebuildScriptCaches (0ms)
		SetupLoadedEditorAssemblies (1809ms)
			LogAssemblyErrors (0ms)
			InitializePlatformSupportModulesInManaged (2ms)
			SetLoadedEditorAssemblies (7ms)
			BeforeProcessingInitializeOnLoad (374ms)
			ProcessInitializeOnLoadAttributes (1146ms)
			ProcessInitializeOnLoadMethodAttributes (275ms)
			AfterProcessingInitializeOnLoad (4ms)
			EditorAssembliesLoaded (1ms)
		ExecutionOrderSort2 (0ms)
		AwakeInstancesAfterBackupRestoration (20ms)
Refreshing native plugins compatible for Editor in 2.80 ms, found 4 plugins.
Preloading 0 native plugins for Editor in 0.00 ms.
Unloading 16 Unused Serialized files (Serialized files now loaded: 0)
Unloading 6939 unused Assets / (4.6 MB). Loaded Objects now: 8158.
Memory consumption went from 165.4 MB to 160.9 MB.
Total: 43.900500 ms (FindLiveObjects: 1.410800 ms CreateObjectMapping: 0.692600 ms MarkObjects: 37.354000 ms  DeleteObjects: 4.441100 ms)

Prepare: number of updated asset objects reloaded= 0
========================================================================
Received Prepare
Begin MonoManager ReloadAssembly
- Loaded All Assemblies, in  1.162 seconds
Refreshing native plugins compatible for Editor in 1.88 ms, found 4 plugins.
Native extension for WindowsStandalone target not found
Native extension for WebGL target not found
[Package Manager] Failed to launch server process. Reason: Unity was launched with the -noUpm command-line argument
[Package Manager] Unable to send message (not connected to server process).
[Package Manager] Cannot connect to Unity Package Manager local server
Mono: successfully reloaded assembly
- Finished resetting the current domain, in  1.583 seconds
Domain Reload Profiling: 2749ms
	BeginReloadAssembly (350ms)
		ExecutionOrderSort (0ms)
		DisableScriptedObjects (18ms)
		BackupInstance (0ms)
		ReleaseScriptingObjects (1ms)
		CreateAndSetChildDomain (80ms)
	RebuildCommonClasses (47ms)
	RebuildNativeTypeToScriptingClass (21ms)
	initialDomainReloadingComplete (42ms)
	LoadAllAssembliesAndSetupDomain (706ms)
		LoadAssemblies (609ms)
		RebuildTransferFunctionScriptingTraits (0ms)
		AnalyzeDomain (264ms)
			TypeCache.Refresh (14ms)
				TypeCache.ScanAssembly (1ms)
			BuildScriptInfoCaches (231ms)
			ResolveRequiredComponents (13ms)
	FinalizeReload (1583ms)
		ReleaseScriptCaches (0ms)
		RebuildScriptCaches (0ms)
		SetupLoadedEditorAssemblies (1386ms)
			LogAssemblyErrors (0ms)
			InitializePlatformSupportModulesInManaged (3ms)
			SetLoadedEditorAssemblies (8ms)
			BeforeProcessingInitializeOnLoad (295ms)
			ProcessInitializeOnLoadAttributes (925ms)
			ProcessInitializeOnLoadMethodAttributes (153ms)
			AfterProcessingInitializeOnLoad (3ms)
			EditorAssembliesLoaded (1ms)
		ExecutionOrderSort2 (0ms)
		AwakeInstancesAfterBackupRestoration (19ms)
Refreshing native plugins compatible for Editor in 2.03 ms, found 4 plugins.
Preloading 0 native plugins for Editor in 0.00 ms.
Unloading 16 Unused Serialized files (Serialized files now loaded: 0)
Unloading 6939 unused Assets / (4.2 MB). Loaded Objects now: 8161.
Memory consumption went from 165.5 MB to 161.3 MB.
Total: 31.344700 ms (FindLiveObjects: 1.187700 ms CreateObjectMapping: 0.516100 ms MarkObjects: 26.495500 ms  DeleteObjects: 3.143900 ms)

Prepare: number of updated asset objects reloaded= 0
========================================================================
Received Prepare
Begin MonoManager ReloadAssembly
- Loaded All Assemblies, in  1.230 seconds
Refreshing native plugins compatible for Editor in 2.06 ms, found 4 plugins.
Native extension for WindowsStandalone target not found
Native extension for WebGL target not found
[Package Manager] Failed to launch server process. Reason: Unity was launched with the -noUpm command-line argument
[Package Manager] Unable to send message (not connected to server process).
[Package Manager] Cannot connect to Unity Package Manager local server
Mono: successfully reloaded assembly
- Finished resetting the current domain, in  1.890 seconds
Domain Reload Profiling: 3124ms
	BeginReloadAssembly (361ms)
		ExecutionOrderSort (0ms)
		DisableScriptedObjects (17ms)
		BackupInstance (0ms)
		ReleaseScriptingObjects (1ms)
		CreateAndSetChildDomain (86ms)
	RebuildCommonClasses (62ms)
	RebuildNativeTypeToScriptingClass (20ms)
	initialDomainReloadingComplete (41ms)
	LoadAllAssembliesAndSetupDomain (750ms)
		LoadAssemblies (677ms)
		RebuildTransferFunctionScriptingTraits (0ms)
		AnalyzeDomain (264ms)
			TypeCache.Refresh (10ms)
				TypeCache.ScanAssembly (0ms)
			BuildScriptInfoCaches (232ms)
			ResolveRequiredComponents (16ms)
	FinalizeReload (1890ms)
		ReleaseScriptCaches (0ms)
		RebuildScriptCaches (0ms)
		SetupLoadedEditorAssemblies (1671ms)
			LogAssemblyErrors (0ms)
			InitializePlatformSupportModulesInManaged (3ms)
			SetLoadedEditorAssemblies (8ms)
			BeforeProcessingInitializeOnLoad (316ms)
			ProcessInitializeOnLoadAttributes (1152ms)
			ProcessInitializeOnLoadMethodAttributes (187ms)
			AfterProcessingInitializeOnLoad (4ms)
			EditorAssembliesLoaded (1ms)
		ExecutionOrderSort2 (0ms)
		AwakeInstancesAfterBackupRestoration (24ms)
Refreshing native plugins compatible for Editor in 2.18 ms, found 4 plugins.
Preloading 0 native plugins for Editor in 0.00 ms.
Unloading 16 Unused Serialized files (Serialized files now loaded: 0)
Unloading 6939 unused Assets / (4.3 MB). Loaded Objects now: 8164.
Memory consumption went from 165.5 MB to 161.2 MB.
Total: 30.387800 ms (FindLiveObjects: 1.189600 ms CreateObjectMapping: 0.570700 ms MarkObjects: 25.563000 ms  DeleteObjects: 3.062500 ms)

Prepare: number of updated asset objects reloaded= 0
========================================================================
Received Prepare
Refreshing native plugins compatible for Editor in 3.10 ms, found 4 plugins.
Preloading 0 native plugins for Editor in 0.00 ms.
Unloading 16 Unused Serialized files (Serialized files now loaded: 0)
Unloading 6929 unused Assets / (4.7 MB). Loaded Objects now: 8164.
Memory consumption went from 165.7 MB to 161.0 MB.
Total: 48.065300 ms (FindLiveObjects: 1.766900 ms CreateObjectMapping: 2.010700 ms MarkObjects: 33.507700 ms  DeleteObjects: 10.778200 ms)

Prepare: number of updated asset objects reloaded= 0
========================================================================
Received Prepare
Begin MonoManager ReloadAssembly
[Licensing::Client] Successfully resolved entitlement details
- Loaded All Assemblies, in  1.242 seconds
Refreshing native plugins compatible for Editor in 2.01 ms, found 4 plugins.
Native extension for WindowsStandalone target not found
Native extension for WebGL target not found
[Package Manager] Failed to launch server process. Reason: Unity was launched with the -noUpm command-line argument
[Package Manager] Unable to send message (not connected to server process).
[Package Manager] Cannot connect to Unity Package Manager local server
Mono: successfully reloaded assembly
- Finished resetting the current domain, in  1.668 seconds
Domain Reload Profiling: 2914ms
	BeginReloadAssembly (321ms)
		ExecutionOrderSort (0ms)
		DisableScriptedObjects (17ms)
		BackupInstance (0ms)
		ReleaseScriptingObjects (0ms)
		CreateAndSetChildDomain (81ms)
	RebuildCommonClasses (45ms)
	RebuildNativeTypeToScriptingClass (17ms)
	initialDomainReloadingComplete (37ms)
	LoadAllAssembliesAndSetupDomain (826ms)
		LoadAssemblies (669ms)
		RebuildTransferFunctionScriptingTraits (0ms)
		AnalyzeDomain (317ms)
			TypeCache.Refresh (18ms)
				TypeCache.ScanAssembly (1ms)
			BuildScriptInfoCaches (277ms)
			ResolveRequiredComponents (15ms)
	FinalizeReload (1668ms)
		ReleaseScriptCaches (0ms)
		RebuildScriptCaches (0ms)
		SetupLoadedEditorAssemblies (1475ms)
			LogAssemblyErrors (0ms)
			InitializePlatformSupportModulesInManaged (3ms)
			SetLoadedEditorAssemblies (7ms)
			BeforeProcessingInitializeOnLoad (289ms)
			ProcessInitializeOnLoadAttributes (1015ms)
			ProcessInitializeOnLoadMethodAttributes (158ms)
			AfterProcessingInitializeOnLoad (3ms)
			EditorAssembliesLoaded (1ms)
		ExecutionOrderSort2 (0ms)
		AwakeInstancesAfterBackupRestoration (21ms)
Refreshing native plugins compatible for Editor in 2.39 ms, found 4 plugins.
Preloading 0 native plugins for Editor in 0.00 ms.
Unloading 16 Unused Serialized files (Serialized files now loaded: 0)
Unloading 6939 unused Assets / (4.5 MB). Loaded Objects now: 8167.
Memory consumption went from 165.6 MB to 161.1 MB.
Total: 30.272100 ms (FindLiveObjects: 1.216600 ms CreateObjectMapping: 1.229800 ms MarkObjects: 24.872600 ms  DeleteObjects: 2.951300 ms)

Prepare: number of updated asset objects reloaded= 0
========================================================================
Received Prepare
Begin MonoManager ReloadAssembly
- Loaded All Assemblies, in  1.250 seconds
Refreshing native plugins compatible for Editor in 2.00 ms, found 4 plugins.
Native extension for WindowsStandalone target not found
Native extension for WebGL target not found
[Package Manager] Failed to launch server process. Reason: Unity was launched with the -noUpm command-line argument
[Package Manager] Unable to send message (not connected to server process).
[Package Manager] Cannot connect to Unity Package Manager local server
Mono: successfully reloaded assembly
- Finished resetting the current domain, in  1.797 seconds
Domain Reload Profiling: 3051ms
	BeginReloadAssembly (326ms)
		ExecutionOrderSort (0ms)
		DisableScriptedObjects (19ms)
		BackupInstance (0ms)
		ReleaseScriptingObjects (1ms)
		CreateAndSetChildDomain (82ms)
	RebuildCommonClasses (44ms)
	RebuildNativeTypeToScriptingClass (16ms)
	initialDomainReloadingComplete (39ms)
	LoadAllAssembliesAndSetupDomain (828ms)
		LoadAssemblies (669ms)
		RebuildTransferFunctionScriptingTraits (0ms)
		AnalyzeDomain (320ms)
			TypeCache.Refresh (10ms)
				TypeCache.ScanAssembly (0ms)
			BuildScriptInfoCaches (288ms)
			ResolveRequiredComponents (13ms)
	FinalizeReload (1798ms)
		ReleaseScriptCaches (0ms)
		RebuildScriptCaches (0ms)
		SetupLoadedEditorAssemblies (1591ms)
			LogAssemblyErrors (0ms)
			InitializePlatformSupportModulesInManaged (3ms)
			SetLoadedEditorAssemblies (8ms)
			BeforeProcessingInitializeOnLoad (306ms)
			ProcessInitializeOnLoadAttributes (1100ms)
			ProcessInitializeOnLoadMethodAttributes (170ms)
			AfterProcessingInitializeOnLoad (3ms)
			EditorAssembliesLoaded (0ms)
		ExecutionOrderSort2 (0ms)
		AwakeInstancesAfterBackupRestoration (27ms)
Refreshing native plugins compatible for Editor in 2.49 ms, found 4 plugins.
Preloading 0 native plugins for Editor in 0.00 ms.
Unloading 16 Unused Serialized files (Serialized files now loaded: 0)
Unloading 6939 unused Assets / (4.3 MB). Loaded Objects now: 8170.
Memory consumption went from 165.6 MB to 161.3 MB.
Total: 31.292700 ms (FindLiveObjects: 1.306800 ms CreateObjectMapping: 0.379400 ms MarkObjects: 26.311800 ms  DeleteObjects: 3.292600 ms)

Prepare: number of updated asset objects reloaded= 0
========================================================================
Received Prepare
Refreshing native plugins compatible for Editor in 2.97 ms, found 4 plugins.
Preloading 0 native plugins for Editor in 0.00 ms.
Unloading 16 Unused Serialized files (Serialized files now loaded: 0)
Unloading 6929 unused Assets / (4.5 MB). Loaded Objects now: 8170.
Memory consumption went from 165.8 MB to 161.3 MB.
Total: 51.947700 ms (FindLiveObjects: 1.571000 ms CreateObjectMapping: 8.197200 ms MarkObjects: 38.677600 ms  DeleteObjects: 3.499900 ms)

Prepare: number of updated asset objects reloaded= 0
========================================================================
Received Prepare
Refreshing native plugins compatible for Editor in 2.50 ms, found 4 plugins.
Preloading 0 native plugins for Editor in 0.00 ms.
Unloading 16 Unused Serialized files (Serialized files now loaded: 0)
Unloading 6929 unused Assets / (4.5 MB). Loaded Objects now: 8170.
Memory consumption went from 165.8 MB to 161.3 MB.
Total: 31.491500 ms (FindLiveObjects: 1.207000 ms CreateObjectMapping: 0.567000 ms MarkObjects: 25.969100 ms  DeleteObjects: 3.746800 ms)

Prepare: number of updated asset objects reloaded= 0
========================================================================
Received Prepare
Begin MonoManager ReloadAssembly
[Licensing::Client] Successfully resolved entitlement details
- Loaded All Assemblies, in  1.383 seconds
Refreshing native plugins compatible for Editor in 1.95 ms, found 4 plugins.
Native extension for WindowsStandalone target not found
Native extension for WebGL target not found
[Package Manager] Failed to launch server process. Reason: Unity was launched with the -noUpm command-line argument
[Package Manager] Unable to send message (not connected to server process).
[Package Manager] Cannot connect to Unity Package Manager local server
Mono: successfully reloaded assembly
- Finished resetting the current domain, in  1.876 seconds
Domain Reload Profiling: 3263ms
	BeginReloadAssembly (424ms)
		ExecutionOrderSort (0ms)
		DisableScriptedObjects (24ms)
		BackupInstance (0ms)
		ReleaseScriptingObjects (1ms)
		CreateAndSetChildDomain (104ms)
	RebuildCommonClasses (55ms)
	RebuildNativeTypeToScriptingClass (17ms)
	initialDomainReloadingComplete (43ms)
	LoadAllAssembliesAndSetupDomain (847ms)
		LoadAssemblies (753ms)
		RebuildTransferFunctionScriptingTraits (0ms)
		AnalyzeDomain (278ms)
			TypeCache.Refresh (13ms)
				TypeCache.ScanAssembly (1ms)
			BuildScriptInfoCaches (243ms)
			ResolveRequiredComponents (16ms)
	FinalizeReload (1877ms)
		ReleaseScriptCaches (0ms)
		RebuildScriptCaches (0ms)
		SetupLoadedEditorAssemblies (1544ms)
			LogAssemblyErrors (0ms)
			InitializePlatformSupportModulesInManaged (2ms)
			SetLoadedEditorAssemblies (9ms)
			BeforeProcessingInitializeOnLoad (328ms)
			ProcessInitializeOnLoadAttributes (995ms)
			ProcessInitializeOnLoadMethodAttributes (206ms)
			AfterProcessingInitializeOnLoad (4ms)
			EditorAssembliesLoaded (1ms)
		ExecutionOrderSort2 (0ms)
		AwakeInstancesAfterBackupRestoration (21ms)
Refreshing native plugins compatible for Editor in 2.02 ms, found 4 plugins.
Preloading 0 native plugins for Editor in 0.00 ms.
Unloading 16 Unused Serialized files (Serialized files now loaded: 0)
Unloading 6939 unused Assets / (4.5 MB). Loaded Objects now: 8173.
Memory consumption went from 165.7 MB to 161.2 MB.
Total: 27.991000 ms (FindLiveObjects: 1.099300 ms CreateObjectMapping: 0.362600 ms MarkObjects: 23.188800 ms  DeleteObjects: 3.338900 ms)

Prepare: number of updated asset objects reloaded= 0
========================================================================
Received Prepare
Refreshing native plugins compatible for Editor in 2.74 ms, found 4 plugins.
Preloading 0 native plugins for Editor in 0.00 ms.
Unloading 16 Unused Serialized files (Serialized files now loaded: 0)
Unloading 6929 unused Assets / (4.0 MB). Loaded Objects now: 8173.
Memory consumption went from 165.8 MB to 161.8 MB.
Total: 32.761200 ms (FindLiveObjects: 1.347400 ms CreateObjectMapping: 0.476200 ms MarkObjects: 28.107900 ms  DeleteObjects: 2.827200 ms)

Prepare: number of updated asset objects reloaded= 0
========================================================================
Received Prepare
Begin MonoManager ReloadAssembly
- Loaded All Assemblies, in  1.193 seconds
Refreshing native plugins compatible for Editor in 1.90 ms, found 4 plugins.
Native extension for WindowsStandalone target not found
Native extension for WebGL target not found
[Package Manager] Failed to launch server process. Reason: Unity was launched with the -noUpm command-line argument
[Package Manager] Unable to send message (not connected to server process).
[Package Manager] Cannot connect to Unity Package Manager local server
Mono: successfully reloaded assembly
- Finished resetting the current domain, in  2.030 seconds
Domain Reload Profiling: 3228ms
	BeginReloadAssembly (347ms)
		ExecutionOrderSort (0ms)
		DisableScriptedObjects (24ms)
		BackupInstance (0ms)
		ReleaseScriptingObjects (0ms)
		CreateAndSetChildDomain (90ms)
	RebuildCommonClasses (49ms)
	RebuildNativeTypeToScriptingClass (17ms)
	initialDomainReloadingComplete (35ms)
	LoadAllAssembliesAndSetupDomain (749ms)
		LoadAssemblies (627ms)
		RebuildTransferFunctionScriptingTraits (0ms)
		AnalyzeDomain (286ms)
			TypeCache.Refresh (13ms)
				TypeCache.ScanAssembly (1ms)
			BuildScriptInfoCaches (255ms)
			ResolveRequiredComponents (13ms)
	FinalizeReload (2031ms)
		ReleaseScriptCaches (0ms)
		RebuildScriptCaches (0ms)
		SetupLoadedEditorAssemblies (1818ms)
			LogAssemblyErrors (0ms)
			InitializePlatformSupportModulesInManaged (2ms)
			SetLoadedEditorAssemblies (8ms)
			BeforeProcessingInitializeOnLoad (330ms)
			ProcessInitializeOnLoadAttributes (1349ms)
			ProcessInitializeOnLoadMethodAttributes (125ms)
			AfterProcessingInitializeOnLoad (3ms)
			EditorAssembliesLoaded (0ms)
		ExecutionOrderSort2 (0ms)
		AwakeInstancesAfterBackupRestoration (27ms)
Refreshing native plugins compatible for Editor in 2.07 ms, found 4 plugins.
Preloading 0 native plugins for Editor in 0.00 ms.
Unloading 16 Unused Serialized files (Serialized files now loaded: 0)
Unloading 6939 unused Assets / (4.4 MB). Loaded Objects now: 8176.
Memory consumption went from 165.7 MB to 161.3 MB.
Total: 29.043300 ms (FindLiveObjects: 1.285700 ms CreateObjectMapping: 0.830000 ms MarkObjects: 24.382000 ms  DeleteObjects: 2.543500 ms)

Prepare: number of updated asset objects reloaded= 0
========================================================================
Received Prepare
Begin MonoManager ReloadAssembly
- Loaded All Assemblies, in  1.215 seconds
Refreshing native plugins compatible for Editor in 2.62 ms, found 4 plugins.
Native extension for WindowsStandalone target not found
Native extension for WebGL target not found
[Package Manager] Failed to launch server process. Reason: Unity was launched with the -noUpm command-line argument
[Package Manager] Unable to send message (not connected to server process).
[Package Manager] Cannot connect to Unity Package Manager local server
Mono: successfully reloaded assembly
- Finished resetting the current domain, in  1.717 seconds
Domain Reload Profiling: 2936ms
	BeginReloadAssembly (395ms)
		ExecutionOrderSort (0ms)
		DisableScriptedObjects (21ms)
		BackupInstance (0ms)
		ReleaseScriptingObjects (1ms)
		CreateAndSetChildDomain (123ms)
	RebuildCommonClasses (47ms)
	RebuildNativeTypeToScriptingClass (17ms)
	initialDomainReloadingComplete (37ms)
	LoadAllAssembliesAndSetupDomain (722ms)
		LoadAssemblies (630ms)
		RebuildTransferFunctionScriptingTraits (0ms)
		AnalyzeDomain (264ms)
			TypeCache.Refresh (14ms)
				TypeCache.ScanAssembly (1ms)
			BuildScriptInfoCaches (233ms)
			ResolveRequiredComponents (12ms)
	FinalizeReload (1718ms)
		ReleaseScriptCaches (0ms)
		RebuildScriptCaches (0ms)
		SetupLoadedEditorAssemblies (1502ms)
			LogAssemblyErrors (0ms)
			InitializePlatformSupportModulesInManaged (3ms)
			SetLoadedEditorAssemblies (7ms)
			BeforeProcessingInitializeOnLoad (367ms)
			ProcessInitializeOnLoadAttributes (970ms)
			ProcessInitializeOnLoadMethodAttributes (151ms)
			AfterProcessingInitializeOnLoad (4ms)
			EditorAssembliesLoaded (1ms)
		ExecutionOrderSort2 (0ms)
		AwakeInstancesAfterBackupRestoration (23ms)
Refreshing native plugins compatible for Editor in 1.99 ms, found 4 plugins.
Preloading 0 native plugins for Editor in 0.00 ms.
Unloading 16 Unused Serialized files (Serialized files now loaded: 0)
Unloading 6939 unused Assets / (5.1 MB). Loaded Objects now: 8179.
Memory consumption went from 165.7 MB to 160.6 MB.
Total: 31.339500 ms (FindLiveObjects: 1.134700 ms CreateObjectMapping: 0.373900 ms MarkObjects: 25.667000 ms  DeleteObjects: 4.162300 ms)

Prepare: number of updated asset objects reloaded= 0
========================================================================
Received Prepare
Begin MonoManager ReloadAssembly
- Loaded All Assemblies, in  1.169 seconds
Refreshing native plugins compatible for Editor in 2.01 ms, found 4 plugins.
Native extension for WindowsStandalone target not found
Native extension for WebGL target not found
[Package Manager] Failed to launch server process. Reason: Unity was launched with the -noUpm command-line argument
[Package Manager] Unable to send message (not connected to server process).
[Package Manager] Cannot connect to Unity Package Manager local server
Mono: successfully reloaded assembly
- Finished resetting the current domain, in  1.793 seconds
Domain Reload Profiling: 2965ms
	BeginReloadAssembly (340ms)
		ExecutionOrderSort (0ms)
		DisableScriptedObjects (17ms)
		BackupInstance (0ms)
		ReleaseScriptingObjects (1ms)
		CreateAndSetChildDomain (86ms)
	RebuildCommonClasses (50ms)
	RebuildNativeTypeToScriptingClass (17ms)
	initialDomainReloadingComplete (39ms)
	LoadAllAssembliesAndSetupDomain (725ms)
		LoadAssemblies (619ms)
		RebuildTransferFunctionScriptingTraits (0ms)
		AnalyzeDomain (269ms)
			TypeCache.Refresh (9ms)
				TypeCache.ScanAssembly (0ms)
			BuildScriptInfoCaches (241ms)
			ResolveRequiredComponents (12ms)
	FinalizeReload (1794ms)
		ReleaseScriptCaches (0ms)
		RebuildScriptCaches (0ms)
		SetupLoadedEditorAssemblies (1522ms)
			LogAssemblyErrors (0ms)
			InitializePlatformSupportModulesInManaged (2ms)
			SetLoadedEditorAssemblies (7ms)
			BeforeProcessingInitializeOnLoad (303ms)
			ProcessInitializeOnLoadAttributes (1014ms)
			ProcessInitializeOnLoadMethodAttributes (192ms)
			AfterProcessingInitializeOnLoad (3ms)
			EditorAssembliesLoaded (1ms)
		ExecutionOrderSort2 (0ms)
		AwakeInstancesAfterBackupRestoration (28ms)
Refreshing native plugins compatible for Editor in 6.28 ms, found 4 plugins.
Preloading 0 native plugins for Editor in 0.00 ms.
Unloading 16 Unused Serialized files (Serialized files now loaded: 0)
Unloading 6939 unused Assets / (3.9 MB). Loaded Objects now: 8182.
Memory consumption went from 165.8 MB to 161.9 MB.
Total: 42.132600 ms (FindLiveObjects: 1.758500 ms CreateObjectMapping: 2.898600 ms MarkObjects: 32.392300 ms  DeleteObjects: 5.080800 ms)

Prepare: number of updated asset objects reloaded= 0
========================================================================
Received Import Request.
  Time since last request: 549.681889 seconds.
  path: Assets/Instanciables/NPC/NPC.prefab
  artifactKey: Guid(d4699d8b2a411744aa2e3e3b0e5be585) Importer(815301076,1909f56bfc062723c751e8b465ee728b)
Start importing Assets/Instanciables/NPC/NPC.prefab using Guid(d4699d8b2a411744aa2e3e3b0e5be585) Importer(815301076,1909f56bfc062723c751e8b465ee728b) (PreviewImporter) -> (artifact id: '82f497aac2472cb0e98c0cfd766c525c') in 0.8429012 seconds
Number of updated asset objects reloaded before import = 0Number of asset objects unloaded after import = 46

========================================================================
Received Prepare
Begin MonoManager ReloadAssembly
[Licensing::Client] Successfully resolved entitlement details
- Loaded All Assemblies, in  1.278 seconds
Refreshing native plugins compatible for Editor in 1.88 ms, found 4 plugins.
Native extension for WindowsStandalone target not found
Native extension for WebGL target not found
[Package Manager] Failed to launch server process. Reason: Unity was launched with the -noUpm command-line argument
[Package Manager] Unable to send message (not connected to server process).
[Package Manager] Cannot connect to Unity Package Manager local server
Mono: successfully reloaded assembly
- Finished resetting the current domain, in  1.821 seconds
Domain Reload Profiling: 3103ms
	BeginReloadAssembly (452ms)
		ExecutionOrderSort (0ms)
		DisableScriptedObjects (33ms)
		BackupInstance (0ms)
		ReleaseScriptingObjects (1ms)
		CreateAndSetChildDomain (143ms)
	RebuildCommonClasses (45ms)
	RebuildNativeTypeToScriptingClass (16ms)
	initialDomainReloadingComplete (36ms)
	LoadAllAssembliesAndSetupDomain (732ms)
		LoadAssemblies (631ms)
		RebuildTransferFunctionScriptingTraits (0ms)
		AnalyzeDomain (267ms)
			TypeCache.Refresh (9ms)
				TypeCache.ScanAssembly (0ms)
			BuildScriptInfoCaches (240ms)
			ResolveRequiredComponents (13ms)
	FinalizeReload (1822ms)
		ReleaseScriptCaches (0ms)
		RebuildScriptCaches (0ms)
		SetupLoadedEditorAssemblies (1576ms)
			LogAssemblyErrors (0ms)
			InitializePlatformSupportModulesInManaged (2ms)
			SetLoadedEditorAssemblies (7ms)
			BeforeProcessingInitializeOnLoad (357ms)
			ProcessInitializeOnLoadAttributes (1037ms)
			ProcessInitializeOnLoadMethodAttributes (169ms)
			AfterProcessingInitializeOnLoad (3ms)
			EditorAssembliesLoaded (1ms)
		ExecutionOrderSort2 (0ms)
		AwakeInstancesAfterBackupRestoration (24ms)
Refreshing native plugins compatible for Editor in 2.23 ms, found 4 plugins.
Preloading 0 native plugins for Editor in 0.00 ms.
Unloading 16 Unused Serialized files (Serialized files now loaded: 0)
Unloading 6939 unused Assets / (4.4 MB). Loaded Objects now: 8205.
Memory consumption went from 166.0 MB to 161.6 MB.
Total: 32.093500 ms (FindLiveObjects: 1.349400 ms CreateObjectMapping: 0.535600 ms MarkObjects: 26.979600 ms  DeleteObjects: 3.227000 ms)

Prepare: number of updated asset objects reloaded= 0
========================================================================
Received Import Request.
  Time since last request: 71.414468 seconds.
  path: Assets/ScriptablesObjects/Quests/00_Test/12_FollowToTable.asset
  artifactKey: Guid(b5727b0859f0fde4c834e9967dcdbb32) Importer(815301076,1909f56bfc062723c751e8b465ee728b)
Start importing Assets/ScriptablesObjects/Quests/00_Test/12_FollowToTable.asset using Guid(b5727b0859f0fde4c834e9967dcdbb32) Importer(815301076,1909f56bfc062723c751e8b465ee728b) (PreviewImporter) -> (artifact id: 'd2739ce8cc31c3ed4f46ef4858d4e037') in 0.0296273 seconds
Number of updated asset objects reloaded before import = 0Number of asset objects unloaded after import = 1

========================================================================
Received Prepare
Begin MonoManager ReloadAssembly
[Licensing::Client] Successfully resolved entitlement details
- Loaded All Assemblies, in  1.295 seconds
Refreshing native plugins compatible for Editor in 1.93 ms, found 4 plugins.
Native extension for WindowsStandalone target not found
Native extension for WebGL target not found
[Package Manager] Failed to launch server process. Reason: Unity was launched with the -noUpm command-line argument
[Package Manager] Unable to send message (not connected to server process).
[Package Manager] Cannot connect to Unity Package Manager local server
Mono: successfully reloaded assembly
- Finished resetting the current domain, in  1.727 seconds
Domain Reload Profiling: 3026ms
	BeginReloadAssembly (408ms)
		ExecutionOrderSort (0ms)
		DisableScriptedObjects (18ms)
		BackupInstance (0ms)
		ReleaseScriptingObjects (1ms)
		CreateAndSetChildDomain (97ms)
	RebuildCommonClasses (54ms)
	RebuildNativeTypeToScriptingClass (17ms)
	initialDomainReloadingComplete (38ms)
	LoadAllAssembliesAndSetupDomain (782ms)
		LoadAssemblies (717ms)
		RebuildTransferFunctionScriptingTraits (0ms)
		AnalyzeDomain (291ms)
			TypeCache.Refresh (10ms)
				TypeCache.ScanAssembly (0ms)
			BuildScriptInfoCaches (256ms)
			ResolveRequiredComponents (18ms)
	FinalizeReload (1727ms)
		ReleaseScriptCaches (0ms)
		RebuildScriptCaches (0ms)
		SetupLoadedEditorAssemblies (1504ms)
			LogAssemblyErrors (0ms)
			InitializePlatformSupportModulesInManaged (2ms)
			SetLoadedEditorAssemblies (8ms)
			BeforeProcessingInitializeOnLoad (333ms)
			ProcessInitializeOnLoadAttributes (985ms)
			ProcessInitializeOnLoadMethodAttributes (172ms)
			AfterProcessingInitializeOnLoad (3ms)
			EditorAssembliesLoaded (1ms)
		ExecutionOrderSort2 (0ms)
		AwakeInstancesAfterBackupRestoration (22ms)
Refreshing native plugins compatible for Editor in 2.15 ms, found 4 plugins.
Preloading 0 native plugins for Editor in 0.00 ms.
Unloading 16 Unused Serialized files (Serialized files now loaded: 0)
Unloading 6939 unused Assets / (4.1 MB). Loaded Objects now: 8208.
Memory consumption went from 165.9 MB to 161.8 MB.
Total: 30.069600 ms (FindLiveObjects: 1.139500 ms CreateObjectMapping: 0.397200 ms MarkObjects: 25.519400 ms  DeleteObjects: 3.011700 ms)

Prepare: number of updated asset objects reloaded= 0
========================================================================
Received Prepare
Refreshing native plugins compatible for Editor in 2.45 ms, found 4 plugins.
Preloading 0 native plugins for Editor in 0.00 ms.
Unloading 16 Unused Serialized files (Serialized files now loaded: 0)
Unloading 6929 unused Assets / (2.4 MB). Loaded Objects now: 8208.
Memory consumption went from 166.0 MB to 163.7 MB.
Total: 48.039300 ms (FindLiveObjects: 1.584900 ms CreateObjectMapping: 0.727400 ms MarkObjects: 37.809500 ms  DeleteObjects: 7.915500 ms)

Prepare: number of updated asset objects reloaded= 0
========================================================================
Received Prepare
Refreshing native plugins compatible for Editor in 2.18 ms, found 4 plugins.
Preloading 0 native plugins for Editor in 0.00 ms.
Unloading 16 Unused Serialized files (Serialized files now loaded: 0)
Unloading 6929 unused Assets / (3.7 MB). Loaded Objects now: 8208.
Memory consumption went from 166.0 MB to 162.4 MB.
Total: 43.683700 ms (FindLiveObjects: 1.647000 ms CreateObjectMapping: 1.116100 ms MarkObjects: 37.219400 ms  DeleteObjects: 3.699300 ms)

Prepare: number of updated asset objects reloaded= 0
========================================================================
Received Prepare
Begin MonoManager ReloadAssembly
[Licensing::Client] Successfully resolved entitlement details
- Loaded All Assemblies, in  1.255 seconds
Refreshing native plugins compatible for Editor in 2.43 ms, found 4 plugins.
Native extension for WindowsStandalone target not found
Native extension for WebGL target not found
[Package Manager] Failed to launch server process. Reason: Unity was launched with the -noUpm command-line argument
[Package Manager] Unable to send message (not connected to server process).
[Package Manager] Cannot connect to Unity Package Manager local server
Mono: successfully reloaded assembly
- Finished resetting the current domain, in  1.763 seconds
Domain Reload Profiling: 3024ms
	BeginReloadAssembly (344ms)
		ExecutionOrderSort (0ms)
		DisableScriptedObjects (19ms)
		BackupInstance (0ms)
		ReleaseScriptingObjects (0ms)
		CreateAndSetChildDomain (89ms)
	RebuildCommonClasses (46ms)
	RebuildNativeTypeToScriptingClass (17ms)
	initialDomainReloadingComplete (37ms)
	LoadAllAssembliesAndSetupDomain (816ms)
		LoadAssemblies (705ms)
		RebuildTransferFunctionScriptingTraits (0ms)
		AnalyzeDomain (282ms)
			TypeCache.Refresh (14ms)
				TypeCache.ScanAssembly (1ms)
			BuildScriptInfoCaches (247ms)
			ResolveRequiredComponents (14ms)
	FinalizeReload (1764ms)
		ReleaseScriptCaches (0ms)
		RebuildScriptCaches (0ms)
		SetupLoadedEditorAssemblies (1563ms)
			LogAssemblyErrors (0ms)
			InitializePlatformSupportModulesInManaged (3ms)
			SetLoadedEditorAssemblies (10ms)
			BeforeProcessingInitializeOnLoad (305ms)
			ProcessInitializeOnLoadAttributes (996ms)
			ProcessInitializeOnLoadMethodAttributes (245ms)
			AfterProcessingInitializeOnLoad (3ms)
			EditorAssembliesLoaded (0ms)
		ExecutionOrderSort2 (0ms)
		AwakeInstancesAfterBackupRestoration (19ms)
Refreshing native plugins compatible for Editor in 3.87 ms, found 4 plugins.
Preloading 0 native plugins for Editor in 0.00 ms.
Unloading 16 Unused Serialized files (Serialized files now loaded: 0)
Unloading 6939 unused Assets / (4.8 MB). Loaded Objects now: 8211.
Memory consumption went from 165.9 MB to 161.1 MB.
Total: 37.301500 ms (FindLiveObjects: 1.542200 ms CreateObjectMapping: 1.726800 ms MarkObjects: 29.503400 ms  DeleteObjects: 4.526400 ms)

Prepare: number of updated asset objects reloaded= 0
========================================================================
Received Prepare
Begin MonoManager ReloadAssembly
- Loaded All Assemblies, in  1.235 seconds
Refreshing native plugins compatible for Editor in 1.93 ms, found 4 plugins.
Native extension for WindowsStandalone target not found
Native extension for WebGL target not found
[Package Manager] Failed to launch server process. Reason: Unity was launched with the -noUpm command-line argument
[Package Manager] Unable to send message (not connected to server process).
[Package Manager] Cannot connect to Unity Package Manager local server
Mono: successfully reloaded assembly
- Finished resetting the current domain, in  1.701 seconds
Domain Reload Profiling: 2942ms
	BeginReloadAssembly (352ms)
		ExecutionOrderSort (0ms)
		DisableScriptedObjects (18ms)
		BackupInstance (0ms)
		ReleaseScriptingObjects (1ms)
		CreateAndSetChildDomain (94ms)
	RebuildCommonClasses (49ms)
	RebuildNativeTypeToScriptingClass (17ms)
	initialDomainReloadingComplete (38ms)
	LoadAllAssembliesAndSetupDomain (785ms)
		LoadAssemblies (657ms)
		RebuildTransferFunctionScriptingTraits (0ms)
		AnalyzeDomain (295ms)
			TypeCache.Refresh (9ms)
				TypeCache.ScanAssembly (0ms)
			BuildScriptInfoCaches (262ms)
			ResolveRequiredComponents (16ms)
	FinalizeReload (1702ms)
		ReleaseScriptCaches (0ms)
		RebuildScriptCaches (0ms)
		SetupLoadedEditorAssemblies (1473ms)
			LogAssemblyErrors (0ms)
			InitializePlatformSupportModulesInManaged (2ms)
			SetLoadedEditorAssemblies (8ms)
			BeforeProcessingInitializeOnLoad (313ms)
			ProcessInitializeOnLoadAttributes (964ms)
			ProcessInitializeOnLoadMethodAttributes (180ms)
			AfterProcessingInitializeOnLoad (5ms)
			EditorAssembliesLoaded (1ms)
		ExecutionOrderSort2 (1ms)
		AwakeInstancesAfterBackupRestoration (31ms)
Refreshing native plugins compatible for Editor in 2.88 ms, found 4 plugins.
Preloading 0 native plugins for Editor in 0.00 ms.
Unloading 16 Unused Serialized files (Serialized files now loaded: 0)
Unloading 6939 unused Assets / (4.8 MB). Loaded Objects now: 8214.
Memory consumption went from 166.0 MB to 161.2 MB.
Total: 31.715800 ms (FindLiveObjects: 1.203200 ms CreateObjectMapping: 1.146900 ms MarkObjects: 25.085300 ms  DeleteObjects: 4.278700 ms)

Prepare: number of updated asset objects reloaded= 0
========================================================================
Received Prepare
Refreshing native plugins compatible for Editor in 2.21 ms, found 4 plugins.
Preloading 0 native plugins for Editor in 0.00 ms.
Unloading 16 Unused Serialized files (Serialized files now loaded: 0)
Unloading 6929 unused Assets / (4.7 MB). Loaded Objects now: 8214.
Memory consumption went from 166.1 MB to 161.5 MB.
Total: 32.877400 ms (FindLiveObjects: 2.238600 ms CreateObjectMapping: 1.483900 ms MarkObjects: 25.880600 ms  DeleteObjects: 3.271800 ms)

Prepare: number of updated asset objects reloaded= 0
========================================================================
Received Prepare
Begin MonoManager ReloadAssembly
[Licensing::Client] Successfully resolved entitlement details
- Loaded All Assemblies, in  1.279 seconds
Refreshing native plugins compatible for Editor in 2.28 ms, found 4 plugins.
Native extension for WindowsStandalone target not found
Native extension for WebGL target not found
[Package Manager] Failed to launch server process. Reason: Unity was launched with the -noUpm command-line argument
[Package Manager] Unable to send message (not connected to server process).
[Package Manager] Cannot connect to Unity Package Manager local server
Mono: successfully reloaded assembly
- Finished resetting the current domain, in  1.766 seconds
Domain Reload Profiling: 3039ms
	BeginReloadAssembly (352ms)
		ExecutionOrderSort (0ms)
		DisableScriptedObjects (18ms)
		BackupInstance (0ms)
		ReleaseScriptingObjects (0ms)
		CreateAndSetChildDomain (91ms)
	RebuildCommonClasses (64ms)
	RebuildNativeTypeToScriptingClass (31ms)
	initialDomainReloadingComplete (44ms)
	LoadAllAssembliesAndSetupDomain (783ms)
		LoadAssemblies (661ms)
		RebuildTransferFunctionScriptingTraits (0ms)
		AnalyzeDomain (298ms)
			TypeCache.Refresh (14ms)
				TypeCache.ScanAssembly (1ms)
			BuildScriptInfoCaches (261ms)
			ResolveRequiredComponents (14ms)
	FinalizeReload (1766ms)
		ReleaseScriptCaches (0ms)
		RebuildScriptCaches (0ms)
		SetupLoadedEditorAssemblies (1551ms)
			LogAssemblyErrors (0ms)
			InitializePlatformSupportModulesInManaged (3ms)
			SetLoadedEditorAssemblies (9ms)
			BeforeProcessingInitializeOnLoad (324ms)
			ProcessInitializeOnLoadAttributes (1047ms)
			ProcessInitializeOnLoadMethodAttributes (162ms)
			AfterProcessingInitializeOnLoad (6ms)
			EditorAssembliesLoaded (1ms)
		ExecutionOrderSort2 (0ms)
		AwakeInstancesAfterBackupRestoration (20ms)
Refreshing native plugins compatible for Editor in 2.07 ms, found 4 plugins.
Preloading 0 native plugins for Editor in 0.00 ms.
Unloading 16 Unused Serialized files (Serialized files now loaded: 0)
Unloading 6939 unused Assets / (4.5 MB). Loaded Objects now: 8217.
Memory consumption went from 166.0 MB to 161.5 MB.
Total: 27.818600 ms (FindLiveObjects: 1.242300 ms CreateObjectMapping: 0.390600 ms MarkObjects: 23.467000 ms  DeleteObjects: 2.717100 ms)

Prepare: number of updated asset objects reloaded= 0
========================================================================
Received Prepare
Begin MonoManager ReloadAssembly
- Loaded All Assemblies, in  1.211 seconds
Refreshing native plugins compatible for Editor in 1.92 ms, found 4 plugins.
Native extension for WindowsStandalone target not found
Native extension for WebGL target not found
[Package Manager] Failed to launch server process. Reason: Unity was launched with the -noUpm command-line argument
[Package Manager] Unable to send message (not connected to server process).
[Package Manager] Cannot connect to Unity Package Manager local server
Mono: successfully reloaded assembly
- Finished resetting the current domain, in  1.801 seconds
Domain Reload Profiling: 3016ms
	BeginReloadAssembly (333ms)
		ExecutionOrderSort (0ms)
		DisableScriptedObjects (18ms)
		BackupInstance (0ms)
		ReleaseScriptingObjects (1ms)
		CreateAndSetChildDomain (86ms)
	RebuildCommonClasses (44ms)
	RebuildNativeTypeToScriptingClass (16ms)
	initialDomainReloadingComplete (37ms)
	LoadAllAssembliesAndSetupDomain (782ms)
		LoadAssemblies (646ms)
		RebuildTransferFunctionScriptingTraits (0ms)
		AnalyzeDomain (303ms)
			TypeCache.Refresh (11ms)
				TypeCache.ScanAssembly (0ms)
			BuildScriptInfoCaches (266ms)
			ResolveRequiredComponents (19ms)
	FinalizeReload (1802ms)
		ReleaseScriptCaches (0ms)
		RebuildScriptCaches (0ms)
		SetupLoadedEditorAssemblies (1590ms)
			LogAssemblyErrors (0ms)
			InitializePlatformSupportModulesInManaged (3ms)
			SetLoadedEditorAssemblies (9ms)
			BeforeProcessingInitializeOnLoad (318ms)
			ProcessInitializeOnLoadAttributes (1072ms)
			ProcessInitializeOnLoadMethodAttributes (185ms)
			AfterProcessingInitializeOnLoad (3ms)
			EditorAssembliesLoaded (0ms)
		ExecutionOrderSort2 (0ms)
		AwakeInstancesAfterBackupRestoration (23ms)
Refreshing native plugins compatible for Editor in 2.11 ms, found 4 plugins.
Preloading 0 native plugins for Editor in 0.00 ms.
Unloading 16 Unused Serialized files (Serialized files now loaded: 0)
Unloading 6939 unused Assets / (4.1 MB). Loaded Objects now: 8220.
Memory consumption went from 166.1 MB to 162.0 MB.
Total: 28.953500 ms (FindLiveObjects: 1.263200 ms CreateObjectMapping: 0.576300 ms MarkObjects: 24.366700 ms  DeleteObjects: 2.745500 ms)

Prepare: number of updated asset objects reloaded= 0
========================================================================
Received Prepare
Refreshing native plugins compatible for Editor in 3.79 ms, found 4 plugins.
Preloading 0 native plugins for Editor in 0.00 ms.
Unloading 16 Unused Serialized files (Serialized files now loaded: 0)
Unloading 6929 unused Assets / (4.4 MB). Loaded Objects now: 8220.
Memory consumption went from 166.2 MB to 161.9 MB.
Total: 55.994800 ms (FindLiveObjects: 1.621000 ms CreateObjectMapping: 0.655900 ms MarkObjects: 50.097300 ms  DeleteObjects: 3.618500 ms)

Prepare: number of updated asset objects reloaded= 0
========================================================================
Received Prepare
Begin MonoManager ReloadAssembly
- Loaded All Assemblies, in  1.262 seconds
Refreshing native plugins compatible for Editor in 2.75 ms, found 4 plugins.
Native extension for WindowsStandalone target not found
Native extension for WebGL target not found
[Package Manager] Failed to launch server process. Reason: Unity was launched with the -noUpm command-line argument
[Package Manager] Unable to send message (not connected to server process).
[Package Manager] Cannot connect to Unity Package Manager local server
Mono: successfully reloaded assembly
- Finished resetting the current domain, in  1.786 seconds
Domain Reload Profiling: 3052ms
	BeginReloadAssembly (404ms)
		ExecutionOrderSort (0ms)
		DisableScriptedObjects (17ms)
		BackupInstance (0ms)
		ReleaseScriptingObjects (0ms)
		CreateAndSetChildDomain (140ms)
	RebuildCommonClasses (50ms)
	RebuildNativeTypeToScriptingClass (20ms)
	initialDomainReloadingComplete (38ms)
	LoadAllAssembliesAndSetupDomain (755ms)
		LoadAssemblies (656ms)
		RebuildTransferFunctionScriptingTraits (0ms)
		AnalyzeDomain (282ms)
			TypeCache.Refresh (15ms)
				TypeCache.ScanAssembly (1ms)
			BuildScriptInfoCaches (246ms)
			ResolveRequiredComponents (13ms)
	FinalizeReload (1787ms)
		ReleaseScriptCaches (0ms)
		RebuildScriptCaches (0ms)
		SetupLoadedEditorAssemblies (1573ms)
			LogAssemblyErrors (0ms)
			InitializePlatformSupportModulesInManaged (4ms)
			SetLoadedEditorAssemblies (9ms)
			BeforeProcessingInitializeOnLoad (395ms)
			ProcessInitializeOnLoadAttributes (982ms)
			ProcessInitializeOnLoadMethodAttributes (179ms)
			AfterProcessingInitializeOnLoad (3ms)
			EditorAssembliesLoaded (0ms)
		ExecutionOrderSort2 (0ms)
		AwakeInstancesAfterBackupRestoration (21ms)
Refreshing native plugins compatible for Editor in 2.06 ms, found 4 plugins.
Preloading 0 native plugins for Editor in 0.00 ms.
Unloading 16 Unused Serialized files (Serialized files now loaded: 0)
Unloading 6939 unused Assets / (4.6 MB). Loaded Objects now: 8223.
Memory consumption went from 166.1 MB to 161.6 MB.
Total: 27.028100 ms (FindLiveObjects: 1.163200 ms CreateObjectMapping: 0.380300 ms MarkObjects: 22.590400 ms  DeleteObjects: 2.892400 ms)

Prepare: number of updated asset objects reloaded= 0
========================================================================
Received Import Request.
  Time since last request: 411.655391 seconds.
  path: Assets/ScriptablesObjects/Quests/00_Test/10_MoveRegis.asset
  artifactKey: Guid(970ebee82ef981c4eb4912b543626259) Importer(815301076,1909f56bfc062723c751e8b465ee728b)
Start importing Assets/ScriptablesObjects/Quests/00_Test/10_MoveRegis.asset using Guid(970ebee82ef981c4eb4912b543626259) Importer(815301076,1909f56bfc062723c751e8b465ee728b) (PreviewImporter) -> (artifact id: '13c6f81c6b9fa31f947782736fd15ad7') in 0.0954811 seconds
Number of updated asset objects reloaded before import = 0Number of asset objects unloaded after import = 1

========================================================================
Received Prepare
Refreshing native plugins compatible for Editor in 2.18 ms, found 4 plugins.
Preloading 0 native plugins for Editor in 0.00 ms.
Unloading 16 Unused Serialized files (Serialized files now loaded: 0)
Unloading 6929 unused Assets / (4.8 MB). Loaded Objects now: 8223.
Memory consumption went from 166.3 MB to 161.5 MB.
Total: 32.296400 ms (FindLiveObjects: 1.565800 ms CreateObjectMapping: 1.085000 ms MarkObjects: 25.153300 ms  DeleteObjects: 4.490200 ms)

Prepare: number of updated asset objects reloaded= 0
========================================================================
Received Prepare
Begin MonoManager ReloadAssembly
[Licensing::Client] Successfully resolved entitlement details
- Loaded All Assemblies, in  1.395 seconds
Refreshing native plugins compatible for Editor in 2.86 ms, found 4 plugins.
Native extension for WindowsStandalone target not found
Native extension for WebGL target not found
[Package Manager] Failed to launch server process. Reason: Unity was launched with the -noUpm command-line argument
[Package Manager] Unable to send message (not connected to server process).
[Package Manager] Cannot connect to Unity Package Manager local server
Mono: successfully reloaded assembly
- Finished resetting the current domain, in  1.983 seconds
Domain Reload Profiling: 3380ms
	BeginReloadAssembly (463ms)
		ExecutionOrderSort (0ms)
		DisableScriptedObjects (17ms)
		BackupInstance (0ms)
		ReleaseScriptingObjects (0ms)
		CreateAndSetChildDomain (88ms)
	RebuildCommonClasses (63ms)
	RebuildNativeTypeToScriptingClass (19ms)
	initialDomainReloadingComplete (42ms)
	LoadAllAssembliesAndSetupDomain (810ms)
		LoadAssemblies (814ms)
		RebuildTransferFunctionScriptingTraits (0ms)
		AnalyzeDomain (281ms)
			TypeCache.Refresh (13ms)
				TypeCache.ScanAssembly (1ms)
			BuildScriptInfoCaches (246ms)
			ResolveRequiredComponents (16ms)
	FinalizeReload (1983ms)
		ReleaseScriptCaches (0ms)
		RebuildScriptCaches (0ms)
		SetupLoadedEditorAssemblies (1733ms)
			LogAssemblyErrors (0ms)
			InitializePlatformSupportModulesInManaged (3ms)
			SetLoadedEditorAssemblies (10ms)
			BeforeProcessingInitializeOnLoad (478ms)
			ProcessInitializeOnLoadAttributes (1085ms)
			ProcessInitializeOnLoadMethodAttributes (152ms)
			AfterProcessingInitializeOnLoad (4ms)
			EditorAssembliesLoaded (1ms)
		ExecutionOrderSort2 (0ms)
		AwakeInstancesAfterBackupRestoration (23ms)
Refreshing native plugins compatible for Editor in 2.19 ms, found 4 plugins.
Preloading 0 native plugins for Editor in 0.00 ms.
Unloading 16 Unused Serialized files (Serialized files now loaded: 0)
Unloading 6939 unused Assets / (4.5 MB). Loaded Objects now: 8226.
Memory consumption went from 166.2 MB to 161.7 MB.
Total: 28.215000 ms (FindLiveObjects: 1.239900 ms CreateObjectMapping: 0.802700 ms MarkObjects: 23.009800 ms  DeleteObjects: 3.160200 ms)

Prepare: number of updated asset objects reloaded= 0
========================================================================
Received Prepare
Refreshing native plugins compatible for Editor in 2.33 ms, found 4 plugins.
Preloading 0 native plugins for Editor in 0.00 ms.
Unloading 16 Unused Serialized files (Serialized files now loaded: 0)
Unloading 6929 unused Assets / (4.2 MB). Loaded Objects now: 8226.
Memory consumption went from 166.3 MB to 162.1 MB.
Total: 34.878200 ms (FindLiveObjects: 1.350400 ms CreateObjectMapping: 0.450100 ms MarkObjects: 30.177900 ms  DeleteObjects: 2.897300 ms)

Prepare: number of updated asset objects reloaded= 0
========================================================================
Received Prepare
Begin MonoManager ReloadAssembly
[Licensing::Client] Successfully resolved entitlement details
- Loaded All Assemblies, in  1.434 seconds
Refreshing native plugins compatible for Editor in 2.63 ms, found 4 plugins.
Native extension for WindowsStandalone target not found
Native extension for WebGL target not found
[Package Manager] Failed to launch server process. Reason: Unity was launched with the -noUpm command-line argument
[Package Manager] Unable to send message (not connected to server process).
[Package Manager] Cannot connect to Unity Package Manager local server
Mono: successfully reloaded assembly
- Finished resetting the current domain, in  1.891 seconds
Domain Reload Profiling: 3330ms
	BeginReloadAssembly (367ms)
		ExecutionOrderSort (0ms)
		DisableScriptedObjects (21ms)
		BackupInstance (0ms)
		ReleaseScriptingObjects (0ms)
		CreateAndSetChildDomain (99ms)
	RebuildCommonClasses (52ms)
	RebuildNativeTypeToScriptingClass (18ms)
	initialDomainReloadingComplete (38ms)
	LoadAllAssembliesAndSetupDomain (962ms)
		LoadAssemblies (790ms)
		RebuildTransferFunctionScriptingTraits (0ms)
		AnalyzeDomain (351ms)
			TypeCache.Refresh (22ms)
				TypeCache.ScanAssembly (3ms)
			BuildScriptInfoCaches (304ms)
			ResolveRequiredComponents (18ms)
	FinalizeReload (1892ms)
		ReleaseScriptCaches (0ms)
		RebuildScriptCaches (0ms)
		SetupLoadedEditorAssemblies (1671ms)
			LogAssemblyErrors (0ms)
			InitializePlatformSupportModulesInManaged (2ms)
			SetLoadedEditorAssemblies (9ms)
			BeforeProcessingInitializeOnLoad (311ms)
			ProcessInitializeOnLoadAttributes (1177ms)
			ProcessInitializeOnLoadMethodAttributes (167ms)
			AfterProcessingInitializeOnLoad (4ms)
			EditorAssembliesLoaded (1ms)
		ExecutionOrderSort2 (0ms)
		AwakeInstancesAfterBackupRestoration (23ms)
Refreshing native plugins compatible for Editor in 2.00 ms, found 4 plugins.
Preloading 0 native plugins for Editor in 0.00 ms.
Unloading 16 Unused Serialized files (Serialized files now loaded: 0)
Unloading 6939 unused Assets / (4.5 MB). Loaded Objects now: 8229.
Memory consumption went from 166.2 MB to 161.7 MB.
Total: 29.163000 ms (FindLiveObjects: 1.366400 ms CreateObjectMapping: 0.715200 ms MarkObjects: 24.381600 ms  DeleteObjects: 2.698100 ms)

Prepare: number of updated asset objects reloaded= 0
========================================================================
Received Prepare
Begin MonoManager ReloadAssembly
- Loaded All Assemblies, in  1.252 seconds
Refreshing native plugins compatible for Editor in 2.16 ms, found 4 plugins.
Native extension for WindowsStandalone target not found
Native extension for WebGL target not found
[Package Manager] Failed to launch server process. Reason: Unity was launched with the -noUpm command-line argument
[Package Manager] Unable to send message (not connected to server process).
[Package Manager] Cannot connect to Unity Package Manager local server
Mono: successfully reloaded assembly
- Finished resetting the current domain, in  1.727 seconds
Domain Reload Profiling: 2982ms
	BeginReloadAssembly (345ms)
		ExecutionOrderSort (0ms)
		DisableScriptedObjects (19ms)
		BackupInstance (0ms)
		ReleaseScriptingObjects (1ms)
		CreateAndSetChildDomain (91ms)
	RebuildCommonClasses (45ms)
	RebuildNativeTypeToScriptingClass (17ms)
	initialDomainReloadingComplete (37ms)
	LoadAllAssembliesAndSetupDomain (811ms)
		LoadAssemblies (720ms)
		RebuildTransferFunctionScriptingTraits (0ms)
		AnalyzeDomain (262ms)
			TypeCache.Refresh (9ms)
				TypeCache.ScanAssembly (0ms)
			BuildScriptInfoCaches (234ms)
			ResolveRequiredComponents (13ms)
	FinalizeReload (1727ms)
		ReleaseScriptCaches (0ms)
		RebuildScriptCaches (0ms)
		SetupLoadedEditorAssemblies (1517ms)
			LogAssemblyErrors (0ms)
			InitializePlatformSupportModulesInManaged (2ms)
			SetLoadedEditorAssemblies (7ms)
			BeforeProcessingInitializeOnLoad (297ms)
			ProcessInitializeOnLoadAttributes (1076ms)
			ProcessInitializeOnLoadMethodAttributes (131ms)
			AfterProcessingInitializeOnLoad (3ms)
			EditorAssembliesLoaded (1ms)
		ExecutionOrderSort2 (0ms)
		AwakeInstancesAfterBackupRestoration (24ms)
Refreshing native plugins compatible for Editor in 2.03 ms, found 4 plugins.
Preloading 0 native plugins for Editor in 0.00 ms.
Unloading 16 Unused Serialized files (Serialized files now loaded: 0)
Unloading 6939 unused Assets / (4.4 MB). Loaded Objects now: 8232.
Memory consumption went from 166.2 MB to 161.8 MB.
Total: 28.959500 ms (FindLiveObjects: 1.215800 ms CreateObjectMapping: 0.820600 ms MarkObjects: 23.726600 ms  DeleteObjects: 3.194400 ms)

Prepare: number of updated asset objects reloaded= 0
========================================================================
Received Import Request.
  Time since last request: 185.170153 seconds.
  path: Assets/Scripts/UI/DialogueButton.cs
  artifactKey: Guid(e675af4f4017e93429bbaf97533ed206) Importer(2089858483,b0f066a214c2f5e87bad3c948f4d605d)
Start importing Assets/Scripts/UI/DialogueButton.cs using Guid(e675af4f4017e93429bbaf97533ed206) Importer(2089858483,b0f066a214c2f5e87bad3c948f4d605d) (ScriptedImporter) -> (artifact id: '678b11b04ebe3338b9ab0bc2ed3f20df') in 0.1353295 seconds
Number of updated asset objects reloaded before import = 0Number of asset objects unloaded after import = 0

========================================================================
Received Import Request.
  Time since last request: 0.000025 seconds.
  path: Assets/ScriptablesObjects/Quests/00_Test/14_UnFreeze.asset
  artifactKey: Guid(343f13cfb00b8c24d8918ee1e038b55b) Importer(2089858483,b0f066a214c2f5e87bad3c948f4d605d)
Start importing Assets/ScriptablesObjects/Quests/00_Test/14_UnFreeze.asset using Guid(343f13cfb00b8c24d8918ee1e038b55b) Importer(2089858483,b0f066a214c2f5e87bad3c948f4d605d) (ScriptedImporter) -> (artifact id: 'c55fdde375c2f96d514d43b2858cbcc9') in 0.0369005 seconds
Number of updated asset objects reloaded before import = 0Number of asset objects unloaded after import = 1

========================================================================
Received Import Request.
  Time since last request: 0.000044 seconds.
  path: Assets/ScriptablesObjects/Quests/00_Test/10_MoveRegis.asset
  artifactKey: Guid(970ebee82ef981c4eb4912b543626259) Importer(2089858483,b0f066a214c2f5e87bad3c948f4d605d)
Start importing Assets/ScriptablesObjects/Quests/00_Test/10_MoveRegis.asset using Guid(970ebee82ef981c4eb4912b543626259) Importer(2089858483,b0f066a214c2f5e87bad3c948f4d605d) (ScriptedImporter) -> (artifact id: '0cd3bf6abea5be4111f0d0d366fc2346') in 0.0195459 seconds
Number of updated asset objects reloaded before import = 0Number of asset objects unloaded after import = 1

========================================================================
Received Import Request.
  Time since last request: 0.000028 seconds.
  path: Assets/Instanciables/NPC/NPC.prefab
  artifactKey: Guid(d4699d8b2a411744aa2e3e3b0e5be585) Importer(2089858483,b0f066a214c2f5e87bad3c948f4d605d)
Start importing Assets/Instanciables/NPC/NPC.prefab using Guid(d4699d8b2a411744aa2e3e3b0e5be585) Importer(2089858483,b0f066a214c2f5e87bad3c948f4d605d) (ScriptedImporter) -> (artifact id: 'e1e37f5bd28e1f2cae08ec34954331cc') in 0.053815 seconds
Number of updated asset objects reloaded before import = 0Number of asset objects unloaded after import = 43

========================================================================
Received Import Request.
  Time since last request: 0.000041 seconds.
  path: Assets/Scripts/Quest/Objectives/DialogueObjective.cs
  artifactKey: Guid(96995463946da2d44b4b8d39af329990) Importer(2089858483,b0f066a214c2f5e87bad3c948f4d605d)
Start importing Assets/Scripts/Quest/Objectives/DialogueObjective.cs using Guid(96995463946da2d44b4b8d39af329990) Importer(2089858483,b0f066a214c2f5e87bad3c948f4d605d) (ScriptedImporter) -> (artifact id: '11edeea3c32a124e98aa54f839247f90') in 0.0066096 seconds
Number of updated asset objects reloaded before import = 0Number of asset objects unloaded after import = 0

========================================================================
Received Import Request.
  Time since last request: 0.000022 seconds.
  path: Assets/Instanciables/Maps/TestTown.prefab
  artifactKey: Guid(81818ef8e51832043b368589e1c14e36) Importer(2089858483,b0f066a214c2f5e87bad3c948f4d605d)
Start importing Assets/Instanciables/Maps/TestTown.prefab using Guid(81818ef8e51832043b368589e1c14e36) Importer(2089858483,b0f066a214c2f5e87bad3c948f4d605d) (ScriptedImporter) -> (artifact id: 'f6ce99ae6bfd7e4e5f59a777f7e092f0') in 0.086662 seconds
Number of updated asset objects reloaded before import = 0Number of asset objects unloaded after import = 93

========================================================================
Received Import Request.
  Time since last request: 0.000034 seconds.
  path: Assets/Scripts/NPC/NPCController.cs
  artifactKey: Guid(1d668aa6da7e30f45a5f83bd878f9300) Importer(2089858483,b0f066a214c2f5e87bad3c948f4d605d)
Start importing Assets/Scripts/NPC/NPCController.cs using Guid(1d668aa6da7e30f45a5f83bd878f9300) Importer(2089858483,b0f066a214c2f5e87bad3c948f4d605d) (ScriptedImporter) -> (artifact id: '4eb0991c86fdca638cc938f9220a63b4') in 0.0073108 seconds
Number of updated asset objects reloaded before import = 0Number of asset objects unloaded after import = 0

========================================================================
Received Import Request.
  Time since last request: 0.000021 seconds.
  path: Assets/Scripts/Managers/MapManager.cs
  artifactKey: Guid(68adec99cbbd39e4f90c0b336145851d) Importer(2089858483,b0f066a214c2f5e87bad3c948f4d605d)
Start importing Assets/Scripts/Managers/MapManager.cs using Guid(68adec99cbbd39e4f90c0b336145851d) Importer(2089858483,b0f066a214c2f5e87bad3c948f4d605d) (ScriptedImporter) -> (artifact id: '9a22957a4e4ed92ee952dc488be2d5fb') in 0.0054238 seconds
Number of updated asset objects reloaded before import = 0Number of asset objects unloaded after import = 0

========================================================================
Received Import Request.
  Time since last request: 0.000023 seconds.
  path: Assets/Scripts/Quest/Objectives/NPCActionObjective.cs
  artifactKey: Guid(49912b2245679764f9dfbf7915ee136c) Importer(2089858483,b0f066a214c2f5e87bad3c948f4d605d)
Start importing Assets/Scripts/Quest/Objectives/NPCActionObjective.cs using Guid(49912b2245679764f9dfbf7915ee136c) Importer(2089858483,b0f066a214c2f5e87bad3c948f4d605d) (ScriptedImporter) -> (artifact id: '30327392c191e3b178bc9e8965da6c1f') in 0.0063925 seconds
Number of updated asset objects reloaded before import = 0Number of asset objects unloaded after import = 0

========================================================================
Received Import Request.
  Time since last request: 0.000023 seconds.
  path: Assets/Scripts/UI/DialogueUIController.cs
  artifactKey: Guid(dc11a698ffbb2c546bf6ee972f0c50ec) Importer(2089858483,b0f066a214c2f5e87bad3c948f4d605d)
Start importing Assets/Scripts/UI/DialogueUIController.cs using Guid(dc11a698ffbb2c546bf6ee972f0c50ec) Importer(2089858483,b0f066a214c2f5e87bad3c948f4d605d) (ScriptedImporter) -> (artifact id: 'f85c1514fa32a2f253f82d3184f29768') in 0.0064025 seconds
Number of updated asset objects reloaded before import = 0Number of asset objects unloaded after import = 0

========================================================================
Received Import Request.
  Time since last request: 0.000034 seconds.
  path: Assets/ScriptablesObjects/Quests/00_Test/00_TestQuest.asset
  artifactKey: Guid(ccad300bf70271740b8b94c7cdfb8ce1) Importer(2089858483,b0f066a214c2f5e87bad3c948f4d605d)
Start importing Assets/ScriptablesObjects/Quests/00_Test/00_TestQuest.asset using Guid(ccad300bf70271740b8b94c7cdfb8ce1) Importer(2089858483,b0f066a214c2f5e87bad3c948f4d605d) (ScriptedImporter) -> (artifact id: '8d3f19baff7755216f03717cd06ccf0f') in 0.0145528 seconds
Number of updated asset objects reloaded before import = 0Number of asset objects unloaded after import = 15

========================================================================
Received Import Request.
  Time since last request: 0.000023 seconds.
  path: Assets/Scenes/WorldMap.unity
  artifactKey: Guid(2681affb3195443468e923037e41ca4b) Importer(2089858483,b0f066a214c2f5e87bad3c948f4d605d)
Start importing Assets/Scenes/WorldMap.unity using Guid(2681affb3195443468e923037e41ca4b) Importer(2089858483,b0f066a214c2f5e87bad3c948f4d605d) (ScriptedImporter) -> (artifact id: '27b9fbd22b84e684cde445f95e15202d') in 0.017446 seconds
Number of updated asset objects reloaded before import = 0Number of asset objects unloaded after import = 1

========================================================================
Received Import Request.
  Time since last request: 8.841637 seconds.
  path: Assets/ScriptablesObjects/Quests/00_Test/00_TestQuest.asset
  artifactKey: Guid(ccad300bf70271740b8b94c7cdfb8ce1) Importer(815301076,1909f56bfc062723c751e8b465ee728b)
Start importing Assets/ScriptablesObjects/Quests/00_Test/00_TestQuest.asset using Guid(ccad300bf70271740b8b94c7cdfb8ce1) Importer(815301076,1909f56bfc062723c751e8b465ee728b) (PreviewImporter) -> (artifact id: '029791d8d6ab49ced52e4f2cde39ba81') in 0.0223647 seconds
Number of updated asset objects reloaded before import = 0Number of asset objects unloaded after import = 15

========================================================================
Received Prepare
Refreshing native plugins compatible for Editor in 2.10 ms, found 4 plugins.
Preloading 0 native plugins for Editor in 0.00 ms.
Unloading 16 Unused Serialized files (Serialized files now loaded: 0)
Unloading 6929 unused Assets / (4.9 MB). Loaded Objects now: 8232.
Memory consumption went from 166.8 MB to 161.9 MB.
Total: 28.431100 ms (FindLiveObjects: 1.176900 ms CreateObjectMapping: 0.457600 ms MarkObjects: 23.252300 ms  DeleteObjects: 3.542500 ms)

Prepare: number of updated asset objects reloaded= 0
========================================================================
Received Prepare
Begin MonoManager ReloadAssembly
[Licensing::Client] Successfully resolved entitlement details
- Loaded All Assemblies, in  1.254 seconds
Refreshing native plugins compatible for Editor in 2.25 ms, found 4 plugins.
Native extension for WindowsStandalone target not found
Native extension for WebGL target not found
[Package Manager] Failed to launch server process. Reason: Unity was launched with the -noUpm command-line argument
[Package Manager] Unable to send message (not connected to server process).
[Package Manager] Cannot connect to Unity Package Manager local server
Mono: successfully reloaded assembly
- Finished resetting the current domain, in  1.722 seconds
Domain Reload Profiling: 2983ms
	BeginReloadAssembly (349ms)
		ExecutionOrderSort (0ms)
		DisableScriptedObjects (24ms)
		BackupInstance (0ms)
		ReleaseScriptingObjects (0ms)
		CreateAndSetChildDomain (89ms)
	RebuildCommonClasses (51ms)
	RebuildNativeTypeToScriptingClass (16ms)
	initialDomainReloadingComplete (38ms)
	LoadAllAssembliesAndSetupDomain (806ms)
		LoadAssemblies (689ms)
		RebuildTransferFunctionScriptingTraits (0ms)
		AnalyzeDomain (282ms)
			TypeCache.Refresh (13ms)
				TypeCache.ScanAssembly (1ms)
			BuildScriptInfoCaches (236ms)
			ResolveRequiredComponents (23ms)
	FinalizeReload (1722ms)
		ReleaseScriptCaches (0ms)
		RebuildScriptCaches (0ms)
		SetupLoadedEditorAssemblies (1507ms)
			LogAssemblyErrors (0ms)
			InitializePlatformSupportModulesInManaged (4ms)
			SetLoadedEditorAssemblies (8ms)
			BeforeProcessingInitializeOnLoad (312ms)
			ProcessInitializeOnLoadAttributes (1029ms)
			ProcessInitializeOnLoadMethodAttributes (150ms)
			AfterProcessingInitializeOnLoad (4ms)
			EditorAssembliesLoaded (1ms)
		ExecutionOrderSort2 (0ms)
		AwakeInstancesAfterBackupRestoration (26ms)
Refreshing native plugins compatible for Editor in 2.00 ms, found 4 plugins.
Preloading 0 native plugins for Editor in 0.00 ms.
Unloading 16 Unused Serialized files (Serialized files now loaded: 0)
Unloading 6939 unused Assets / (4.5 MB). Loaded Objects now: 8235.
Memory consumption went from 166.3 MB to 161.8 MB.
Total: 25.928800 ms (FindLiveObjects: 1.110800 ms CreateObjectMapping: 0.387500 ms MarkObjects: 21.759500 ms  DeleteObjects: 2.669400 ms)

Prepare: number of updated asset objects reloaded= 0
========================================================================
Received Prepare
Begin MonoManager ReloadAssembly
[Licensing::Client] Successfully resolved entitlement details
- Loaded All Assemblies, in  1.257 seconds
Refreshing native plugins compatible for Editor in 2.89 ms, found 4 plugins.
Native extension for WindowsStandalone target not found
Native extension for WebGL target not found
[Package Manager] Failed to launch server process. Reason: Unity was launched with the -noUpm command-line argument
[Package Manager] Unable to send message (not connected to server process).
[Package Manager] Cannot connect to Unity Package Manager local server
Mono: successfully reloaded assembly
- Finished resetting the current domain, in  1.886 seconds
Domain Reload Profiling: 3147ms
	BeginReloadAssembly (337ms)
		ExecutionOrderSort (0ms)
		DisableScriptedObjects (17ms)
		BackupInstance (0ms)
		ReleaseScriptingObjects (1ms)
		CreateAndSetChildDomain (93ms)
	RebuildCommonClasses (52ms)
	RebuildNativeTypeToScriptingClass (25ms)
	initialDomainReloadingComplete (54ms)
	LoadAllAssembliesAndSetupDomain (792ms)
		LoadAssemblies (700ms)
		RebuildTransferFunctionScriptingTraits (0ms)
		AnalyzeDomain (253ms)
			TypeCache.Refresh (9ms)
				TypeCache.ScanAssembly (0ms)
			BuildScriptInfoCaches (226ms)
			ResolveRequiredComponents (13ms)
	FinalizeReload (1887ms)
		ReleaseScriptCaches (0ms)
		RebuildScriptCaches (0ms)
		SetupLoadedEditorAssemblies (1613ms)
			LogAssemblyErrors (0ms)
			InitializePlatformSupportModulesInManaged (3ms)
			SetLoadedEditorAssemblies (10ms)
			BeforeProcessingInitializeOnLoad (320ms)
			ProcessInitializeOnLoadAttributes (1111ms)
			ProcessInitializeOnLoadMethodAttributes (167ms)
			AfterProcessingInitializeOnLoad (3ms)
			EditorAssembliesLoaded (0ms)
		ExecutionOrderSort2 (0ms)
		AwakeInstancesAfterBackupRestoration (20ms)
Refreshing native plugins compatible for Editor in 2.03 ms, found 4 plugins.
Preloading 0 native plugins for Editor in 0.00 ms.
Unloading 16 Unused Serialized files (Serialized files now loaded: 0)
Unloading 6939 unused Assets / (4.3 MB). Loaded Objects now: 8238.
Memory consumption went from 166.3 MB to 162.0 MB.
Total: 29.137300 ms (FindLiveObjects: 1.123100 ms CreateObjectMapping: 0.407900 ms MarkObjects: 24.685200 ms  DeleteObjects: 2.919600 ms)

Prepare: number of updated asset objects reloaded= 0
========================================================================
Received Prepare
Refreshing native plugins compatible for Editor in 2.01 ms, found 4 plugins.
Preloading 0 native plugins for Editor in 0.00 ms.
Unloading 16 Unused Serialized files (Serialized files now loaded: 0)
Unloading 6929 unused Assets / (4.9 MB). Loaded Objects now: 8238.
Memory consumption went from 166.5 MB to 161.6 MB.
Total: 30.322200 ms (FindLiveObjects: 1.193000 ms CreateObjectMapping: 0.544300 ms MarkObjects: 25.015900 ms  DeleteObjects: 3.567000 ms)

Prepare: number of updated asset objects reloaded= 0
========================================================================
Received Prepare
Begin MonoManager ReloadAssembly
[Licensing::Client] Successfully resolved entitlement details
- Loaded All Assemblies, in  1.216 seconds
Refreshing native plugins compatible for Editor in 2.82 ms, found 4 plugins.
Native extension for WindowsStandalone target not found
Native extension for WebGL target not found
[Package Manager] Failed to launch server process. Reason: Unity was launched with the -noUpm command-line argument
[Package Manager] Unable to send message (not connected to server process).
[Package Manager] Cannot connect to Unity Package Manager local server
Mono: successfully reloaded assembly
- Finished resetting the current domain, in  1.711 seconds
Domain Reload Profiling: 2931ms
	BeginReloadAssembly (362ms)
		ExecutionOrderSort (0ms)
		DisableScriptedObjects (19ms)
		BackupInstance (0ms)
		ReleaseScriptingObjects (1ms)
		CreateAndSetChildDomain (100ms)
	RebuildCommonClasses (44ms)
	RebuildNativeTypeToScriptingClass (17ms)
	initialDomainReloadingComplete (36ms)
	LoadAllAssembliesAndSetupDomain (761ms)
		LoadAssemblies (636ms)
		RebuildTransferFunctionScriptingTraits (0ms)
		AnalyzeDomain (301ms)
			TypeCache.Refresh (14ms)
				TypeCache.ScanAssembly (1ms)
			BuildScriptInfoCaches (263ms)
			ResolveRequiredComponents (17ms)
	FinalizeReload (1712ms)
		ReleaseScriptCaches (0ms)
		RebuildScriptCaches (0ms)
		SetupLoadedEditorAssemblies (1433ms)
			LogAssemblyErrors (0ms)
			InitializePlatformSupportModulesInManaged (3ms)
			SetLoadedEditorAssemblies (9ms)
			BeforeProcessingInitializeOnLoad (308ms)
			ProcessInitializeOnLoadAttributes (955ms)
			ProcessInitializeOnLoadMethodAttributes (154ms)
			AfterProcessingInitializeOnLoad (3ms)
			EditorAssembliesLoaded (1ms)
		ExecutionOrderSort2 (0ms)
		AwakeInstancesAfterBackupRestoration (26ms)
Refreshing native plugins compatible for Editor in 2.83 ms, found 4 plugins.
Preloading 0 native plugins for Editor in 0.00 ms.
Unloading 16 Unused Serialized files (Serialized files now loaded: 0)
Unloading 6939 unused Assets / (4.7 MB). Loaded Objects now: 8241.
Memory consumption went from 166.4 MB to 161.7 MB.
Total: 41.342100 ms (FindLiveObjects: 1.718200 ms CreateObjectMapping: 1.830300 ms MarkObjects: 32.508300 ms  DeleteObjects: 5.283300 ms)

Prepare: number of updated asset objects reloaded= 0
========================================================================
Received Prepare
Refreshing native plugins compatible for Editor in 2.03 ms, found 4 plugins.
Preloading 0 native plugins for Editor in 0.00 ms.
Unloading 16 Unused Serialized files (Serialized files now loaded: 0)
Unloading 6929 unused Assets / (4.3 MB). Loaded Objects now: 8241.
Memory consumption went from 166.5 MB to 162.2 MB.
Total: 26.761300 ms (FindLiveObjects: 1.135900 ms CreateObjectMapping: 0.373600 ms MarkObjects: 22.701800 ms  DeleteObjects: 2.548200 ms)

Prepare: number of updated asset objects reloaded= 0
========================================================================
Received Prepare
Begin MonoManager ReloadAssembly
- Loaded All Assemblies, in  1.193 seconds
Refreshing native plugins compatible for Editor in 1.95 ms, found 4 plugins.
Native extension for WindowsStandalone target not found
Native extension for WebGL target not found
[Package Manager] Failed to launch server process. Reason: Unity was launched with the -noUpm command-line argument
[Package Manager] Unable to send message (not connected to server process).
[Package Manager] Cannot connect to Unity Package Manager local server
Mono: successfully reloaded assembly
- Finished resetting the current domain, in  1.686 seconds
Domain Reload Profiling: 2883ms
	BeginReloadAssembly (371ms)
		ExecutionOrderSort (0ms)
		DisableScriptedObjects (25ms)
		BackupInstance (0ms)
		ReleaseScriptingObjects (0ms)
		CreateAndSetChildDomain (97ms)
	RebuildCommonClasses (46ms)
	RebuildNativeTypeToScriptingClass (17ms)
	initialDomainReloadingComplete (36ms)
	LoadAllAssembliesAndSetupDomain (728ms)
		LoadAssemblies (615ms)
		RebuildTransferFunctionScriptingTraits (0ms)
		AnalyzeDomain (280ms)
			TypeCache.Refresh (12ms)
				TypeCache.ScanAssembly (1ms)
			BuildScriptInfoCaches (248ms)
			ResolveRequiredComponents (14ms)
	FinalizeReload (1687ms)
		ReleaseScriptCaches (0ms)
		RebuildScriptCaches (0ms)
		SetupLoadedEditorAssemblies (1473ms)
			LogAssemblyErrors (0ms)
			InitializePlatformSupportModulesInManaged (2ms)
			SetLoadedEditorAssemblies (7ms)
			BeforeProcessingInitializeOnLoad (361ms)
			ProcessInitializeOnLoadAttributes (946ms)
			ProcessInitializeOnLoadMethodAttributes (154ms)
			AfterProcessingInitializeOnLoad (3ms)
			EditorAssembliesLoaded (0ms)
		ExecutionOrderSort2 (0ms)
		AwakeInstancesAfterBackupRestoration (21ms)
Refreshing native plugins compatible for Editor in 2.87 ms, found 4 plugins.
Preloading 0 native plugins for Editor in 0.00 ms.
Unloading 16 Unused Serialized files (Serialized files now loaded: 0)
Unloading 6939 unused Assets / (4.4 MB). Loaded Objects now: 8244.
Memory consumption went from 166.4 MB to 162.1 MB.
Total: 27.065100 ms (FindLiveObjects: 1.197600 ms CreateObjectMapping: 0.592200 ms MarkObjects: 22.681800 ms  DeleteObjects: 2.591400 ms)

Prepare: number of updated asset objects reloaded= 0
========================================================================
Received Import Request.
  Time since last request: 353.555941 seconds.
  path: Assets/ScriptablesObjects/Quests/00_Test/09_RegisExclamation.asset
  artifactKey: Guid(72b98c646bb27bf44afae16242629191) Importer(815301076,1909f56bfc062723c751e8b465ee728b)
Start importing Assets/ScriptablesObjects/Quests/00_Test/09_RegisExclamation.asset using Guid(72b98c646bb27bf44afae16242629191) Importer(815301076,1909f56bfc062723c751e8b465ee728b) (PreviewImporter) -> (artifact id: '16ae1a69da2b68794d8cc044594680af') in 0.0637041 seconds
Number of updated asset objects reloaded before import = 0Number of asset objects unloaded after import = 1

========================================================================
Received Prepare
Begin MonoManager ReloadAssembly
- Loaded All Assemblies, in  1.187 seconds
Refreshing native plugins compatible for Editor in 2.67 ms, found 4 plugins.
Native extension for WindowsStandalone target not found
Native extension for WebGL target not found
[Package Manager] Failed to launch server process. Reason: Unity was launched with the -noUpm command-line argument
[Package Manager] Unable to send message (not connected to server process).
[Package Manager] Cannot connect to Unity Package Manager local server
Mono: successfully reloaded assembly
- Finished resetting the current domain, in  1.765 seconds
Domain Reload Profiling: 2956ms
	BeginReloadAssembly (351ms)
		ExecutionOrderSort (0ms)
		DisableScriptedObjects (17ms)
		BackupInstance (0ms)
		ReleaseScriptingObjects (1ms)
		CreateAndSetChildDomain (98ms)
	RebuildCommonClasses (48ms)
	RebuildNativeTypeToScriptingClass (20ms)
	initialDomainReloadingComplete (39ms)
	LoadAllAssembliesAndSetupDomain (732ms)
		LoadAssemblies (638ms)
		RebuildTransferFunctionScriptingTraits (0ms)
		AnalyzeDomain (263ms)
			TypeCache.Refresh (9ms)
				TypeCache.ScanAssembly (0ms)
			BuildScriptInfoCaches (233ms)
			ResolveRequiredComponents (14ms)
	FinalizeReload (1766ms)
		ReleaseScriptCaches (0ms)
		RebuildScriptCaches (0ms)
		SetupLoadedEditorAssemblies (1556ms)
			LogAssemblyErrors (0ms)
			InitializePlatformSupportModulesInManaged (2ms)
			SetLoadedEditorAssemblies (8ms)
			BeforeProcessingInitializeOnLoad (312ms)
			ProcessInitializeOnLoadAttributes (1015ms)
			ProcessInitializeOnLoadMethodAttributes (215ms)
			AfterProcessingInitializeOnLoad (3ms)
			EditorAssembliesLoaded (1ms)
		ExecutionOrderSort2 (0ms)
		AwakeInstancesAfterBackupRestoration (25ms)
Refreshing native plugins compatible for Editor in 2.84 ms, found 4 plugins.
Preloading 0 native plugins for Editor in 0.00 ms.
Unloading 16 Unused Serialized files (Serialized files now loaded: 0)
Unloading 6939 unused Assets / (4.2 MB). Loaded Objects now: 8247.
Memory consumption went from 166.5 MB to 162.2 MB.
Total: 29.808100 ms (FindLiveObjects: 1.220400 ms CreateObjectMapping: 0.625400 ms MarkObjects: 24.676900 ms  DeleteObjects: 3.283200 ms)

Prepare: number of updated asset objects reloaded= 0
========================================================================
Received Prepare
Refreshing native plugins compatible for Editor in 2.42 ms, found 4 plugins.
Preloading 0 native plugins for Editor in 0.00 ms.
Unloading 16 Unused Serialized files (Serialized files now loaded: 0)
Unloading 6929 unused Assets / (4.7 MB). Loaded Objects now: 8247.
Memory consumption went from 166.6 MB to 161.9 MB.
Total: 32.564200 ms (FindLiveObjects: 1.462800 ms CreateObjectMapping: 0.628000 ms MarkObjects: 26.287900 ms  DeleteObjects: 4.182900 ms)

Prepare: number of updated asset objects reloaded= 0
========================================================================
Received Prepare
Begin MonoManager ReloadAssembly
[Licensing::Client] Successfully resolved entitlement details
- Loaded All Assemblies, in  1.438 seconds
Refreshing native plugins compatible for Editor in 1.90 ms, found 4 plugins.
Native extension for WindowsStandalone target not found
Native extension for WebGL target not found
[Package Manager] Failed to launch server process. Reason: Unity was launched with the -noUpm command-line argument
[Package Manager] Unable to send message (not connected to server process).
[Package Manager] Cannot connect to Unity Package Manager local server
Mono: successfully reloaded assembly
- Finished resetting the current domain, in  1.712 seconds
Domain Reload Profiling: 3155ms
	BeginReloadAssembly (377ms)
		ExecutionOrderSort (0ms)
		DisableScriptedObjects (19ms)
		BackupInstance (0ms)
		ReleaseScriptingObjects (0ms)
		CreateAndSetChildDomain (101ms)
	RebuildCommonClasses (53ms)
	RebuildNativeTypeToScriptingClass (18ms)
	initialDomainReloadingComplete (48ms)
	LoadAllAssembliesAndSetupDomain (947ms)
		LoadAssemblies (809ms)
		RebuildTransferFunctionScriptingTraits (0ms)
		AnalyzeDomain (323ms)
			TypeCache.Refresh (16ms)
				TypeCache.ScanAssembly (1ms)
			BuildScriptInfoCaches (281ms)
			ResolveRequiredComponents (18ms)
	FinalizeReload (1713ms)
		ReleaseScriptCaches (0ms)
		RebuildScriptCaches (0ms)
		SetupLoadedEditorAssemblies (1507ms)
			LogAssemblyErrors (0ms)
			InitializePlatformSupportModulesInManaged (3ms)
			SetLoadedEditorAssemblies (7ms)
			BeforeProcessingInitializeOnLoad (356ms)
			ProcessInitializeOnLoadAttributes (981ms)
			ProcessInitializeOnLoadMethodAttributes (157ms)
			AfterProcessingInitializeOnLoad (3ms)
			EditorAssembliesLoaded (0ms)
		ExecutionOrderSort2 (0ms)
		AwakeInstancesAfterBackupRestoration (21ms)
Refreshing native plugins compatible for Editor in 2.20 ms, found 4 plugins.
Preloading 0 native plugins for Editor in 0.00 ms.
Unloading 16 Unused Serialized files (Serialized files now loaded: 0)
Unloading 6939 unused Assets / (4.4 MB). Loaded Objects now: 8250.
Memory consumption went from 166.5 MB to 162.1 MB.
Total: 26.377000 ms (FindLiveObjects: 1.182300 ms CreateObjectMapping: 0.999700 ms MarkObjects: 21.612300 ms  DeleteObjects: 2.581200 ms)

Prepare: number of updated asset objects reloaded= 0
========================================================================
Received Prepare
Refreshing native plugins compatible for Editor in 3.16 ms, found 4 plugins.
Preloading 0 native plugins for Editor in 0.00 ms.
Unloading 16 Unused Serialized files (Serialized files now loaded: 0)
Unloading 6929 unused Assets / (4.7 MB). Loaded Objects now: 8250.
Memory consumption went from 166.7 MB to 162.0 MB.
Total: 39.796600 ms (FindLiveObjects: 1.269000 ms CreateObjectMapping: 0.393900 ms MarkObjects: 33.085100 ms  DeleteObjects: 5.046400 ms)

Prepare: number of updated asset objects reloaded= 0
========================================================================
Received Prepare
Begin MonoManager ReloadAssembly
- Loaded All Assemblies, in  1.195 seconds
Refreshing native plugins compatible for Editor in 1.94 ms, found 4 plugins.
Native extension for WindowsStandalone target not found
Native extension for WebGL target not found
[Package Manager] Failed to launch server process. Reason: Unity was launched with the -noUpm command-line argument
[Package Manager] Unable to send message (not connected to server process).
[Package Manager] Cannot connect to Unity Package Manager local server
Mono: successfully reloaded assembly
- Finished resetting the current domain, in  1.689 seconds
Domain Reload Profiling: 2890ms
	BeginReloadAssembly (345ms)
		ExecutionOrderSort (0ms)
		DisableScriptedObjects (21ms)
		BackupInstance (0ms)
		ReleaseScriptingObjects (0ms)
		CreateAndSetChildDomain (85ms)
	RebuildCommonClasses (45ms)
	RebuildNativeTypeToScriptingClass (16ms)
	initialDomainReloadingComplete (38ms)
	LoadAllAssembliesAndSetupDomain (756ms)
		LoadAssemblies (628ms)
		RebuildTransferFunctionScriptingTraits (0ms)
		AnalyzeDomain (297ms)
			TypeCache.Refresh (15ms)
				TypeCache.ScanAssembly (1ms)
			BuildScriptInfoCaches (258ms)
			ResolveRequiredComponents (17ms)
	FinalizeReload (1689ms)
		ReleaseScriptCaches (0ms)
		RebuildScriptCaches (0ms)
		SetupLoadedEditorAssemblies (1463ms)
			LogAssemblyErrors (0ms)
			InitializePlatformSupportModulesInManaged (2ms)
			SetLoadedEditorAssemblies (9ms)
			BeforeProcessingInitializeOnLoad (340ms)
			ProcessInitializeOnLoadAttributes (946ms)
			ProcessInitializeOnLoadMethodAttributes (162ms)
			AfterProcessingInitializeOnLoad (4ms)
			EditorAssembliesLoaded (1ms)
		ExecutionOrderSort2 (0ms)
		AwakeInstancesAfterBackupRestoration (27ms)
Refreshing native plugins compatible for Editor in 2.85 ms, found 4 plugins.
Preloading 0 native plugins for Editor in 0.00 ms.
Unloading 16 Unused Serialized files (Serialized files now loaded: 0)
Unloading 6939 unused Assets / (4.1 MB). Loaded Objects now: 8253.
Memory consumption went from 166.6 MB to 162.4 MB.
Total: 33.421200 ms (FindLiveObjects: 1.217400 ms CreateObjectMapping: 0.497100 ms MarkObjects: 28.089600 ms  DeleteObjects: 3.614900 ms)

Prepare: number of updated asset objects reloaded= 0
========================================================================
Received Prepare
Refreshing native plugins compatible for Editor in 5.49 ms, found 4 plugins.
Preloading 0 native plugins for Editor in 0.00 ms.
Unloading 16 Unused Serialized files (Serialized files now loaded: 0)
Unloading 6929 unused Assets / (4.2 MB). Loaded Objects now: 8253.
Memory consumption went from 166.7 MB to 162.5 MB.
Total: 33.582300 ms (FindLiveObjects: 1.488300 ms CreateObjectMapping: 0.918100 ms MarkObjects: 27.964000 ms  DeleteObjects: 3.209700 ms)

Prepare: number of updated asset objects reloaded= 0
========================================================================
Received Prepare
Begin MonoManager ReloadAssembly
- Loaded All Assemblies, in  1.369 seconds
Refreshing native plugins compatible for Editor in 2.04 ms, found 4 plugins.
Native extension for WindowsStandalone target not found
Native extension for WebGL target not found
[Package Manager] Failed to launch server process. Reason: Unity was launched with the -noUpm command-line argument
[Package Manager] Unable to send message (not connected to server process).
[Package Manager] Cannot connect to Unity Package Manager local server
Mono: successfully reloaded assembly
- Finished resetting the current domain, in  1.714 seconds
Domain Reload Profiling: 3086ms
	BeginReloadAssembly (332ms)
		ExecutionOrderSort (0ms)
		DisableScriptedObjects (18ms)
		BackupInstance (0ms)
		ReleaseScriptingObjects (0ms)
		CreateAndSetChildDomain (86ms)
	RebuildCommonClasses (48ms)
	RebuildNativeTypeToScriptingClass (17ms)
	initialDomainReloadingComplete (47ms)
	LoadAllAssembliesAndSetupDomain (928ms)
		LoadAssemblies (735ms)
		RebuildTransferFunctionScriptingTraits (0ms)
		AnalyzeDomain (358ms)
			TypeCache.Refresh (14ms)
				TypeCache.ScanAssembly (1ms)
			BuildScriptInfoCaches (324ms)
			ResolveRequiredComponents (13ms)
	FinalizeReload (1714ms)
		ReleaseScriptCaches (0ms)
		RebuildScriptCaches (0ms)
		SetupLoadedEditorAssemblies (1504ms)
			LogAssemblyErrors (0ms)
			InitializePlatformSupportModulesInManaged (2ms)
			SetLoadedEditorAssemblies (8ms)
			BeforeProcessingInitializeOnLoad (311ms)
			ProcessInitializeOnLoadAttributes (1020ms)
			ProcessInitializeOnLoadMethodAttributes (158ms)
			AfterProcessingInitializeOnLoad (3ms)
			EditorAssembliesLoaded (0ms)
		ExecutionOrderSort2 (0ms)
		AwakeInstancesAfterBackupRestoration (20ms)
Refreshing native plugins compatible for Editor in 1.93 ms, found 4 plugins.
Preloading 0 native plugins for Editor in 0.00 ms.
Unloading 16 Unused Serialized files (Serialized files now loaded: 0)
Unloading 6939 unused Assets / (4.4 MB). Loaded Objects now: 8256.
Memory consumption went from 166.6 MB to 162.2 MB.
Total: 28.104800 ms (FindLiveObjects: 1.107700 ms CreateObjectMapping: 0.371700 ms MarkObjects: 24.031700 ms  DeleteObjects: 2.591700 ms)

Prepare: number of updated asset objects reloaded= 0
========================================================================
Received Prepare
Refreshing native plugins compatible for Editor in 2.19 ms, found 4 plugins.
Preloading 0 native plugins for Editor in 0.00 ms.
Unloading 16 Unused Serialized files (Serialized files now loaded: 0)
Unloading 6929 unused Assets / (4.1 MB). Loaded Objects now: 8256.
Memory consumption went from 166.8 MB to 162.6 MB.
Total: 29.911100 ms (FindLiveObjects: 1.117300 ms CreateObjectMapping: 0.363200 ms MarkObjects: 25.136100 ms  DeleteObjects: 3.292600 ms)

Prepare: number of updated asset objects reloaded= 0
========================================================================
Received Prepare
Refreshing native plugins compatible for Editor in 5.01 ms, found 4 plugins.
Preloading 0 native plugins for Editor in 0.00 ms.
Unloading 16 Unused Serialized files (Serialized files now loaded: 0)
Unloading 6929 unused Assets / (4.4 MB). Loaded Objects now: 8256.
Memory consumption went from 166.8 MB to 162.4 MB.
Total: 68.892900 ms (FindLiveObjects: 2.576500 ms CreateObjectMapping: 0.721700 ms MarkObjects: 49.478900 ms  DeleteObjects: 16.114000 ms)

Prepare: number of updated asset objects reloaded= 0
========================================================================
Received Prepare
Begin MonoManager ReloadAssembly
[Licensing::Client] Successfully resolved entitlement details
- Loaded All Assemblies, in  1.428 seconds
Refreshing native plugins compatible for Editor in 2.25 ms, found 4 plugins.
Native extension for WindowsStandalone target not found
Native extension for WebGL target not found
[Package Manager] Failed to launch server process. Reason: Unity was launched with the -noUpm command-line argument
[Package Manager] Unable to send message (not connected to server process).
[Package Manager] Cannot connect to Unity Package Manager local server
Mono: successfully reloaded assembly
- Finished resetting the current domain, in  1.707 seconds
Domain Reload Profiling: 3140ms
	BeginReloadAssembly (395ms)
		ExecutionOrderSort (0ms)
		DisableScriptedObjects (20ms)
		BackupInstance (0ms)
		ReleaseScriptingObjects (0ms)
		CreateAndSetChildDomain (97ms)
	RebuildCommonClasses (49ms)
	RebuildNativeTypeToScriptingClass (19ms)
	initialDomainReloadingComplete (38ms)
	LoadAllAssembliesAndSetupDomain (933ms)
		LoadAssemblies (738ms)
		RebuildTransferFunctionScriptingTraits (0ms)
		AnalyzeDomain (373ms)
			TypeCache.Refresh (20ms)
				TypeCache.ScanAssembly (3ms)
			BuildScriptInfoCaches (333ms)
			ResolveRequiredComponents (13ms)
	FinalizeReload (1708ms)
		ReleaseScriptCaches (0ms)
		RebuildScriptCaches (0ms)
		SetupLoadedEditorAssemblies (1497ms)
			LogAssemblyErrors (0ms)
			InitializePlatformSupportModulesInManaged (3ms)
			SetLoadedEditorAssemblies (8ms)
			BeforeProcessingInitializeOnLoad (304ms)
			ProcessInitializeOnLoadAttributes (1044ms)
			ProcessInitializeOnLoadMethodAttributes (133ms)
			AfterProcessingInitializeOnLoad (4ms)
			EditorAssembliesLoaded (1ms)
		ExecutionOrderSort2 (0ms)
		AwakeInstancesAfterBackupRestoration (23ms)
Refreshing native plugins compatible for Editor in 1.96 ms, found 4 plugins.
Preloading 0 native plugins for Editor in 0.00 ms.
Unloading 16 Unused Serialized files (Serialized files now loaded: 0)
Unloading 6939 unused Assets / (4.4 MB). Loaded Objects now: 8259.
Memory consumption went from 166.6 MB to 162.3 MB.
Total: 28.067800 ms (FindLiveObjects: 1.171100 ms CreateObjectMapping: 0.386500 ms MarkObjects: 23.919200 ms  DeleteObjects: 2.589300 ms)

Prepare: number of updated asset objects reloaded= 0
========================================================================
Received Prepare
Refreshing native plugins compatible for Editor in 2.18 ms, found 4 plugins.
Preloading 0 native plugins for Editor in 0.00 ms.
Unloading 16 Unused Serialized files (Serialized files now loaded: 0)
Unloading 6929 unused Assets / (4.6 MB). Loaded Objects now: 8259.
Memory consumption went from 166.8 MB to 162.2 MB.
Total: 32.205100 ms (FindLiveObjects: 1.627100 ms CreateObjectMapping: 0.720100 ms MarkObjects: 25.414900 ms  DeleteObjects: 4.441000 ms)

Prepare: number of updated asset objects reloaded= 0
========================================================================
Received Prepare
Begin MonoManager ReloadAssembly
[Licensing::Client] Successfully resolved entitlement details
- Loaded All Assemblies, in  1.209 seconds
Refreshing native plugins compatible for Editor in 2.80 ms, found 4 plugins.
Native extension for WindowsStandalone target not found
Native extension for WebGL target not found
[Package Manager] Failed to launch server process. Reason: Unity was launched with the -noUpm command-line argument
[Package Manager] Unable to send message (not connected to server process).
[Package Manager] Cannot connect to Unity Package Manager local server
Mono: successfully reloaded assembly
- Finished resetting the current domain, in  1.689 seconds
Domain Reload Profiling: 2902ms
	BeginReloadAssembly (342ms)
		ExecutionOrderSort (0ms)
		DisableScriptedObjects (25ms)
		BackupInstance (0ms)
		ReleaseScriptingObjects (0ms)
		CreateAndSetChildDomain (84ms)
	RebuildCommonClasses (49ms)
	RebuildNativeTypeToScriptingClass (17ms)
	initialDomainReloadingComplete (42ms)
	LoadAllAssembliesAndSetupDomain (763ms)
		LoadAssemblies (650ms)
		RebuildTransferFunctionScriptingTraits (0ms)
		AnalyzeDomain (278ms)
			TypeCache.Refresh (14ms)
				TypeCache.ScanAssembly (1ms)
			BuildScriptInfoCaches (245ms)
			ResolveRequiredComponents (13ms)
	FinalizeReload (1689ms)
		ReleaseScriptCaches (0ms)
		RebuildScriptCaches (0ms)
		SetupLoadedEditorAssemblies (1411ms)
			LogAssemblyErrors (0ms)
			InitializePlatformSupportModulesInManaged (4ms)
			SetLoadedEditorAssemblies (9ms)
			BeforeProcessingInitializeOnLoad (308ms)
			ProcessInitializeOnLoadAttributes (940ms)
			ProcessInitializeOnLoadMethodAttributes (147ms)
			AfterProcessingInitializeOnLoad (3ms)
			EditorAssembliesLoaded (0ms)
		ExecutionOrderSort2 (0ms)
		AwakeInstancesAfterBackupRestoration (24ms)
Refreshing native plugins compatible for Editor in 2.48 ms, found 4 plugins.
Preloading 0 native plugins for Editor in 0.00 ms.
Unloading 16 Unused Serialized files (Serialized files now loaded: 0)
Unloading 6939 unused Assets / (4.6 MB). Loaded Objects now: 8262.
Memory consumption went from 166.7 MB to 162.1 MB.
Total: 27.881200 ms (FindLiveObjects: 1.195800 ms CreateObjectMapping: 0.542800 ms MarkObjects: 23.016100 ms  DeleteObjects: 3.124200 ms)

Prepare: number of updated asset objects reloaded= 0
========================================================================
Received Prepare
Refreshing native plugins compatible for Editor in 3.35 ms, found 4 plugins.
Preloading 0 native plugins for Editor in 0.00 ms.
Unloading 16 Unused Serialized files (Serialized files now loaded: 0)
Unloading 6929 unused Assets / (4.5 MB). Loaded Objects now: 8262.
Memory consumption went from 166.8 MB to 162.3 MB.
Total: 40.703800 ms (FindLiveObjects: 1.899500 ms CreateObjectMapping: 2.197800 ms MarkObjects: 32.803000 ms  DeleteObjects: 3.801200 ms)

Prepare: number of updated asset objects reloaded= 0
========================================================================
Received Prepare
Begin MonoManager ReloadAssembly
- Loaded All Assemblies, in  1.221 seconds
Refreshing native plugins compatible for Editor in 2.33 ms, found 4 plugins.
Native extension for WindowsStandalone target not found
Native extension for WebGL target not found
[Package Manager] Failed to launch server process. Reason: Unity was launched with the -noUpm command-line argument
[Package Manager] Unable to send message (not connected to server process).
[Package Manager] Cannot connect to Unity Package Manager local server
Mono: successfully reloaded assembly
- Finished resetting the current domain, in  2.060 seconds
Domain Reload Profiling: 3286ms
	BeginReloadAssembly (339ms)
		ExecutionOrderSort (0ms)
		DisableScriptedObjects (17ms)
		BackupInstance (0ms)
		ReleaseScriptingObjects (0ms)
		CreateAndSetChildDomain (93ms)
	RebuildCommonClasses (53ms)
	RebuildNativeTypeToScriptingClass (20ms)
	initialDomainReloadingComplete (38ms)
	LoadAllAssembliesAndSetupDomain (776ms)
		LoadAssemblies (662ms)
		RebuildTransferFunctionScriptingTraits (0ms)
		AnalyzeDomain (275ms)
			TypeCache.Refresh (13ms)
				TypeCache.ScanAssembly (1ms)
			BuildScriptInfoCaches (243ms)
			ResolveRequiredComponents (13ms)
	FinalizeReload (2060ms)
		ReleaseScriptCaches (0ms)
		RebuildScriptCaches (0ms)
		SetupLoadedEditorAssemblies (1812ms)
			LogAssemblyErrors (0ms)
			InitializePlatformSupportModulesInManaged (4ms)
			SetLoadedEditorAssemblies (8ms)
			BeforeProcessingInitializeOnLoad (308ms)
			ProcessInitializeOnLoadAttributes (1256ms)
			ProcessInitializeOnLoadMethodAttributes (231ms)
			AfterProcessingInitializeOnLoad (4ms)
			EditorAssembliesLoaded (1ms)
		ExecutionOrderSort2 (0ms)
		AwakeInstancesAfterBackupRestoration (33ms)
Refreshing native plugins compatible for Editor in 2.11 ms, found 4 plugins.
Preloading 0 native plugins for Editor in 0.00 ms.
Unloading 16 Unused Serialized files (Serialized files now loaded: 0)
Unloading 6939 unused Assets / (4.3 MB). Loaded Objects now: 8265.
Memory consumption went from 166.7 MB to 162.5 MB.
Total: 28.839900 ms (FindLiveObjects: 1.161900 ms CreateObjectMapping: 0.393000 ms MarkObjects: 24.112500 ms  DeleteObjects: 3.170800 ms)

Prepare: number of updated asset objects reloaded= 0
========================================================================
Received Prepare
Refreshing native plugins compatible for Editor in 2.37 ms, found 4 plugins.
Preloading 0 native plugins for Editor in 0.00 ms.
Unloading 16 Unused Serialized files (Serialized files now loaded: 0)
Unloading 6929 unused Assets / (4.4 MB). Loaded Objects now: 8265.
Memory consumption went from 166.9 MB to 162.5 MB.
Total: 34.358500 ms (FindLiveObjects: 1.567100 ms CreateObjectMapping: 0.600900 ms MarkObjects: 28.579800 ms  DeleteObjects: 3.608300 ms)

Prepare: number of updated asset objects reloaded= 0
========================================================================
Received Prepare
Begin MonoManager ReloadAssembly
- Loaded All Assemblies, in  1.244 seconds
Refreshing native plugins compatible for Editor in 2.61 ms, found 4 plugins.
Native extension for WindowsStandalone target not found
Native extension for WebGL target not found
[Package Manager] Failed to launch server process. Reason: Unity was launched with the -noUpm command-line argument
[Package Manager] Unable to send message (not connected to server process).
[Package Manager] Cannot connect to Unity Package Manager local server
Mono: successfully reloaded assembly
- Finished resetting the current domain, in  1.723 seconds
Domain Reload Profiling: 2972ms
	BeginReloadAssembly (379ms)
		ExecutionOrderSort (0ms)
		DisableScriptedObjects (19ms)
		BackupInstance (0ms)
		ReleaseScriptingObjects (0ms)
		CreateAndSetChildDomain (107ms)
	RebuildCommonClasses (51ms)
	RebuildNativeTypeToScriptingClass (18ms)
	initialDomainReloadingComplete (46ms)
	LoadAllAssembliesAndSetupDomain (754ms)
		LoadAssemblies (657ms)
		RebuildTransferFunctionScriptingTraits (0ms)
		AnalyzeDomain (280ms)
			TypeCache.Refresh (13ms)
				TypeCache.ScanAssembly (1ms)
			BuildScriptInfoCaches (247ms)
			ResolveRequiredComponents (13ms)
	FinalizeReload (1724ms)
		ReleaseScriptCaches (0ms)
		RebuildScriptCaches (0ms)
		SetupLoadedEditorAssemblies (1495ms)
			LogAssemblyErrors (0ms)
			InitializePlatformSupportModulesInManaged (2ms)
			SetLoadedEditorAssemblies (8ms)
			BeforeProcessingInitializeOnLoad (314ms)
			ProcessInitializeOnLoadAttributes (1006ms)
			ProcessInitializeOnLoadMethodAttributes (159ms)
			AfterProcessingInitializeOnLoad (4ms)
			EditorAssembliesLoaded (1ms)
		ExecutionOrderSort2 (0ms)
		AwakeInstancesAfterBackupRestoration (22ms)
Refreshing native plugins compatible for Editor in 2.38 ms, found 4 plugins.
Preloading 0 native plugins for Editor in 0.00 ms.
Unloading 16 Unused Serialized files (Serialized files now loaded: 0)
Unloading 6939 unused Assets / (4.4 MB). Loaded Objects now: 8268.
Memory consumption went from 166.8 MB to 162.4 MB.
Total: 31.179200 ms (FindLiveObjects: 1.195400 ms CreateObjectMapping: 0.402500 ms MarkObjects: 26.048600 ms  DeleteObjects: 3.530400 ms)

Prepare: number of updated asset objects reloaded= 0
========================================================================
Received Prepare
Refreshing native plugins compatible for Editor in 2.07 ms, found 4 plugins.
Preloading 0 native plugins for Editor in 0.00 ms.
Unloading 16 Unused Serialized files (Serialized files now loaded: 0)
Unloading 6929 unused Assets / (4.4 MB). Loaded Objects now: 8268.
Memory consumption went from 166.9 MB to 162.6 MB.
Total: 27.840400 ms (FindLiveObjects: 1.229500 ms CreateObjectMapping: 0.410000 ms MarkObjects: 22.771400 ms  DeleteObjects: 3.426900 ms)

Prepare: number of updated asset objects reloaded= 0
========================================================================
Received Prepare
Begin MonoManager ReloadAssembly
[Licensing::Client] Successfully resolved entitlement details
- Loaded All Assemblies, in  1.201 seconds
Refreshing native plugins compatible for Editor in 2.18 ms, found 4 plugins.
Native extension for WindowsStandalone target not found
Native extension for WebGL target not found
[Package Manager] Failed to launch server process. Reason: Unity was launched with the -noUpm command-line argument
[Package Manager] Unable to send message (not connected to server process).
[Package Manager] Cannot connect to Unity Package Manager local server
Mono: successfully reloaded assembly
- Finished resetting the current domain, in  1.749 seconds
Domain Reload Profiling: 2954ms
	BeginReloadAssembly (335ms)
		ExecutionOrderSort (0ms)
		DisableScriptedObjects (18ms)
		BackupInstance (0ms)
		ReleaseScriptingObjects (0ms)
		CreateAndSetChildDomain (85ms)
	RebuildCommonClasses (44ms)
	RebuildNativeTypeToScriptingClass (17ms)
	initialDomainReloadingComplete (36ms)
	LoadAllAssembliesAndSetupDomain (773ms)
		LoadAssemblies (669ms)
		RebuildTransferFunctionScriptingTraits (0ms)
		AnalyzeDomain (271ms)
			TypeCache.Refresh (13ms)
				TypeCache.ScanAssembly (1ms)
			BuildScriptInfoCaches (237ms)
			ResolveRequiredComponents (16ms)
	FinalizeReload (1750ms)
		ReleaseScriptCaches (0ms)
		RebuildScriptCaches (0ms)
		SetupLoadedEditorAssemblies (1502ms)
			LogAssemblyErrors (0ms)
			InitializePlatformSupportModulesInManaged (4ms)
			SetLoadedEditorAssemblies (9ms)
			BeforeProcessingInitializeOnLoad (303ms)
			ProcessInitializeOnLoadAttributes (993ms)
			ProcessInitializeOnLoadMethodAttributes (190ms)
			AfterProcessingInitializeOnLoad (3ms)
			EditorAssembliesLoaded (0ms)
		ExecutionOrderSort2 (0ms)
		AwakeInstancesAfterBackupRestoration (23ms)
Refreshing native plugins compatible for Editor in 2.05 ms, found 4 plugins.
Preloading 0 native plugins for Editor in 0.00 ms.
Unloading 16 Unused Serialized files (Serialized files now loaded: 0)
Unloading 6939 unused Assets / (4.3 MB). Loaded Objects now: 8271.
Memory consumption went from 166.8 MB to 162.6 MB.
Total: 28.307200 ms (FindLiveObjects: 1.142900 ms CreateObjectMapping: 0.393800 ms MarkObjects: 24.331400 ms  DeleteObjects: 2.437400 ms)

Prepare: number of updated asset objects reloaded= 0
========================================================================
Received Prepare
Refreshing native plugins compatible for Editor in 2.65 ms, found 4 plugins.
Preloading 0 native plugins for Editor in 0.00 ms.
Unloading 16 Unused Serialized files (Serialized files now loaded: 0)
Unloading 6929 unused Assets / (5.0 MB). Loaded Objects now: 8271.
Memory consumption went from 167.0 MB to 162.0 MB.
Total: 29.585100 ms (FindLiveObjects: 1.223100 ms CreateObjectMapping: 0.409300 ms MarkObjects: 23.417400 ms  DeleteObjects: 4.533300 ms)

Prepare: number of updated asset objects reloaded= 0
========================================================================
Received Prepare
Refreshing native plugins compatible for Editor in 3.42 ms, found 4 plugins.
Preloading 0 native plugins for Editor in 0.00 ms.
Unloading 16 Unused Serialized files (Serialized files now loaded: 0)
Unloading 6929 unused Assets / (4.3 MB). Loaded Objects now: 8271.
Memory consumption went from 167.0 MB to 162.6 MB.
Total: 32.955600 ms (FindLiveObjects: 1.295000 ms CreateObjectMapping: 0.538700 ms MarkObjects: 28.451300 ms  DeleteObjects: 2.668300 ms)

Prepare: number of updated asset objects reloaded= 0
========================================================================
Received Prepare
Refreshing native plugins compatible for Editor in 2.91 ms, found 4 plugins.
Preloading 0 native plugins for Editor in 0.00 ms.
Unloading 16 Unused Serialized files (Serialized files now loaded: 0)
Unloading 6929 unused Assets / (4.4 MB). Loaded Objects now: 8271.
Memory consumption went from 167.0 MB to 162.6 MB.
Total: 38.818400 ms (FindLiveObjects: 1.747000 ms CreateObjectMapping: 1.226000 ms MarkObjects: 31.997000 ms  DeleteObjects: 3.845600 ms)

Prepare: number of updated asset objects reloaded= 0
========================================================================
Received Prepare
Begin MonoManager ReloadAssembly
[Licensing::Client] Successfully resolved entitlement details
- Loaded All Assemblies, in  1.520 seconds
Refreshing native plugins compatible for Editor in 2.77 ms, found 4 plugins.
Native extension for WindowsStandalone target not found
Native extension for WebGL target not found
[Package Manager] Failed to launch server process. Reason: Unity was launched with the -noUpm command-line argument
[Package Manager] Unable to send message (not connected to server process).
[Package Manager] Cannot connect to Unity Package Manager local server
Mono: successfully reloaded assembly
- Finished resetting the current domain, in  1.803 seconds
Domain Reload Profiling: 3326ms
	BeginReloadAssembly (353ms)
		ExecutionOrderSort (0ms)
		DisableScriptedObjects (17ms)
		BackupInstance (0ms)
		ReleaseScriptingObjects (0ms)
		CreateAndSetChildDomain (91ms)
	RebuildCommonClasses (48ms)
	RebuildNativeTypeToScriptingClass (21ms)
	initialDomainReloadingComplete (46ms)
	LoadAllAssembliesAndSetupDomain (1055ms)
		LoadAssemblies (832ms)
		RebuildTransferFunctionScriptingTraits (0ms)
		AnalyzeDomain (397ms)
			TypeCache.Refresh (15ms)
				TypeCache.ScanAssembly (1ms)
			BuildScriptInfoCaches (363ms)
			ResolveRequiredComponents (14ms)
	FinalizeReload (1803ms)
		ReleaseScriptCaches (0ms)
		RebuildScriptCaches (0ms)
		SetupLoadedEditorAssemblies (1571ms)
			LogAssemblyErrors (0ms)
			InitializePlatformSupportModulesInManaged (3ms)
			SetLoadedEditorAssemblies (9ms)
			BeforeProcessingInitializeOnLoad (327ms)
			ProcessInitializeOnLoadAttributes (1053ms)
			ProcessInitializeOnLoadMethodAttributes (175ms)
			AfterProcessingInitializeOnLoad (3ms)
			EditorAssembliesLoaded (1ms)
		ExecutionOrderSort2 (0ms)
		AwakeInstancesAfterBackupRestoration (25ms)
Refreshing native plugins compatible for Editor in 2.51 ms, found 4 plugins.
Preloading 0 native plugins for Editor in 0.00 ms.
Unloading 16 Unused Serialized files (Serialized files now loaded: 0)
Unloading 6939 unused Assets / (4.7 MB). Loaded Objects now: 8274.
Memory consumption went from 166.9 MB to 162.2 MB.
Total: 31.570000 ms (FindLiveObjects: 1.515200 ms CreateObjectMapping: 0.459000 ms MarkObjects: 25.764800 ms  DeleteObjects: 3.828500 ms)

Prepare: number of updated asset objects reloaded= 0
========================================================================
Received Prepare
Begin MonoManager ReloadAssembly
- Loaded All Assemblies, in  1.171 seconds
Refreshing native plugins compatible for Editor in 2.07 ms, found 4 plugins.
Native extension for WindowsStandalone target not found
Native extension for WebGL target not found
[Package Manager] Failed to launch server process. Reason: Unity was launched with the -noUpm command-line argument
[Package Manager] Unable to send message (not connected to server process).
[Package Manager] Cannot connect to Unity Package Manager local server
Mono: successfully reloaded assembly
- Finished resetting the current domain, in  1.698 seconds
Domain Reload Profiling: 2874ms
	BeginReloadAssembly (333ms)
		ExecutionOrderSort (0ms)
		DisableScriptedObjects (17ms)
		BackupInstance (0ms)
		ReleaseScriptingObjects (1ms)
		CreateAndSetChildDomain (85ms)
	RebuildCommonClasses (45ms)
	RebuildNativeTypeToScriptingClass (18ms)
	initialDomainReloadingComplete (37ms)
	LoadAllAssembliesAndSetupDomain (743ms)
		LoadAssemblies (630ms)
		RebuildTransferFunctionScriptingTraits (0ms)
		AnalyzeDomain (280ms)
			TypeCache.Refresh (9ms)
				TypeCache.ScanAssembly (0ms)
			BuildScriptInfoCaches (251ms)
			ResolveRequiredComponents (13ms)
	FinalizeReload (1699ms)
		ReleaseScriptCaches (0ms)
		RebuildScriptCaches (0ms)
		SetupLoadedEditorAssemblies (1475ms)
			LogAssemblyErrors (0ms)
			InitializePlatformSupportModulesInManaged (2ms)
			SetLoadedEditorAssemblies (8ms)
			BeforeProcessingInitializeOnLoad (308ms)
			ProcessInitializeOnLoadAttributes (978ms)
			ProcessInitializeOnLoadMethodAttributes (173ms)
			AfterProcessingInitializeOnLoad (5ms)
			EditorAssembliesLoaded (1ms)
		ExecutionOrderSort2 (0ms)
		AwakeInstancesAfterBackupRestoration (28ms)
Refreshing native plugins compatible for Editor in 2.18 ms, found 4 plugins.
Preloading 0 native plugins for Editor in 0.00 ms.
Unloading 16 Unused Serialized files (Serialized files now loaded: 0)
Unloading 6939 unused Assets / (4.6 MB). Loaded Objects now: 8277.
Memory consumption went from 166.9 MB to 162.3 MB.
Total: 30.542400 ms (FindLiveObjects: 1.401400 ms CreateObjectMapping: 0.416600 ms MarkObjects: 25.396600 ms  DeleteObjects: 3.325800 ms)

Prepare: number of updated asset objects reloaded= 0
========================================================================
Received Prepare
Refreshing native plugins compatible for Editor in 2.07 ms, found 4 plugins.
Preloading 0 native plugins for Editor in 0.00 ms.
Unloading 16 Unused Serialized files (Serialized files now loaded: 0)
Unloading 6929 unused Assets / (4.5 MB). Loaded Objects now: 8277.
Memory consumption went from 167.1 MB to 162.6 MB.
Total: 30.596300 ms (FindLiveObjects: 1.167200 ms CreateObjectMapping: 0.402100 ms MarkObjects: 25.110000 ms  DeleteObjects: 3.915000 ms)

Prepare: number of updated asset objects reloaded= 0
========================================================================
Received Prepare
Begin MonoManager ReloadAssembly
[Licensing::Client] Successfully resolved entitlement details
- Loaded All Assemblies, in  1.292 seconds
Refreshing native plugins compatible for Editor in 2.77 ms, found 4 plugins.
Native extension for WindowsStandalone target not found
Native extension for WebGL target not found
[Package Manager] Failed to launch server process. Reason: Unity was launched with the -noUpm command-line argument
[Package Manager] Unable to send message (not connected to server process).
[Package Manager] Cannot connect to Unity Package Manager local server
Mono: successfully reloaded assembly
- Finished resetting the current domain, in  1.892 seconds
Domain Reload Profiling: 3187ms
	BeginReloadAssembly (371ms)
		ExecutionOrderSort (0ms)
		DisableScriptedObjects (18ms)
		BackupInstance (0ms)
		ReleaseScriptingObjects (0ms)
		CreateAndSetChildDomain (97ms)
	RebuildCommonClasses (49ms)
	RebuildNativeTypeToScriptingClass (18ms)
	initialDomainReloadingComplete (39ms)
	LoadAllAssembliesAndSetupDomain (818ms)
		LoadAssemblies (725ms)
		RebuildTransferFunctionScriptingTraits (0ms)
		AnalyzeDomain (281ms)
			TypeCache.Refresh (14ms)
				TypeCache.ScanAssembly (1ms)
			BuildScriptInfoCaches (247ms)
			ResolveRequiredComponents (14ms)
	FinalizeReload (1892ms)
		ReleaseScriptCaches (0ms)
		RebuildScriptCaches (0ms)
		SetupLoadedEditorAssemblies (1680ms)
			LogAssemblyErrors (0ms)
			InitializePlatformSupportModulesInManaged (3ms)
			SetLoadedEditorAssemblies (10ms)
			BeforeProcessingInitializeOnLoad (373ms)
			ProcessInitializeOnLoadAttributes (1139ms)
			ProcessInitializeOnLoadMethodAttributes (152ms)
			AfterProcessingInitializeOnLoad (3ms)
			EditorAssembliesLoaded (0ms)
		ExecutionOrderSort2 (0ms)
		AwakeInstancesAfterBackupRestoration (20ms)
Refreshing native plugins compatible for Editor in 2.06 ms, found 4 plugins.
Preloading 0 native plugins for Editor in 0.00 ms.
Unloading 16 Unused Serialized files (Serialized files now loaded: 0)
Unloading 6939 unused Assets / (4.3 MB). Loaded Objects now: 8280.
Memory consumption went from 167.0 MB to 162.7 MB.
Total: 29.184700 ms (FindLiveObjects: 1.188600 ms CreateObjectMapping: 0.396500 ms MarkObjects: 24.770500 ms  DeleteObjects: 2.827100 ms)

Prepare: number of updated asset objects reloaded= 0
========================================================================
Received Prepare
Begin MonoManager ReloadAssembly
- Loaded All Assemblies, in  1.227 seconds
Refreshing native plugins compatible for Editor in 2.60 ms, found 4 plugins.
Native extension for WindowsStandalone target not found
Native extension for WebGL target not found
[Package Manager] Failed to launch server process. Reason: Unity was launched with the -noUpm command-line argument
[Package Manager] Unable to send message (not connected to server process).
[Package Manager] Cannot connect to Unity Package Manager local server
Mono: successfully reloaded assembly
- Finished resetting the current domain, in  2.112 seconds
Domain Reload Profiling: 3344ms
	BeginReloadAssembly (380ms)
		ExecutionOrderSort (0ms)
		DisableScriptedObjects (17ms)
		BackupInstance (0ms)
		ReleaseScriptingObjects (1ms)
		CreateAndSetChildDomain (95ms)
	RebuildCommonClasses (47ms)
	RebuildNativeTypeToScriptingClass (18ms)
	initialDomainReloadingComplete (37ms)
	LoadAllAssembliesAndSetupDomain (750ms)
		LoadAssemblies (679ms)
		RebuildTransferFunctionScriptingTraits (0ms)
		AnalyzeDomain (275ms)
			TypeCache.Refresh (11ms)
				TypeCache.ScanAssembly (0ms)
			BuildScriptInfoCaches (244ms)
			ResolveRequiredComponents (14ms)
	FinalizeReload (2113ms)
		ReleaseScriptCaches (0ms)
		RebuildScriptCaches (0ms)
		SetupLoadedEditorAssemblies (1888ms)
			LogAssemblyErrors (0ms)
			InitializePlatformSupportModulesInManaged (2ms)
			SetLoadedEditorAssemblies (8ms)
			BeforeProcessingInitializeOnLoad (497ms)
			ProcessInitializeOnLoadAttributes (1184ms)
			ProcessInitializeOnLoadMethodAttributes (193ms)
			AfterProcessingInitializeOnLoad (4ms)
			EditorAssembliesLoaded (1ms)
		ExecutionOrderSort2 (0ms)
		AwakeInstancesAfterBackupRestoration (36ms)
Refreshing native plugins compatible for Editor in 2.77 ms, found 4 plugins.
Preloading 0 native plugins for Editor in 0.00 ms.
Unloading 16 Unused Serialized files (Serialized files now loaded: 0)
Unloading 6939 unused Assets / (4.7 MB). Loaded Objects now: 8283.
Memory consumption went from 167.0 MB to 162.3 MB.
Total: 44.359200 ms (FindLiveObjects: 2.845500 ms CreateObjectMapping: 1.185300 ms MarkObjects: 35.020000 ms  DeleteObjects: 5.305600 ms)

Prepare: number of updated asset objects reloaded= 0
